[0.000000] (-) TimerEvent: {}
[0.000283] (susgrip_2f_control) JobQueued: {'identifier': 'susgrip_2f_control', 'dependencies': OrderedDict()}
[0.000306] (susgrip_2f_description) JobQueued: {'identifier': 'susgrip_2f_description', 'dependencies': OrderedDict()}
[0.000317] (susgrip_2f_hardware) JobQueued: {'identifier': 'susgrip_2f_hardware', 'dependencies': OrderedDict()}
[0.000326] (ur3_moveit_control) JobQueued: {'identifier': 'ur3_moveit_control', 'dependencies': OrderedDict()}
[0.000334] (ur_dashboard_msgs) JobQueued: {'identifier': 'ur_dashboard_msgs', 'dependencies': OrderedDict()}
[0.000342] (ur_moveit_config) JobQueued: {'identifier': 'ur_moveit_config', 'dependencies': OrderedDict()}
[0.000349] (susgrip_2f_gazebo) JobQueued: {'identifier': 'susgrip_2f_gazebo', 'dependencies': OrderedDict([('susgrip_2f_description', '/home/com9/uet_ws/install/susgrip_2f_description')])}
[0.000364] (ur_controllers) JobQueued: {'identifier': 'ur_controllers', 'dependencies': OrderedDict([('ur_dashboard_msgs', '/home/com9/uet_ws/install/ur_dashboard_msgs')])}
[0.000373] (ur_bringup) JobQueued: {'identifier': 'ur_bringup', 'dependencies': OrderedDict([('ur_dashboard_msgs', '/home/com9/uet_ws/install/ur_dashboard_msgs'), ('ur_controllers', '/home/com9/uet_ws/install/ur_controllers')])}
[0.000382] (ur_robot_driver) JobQueued: {'identifier': 'ur_robot_driver', 'dependencies': OrderedDict([('ur_dashboard_msgs', '/home/com9/uet_ws/install/ur_dashboard_msgs'), ('ur_controllers', '/home/com9/uet_ws/install/ur_controllers')])}
[0.000391] (ur_simulation_gz) JobQueued: {'identifier': 'ur_simulation_gz', 'dependencies': OrderedDict([('ur_dashboard_msgs', '/home/com9/uet_ws/install/ur_dashboard_msgs'), ('ur_moveit_config', '/home/com9/uet_ws/install/ur_moveit_config'), ('ur_controllers', '/home/com9/uet_ws/install/ur_controllers')])}
[0.000401] (ur_calibration) JobQueued: {'identifier': 'ur_calibration', 'dependencies': OrderedDict([('ur_dashboard_msgs', '/home/com9/uet_ws/install/ur_dashboard_msgs'), ('ur_controllers', '/home/com9/uet_ws/install/ur_controllers'), ('ur_robot_driver', '/home/com9/uet_ws/install/ur_robot_driver')])}
[0.000411] (ur) JobQueued: {'identifier': 'ur', 'dependencies': OrderedDict([('ur_dashboard_msgs', '/home/com9/uet_ws/install/ur_dashboard_msgs'), ('ur_moveit_config', '/home/com9/uet_ws/install/ur_moveit_config'), ('ur_controllers', '/home/com9/uet_ws/install/ur_controllers'), ('ur_robot_driver', '/home/com9/uet_ws/install/ur_robot_driver'), ('ur_calibration', '/home/com9/uet_ws/install/ur_calibration')])}
[0.000422] (susgrip_2f_control) JobStarted: {'identifier': 'susgrip_2f_control'}
[0.099749] (-) TimerEvent: {}
[0.200022] (-) TimerEvent: {}
[0.300267] (-) TimerEvent: {}
[0.388500] (susgrip_2f_control) Command: {'cmd': ['/usr/bin/python3', '-W', 'ignore:setup.py install is deprecated', '-W', 'ignore:easy_install command is deprecated', 'setup.py', 'egg_info', '--egg-base', '../../../build/susgrip_2f_control', 'build', '--build-base', '/home/com9/uet_ws/build/susgrip_2f_control/build', 'install', '--record', '/home/com9/uet_ws/build/susgrip_2f_control/install.log', '--install-scripts', '$base/lib/susgrip_2f_control', '--single-version-externally-managed', 'install_data'], 'cwd': '/home/com9/uet_ws/src/susgrip_2f/susgrip_2f_control', 'env': {'LESSOPEN': '| /usr/bin/lesspipe %s', 'CMAKE_BUILD_PARALLEL_LEVEL': '1', 'USER': 'com9', 'XDG_SESSION_TYPE': 'wayland', 'SHLVL': '1', 'LD_LIBRARY_PATH': '/opt/ros/humble/opt/rviz_ogre_vendor/lib:/opt/ros/humble/lib/x86_64-linux-gnu:/opt/ros/humble/lib', 'HOME': '/home/com9', 'CONDA_SHLVL': '0', 'CYCLONEDDS_URI': '<CycloneDDS><Domain><General><DontRoute>true</></></></>', 'OLDPWD': '/home/com9/uet_ws', 'DESKTOP_SESSION': 'ubuntu', 'ROS_PYTHON_VERSION': '3', 'GNOME_SHELL_SESSION_MODE': 'ubuntu', 'GTK_MODULES': 'gail:atk-bridge', 'MAKEFLAGS': '-j1', 'SYSTEMD_EXEC_PID': '17504', 'IM_CONFIG_CHECK_ENV': '1', 'DBUS_SESSION_BUS_ADDRESS': 'unix:path=/run/user/1000/bus', 'COLORTERM': 'truecolor', '_CE_M': '', '_CONDA_ROOT': '/home/com9/miniconda3', 'IM_CONFIG_PHASE': '1', 'WAYLAND_DISPLAY': 'wayland-0', 'ROS_DISTRO': 'humble', 'LOGNAME': 'com9', '_': '/usr/bin/colcon', 'ROS_VERSION': '2', 'XDG_SESSION_CLASS': 'user', 'USERNAME': 'com9', 'TERM': 'xterm-256color', 'GNOME_DESKTOP_SESSION_ID': 'this-is-deprecated', '_CE_CONDA': '', 'ROS_LOCALHOST_ONLY': '0', 'PATH': '/opt/ros/humble/bin:/home/com9/.local/bin:/home/com9/miniconda3/condabin:/home/com9/.local/bin:/home/com9/.local/bin:/home/com9/.local/bin:/home/com9/.local/bin:/usr/local/sbin:/usr/local/bin:/usr/sbin:/usr/bin:/sbin:/bin:/usr/games:/usr/local/games:/snap/bin:/snap/bin', 'SESSION_MANAGER': 'local/com9:@/tmp/.ICE-unix/17475,unix/com9:/tmp/.ICE-unix/17475', 'XDG_MENU_PREFIX': 'gnome-', 'GNOME_TERMINAL_SCREEN': '/org/gnome/Terminal/screen/082c707b_1b9d_480a_9979_2cd556cf1a94', 'GNOME_SETUP_DISPLAY': ':1', 'XDG_RUNTIME_DIR': '/run/user/1000', 'DISPLAY': ':0', 'LANG': 'en_US.UTF-8', 'XDG_CURRENT_DESKTOP': 'ubuntu:GNOME', 'XMODIFIERS': '@im=ibus', 'XDG_SESSION_DESKTOP': 'ubuntu', 'XAUTHORITY': '/run/user/1000/.mutter-Xwaylandauth.W7ZTS3', 'LS_COLORS': 'rs=0:di=01;34:ln=01;36:mh=00:pi=40;33:so=01;35:do=01;35:bd=40;33;01:cd=40;33;01:or=40;31;01:mi=00:su=37;41:sg=30;43:ca=30;41:tw=30;42:ow=34;42:st=37;44:ex=01;32:*.tar=01;31:*.tgz=01;31:*.arc=01;31:*.arj=01;31:*.taz=01;31:*.lha=01;31:*.lz4=01;31:*.lzh=01;31:*.lzma=01;31:*.tlz=01;31:*.txz=01;31:*.tzo=01;31:*.t7z=01;31:*.zip=01;31:*.z=01;31:*.dz=01;31:*.gz=01;31:*.lrz=01;31:*.lz=01;31:*.lzo=01;31:*.xz=01;31:*.zst=01;31:*.tzst=01;31:*.bz2=01;31:*.bz=01;31:*.tbz=01;31:*.tbz2=01;31:*.tz=01;31:*.deb=01;31:*.rpm=01;31:*.jar=01;31:*.war=01;31:*.ear=01;31:*.sar=01;31:*.rar=01;31:*.alz=01;31:*.ace=01;31:*.zoo=01;31:*.cpio=01;31:*.7z=01;31:*.rz=01;31:*.cab=01;31:*.wim=01;31:*.swm=01;31:*.dwm=01;31:*.esd=01;31:*.jpg=01;35:*.jpeg=01;35:*.mjpg=01;35:*.mjpeg=01;35:*.gif=01;35:*.bmp=01;35:*.pbm=01;35:*.pgm=01;35:*.ppm=01;35:*.tga=01;35:*.xbm=01;35:*.xpm=01;35:*.tif=01;35:*.tiff=01;35:*.png=01;35:*.svg=01;35:*.svgz=01;35:*.mng=01;35:*.pcx=01;35:*.mov=01;35:*.mpg=01;35:*.mpeg=01;35:*.m2v=01;35:*.mkv=01;35:*.webm=01;35:*.webp=01;35:*.ogm=01;35:*.mp4=01;35:*.m4v=01;35:*.mp4v=01;35:*.vob=01;35:*.qt=01;35:*.nuv=01;35:*.wmv=01;35:*.asf=01;35:*.rm=01;35:*.rmvb=01;35:*.flc=01;35:*.avi=01;35:*.fli=01;35:*.flv=01;35:*.gl=01;35:*.dl=01;35:*.xcf=01;35:*.xwd=01;35:*.yuv=01;35:*.cgm=01;35:*.emf=01;35:*.ogv=01;35:*.ogx=01;35:*.aac=00;36:*.au=00;36:*.flac=00;36:*.m4a=00;36:*.mid=00;36:*.midi=00;36:*.mka=00;36:*.mp3=00;36:*.mpc=00;36:*.ogg=00;36:*.ra=00;36:*.wav=00;36:*.oga=00;36:*.opus=00;36:*.spx=00;36:*.xspf=00;36:', 'GNOME_TERMINAL_SERVICE': ':1.294', 'SSH_AGENT_LAUNCHER': 'gnome-keyring', 'SSH_AUTH_SOCK': '/run/user/1000/keyring/ssh', 'AMENT_PREFIX_PATH': '/opt/ros/humble', 'CONDA_PYTHON_EXE': '/home/com9/miniconda3/bin/python', 'SHELL': '/bin/bash', 'QT_ACCESSIBILITY': '1', 'GDMSESSION': 'ubuntu', 'LESSCLOSE': '/usr/bin/lesspipe %s %s', '_CONDA_EXE': '/home/com9/miniconda3/bin/conda', 'QT_IM_MODULE': 'ibus', 'PWD': '/home/com9/uet_ws/build/susgrip_2f_control', 'LC_ALL': 'en_US.UTF-8', 'XDG_CONFIG_DIRS': '/etc/xdg/xdg-ubuntu:/etc/xdg', 'CONDA_EXE': '/home/com9/miniconda3/bin/conda', 'XDG_DATA_DIRS': '/usr/share/ubuntu:/usr/local/share/:/usr/share/:/var/lib/snapd/desktop', 'PYTHONPATH': '/home/com9/uet_ws/build/susgrip_2f_control/prefix_override:/usr/lib/python3/dist-packages/colcon_core/task/python/colcon_distutils_commands:/home/com9/uet_ws/install/susgrip_2f_control/lib/python3.10/site-packages:/opt/ros/humble/lib/python3.10/site-packages:/opt/ros/humble/local/lib/python3.10/dist-packages', 'COLCON': '1', 'VTE_VERSION': '6800'}, 'shell': False}
[0.400342] (-) TimerEvent: {}
[0.500578] (-) TimerEvent: {}
[0.518369] (susgrip_2f_control) StdoutLine: {'line': b'running egg_info\n'}
[0.518681] (susgrip_2f_control) StdoutLine: {'line': b'creating ../../../build/susgrip_2f_control/susgrip_2f_control.egg-info\n'}
[0.518793] (susgrip_2f_control) StdoutLine: {'line': b'writing ../../../build/susgrip_2f_control/susgrip_2f_control.egg-info/PKG-INFO\n'}
[0.518879] (susgrip_2f_control) StdoutLine: {'line': b'writing dependency_links to ../../../build/susgrip_2f_control/susgrip_2f_control.egg-info/dependency_links.txt\n'}
[0.518967] (susgrip_2f_control) StdoutLine: {'line': b'writing entry points to ../../../build/susgrip_2f_control/susgrip_2f_control.egg-info/entry_points.txt\n'}
[0.519043] (susgrip_2f_control) StdoutLine: {'line': b'writing top-level names to ../../../build/susgrip_2f_control/susgrip_2f_control.egg-info/top_level.txt\n'}
[0.519105] (susgrip_2f_control) StdoutLine: {'line': b"writing manifest file '../../../build/susgrip_2f_control/susgrip_2f_control.egg-info/SOURCES.txt'\n"}
[0.520419] (susgrip_2f_control) StdoutLine: {'line': b"reading manifest file '../../../build/susgrip_2f_control/susgrip_2f_control.egg-info/SOURCES.txt'\n"}
[0.520814] (susgrip_2f_control) StdoutLine: {'line': b"writing manifest file '../../../build/susgrip_2f_control/susgrip_2f_control.egg-info/SOURCES.txt'\n"}
[0.520970] (susgrip_2f_control) StdoutLine: {'line': b'running build\n'}
[0.521061] (susgrip_2f_control) StdoutLine: {'line': b'running build_py\n'}
[0.521126] (susgrip_2f_control) StdoutLine: {'line': b'creating /home/com9/uet_ws/build/susgrip_2f_control/build\n'}
[0.521185] (susgrip_2f_control) StdoutLine: {'line': b'creating /home/com9/uet_ws/build/susgrip_2f_control/build/lib\n'}
[0.521269] (susgrip_2f_control) StdoutLine: {'line': b'creating /home/com9/uet_ws/build/susgrip_2f_control/build/lib/susgrip_2f_control\n'}
[0.521331] (susgrip_2f_control) StdoutLine: {'line': b'copying susgrip_2f_control/with_cmd.py -> /home/com9/uet_ws/build/susgrip_2f_control/build/lib/susgrip_2f_control\n'}
[0.521390] (susgrip_2f_control) StdoutLine: {'line': b'copying susgrip_2f_control/with_gui.py -> /home/com9/uet_ws/build/susgrip_2f_control/build/lib/susgrip_2f_control\n'}
[0.521459] (susgrip_2f_control) StdoutLine: {'line': b'copying susgrip_2f_control/__init__.py -> /home/com9/uet_ws/build/susgrip_2f_control/build/lib/susgrip_2f_control\n'}
[0.521542] (susgrip_2f_control) StdoutLine: {'line': b'running install\n'}
[0.521805] (susgrip_2f_control) StdoutLine: {'line': b'running install_lib\n'}
[0.522217] (susgrip_2f_control) StdoutLine: {'line': b'creating /home/com9/uet_ws/install/susgrip_2f_control/lib/python3.10/site-packages/susgrip_2f_control\n'}
[0.522390] (susgrip_2f_control) StdoutLine: {'line': b'copying /home/com9/uet_ws/build/susgrip_2f_control/build/lib/susgrip_2f_control/with_cmd.py -> /home/com9/uet_ws/install/susgrip_2f_control/lib/python3.10/site-packages/susgrip_2f_control\n'}
[0.522461] (susgrip_2f_control) StdoutLine: {'line': b'copying /home/com9/uet_ws/build/susgrip_2f_control/build/lib/susgrip_2f_control/with_gui.py -> /home/com9/uet_ws/install/susgrip_2f_control/lib/python3.10/site-packages/susgrip_2f_control\n'}
[0.522537] (susgrip_2f_control) StdoutLine: {'line': b'copying /home/com9/uet_ws/build/susgrip_2f_control/build/lib/susgrip_2f_control/__init__.py -> /home/com9/uet_ws/install/susgrip_2f_control/lib/python3.10/site-packages/susgrip_2f_control\n'}
[0.522600] (susgrip_2f_control) StdoutLine: {'line': b'byte-compiling /home/com9/uet_ws/install/susgrip_2f_control/lib/python3.10/site-packages/susgrip_2f_control/with_cmd.py to with_cmd.cpython-310.pyc\n'}
[0.523061] (susgrip_2f_control) StdoutLine: {'line': b'byte-compiling /home/com9/uet_ws/install/susgrip_2f_control/lib/python3.10/site-packages/susgrip_2f_control/with_gui.py to with_gui.cpython-310.pyc\n'}
[0.523984] (susgrip_2f_control) StdoutLine: {'line': b'byte-compiling /home/com9/uet_ws/install/susgrip_2f_control/lib/python3.10/site-packages/susgrip_2f_control/__init__.py to __init__.cpython-310.pyc\n'}
[0.524164] (susgrip_2f_control) StdoutLine: {'line': b'running install_data\n'}
[0.524256] (susgrip_2f_control) StdoutLine: {'line': b'creating /home/com9/uet_ws/install/susgrip_2f_control/share/ament_index\n'}
[0.524321] (susgrip_2f_control) StdoutLine: {'line': b'creating /home/com9/uet_ws/install/susgrip_2f_control/share/ament_index/resource_index\n'}
[0.524381] (susgrip_2f_control) StdoutLine: {'line': b'creating /home/com9/uet_ws/install/susgrip_2f_control/share/ament_index/resource_index/packages\n'}
[0.524459] (susgrip_2f_control) StdoutLine: {'line': b'copying resource/susgrip_2f_control -> /home/com9/uet_ws/install/susgrip_2f_control/share/ament_index/resource_index/packages\n'}
[0.524537] (susgrip_2f_control) StdoutLine: {'line': b'copying package.xml -> /home/com9/uet_ws/install/susgrip_2f_control/share/susgrip_2f_control\n'}
[0.524600] (susgrip_2f_control) StdoutLine: {'line': b'creating /home/com9/uet_ws/install/susgrip_2f_control/share/susgrip_2f_control/launch\n'}
[0.524663] (susgrip_2f_control) StdoutLine: {'line': b'copying launch/susgrip_control.launch.py -> /home/com9/uet_ws/install/susgrip_2f_control/share/susgrip_2f_control/launch\n'}
[0.524721] (susgrip_2f_control) StdoutLine: {'line': b'creating /home/com9/uet_ws/install/susgrip_2f_control/share/susgrip_2f_control/config\n'}
[0.524778] (susgrip_2f_control) StdoutLine: {'line': b'copying config/controllers.yaml -> /home/com9/uet_ws/install/susgrip_2f_control/share/susgrip_2f_control/config\n'}
[0.524835] (susgrip_2f_control) StdoutLine: {'line': b'running install_egg_info\n'}
[0.526278] (susgrip_2f_control) StdoutLine: {'line': b'Copying ../../../build/susgrip_2f_control/susgrip_2f_control.egg-info to /home/com9/uet_ws/install/susgrip_2f_control/lib/python3.10/site-packages/susgrip_2f_control-0.1.0-py3.10.egg-info\n'}
[0.526531] (susgrip_2f_control) StdoutLine: {'line': b'running install_scripts\n'}
[0.539429] (susgrip_2f_control) StdoutLine: {'line': b'Installing with_cmd script to /home/com9/uet_ws/install/susgrip_2f_control/lib/susgrip_2f_control\n'}
[0.539603] (susgrip_2f_control) StdoutLine: {'line': b'Installing with_gui script to /home/com9/uet_ws/install/susgrip_2f_control/lib/susgrip_2f_control\n'}
[0.539690] (susgrip_2f_control) StdoutLine: {'line': b"writing list of installed files to '/home/com9/uet_ws/build/susgrip_2f_control/install.log'\n"}
[0.556062] (susgrip_2f_control) CommandEnded: {'returncode': 0}
[0.565514] (susgrip_2f_control) JobEnded: {'identifier': 'susgrip_2f_control', 'rc': 0}
[0.566042] (susgrip_2f_description) JobStarted: {'identifier': 'susgrip_2f_description'}
[0.600700] (-) TimerEvent: {}
[0.700924] (-) TimerEvent: {}
[0.801154] (-) TimerEvent: {}
[0.901411] (-) TimerEvent: {}
[0.914959] (susgrip_2f_description) Command: {'cmd': ['/usr/bin/python3', '-W', 'ignore:setup.py install is deprecated', '-W', 'ignore:easy_install command is deprecated', 'setup.py', 'egg_info', '--egg-base', '../../../build/susgrip_2f_description', 'build', '--build-base', '/home/com9/uet_ws/build/susgrip_2f_description/build', 'install', '--record', '/home/com9/uet_ws/build/susgrip_2f_description/install.log', '--install-scripts', '$base/lib/susgrip_2f_description', '--single-version-externally-managed', 'install_data'], 'cwd': '/home/com9/uet_ws/src/susgrip_2f/susgrip_2f_description', 'env': {'LESSOPEN': '| /usr/bin/lesspipe %s', 'CMAKE_BUILD_PARALLEL_LEVEL': '1', 'USER': 'com9', 'XDG_SESSION_TYPE': 'wayland', 'SHLVL': '1', 'LD_LIBRARY_PATH': '/opt/ros/humble/opt/rviz_ogre_vendor/lib:/opt/ros/humble/lib/x86_64-linux-gnu:/opt/ros/humble/lib', 'HOME': '/home/com9', 'CONDA_SHLVL': '0', 'CYCLONEDDS_URI': '<CycloneDDS><Domain><General><DontRoute>true</></></></>', 'OLDPWD': '/home/com9/uet_ws', 'DESKTOP_SESSION': 'ubuntu', 'ROS_PYTHON_VERSION': '3', 'GNOME_SHELL_SESSION_MODE': 'ubuntu', 'GTK_MODULES': 'gail:atk-bridge', 'MAKEFLAGS': '-j1', 'SYSTEMD_EXEC_PID': '17504', 'IM_CONFIG_CHECK_ENV': '1', 'DBUS_SESSION_BUS_ADDRESS': 'unix:path=/run/user/1000/bus', 'COLORTERM': 'truecolor', '_CE_M': '', '_CONDA_ROOT': '/home/com9/miniconda3', 'IM_CONFIG_PHASE': '1', 'WAYLAND_DISPLAY': 'wayland-0', 'ROS_DISTRO': 'humble', 'LOGNAME': 'com9', '_': '/usr/bin/colcon', 'ROS_VERSION': '2', 'XDG_SESSION_CLASS': 'user', 'USERNAME': 'com9', 'TERM': 'xterm-256color', 'GNOME_DESKTOP_SESSION_ID': 'this-is-deprecated', '_CE_CONDA': '', 'ROS_LOCALHOST_ONLY': '0', 'PATH': '/opt/ros/humble/bin:/home/com9/.local/bin:/home/com9/miniconda3/condabin:/home/com9/.local/bin:/home/com9/.local/bin:/home/com9/.local/bin:/home/com9/.local/bin:/usr/local/sbin:/usr/local/bin:/usr/sbin:/usr/bin:/sbin:/bin:/usr/games:/usr/local/games:/snap/bin:/snap/bin', 'SESSION_MANAGER': 'local/com9:@/tmp/.ICE-unix/17475,unix/com9:/tmp/.ICE-unix/17475', 'XDG_MENU_PREFIX': 'gnome-', 'GNOME_TERMINAL_SCREEN': '/org/gnome/Terminal/screen/082c707b_1b9d_480a_9979_2cd556cf1a94', 'GNOME_SETUP_DISPLAY': ':1', 'XDG_RUNTIME_DIR': '/run/user/1000', 'DISPLAY': ':0', 'LANG': 'en_US.UTF-8', 'XDG_CURRENT_DESKTOP': 'ubuntu:GNOME', 'XMODIFIERS': '@im=ibus', 'XDG_SESSION_DESKTOP': 'ubuntu', 'XAUTHORITY': '/run/user/1000/.mutter-Xwaylandauth.W7ZTS3', 'LS_COLORS': 'rs=0:di=01;34:ln=01;36:mh=00:pi=40;33:so=01;35:do=01;35:bd=40;33;01:cd=40;33;01:or=40;31;01:mi=00:su=37;41:sg=30;43:ca=30;41:tw=30;42:ow=34;42:st=37;44:ex=01;32:*.tar=01;31:*.tgz=01;31:*.arc=01;31:*.arj=01;31:*.taz=01;31:*.lha=01;31:*.lz4=01;31:*.lzh=01;31:*.lzma=01;31:*.tlz=01;31:*.txz=01;31:*.tzo=01;31:*.t7z=01;31:*.zip=01;31:*.z=01;31:*.dz=01;31:*.gz=01;31:*.lrz=01;31:*.lz=01;31:*.lzo=01;31:*.xz=01;31:*.zst=01;31:*.tzst=01;31:*.bz2=01;31:*.bz=01;31:*.tbz=01;31:*.tbz2=01;31:*.tz=01;31:*.deb=01;31:*.rpm=01;31:*.jar=01;31:*.war=01;31:*.ear=01;31:*.sar=01;31:*.rar=01;31:*.alz=01;31:*.ace=01;31:*.zoo=01;31:*.cpio=01;31:*.7z=01;31:*.rz=01;31:*.cab=01;31:*.wim=01;31:*.swm=01;31:*.dwm=01;31:*.esd=01;31:*.jpg=01;35:*.jpeg=01;35:*.mjpg=01;35:*.mjpeg=01;35:*.gif=01;35:*.bmp=01;35:*.pbm=01;35:*.pgm=01;35:*.ppm=01;35:*.tga=01;35:*.xbm=01;35:*.xpm=01;35:*.tif=01;35:*.tiff=01;35:*.png=01;35:*.svg=01;35:*.svgz=01;35:*.mng=01;35:*.pcx=01;35:*.mov=01;35:*.mpg=01;35:*.mpeg=01;35:*.m2v=01;35:*.mkv=01;35:*.webm=01;35:*.webp=01;35:*.ogm=01;35:*.mp4=01;35:*.m4v=01;35:*.mp4v=01;35:*.vob=01;35:*.qt=01;35:*.nuv=01;35:*.wmv=01;35:*.asf=01;35:*.rm=01;35:*.rmvb=01;35:*.flc=01;35:*.avi=01;35:*.fli=01;35:*.flv=01;35:*.gl=01;35:*.dl=01;35:*.xcf=01;35:*.xwd=01;35:*.yuv=01;35:*.cgm=01;35:*.emf=01;35:*.ogv=01;35:*.ogx=01;35:*.aac=00;36:*.au=00;36:*.flac=00;36:*.m4a=00;36:*.mid=00;36:*.midi=00;36:*.mka=00;36:*.mp3=00;36:*.mpc=00;36:*.ogg=00;36:*.ra=00;36:*.wav=00;36:*.oga=00;36:*.opus=00;36:*.spx=00;36:*.xspf=00;36:', 'GNOME_TERMINAL_SERVICE': ':1.294', 'SSH_AGENT_LAUNCHER': 'gnome-keyring', 'SSH_AUTH_SOCK': '/run/user/1000/keyring/ssh', 'AMENT_PREFIX_PATH': '/opt/ros/humble', 'CONDA_PYTHON_EXE': '/home/com9/miniconda3/bin/python', 'SHELL': '/bin/bash', 'QT_ACCESSIBILITY': '1', 'GDMSESSION': 'ubuntu', 'LESSCLOSE': '/usr/bin/lesspipe %s %s', '_CONDA_EXE': '/home/com9/miniconda3/bin/conda', 'QT_IM_MODULE': 'ibus', 'PWD': '/home/com9/uet_ws/build/susgrip_2f_description', 'LC_ALL': 'en_US.UTF-8', 'XDG_CONFIG_DIRS': '/etc/xdg/xdg-ubuntu:/etc/xdg', 'CONDA_EXE': '/home/com9/miniconda3/bin/conda', 'XDG_DATA_DIRS': '/usr/share/ubuntu:/usr/local/share/:/usr/share/:/var/lib/snapd/desktop', 'PYTHONPATH': '/home/com9/uet_ws/build/susgrip_2f_description/prefix_override:/usr/lib/python3/dist-packages/colcon_core/task/python/colcon_distutils_commands:/home/com9/uet_ws/install/susgrip_2f_description/lib/python3.10/site-packages:/opt/ros/humble/lib/python3.10/site-packages:/opt/ros/humble/local/lib/python3.10/dist-packages', 'COLCON': '1', 'VTE_VERSION': '6800'}, 'shell': False}
[1.001616] (-) TimerEvent: {}
[1.047904] (susgrip_2f_description) StdoutLine: {'line': b'running egg_info\n'}
[1.048236] (susgrip_2f_description) StdoutLine: {'line': b'creating ../../../build/susgrip_2f_description/susgrip_2f_description.egg-info\n'}
[1.048371] (susgrip_2f_description) StdoutLine: {'line': b'writing ../../../build/susgrip_2f_description/susgrip_2f_description.egg-info/PKG-INFO\n'}
[1.048544] (susgrip_2f_description) StdoutLine: {'line': b'writing dependency_links to ../../../build/susgrip_2f_description/susgrip_2f_description.egg-info/dependency_links.txt\n'}
[1.048663] (susgrip_2f_description) StdoutLine: {'line': b'writing entry points to ../../../build/susgrip_2f_description/susgrip_2f_description.egg-info/entry_points.txt\n'}
[1.048735] (susgrip_2f_description) StdoutLine: {'line': b'writing top-level names to ../../../build/susgrip_2f_description/susgrip_2f_description.egg-info/top_level.txt\n'}
[1.048798] (susgrip_2f_description) StdoutLine: {'line': b"writing manifest file '../../../build/susgrip_2f_description/susgrip_2f_description.egg-info/SOURCES.txt'\n"}
[1.050274] (susgrip_2f_description) StdoutLine: {'line': b"reading manifest file '../../../build/susgrip_2f_description/susgrip_2f_description.egg-info/SOURCES.txt'\n"}
[1.050889] (susgrip_2f_description) StdoutLine: {'line': b"writing manifest file '../../../build/susgrip_2f_description/susgrip_2f_description.egg-info/SOURCES.txt'\n"}
[1.051059] (susgrip_2f_description) StdoutLine: {'line': b'running build\n'}
[1.051127] (susgrip_2f_description) StdoutLine: {'line': b'running build_py\n'}
[1.051189] (susgrip_2f_description) StdoutLine: {'line': b'creating /home/com9/uet_ws/build/susgrip_2f_description/build\n'}
[1.051295] (susgrip_2f_description) StdoutLine: {'line': b'creating /home/com9/uet_ws/build/susgrip_2f_description/build/lib\n'}
[1.051340] (susgrip_2f_description) StdoutLine: {'line': b'creating /home/com9/uet_ws/build/susgrip_2f_description/build/lib/susgrip_2f_description\n'}
[1.051377] (susgrip_2f_description) StdoutLine: {'line': b'copying susgrip_2f_description/__init__.py -> /home/com9/uet_ws/build/susgrip_2f_description/build/lib/susgrip_2f_description\n'}
[1.051411] (susgrip_2f_description) StdoutLine: {'line': b'copying susgrip_2f_description/susgrip_2f_visualize.py -> /home/com9/uet_ws/build/susgrip_2f_description/build/lib/susgrip_2f_description\n'}
[1.051454] (susgrip_2f_description) StdoutLine: {'line': b'running install\n'}
[1.051560] (susgrip_2f_description) StdoutLine: {'line': b'running install_lib\n'}
[1.051965] (susgrip_2f_description) StdoutLine: {'line': b'creating /home/com9/uet_ws/install/susgrip_2f_description/lib/python3.10/site-packages/susgrip_2f_description\n'}
[1.052044] (susgrip_2f_description) StdoutLine: {'line': b'copying /home/com9/uet_ws/build/susgrip_2f_description/build/lib/susgrip_2f_description/__init__.py -> /home/com9/uet_ws/install/susgrip_2f_description/lib/python3.10/site-packages/susgrip_2f_description\n'}
[1.052092] (susgrip_2f_description) StdoutLine: {'line': b'copying /home/com9/uet_ws/build/susgrip_2f_description/build/lib/susgrip_2f_description/susgrip_2f_visualize.py -> /home/com9/uet_ws/install/susgrip_2f_description/lib/python3.10/site-packages/susgrip_2f_description\n'}
[1.052280] (susgrip_2f_description) StdoutLine: {'line': b'byte-compiling /home/com9/uet_ws/install/susgrip_2f_description/lib/python3.10/site-packages/susgrip_2f_description/__init__.py to __init__.cpython-310.pyc\n'}
[1.052384] (susgrip_2f_description) StdoutLine: {'line': b'byte-compiling /home/com9/uet_ws/install/susgrip_2f_description/lib/python3.10/site-packages/susgrip_2f_description/susgrip_2f_visualize.py to susgrip_2f_visualize.cpython-310.pyc\n'}
[1.053087] (susgrip_2f_description) StdoutLine: {'line': b'running install_data\n'}
[1.053148] (susgrip_2f_description) StdoutLine: {'line': b'creating /home/com9/uet_ws/install/susgrip_2f_description/share/ament_index\n'}
[1.053183] (susgrip_2f_description) StdoutLine: {'line': b'creating /home/com9/uet_ws/install/susgrip_2f_description/share/ament_index/resource_index\n'}
[1.053232] (susgrip_2f_description) StdoutLine: {'line': b'creating /home/com9/uet_ws/install/susgrip_2f_description/share/ament_index/resource_index/packages\n'}
[1.053280] (susgrip_2f_description) StdoutLine: {'line': b'copying resource/susgrip_2f_description -> /home/com9/uet_ws/install/susgrip_2f_description/share/ament_index/resource_index/packages\n'}
[1.053311] (susgrip_2f_description) StdoutLine: {'line': b'copying package.xml -> /home/com9/uet_ws/install/susgrip_2f_description/share/susgrip_2f_description\n'}
[1.053343] (susgrip_2f_description) StdoutLine: {'line': b'creating /home/com9/uet_ws/install/susgrip_2f_description/share/susgrip_2f_description/launch\n'}
[1.053386] (susgrip_2f_description) StdoutLine: {'line': b'copying launch/susgrip_2f_display.launch.py -> /home/com9/uet_ws/install/susgrip_2f_description/share/susgrip_2f_description/launch\n'}
[1.053518] (susgrip_2f_description) StdoutLine: {'line': b'creating /home/com9/uet_ws/install/susgrip_2f_description/share/susgrip_2f_description/urdf\n'}
[1.053565] (susgrip_2f_description) StdoutLine: {'line': b'copying urdf/susgrip_2f_macro.xacro -> /home/com9/uet_ws/install/susgrip_2f_description/share/susgrip_2f_description/urdf\n'}
[1.053748] (susgrip_2f_description) StdoutLine: {'line': b'copying urdf/susgrip_2f.urdf -> /home/com9/uet_ws/install/susgrip_2f_description/share/susgrip_2f_description/urdf\n'}
[1.053972] (susgrip_2f_description) StdoutLine: {'line': b'copying urdf/susgrip_2f.urdf.xacro -> /home/com9/uet_ws/install/susgrip_2f_description/share/susgrip_2f_description/urdf\n'}
[1.054085] (susgrip_2f_description) StdoutLine: {'line': b'creating /home/com9/uet_ws/install/susgrip_2f_description/share/susgrip_2f_description/meshes\n'}
[1.054137] (susgrip_2f_description) StdoutLine: {'line': b'creating /home/com9/uet_ws/install/susgrip_2f_description/share/susgrip_2f_description/meshes/susgrip_2f_full\n'}
[1.054168] (susgrip_2f_description) StdoutLine: {'line': b'copying meshes/susgrip_2f_full/SUS_2F_ShaftPhi_2.STL -> /home/com9/uet_ws/install/susgrip_2f_description/share/susgrip_2f_description/meshes/susgrip_2f_full\n'}
[1.054365] (susgrip_2f_description) StdoutLine: {'line': b'copying meshes/susgrip_2f_full/SUS_2F_A1.obj -> /home/com9/uet_ws/install/susgrip_2f_description/share/susgrip_2f_description/meshes/susgrip_2f_full\n'}
[1.054525] (susgrip_2f_description) StdoutLine: {'line': b'copying meshes/susgrip_2f_full/SUS_2F_Outer_R.obj -> /home/com9/uet_ws/install/susgrip_2f_description/share/susgrip_2f_description/meshes/susgrip_2f_full\n'}
[1.055095] (susgrip_2f_description) StdoutLine: {'line': b'copying meshes/susgrip_2f_full/SUS_2F_Slider_L.obj -> /home/com9/uet_ws/install/susgrip_2f_description/share/susgrip_2f_description/meshes/susgrip_2f_full\n'}
[1.055631] (susgrip_2f_description) StdoutLine: {'line': b'copying meshes/susgrip_2f_full/SUS_2F_Slider_R.obj -> /home/com9/uet_ws/install/susgrip_2f_description/share/susgrip_2f_description/meshes/susgrip_2f_full\n'}
[1.056128] (susgrip_2f_description) StdoutLine: {'line': b'copying meshes/susgrip_2f_full/SUS_2F_Outer_L.obj -> /home/com9/uet_ws/install/susgrip_2f_description/share/susgrip_2f_description/meshes/susgrip_2f_full\n'}
[1.056704] (susgrip_2f_description) StdoutLine: {'line': b'copying meshes/susgrip_2f_full/SUS_2F_Finger_R.obj -> /home/com9/uet_ws/install/susgrip_2f_description/share/susgrip_2f_description/meshes/susgrip_2f_full\n'}
[1.057739] (susgrip_2f_description) StdoutLine: {'line': b'copying meshes/susgrip_2f_full/SUS_2F_Finger_L.obj -> /home/com9/uet_ws/install/susgrip_2f_description/share/susgrip_2f_description/meshes/susgrip_2f_full\n'}
[1.058537] (susgrip_2f_description) StdoutLine: {'line': b'copying meshes/susgrip_2f_full/SUS_2F_A2.obj -> /home/com9/uet_ws/install/susgrip_2f_description/share/susgrip_2f_description/meshes/susgrip_2f_full\n'}
[1.058750] (susgrip_2f_description) StdoutLine: {'line': b'copying meshes/susgrip_2f_full/SUS_2F_ShaftPhi_3.STL -> /home/com9/uet_ws/install/susgrip_2f_description/share/susgrip_2f_description/meshes/susgrip_2f_full\n'}
[1.059026] (susgrip_2f_description) StdoutLine: {'line': b'copying meshes/susgrip_2f_full/SUS_2F_Base.STL -> /home/com9/uet_ws/install/susgrip_2f_description/share/susgrip_2f_description/meshes/susgrip_2f_full\n'}
[1.060071] (susgrip_2f_description) StdoutLine: {'line': b'copying meshes/susgrip_2f_full/SUS_2F_ShaftPhi_0.STL -> /home/com9/uet_ws/install/susgrip_2f_description/share/susgrip_2f_description/meshes/susgrip_2f_full\n'}
[1.060274] (susgrip_2f_description) StdoutLine: {'line': b'copying meshes/susgrip_2f_full/SUS_2F_Pad_R.obj -> /home/com9/uet_ws/install/susgrip_2f_description/share/susgrip_2f_description/meshes/susgrip_2f_full\n'}
[1.060908] (susgrip_2f_description) StdoutLine: {'line': b'copying meshes/susgrip_2f_full/SUS_2F_Inner_L.obj -> /home/com9/uet_ws/install/susgrip_2f_description/share/susgrip_2f_description/meshes/susgrip_2f_full\n'}
[1.061916] (susgrip_2f_description) StdoutLine: {'line': b'copying meshes/susgrip_2f_full/SUS_2F_ShaftPhi_1.STL -> /home/com9/uet_ws/install/susgrip_2f_description/share/susgrip_2f_description/meshes/susgrip_2f_full\n'}
[1.062183] (susgrip_2f_description) StdoutLine: {'line': b'copying meshes/susgrip_2f_full/SUS_2F_Inner_R.obj -> /home/com9/uet_ws/install/susgrip_2f_description/share/susgrip_2f_description/meshes/susgrip_2f_full\n'}
[1.063614] (susgrip_2f_description) StdoutLine: {'line': b'copying meshes/susgrip_2f_full/SUS_2F_Passive_Link_R.obj -> /home/com9/uet_ws/install/susgrip_2f_description/share/susgrip_2f_description/meshes/susgrip_2f_full\n'}
[1.064597] (susgrip_2f_description) StdoutLine: {'line': b'copying meshes/susgrip_2f_full/SUS_2F_Passive_Link_L.obj -> /home/com9/uet_ws/install/susgrip_2f_description/share/susgrip_2f_description/meshes/susgrip_2f_full\n'}
[1.065213] (susgrip_2f_description) StdoutLine: {'line': b'copying meshes/susgrip_2f_full/SUS_2F_Pad_L.obj -> /home/com9/uet_ws/install/susgrip_2f_description/share/susgrip_2f_description/meshes/susgrip_2f_full\n'}
[1.065986] (susgrip_2f_description) StdoutLine: {'line': b'creating /home/com9/uet_ws/install/susgrip_2f_description/share/susgrip_2f_description/meshes/susgrip_2f_simple\n'}
[1.066041] (susgrip_2f_description) StdoutLine: {'line': b'copying meshes/susgrip_2f_simple/SusGrip2F_NewMainBodyG.STL -> /home/com9/uet_ws/install/susgrip_2f_description/share/susgrip_2f_description/meshes/susgrip_2f_simple\n'}
[1.069227] (susgrip_2f_description) StdoutLine: {'line': b'copying meshes/susgrip_2f_simple/FingerTip.STL -> /home/com9/uet_ws/install/susgrip_2f_description/share/susgrip_2f_description/meshes/susgrip_2f_simple\n'}
[1.069610] (susgrip_2f_description) StdoutLine: {'line': b'copying meshes/susgrip_2f_simple/2F_MainBody.STL -> /home/com9/uet_ws/install/susgrip_2f_description/share/susgrip_2f_description/meshes/susgrip_2f_simple\n'}
[1.072310] (susgrip_2f_description) StdoutLine: {'line': b'copying meshes/susgrip_2f_simple/2F_MainBody_G.STL -> /home/com9/uet_ws/install/susgrip_2f_description/share/susgrip_2f_description/meshes/susgrip_2f_simple\n'}
[1.074750] (susgrip_2f_description) StdoutLine: {'line': b'copying meshes/susgrip_2f_simple/NewFingerTip.STL -> /home/com9/uet_ws/install/susgrip_2f_description/share/susgrip_2f_description/meshes/susgrip_2f_simple\n'}
[1.075215] (susgrip_2f_description) StdoutLine: {'line': b'creating /home/com9/uet_ws/install/susgrip_2f_description/share/susgrip_2f_description/config\n'}
[1.075266] (susgrip_2f_description) StdoutLine: {'line': b'copying config/susgrip_2f_display.rviz -> /home/com9/uet_ws/install/susgrip_2f_description/share/susgrip_2f_description/config\n'}
[1.075431] (susgrip_2f_description) StdoutLine: {'line': b'copying config/susgrip_2f_gazebo.rviz -> /home/com9/uet_ws/install/susgrip_2f_description/share/susgrip_2f_description/config\n'}
[1.075615] (susgrip_2f_description) StdoutLine: {'line': b'copying config/susgrip_2f_displayv2.rviz -> /home/com9/uet_ws/install/susgrip_2f_description/share/susgrip_2f_description/config\n'}
[1.075703] (susgrip_2f_description) StdoutLine: {'line': b'creating /home/com9/uet_ws/install/susgrip_2f_description/share/susgrip_2f_description/scripts\n'}
[1.075748] (susgrip_2f_description) StdoutLine: {'line': b'running install_egg_info\n'}
[1.077801] (susgrip_2f_description) StdoutLine: {'line': b'Copying ../../../build/susgrip_2f_description/susgrip_2f_description.egg-info to /home/com9/uet_ws/install/susgrip_2f_description/lib/python3.10/site-packages/susgrip_2f_description-0.0.1-py3.10.egg-info\n'}
[1.078094] (susgrip_2f_description) StdoutLine: {'line': b'running install_scripts\n'}
[1.090791] (susgrip_2f_description) StdoutLine: {'line': b'Installing susgrip_2f_visualize script to /home/com9/uet_ws/install/susgrip_2f_description/lib/susgrip_2f_description\n'}
[1.091006] (susgrip_2f_description) StdoutLine: {'line': b"writing list of installed files to '/home/com9/uet_ws/build/susgrip_2f_description/install.log'\n"}
[1.101720] (-) TimerEvent: {}
[1.107672] (susgrip_2f_description) CommandEnded: {'returncode': 0}
[1.110999] (susgrip_2f_description) JobEnded: {'identifier': 'susgrip_2f_description', 'rc': 0}
[1.112157] (susgrip_2f_hardware) JobStarted: {'identifier': 'susgrip_2f_hardware'}
[1.201823] (-) TimerEvent: {}
[1.302116] (-) TimerEvent: {}
[1.402359] (-) TimerEvent: {}
[1.454031] (susgrip_2f_hardware) Command: {'cmd': ['/usr/bin/python3', '-W', 'ignore:setup.py install is deprecated', '-W', 'ignore:easy_install command is deprecated', 'setup.py', 'egg_info', '--egg-base', '../../../build/susgrip_2f_hardware', 'build', '--build-base', '/home/com9/uet_ws/build/susgrip_2f_hardware/build', 'install', '--record', '/home/com9/uet_ws/build/susgrip_2f_hardware/install.log', '--install-scripts', '$base/lib/susgrip_2f_hardware', '--single-version-externally-managed', 'install_data'], 'cwd': '/home/com9/uet_ws/src/susgrip_2f/susgrip_2f_hardware', 'env': {'LESSOPEN': '| /usr/bin/lesspipe %s', 'CMAKE_BUILD_PARALLEL_LEVEL': '1', 'USER': 'com9', 'XDG_SESSION_TYPE': 'wayland', 'SHLVL': '1', 'LD_LIBRARY_PATH': '/opt/ros/humble/opt/rviz_ogre_vendor/lib:/opt/ros/humble/lib/x86_64-linux-gnu:/opt/ros/humble/lib', 'HOME': '/home/com9', 'CONDA_SHLVL': '0', 'CYCLONEDDS_URI': '<CycloneDDS><Domain><General><DontRoute>true</></></></>', 'OLDPWD': '/home/com9/uet_ws', 'DESKTOP_SESSION': 'ubuntu', 'ROS_PYTHON_VERSION': '3', 'GNOME_SHELL_SESSION_MODE': 'ubuntu', 'GTK_MODULES': 'gail:atk-bridge', 'MAKEFLAGS': '-j1', 'SYSTEMD_EXEC_PID': '17504', 'IM_CONFIG_CHECK_ENV': '1', 'DBUS_SESSION_BUS_ADDRESS': 'unix:path=/run/user/1000/bus', 'COLORTERM': 'truecolor', '_CE_M': '', '_CONDA_ROOT': '/home/com9/miniconda3', 'IM_CONFIG_PHASE': '1', 'WAYLAND_DISPLAY': 'wayland-0', 'ROS_DISTRO': 'humble', 'LOGNAME': 'com9', '_': '/usr/bin/colcon', 'ROS_VERSION': '2', 'XDG_SESSION_CLASS': 'user', 'USERNAME': 'com9', 'TERM': 'xterm-256color', 'GNOME_DESKTOP_SESSION_ID': 'this-is-deprecated', '_CE_CONDA': '', 'ROS_LOCALHOST_ONLY': '0', 'PATH': '/opt/ros/humble/bin:/home/com9/.local/bin:/home/com9/miniconda3/condabin:/home/com9/.local/bin:/home/com9/.local/bin:/home/com9/.local/bin:/home/com9/.local/bin:/usr/local/sbin:/usr/local/bin:/usr/sbin:/usr/bin:/sbin:/bin:/usr/games:/usr/local/games:/snap/bin:/snap/bin', 'SESSION_MANAGER': 'local/com9:@/tmp/.ICE-unix/17475,unix/com9:/tmp/.ICE-unix/17475', 'XDG_MENU_PREFIX': 'gnome-', 'GNOME_TERMINAL_SCREEN': '/org/gnome/Terminal/screen/082c707b_1b9d_480a_9979_2cd556cf1a94', 'GNOME_SETUP_DISPLAY': ':1', 'XDG_RUNTIME_DIR': '/run/user/1000', 'DISPLAY': ':0', 'LANG': 'en_US.UTF-8', 'XDG_CURRENT_DESKTOP': 'ubuntu:GNOME', 'XMODIFIERS': '@im=ibus', 'XDG_SESSION_DESKTOP': 'ubuntu', 'XAUTHORITY': '/run/user/1000/.mutter-Xwaylandauth.W7ZTS3', 'LS_COLORS': 'rs=0:di=01;34:ln=01;36:mh=00:pi=40;33:so=01;35:do=01;35:bd=40;33;01:cd=40;33;01:or=40;31;01:mi=00:su=37;41:sg=30;43:ca=30;41:tw=30;42:ow=34;42:st=37;44:ex=01;32:*.tar=01;31:*.tgz=01;31:*.arc=01;31:*.arj=01;31:*.taz=01;31:*.lha=01;31:*.lz4=01;31:*.lzh=01;31:*.lzma=01;31:*.tlz=01;31:*.txz=01;31:*.tzo=01;31:*.t7z=01;31:*.zip=01;31:*.z=01;31:*.dz=01;31:*.gz=01;31:*.lrz=01;31:*.lz=01;31:*.lzo=01;31:*.xz=01;31:*.zst=01;31:*.tzst=01;31:*.bz2=01;31:*.bz=01;31:*.tbz=01;31:*.tbz2=01;31:*.tz=01;31:*.deb=01;31:*.rpm=01;31:*.jar=01;31:*.war=01;31:*.ear=01;31:*.sar=01;31:*.rar=01;31:*.alz=01;31:*.ace=01;31:*.zoo=01;31:*.cpio=01;31:*.7z=01;31:*.rz=01;31:*.cab=01;31:*.wim=01;31:*.swm=01;31:*.dwm=01;31:*.esd=01;31:*.jpg=01;35:*.jpeg=01;35:*.mjpg=01;35:*.mjpeg=01;35:*.gif=01;35:*.bmp=01;35:*.pbm=01;35:*.pgm=01;35:*.ppm=01;35:*.tga=01;35:*.xbm=01;35:*.xpm=01;35:*.tif=01;35:*.tiff=01;35:*.png=01;35:*.svg=01;35:*.svgz=01;35:*.mng=01;35:*.pcx=01;35:*.mov=01;35:*.mpg=01;35:*.mpeg=01;35:*.m2v=01;35:*.mkv=01;35:*.webm=01;35:*.webp=01;35:*.ogm=01;35:*.mp4=01;35:*.m4v=01;35:*.mp4v=01;35:*.vob=01;35:*.qt=01;35:*.nuv=01;35:*.wmv=01;35:*.asf=01;35:*.rm=01;35:*.rmvb=01;35:*.flc=01;35:*.avi=01;35:*.fli=01;35:*.flv=01;35:*.gl=01;35:*.dl=01;35:*.xcf=01;35:*.xwd=01;35:*.yuv=01;35:*.cgm=01;35:*.emf=01;35:*.ogv=01;35:*.ogx=01;35:*.aac=00;36:*.au=00;36:*.flac=00;36:*.m4a=00;36:*.mid=00;36:*.midi=00;36:*.mka=00;36:*.mp3=00;36:*.mpc=00;36:*.ogg=00;36:*.ra=00;36:*.wav=00;36:*.oga=00;36:*.opus=00;36:*.spx=00;36:*.xspf=00;36:', 'GNOME_TERMINAL_SERVICE': ':1.294', 'SSH_AGENT_LAUNCHER': 'gnome-keyring', 'SSH_AUTH_SOCK': '/run/user/1000/keyring/ssh', 'AMENT_PREFIX_PATH': '/opt/ros/humble', 'CONDA_PYTHON_EXE': '/home/com9/miniconda3/bin/python', 'SHELL': '/bin/bash', 'QT_ACCESSIBILITY': '1', 'GDMSESSION': 'ubuntu', 'LESSCLOSE': '/usr/bin/lesspipe %s %s', '_CONDA_EXE': '/home/com9/miniconda3/bin/conda', 'QT_IM_MODULE': 'ibus', 'PWD': '/home/com9/uet_ws/build/susgrip_2f_hardware', 'LC_ALL': 'en_US.UTF-8', 'XDG_CONFIG_DIRS': '/etc/xdg/xdg-ubuntu:/etc/xdg', 'CONDA_EXE': '/home/com9/miniconda3/bin/conda', 'XDG_DATA_DIRS': '/usr/share/ubuntu:/usr/local/share/:/usr/share/:/var/lib/snapd/desktop', 'PYTHONPATH': '/home/com9/uet_ws/build/susgrip_2f_hardware/prefix_override:/usr/lib/python3/dist-packages/colcon_core/task/python/colcon_distutils_commands:/home/com9/uet_ws/install/susgrip_2f_hardware/lib/python3.10/site-packages:/opt/ros/humble/lib/python3.10/site-packages:/opt/ros/humble/local/lib/python3.10/dist-packages', 'COLCON': '1', 'VTE_VERSION': '6800'}, 'shell': False}
[1.502533] (-) TimerEvent: {}
[1.582470] (susgrip_2f_hardware) StdoutLine: {'line': b'running egg_info\n'}
[1.582702] (susgrip_2f_hardware) StdoutLine: {'line': b'creating ../../../build/susgrip_2f_hardware/susgrip_2f_hardware.egg-info\n'}
[1.582793] (susgrip_2f_hardware) StdoutLine: {'line': b'writing ../../../build/susgrip_2f_hardware/susgrip_2f_hardware.egg-info/PKG-INFO\n'}
[1.582870] (susgrip_2f_hardware) StdoutLine: {'line': b'writing dependency_links to ../../../build/susgrip_2f_hardware/susgrip_2f_hardware.egg-info/dependency_links.txt\n'}
[1.582947] (susgrip_2f_hardware) StdoutLine: {'line': b'writing entry points to ../../../build/susgrip_2f_hardware/susgrip_2f_hardware.egg-info/entry_points.txt\n'}
[1.583009] (susgrip_2f_hardware) StdoutLine: {'line': b'writing top-level names to ../../../build/susgrip_2f_hardware/susgrip_2f_hardware.egg-info/top_level.txt\n'}
[1.583083] (susgrip_2f_hardware) StdoutLine: {'line': b"writing manifest file '../../../build/susgrip_2f_hardware/susgrip_2f_hardware.egg-info/SOURCES.txt'\n"}
[1.584678] (susgrip_2f_hardware) StdoutLine: {'line': b"reading manifest file '../../../build/susgrip_2f_hardware/susgrip_2f_hardware.egg-info/SOURCES.txt'\n"}
[1.585116] (susgrip_2f_hardware) StdoutLine: {'line': b"writing manifest file '../../../build/susgrip_2f_hardware/susgrip_2f_hardware.egg-info/SOURCES.txt'\n"}
[1.585300] (susgrip_2f_hardware) StdoutLine: {'line': b'running build\n'}
[1.585374] (susgrip_2f_hardware) StdoutLine: {'line': b'running build_py\n'}
[1.585436] (susgrip_2f_hardware) StdoutLine: {'line': b'creating /home/com9/uet_ws/build/susgrip_2f_hardware/build\n'}
[1.585496] (susgrip_2f_hardware) StdoutLine: {'line': b'creating /home/com9/uet_ws/build/susgrip_2f_hardware/build/lib\n'}
[1.585573] (susgrip_2f_hardware) StdoutLine: {'line': b'creating /home/com9/uet_ws/build/susgrip_2f_hardware/build/lib/susgrip_2f_hardware\n'}
[1.585638] (susgrip_2f_hardware) StdoutLine: {'line': b'copying susgrip_2f_hardware/hardware_interface.py -> /home/com9/uet_ws/build/susgrip_2f_hardware/build/lib/susgrip_2f_hardware\n'}
[1.585715] (susgrip_2f_hardware) StdoutLine: {'line': b'copying susgrip_2f_hardware/__init__.py -> /home/com9/uet_ws/build/susgrip_2f_hardware/build/lib/susgrip_2f_hardware\n'}
[1.585788] (susgrip_2f_hardware) StdoutLine: {'line': b'copying susgrip_2f_hardware/hardware_joint_publisher.py -> /home/com9/uet_ws/build/susgrip_2f_hardware/build/lib/susgrip_2f_hardware\n'}
[1.585849] (susgrip_2f_hardware) StdoutLine: {'line': b'copying susgrip_2f_hardware/SusGripLib.py -> /home/com9/uet_ws/build/susgrip_2f_hardware/build/lib/susgrip_2f_hardware\n'}
[1.586063] (susgrip_2f_hardware) StdoutLine: {'line': b'running install\n'}
[1.586342] (susgrip_2f_hardware) StdoutLine: {'line': b'running install_lib\n'}
[1.586769] (susgrip_2f_hardware) StdoutLine: {'line': b'creating /home/com9/uet_ws/install/susgrip_2f_hardware/lib/python3.10/site-packages/susgrip_2f_hardware\n'}
[1.586863] (susgrip_2f_hardware) StdoutLine: {'line': b'copying /home/com9/uet_ws/build/susgrip_2f_hardware/build/lib/susgrip_2f_hardware/hardware_interface.py -> /home/com9/uet_ws/install/susgrip_2f_hardware/lib/python3.10/site-packages/susgrip_2f_hardware\n'}
[1.586940] (susgrip_2f_hardware) StdoutLine: {'line': b'copying /home/com9/uet_ws/build/susgrip_2f_hardware/build/lib/susgrip_2f_hardware/__init__.py -> /home/com9/uet_ws/install/susgrip_2f_hardware/lib/python3.10/site-packages/susgrip_2f_hardware\n'}
[1.587001] (susgrip_2f_hardware) StdoutLine: {'line': b'copying /home/com9/uet_ws/build/susgrip_2f_hardware/build/lib/susgrip_2f_hardware/hardware_joint_publisher.py -> /home/com9/uet_ws/install/susgrip_2f_hardware/lib/python3.10/site-packages/susgrip_2f_hardware\n'}
[1.587061] (susgrip_2f_hardware) StdoutLine: {'line': b'copying /home/com9/uet_ws/build/susgrip_2f_hardware/build/lib/susgrip_2f_hardware/SusGripLib.py -> /home/com9/uet_ws/install/susgrip_2f_hardware/lib/python3.10/site-packages/susgrip_2f_hardware\n'}
[1.587150] (susgrip_2f_hardware) StdoutLine: {'line': b'byte-compiling /home/com9/uet_ws/install/susgrip_2f_hardware/lib/python3.10/site-packages/susgrip_2f_hardware/hardware_interface.py to hardware_interface.cpython-310.pyc\n'}
[1.588421] (susgrip_2f_hardware) StdoutLine: {'line': b'byte-compiling /home/com9/uet_ws/install/susgrip_2f_hardware/lib/python3.10/site-packages/susgrip_2f_hardware/__init__.py to __init__.cpython-310.pyc\n'}
[1.588510] (susgrip_2f_hardware) StdoutLine: {'line': b'byte-compiling /home/com9/uet_ws/install/susgrip_2f_hardware/lib/python3.10/site-packages/susgrip_2f_hardware/hardware_joint_publisher.py to hardware_joint_publisher.cpython-310.pyc\n'}
[1.588993] (susgrip_2f_hardware) StdoutLine: {'line': b'byte-compiling /home/com9/uet_ws/install/susgrip_2f_hardware/lib/python3.10/site-packages/susgrip_2f_hardware/SusGripLib.py to SusGripLib.cpython-310.pyc\n'}
[1.589823] (susgrip_2f_hardware) StdoutLine: {'line': b'running install_data\n'}
[1.589922] (susgrip_2f_hardware) StdoutLine: {'line': b'creating /home/com9/uet_ws/install/susgrip_2f_hardware/share/ament_index\n'}
[1.589981] (susgrip_2f_hardware) StdoutLine: {'line': b'creating /home/com9/uet_ws/install/susgrip_2f_hardware/share/ament_index/resource_index\n'}
[1.590056] (susgrip_2f_hardware) StdoutLine: {'line': b'creating /home/com9/uet_ws/install/susgrip_2f_hardware/share/ament_index/resource_index/packages\n'}
[1.590118] (susgrip_2f_hardware) StdoutLine: {'line': b'copying resource/susgrip_2f_hardware -> /home/com9/uet_ws/install/susgrip_2f_hardware/share/ament_index/resource_index/packages\n'}
[1.590176] (susgrip_2f_hardware) StdoutLine: {'line': b'copying package.xml -> /home/com9/uet_ws/install/susgrip_2f_hardware/share/susgrip_2f_hardware\n'}
[1.590243] (susgrip_2f_hardware) StdoutLine: {'line': b'running install_egg_info\n'}
[1.591959] (susgrip_2f_hardware) StdoutLine: {'line': b'Copying ../../../build/susgrip_2f_hardware/susgrip_2f_hardware.egg-info to /home/com9/uet_ws/install/susgrip_2f_hardware/lib/python3.10/site-packages/susgrip_2f_hardware-0.0.1-py3.10.egg-info\n'}
[1.592235] (susgrip_2f_hardware) StdoutLine: {'line': b'running install_scripts\n'}
[1.602631] (-) TimerEvent: {}
[1.605040] (susgrip_2f_hardware) StdoutLine: {'line': b'Installing hardware_interface script to /home/com9/uet_ws/install/susgrip_2f_hardware/lib/susgrip_2f_hardware\n'}
[1.605157] (susgrip_2f_hardware) StdoutLine: {'line': b'Installing hardware_joint_publisher script to /home/com9/uet_ws/install/susgrip_2f_hardware/lib/susgrip_2f_hardware\n'}
[1.605279] (susgrip_2f_hardware) StdoutLine: {'line': b"writing list of installed files to '/home/com9/uet_ws/build/susgrip_2f_hardware/install.log'\n"}
[1.621425] (susgrip_2f_hardware) CommandEnded: {'returncode': 0}
[1.625129] (susgrip_2f_hardware) JobEnded: {'identifier': 'susgrip_2f_hardware', 'rc': 0}
[1.625740] (ur3_moveit_control) JobStarted: {'identifier': 'ur3_moveit_control'}
[1.628159] (ur3_moveit_control) JobProgress: {'identifier': 'ur3_moveit_control', 'progress': 'cmake'}
[1.629184] (ur3_moveit_control) Command: {'cmd': ['/usr/bin/cmake', '/home/com9/uet_ws/src/ur3_moveit_control', '-DCMAKE_INSTALL_PREFIX=/home/com9/uet_ws/install/ur3_moveit_control'], 'cwd': '/home/com9/uet_ws/build/ur3_moveit_control', 'env': OrderedDict([('LESSOPEN', '| /usr/bin/lesspipe %s'), ('CMAKE_BUILD_PARALLEL_LEVEL', '1'), ('USER', 'com9'), ('XDG_SESSION_TYPE', 'wayland'), ('SHLVL', '1'), ('LD_LIBRARY_PATH', '/opt/ros/humble/opt/rviz_ogre_vendor/lib:/opt/ros/humble/lib/x86_64-linux-gnu:/opt/ros/humble/lib'), ('HOME', '/home/com9'), ('CONDA_SHLVL', '0'), ('CYCLONEDDS_URI', '<CycloneDDS><Domain><General><DontRoute>true</></></></>'), ('OLDPWD', '/home/com9/uet_ws'), ('DESKTOP_SESSION', 'ubuntu'), ('ROS_PYTHON_VERSION', '3'), ('GNOME_SHELL_SESSION_MODE', 'ubuntu'), ('GTK_MODULES', 'gail:atk-bridge'), ('MAKEFLAGS', '-j1'), ('SYSTEMD_EXEC_PID', '17504'), ('IM_CONFIG_CHECK_ENV', '1'), ('DBUS_SESSION_BUS_ADDRESS', 'unix:path=/run/user/1000/bus'), ('COLORTERM', 'truecolor'), ('_CE_M', ''), ('_CONDA_ROOT', '/home/com9/miniconda3'), ('IM_CONFIG_PHASE', '1'), ('WAYLAND_DISPLAY', 'wayland-0'), ('ROS_DISTRO', 'humble'), ('LOGNAME', 'com9'), ('_', '/usr/bin/colcon'), ('ROS_VERSION', '2'), ('XDG_SESSION_CLASS', 'user'), ('USERNAME', 'com9'), ('TERM', 'xterm-256color'), ('GNOME_DESKTOP_SESSION_ID', 'this-is-deprecated'), ('_CE_CONDA', ''), ('ROS_LOCALHOST_ONLY', '0'), ('PATH', '/opt/ros/humble/bin:/home/com9/.local/bin:/home/com9/miniconda3/condabin:/home/com9/.local/bin:/home/com9/.local/bin:/home/com9/.local/bin:/home/com9/.local/bin:/usr/local/sbin:/usr/local/bin:/usr/sbin:/usr/bin:/sbin:/bin:/usr/games:/usr/local/games:/snap/bin:/snap/bin'), ('SESSION_MANAGER', 'local/com9:@/tmp/.ICE-unix/17475,unix/com9:/tmp/.ICE-unix/17475'), ('XDG_MENU_PREFIX', 'gnome-'), ('GNOME_TERMINAL_SCREEN', '/org/gnome/Terminal/screen/082c707b_1b9d_480a_9979_2cd556cf1a94'), ('GNOME_SETUP_DISPLAY', ':1'), ('XDG_RUNTIME_DIR', '/run/user/1000'), ('DISPLAY', ':0'), ('LANG', 'en_US.UTF-8'), ('XDG_CURRENT_DESKTOP', 'ubuntu:GNOME'), ('XMODIFIERS', '@im=ibus'), ('XDG_SESSION_DESKTOP', 'ubuntu'), ('XAUTHORITY', '/run/user/1000/.mutter-Xwaylandauth.W7ZTS3'), ('LS_COLORS', 'rs=0:di=01;34:ln=01;36:mh=00:pi=40;33:so=01;35:do=01;35:bd=40;33;01:cd=40;33;01:or=40;31;01:mi=00:su=37;41:sg=30;43:ca=30;41:tw=30;42:ow=34;42:st=37;44:ex=01;32:*.tar=01;31:*.tgz=01;31:*.arc=01;31:*.arj=01;31:*.taz=01;31:*.lha=01;31:*.lz4=01;31:*.lzh=01;31:*.lzma=01;31:*.tlz=01;31:*.txz=01;31:*.tzo=01;31:*.t7z=01;31:*.zip=01;31:*.z=01;31:*.dz=01;31:*.gz=01;31:*.lrz=01;31:*.lz=01;31:*.lzo=01;31:*.xz=01;31:*.zst=01;31:*.tzst=01;31:*.bz2=01;31:*.bz=01;31:*.tbz=01;31:*.tbz2=01;31:*.tz=01;31:*.deb=01;31:*.rpm=01;31:*.jar=01;31:*.war=01;31:*.ear=01;31:*.sar=01;31:*.rar=01;31:*.alz=01;31:*.ace=01;31:*.zoo=01;31:*.cpio=01;31:*.7z=01;31:*.rz=01;31:*.cab=01;31:*.wim=01;31:*.swm=01;31:*.dwm=01;31:*.esd=01;31:*.jpg=01;35:*.jpeg=01;35:*.mjpg=01;35:*.mjpeg=01;35:*.gif=01;35:*.bmp=01;35:*.pbm=01;35:*.pgm=01;35:*.ppm=01;35:*.tga=01;35:*.xbm=01;35:*.xpm=01;35:*.tif=01;35:*.tiff=01;35:*.png=01;35:*.svg=01;35:*.svgz=01;35:*.mng=01;35:*.pcx=01;35:*.mov=01;35:*.mpg=01;35:*.mpeg=01;35:*.m2v=01;35:*.mkv=01;35:*.webm=01;35:*.webp=01;35:*.ogm=01;35:*.mp4=01;35:*.m4v=01;35:*.mp4v=01;35:*.vob=01;35:*.qt=01;35:*.nuv=01;35:*.wmv=01;35:*.asf=01;35:*.rm=01;35:*.rmvb=01;35:*.flc=01;35:*.avi=01;35:*.fli=01;35:*.flv=01;35:*.gl=01;35:*.dl=01;35:*.xcf=01;35:*.xwd=01;35:*.yuv=01;35:*.cgm=01;35:*.emf=01;35:*.ogv=01;35:*.ogx=01;35:*.aac=00;36:*.au=00;36:*.flac=00;36:*.m4a=00;36:*.mid=00;36:*.midi=00;36:*.mka=00;36:*.mp3=00;36:*.mpc=00;36:*.ogg=00;36:*.ra=00;36:*.wav=00;36:*.oga=00;36:*.opus=00;36:*.spx=00;36:*.xspf=00;36:'), ('GNOME_TERMINAL_SERVICE', ':1.294'), ('SSH_AGENT_LAUNCHER', 'gnome-keyring'), ('SSH_AUTH_SOCK', '/run/user/1000/keyring/ssh'), ('AMENT_PREFIX_PATH', '/opt/ros/humble'), ('CONDA_PYTHON_EXE', '/home/com9/miniconda3/bin/python'), ('SHELL', '/bin/bash'), ('QT_ACCESSIBILITY', '1'), ('GDMSESSION', 'ubuntu'), ('LESSCLOSE', '/usr/bin/lesspipe %s %s'), ('_CONDA_EXE', '/home/com9/miniconda3/bin/conda'), ('QT_IM_MODULE', 'ibus'), ('PWD', '/home/com9/uet_ws/build/ur3_moveit_control'), ('LC_ALL', 'en_US.UTF-8'), ('XDG_CONFIG_DIRS', '/etc/xdg/xdg-ubuntu:/etc/xdg'), ('CONDA_EXE', '/home/com9/miniconda3/bin/conda'), ('XDG_DATA_DIRS', '/usr/share/ubuntu:/usr/local/share/:/usr/share/:/var/lib/snapd/desktop'), ('PYTHONPATH', '/opt/ros/humble/lib/python3.10/site-packages:/opt/ros/humble/local/lib/python3.10/dist-packages'), ('COLCON', '1'), ('VTE_VERSION', '6800'), ('CMAKE_PREFIX_PATH', '/opt/ros/humble')]), 'shell': False}
[1.702753] (-) TimerEvent: {}
[1.745811] (ur3_moveit_control) StdoutLine: {'line': b'-- The C compiler identification is GNU 11.4.0\n'}
[1.802885] (-) TimerEvent: {}
[1.807150] (ur3_moveit_control) StdoutLine: {'line': b'-- The CXX compiler identification is GNU 11.4.0\n'}
[1.815221] (ur3_moveit_control) StdoutLine: {'line': b'-- Detecting C compiler ABI info\n'}
[1.870658] (ur3_moveit_control) StdoutLine: {'line': b'-- Detecting C compiler ABI info - done\n'}
[1.875174] (ur3_moveit_control) StdoutLine: {'line': b'-- Check for working C compiler: /usr/bin/cc - skipped\n'}
[1.875831] (ur3_moveit_control) StdoutLine: {'line': b'-- Detecting C compile features\n'}
[1.876307] (ur3_moveit_control) StdoutLine: {'line': b'-- Detecting C compile features - done\n'}
[1.878721] (ur3_moveit_control) StdoutLine: {'line': b'-- Detecting CXX compiler ABI info\n'}
[1.902970] (-) TimerEvent: {}
[1.931496] (ur3_moveit_control) StdoutLine: {'line': b'-- Detecting CXX compiler ABI info - done\n'}
[1.936111] (ur3_moveit_control) StdoutLine: {'line': b'-- Check for working CXX compiler: /usr/bin/c++ - skipped\n'}
[1.936255] (ur3_moveit_control) StdoutLine: {'line': b'-- Detecting CXX compile features\n'}
[1.936554] (ur3_moveit_control) StdoutLine: {'line': b'-- Detecting CXX compile features - done\n'}
[1.940052] (ur3_moveit_control) StdoutLine: {'line': b'-- Found ament_cmake: 1.3.14 (/opt/ros/humble/share/ament_cmake/cmake)\n'}
[2.003081] (-) TimerEvent: {}
[2.040511] (ur3_moveit_control) StdoutLine: {'line': b'-- Found Python3: /usr/bin/python3 (found version "3.10.12") found components: Interpreter \n'}
[2.103203] (-) TimerEvent: {}
[2.111072] (ur3_moveit_control) StdoutLine: {'line': b'-- Found rclcpp: 16.0.19 (/opt/ros/humble/share/rclcpp/cmake)\n'}
[2.147929] (ur3_moveit_control) StdoutLine: {'line': b'-- Found rosidl_generator_c: 3.1.8 (/opt/ros/humble/share/rosidl_generator_c/cmake)\n'}
[2.151906] (ur3_moveit_control) StdoutLine: {'line': b'-- Found rosidl_adapter: 3.1.8 (/opt/ros/humble/share/rosidl_adapter/cmake)\n'}
[2.158762] (ur3_moveit_control) StdoutLine: {'line': b'-- Found rosidl_generator_cpp: 3.1.8 (/opt/ros/humble/share/rosidl_generator_cpp/cmake)\n'}
[2.168643] (ur3_moveit_control) StdoutLine: {'line': b'-- Using all available rosidl_typesupport_c: rosidl_typesupport_fastrtps_c;rosidl_typesupport_introspection_c\n'}
[2.181179] (ur3_moveit_control) StdoutLine: {'line': b'-- Using all available rosidl_typesupport_cpp: rosidl_typesupport_fastrtps_cpp;rosidl_typesupport_introspection_cpp\n'}
[2.203308] (-) TimerEvent: {}
[2.214296] (ur3_moveit_control) StdoutLine: {'line': b'-- Found rmw_implementation_cmake: 6.1.2 (/opt/ros/humble/share/rmw_implementation_cmake/cmake)\n'}
[2.216430] (ur3_moveit_control) StdoutLine: {'line': b'-- Found rmw_fastrtps_cpp: 6.2.10 (/opt/ros/humble/share/rmw_fastrtps_cpp/cmake)\n'}
[2.279253] (ur3_moveit_control) StdoutLine: {'line': b'-- Found OpenSSL: /usr/lib/x86_64-linux-gnu/libcrypto.so (found version "3.0.2")  \n'}
[2.298069] (ur3_moveit_control) StdoutLine: {'line': b'-- Found FastRTPS: /opt/ros/humble/include  \n'}
[2.303367] (-) TimerEvent: {}
[2.327264] (ur3_moveit_control) StdoutLine: {'line': b"-- Using RMW implementation 'rmw_fastrtps_cpp' as default\n"}
[2.337913] (ur3_moveit_control) StdoutLine: {'line': b'-- Looking for pthread.h\n'}
[2.397923] (ur3_moveit_control) StdoutLine: {'line': b'-- Looking for pthread.h - found\n'}
[2.398220] (ur3_moveit_control) StdoutLine: {'line': b'-- Performing Test CMAKE_HAVE_LIBC_PTHREAD\n'}
[2.403445] (-) TimerEvent: {}
[2.449318] (ur3_moveit_control) StdoutLine: {'line': b'-- Performing Test CMAKE_HAVE_LIBC_PTHREAD - Success\n'}
[2.450038] (ur3_moveit_control) StdoutLine: {'line': b'-- Found Threads: TRUE  \n'}
[2.490077] (ur3_moveit_control) StdoutLine: {'line': b'-- Found rclcpp_action: 16.0.19 (/opt/ros/humble/share/rclcpp_action/cmake)\n'}
[2.503544] (-) TimerEvent: {}
[2.517795] (ur3_moveit_control) StdoutLine: {'line': b'-- Found moveit_ros_planning_interface: 2.5.9 (/opt/ros/humble/share/moveit_ros_planning_interface/cmake)\n'}
[2.538247] (ur3_moveit_control) StdoutLine: {'line': b'-- Found Boost: /usr/lib/x86_64-linux-gnu/cmake/Boost-1.74.0/BoostConfig.cmake (found version "1.74.0") found components: date_time filesystem program_options system thread \n'}
[2.603736] (-) TimerEvent: {}
[2.651776] (ur3_moveit_control) StdoutLine: {'line': b'-- Found Boost: /usr/lib/x86_64-linux-gnu/cmake/Boost-1.74.0/BoostConfig.cmake (found version "1.74.0") found components: chrono date_time filesystem iostreams program_options regex serialization system thread \n'}
[2.683283] (ur3_moveit_control) StdoutLine: {'line': b'-- Found parameter_traits: 0.7.4 (/opt/ros/humble/share/parameter_traits/cmake)\n'}
[2.694503] (ur3_moveit_control) StdoutLine: {'line': b'-- Found rclcpp_lifecycle: 16.0.19 (/opt/ros/humble/share/rclcpp_lifecycle/cmake)\n'}
[2.703812] (-) TimerEvent: {}
[2.773573] (ur3_moveit_control) StdoutLine: {'line': b'-- library: /usr/lib/x86_64-linux-gnu/libcurl.so\n'}
[2.794968] (ur3_moveit_control) StdoutLine: {'line': b'-- Found Eigen3: TRUE (found version "3.4.0") \n'}
[2.795108] (ur3_moveit_control) StdoutLine: {'line': b'-- Ensuring Eigen3 include directory is part of orocos-kdl CMake target\n'}
[2.803984] (-) TimerEvent: {}
[2.880930] (ur3_moveit_control) StdoutLine: {'line': b'-- Found Boost: /usr/lib/x86_64-linux-gnu/cmake/Boost-1.74.0/BoostConfig.cmake (found version "1.74.0") found components: system filesystem date_time program_options thread chrono \n'}
[2.900486] (ur3_moveit_control) StdoutLine: {'line': b'-- Found Boost: /usr/lib/x86_64-linux-gnu/cmake/Boost-1.74.0/BoostConfig.cmake (found version "1.74.0") found components: thread system filesystem regex date_time program_options \n'}
[2.904157] (-) TimerEvent: {}
[2.915976] (ur3_moveit_control) StdoutLine: {'line': b'-- Found Boost: /usr/lib/x86_64-linux-gnu/cmake/Boost-1.74.0/BoostConfig.cmake (found version "1.74.0") found components: system filesystem date_time program_options thread \n'}
[2.934884] (ur3_moveit_control) StdoutLine: {'line': b'-- Found rosidl_default_generators: 1.2.1 (/opt/ros/humble/share/rosidl_default_generators/cmake)\n'}
[3.004265] (-) TimerEvent: {}
[3.104460] (-) TimerEvent: {}
[3.149350] (ur3_moveit_control) StdoutLine: {'line': b'-- Found ament_cmake_ros: 0.10.0 (/opt/ros/humble/share/ament_cmake_ros/cmake)\n'}
[3.204556] (-) TimerEvent: {}
[3.304814] (-) TimerEvent: {}
[3.405125] (-) TimerEvent: {}
[3.451999] (ur3_moveit_control) StdoutLine: {'line': b'-- Using all available rosidl_typesupport_c: rosidl_typesupport_fastrtps_c;rosidl_typesupport_introspection_c\n'}
[3.505302] (-) TimerEvent: {}
[3.560254] (ur3_moveit_control) StdoutLine: {'line': b'-- Using all available rosidl_typesupport_cpp: rosidl_typesupport_fastrtps_cpp;rosidl_typesupport_introspection_cpp\n'}
[3.578237] (ur3_moveit_control) StdoutLine: {'line': b'-- Found PythonInterp: /usr/bin/python3 (found suitable version "3.10.12", minimum required is "3.6") \n'}
[3.579964] (ur3_moveit_control) StdoutLine: {'line': b'-- Found python_cmake_module: 0.10.0 (/opt/ros/humble/share/python_cmake_module/cmake)\n'}
[3.600013] (ur3_moveit_control) StdoutLine: {'line': b'-- Found PythonLibs: /usr/lib/x86_64-linux-gnu/libpython3.10.so (found suitable version "3.10.12", minimum required is "3.5") \n'}
[3.600208] (ur3_moveit_control) StdoutLine: {'line': b'-- Using PYTHON_EXECUTABLE: /usr/bin/python3\n'}
[3.600363] (ur3_moveit_control) StdoutLine: {'line': b'-- Using PYTHON_INCLUDE_DIRS: /usr/include/python3.10\n'}
[3.600417] (ur3_moveit_control) StdoutLine: {'line': b'-- Using PYTHON_LIBRARIES: /usr/lib/x86_64-linux-gnu/libpython3.10.so\n'}
[3.605357] (-) TimerEvent: {}
[3.614592] (ur3_moveit_control) StdoutLine: {'line': b'-- Found PythonExtra: .so  \n'}
[3.705447] (-) TimerEvent: {}
[3.731692] (ur3_moveit_control) StdoutLine: {'line': b'-- Configuring done\n'}
[3.786028] (ur3_moveit_control) StdoutLine: {'line': b'-- Generating done\n'}
[3.800701] (ur3_moveit_control) StdoutLine: {'line': b'-- Build files have been written to: /home/com9/uet_ws/build/ur3_moveit_control\n'}
[3.805567] (-) TimerEvent: {}
[3.813992] (ur3_moveit_control) CommandEnded: {'returncode': 0}
[3.814509] (ur3_moveit_control) JobProgress: {'identifier': 'ur3_moveit_control', 'progress': 'build'}
[3.815703] (ur3_moveit_control) Command: {'cmd': ['/usr/bin/cmake', '--build', '/home/com9/uet_ws/build/ur3_moveit_control'], 'cwd': '/home/com9/uet_ws/build/ur3_moveit_control', 'env': OrderedDict([('LESSOPEN', '| /usr/bin/lesspipe %s'), ('CMAKE_BUILD_PARALLEL_LEVEL', '1'), ('USER', 'com9'), ('XDG_SESSION_TYPE', 'wayland'), ('SHLVL', '1'), ('LD_LIBRARY_PATH', '/opt/ros/humble/opt/rviz_ogre_vendor/lib:/opt/ros/humble/lib/x86_64-linux-gnu:/opt/ros/humble/lib'), ('HOME', '/home/com9'), ('CONDA_SHLVL', '0'), ('CYCLONEDDS_URI', '<CycloneDDS><Domain><General><DontRoute>true</></></></>'), ('OLDPWD', '/home/com9/uet_ws'), ('DESKTOP_SESSION', 'ubuntu'), ('ROS_PYTHON_VERSION', '3'), ('GNOME_SHELL_SESSION_MODE', 'ubuntu'), ('GTK_MODULES', 'gail:atk-bridge'), ('MAKEFLAGS', '-j1'), ('SYSTEMD_EXEC_PID', '17504'), ('IM_CONFIG_CHECK_ENV', '1'), ('DBUS_SESSION_BUS_ADDRESS', 'unix:path=/run/user/1000/bus'), ('COLORTERM', 'truecolor'), ('_CE_M', ''), ('_CONDA_ROOT', '/home/com9/miniconda3'), ('IM_CONFIG_PHASE', '1'), ('WAYLAND_DISPLAY', 'wayland-0'), ('ROS_DISTRO', 'humble'), ('LOGNAME', 'com9'), ('_', '/usr/bin/colcon'), ('ROS_VERSION', '2'), ('XDG_SESSION_CLASS', 'user'), ('USERNAME', 'com9'), ('TERM', 'xterm-256color'), ('GNOME_DESKTOP_SESSION_ID', 'this-is-deprecated'), ('_CE_CONDA', ''), ('ROS_LOCALHOST_ONLY', '0'), ('PATH', '/opt/ros/humble/bin:/home/com9/.local/bin:/home/com9/miniconda3/condabin:/home/com9/.local/bin:/home/com9/.local/bin:/home/com9/.local/bin:/home/com9/.local/bin:/usr/local/sbin:/usr/local/bin:/usr/sbin:/usr/bin:/sbin:/bin:/usr/games:/usr/local/games:/snap/bin:/snap/bin'), ('SESSION_MANAGER', 'local/com9:@/tmp/.ICE-unix/17475,unix/com9:/tmp/.ICE-unix/17475'), ('XDG_MENU_PREFIX', 'gnome-'), ('GNOME_TERMINAL_SCREEN', '/org/gnome/Terminal/screen/082c707b_1b9d_480a_9979_2cd556cf1a94'), ('GNOME_SETUP_DISPLAY', ':1'), ('XDG_RUNTIME_DIR', '/run/user/1000'), ('DISPLAY', ':0'), ('LANG', 'en_US.UTF-8'), ('XDG_CURRENT_DESKTOP', 'ubuntu:GNOME'), ('XMODIFIERS', '@im=ibus'), ('XDG_SESSION_DESKTOP', 'ubuntu'), ('XAUTHORITY', '/run/user/1000/.mutter-Xwaylandauth.W7ZTS3'), ('LS_COLORS', 'rs=0:di=01;34:ln=01;36:mh=00:pi=40;33:so=01;35:do=01;35:bd=40;33;01:cd=40;33;01:or=40;31;01:mi=00:su=37;41:sg=30;43:ca=30;41:tw=30;42:ow=34;42:st=37;44:ex=01;32:*.tar=01;31:*.tgz=01;31:*.arc=01;31:*.arj=01;31:*.taz=01;31:*.lha=01;31:*.lz4=01;31:*.lzh=01;31:*.lzma=01;31:*.tlz=01;31:*.txz=01;31:*.tzo=01;31:*.t7z=01;31:*.zip=01;31:*.z=01;31:*.dz=01;31:*.gz=01;31:*.lrz=01;31:*.lz=01;31:*.lzo=01;31:*.xz=01;31:*.zst=01;31:*.tzst=01;31:*.bz2=01;31:*.bz=01;31:*.tbz=01;31:*.tbz2=01;31:*.tz=01;31:*.deb=01;31:*.rpm=01;31:*.jar=01;31:*.war=01;31:*.ear=01;31:*.sar=01;31:*.rar=01;31:*.alz=01;31:*.ace=01;31:*.zoo=01;31:*.cpio=01;31:*.7z=01;31:*.rz=01;31:*.cab=01;31:*.wim=01;31:*.swm=01;31:*.dwm=01;31:*.esd=01;31:*.jpg=01;35:*.jpeg=01;35:*.mjpg=01;35:*.mjpeg=01;35:*.gif=01;35:*.bmp=01;35:*.pbm=01;35:*.pgm=01;35:*.ppm=01;35:*.tga=01;35:*.xbm=01;35:*.xpm=01;35:*.tif=01;35:*.tiff=01;35:*.png=01;35:*.svg=01;35:*.svgz=01;35:*.mng=01;35:*.pcx=01;35:*.mov=01;35:*.mpg=01;35:*.mpeg=01;35:*.m2v=01;35:*.mkv=01;35:*.webm=01;35:*.webp=01;35:*.ogm=01;35:*.mp4=01;35:*.m4v=01;35:*.mp4v=01;35:*.vob=01;35:*.qt=01;35:*.nuv=01;35:*.wmv=01;35:*.asf=01;35:*.rm=01;35:*.rmvb=01;35:*.flc=01;35:*.avi=01;35:*.fli=01;35:*.flv=01;35:*.gl=01;35:*.dl=01;35:*.xcf=01;35:*.xwd=01;35:*.yuv=01;35:*.cgm=01;35:*.emf=01;35:*.ogv=01;35:*.ogx=01;35:*.aac=00;36:*.au=00;36:*.flac=00;36:*.m4a=00;36:*.mid=00;36:*.midi=00;36:*.mka=00;36:*.mp3=00;36:*.mpc=00;36:*.ogg=00;36:*.ra=00;36:*.wav=00;36:*.oga=00;36:*.opus=00;36:*.spx=00;36:*.xspf=00;36:'), ('GNOME_TERMINAL_SERVICE', ':1.294'), ('SSH_AGENT_LAUNCHER', 'gnome-keyring'), ('SSH_AUTH_SOCK', '/run/user/1000/keyring/ssh'), ('AMENT_PREFIX_PATH', '/opt/ros/humble'), ('CONDA_PYTHON_EXE', '/home/com9/miniconda3/bin/python'), ('SHELL', '/bin/bash'), ('QT_ACCESSIBILITY', '1'), ('GDMSESSION', 'ubuntu'), ('LESSCLOSE', '/usr/bin/lesspipe %s %s'), ('_CONDA_EXE', '/home/com9/miniconda3/bin/conda'), ('QT_IM_MODULE', 'ibus'), ('PWD', '/home/com9/uet_ws/build/ur3_moveit_control'), ('LC_ALL', 'en_US.UTF-8'), ('XDG_CONFIG_DIRS', '/etc/xdg/xdg-ubuntu:/etc/xdg'), ('CONDA_EXE', '/home/com9/miniconda3/bin/conda'), ('XDG_DATA_DIRS', '/usr/share/ubuntu:/usr/local/share/:/usr/share/:/var/lib/snapd/desktop'), ('PYTHONPATH', '/opt/ros/humble/lib/python3.10/site-packages:/opt/ros/humble/local/lib/python3.10/dist-packages'), ('COLCON', '1'), ('VTE_VERSION', '6800'), ('CMAKE_PREFIX_PATH', '/opt/ros/humble')]), 'shell': False}
[3.851421] (ur3_moveit_control) StdoutLine: {'line': b'[  2%] \x1b[34m\x1b[1mGenerating Rust code for ROS interfaces\x1b[0m\n'}
[3.905690] (-) TimerEvent: {}
[4.005986] (-) TimerEvent: {}
[4.031305] (ur3_moveit_control) StdoutLine: {'line': b'[  2%] Built target ur3_moveit_control__rs\n'}
[4.039243] (ur3_moveit_control) StdoutLine: {'line': b'[  5%] \x1b[34m\x1b[1mGenerating C code for ROS interfaces\x1b[0m\n'}
[4.106076] (-) TimerEvent: {}
[4.206320] (-) TimerEvent: {}
[4.280287] (ur3_moveit_control) StdoutLine: {'line': b'[  8%] \x1b[32mBuilding C object CMakeFiles/ur3_moveit_control__rosidl_generator_c.dir/rosidl_generator_c/ur3_moveit_control/action/detail/ur3_control__functions.c.o\x1b[0m\n'}
[4.306421] (-) TimerEvent: {}
[4.375925] (ur3_moveit_control) StdoutLine: {'line': b'[ 11%] \x1b[32m\x1b[1mLinking C shared library libur3_moveit_control__rosidl_generator_c.so\x1b[0m\n'}
[4.404812] (ur3_moveit_control) StdoutLine: {'line': b'[ 11%] Built target ur3_moveit_control__rosidl_generator_c\n'}
[4.406479] (-) TimerEvent: {}
[4.412203] (ur3_moveit_control) StdoutLine: {'line': b'[ 13%] \x1b[34m\x1b[1mGenerating C type support for eProsima Fast-RTPS\x1b[0m\n'}
[4.506657] (-) TimerEvent: {}
[4.606881] (-) TimerEvent: {}
[4.631638] (ur3_moveit_control) StdoutLine: {'line': b'[ 16%] \x1b[32mBuilding CXX object CMakeFiles/ur3_moveit_control__rosidl_typesupport_fastrtps_c.dir/rosidl_typesupport_fastrtps_c/ur3_moveit_control/action/detail/ur3_control__type_support_c.cpp.o\x1b[0m\n'}
[4.707029] (-) TimerEvent: {}
[4.807280] (-) TimerEvent: {}
[4.865994] (ur3_moveit_control) StdoutLine: {'line': b'[ 19%] \x1b[32m\x1b[1mLinking CXX shared library libur3_moveit_control__rosidl_typesupport_fastrtps_c.so\x1b[0m\n'}
[4.907366] (-) TimerEvent: {}
[4.918374] (ur3_moveit_control) StdoutLine: {'line': b'[ 19%] Built target ur3_moveit_control__rosidl_typesupport_fastrtps_c\n'}
[4.931097] (ur3_moveit_control) StdoutLine: {'line': b'[ 22%] \x1b[34m\x1b[1mGenerating C++ code for ROS interfaces\x1b[0m\n'}
[5.007535] (-) TimerEvent: {}
[5.107788] (-) TimerEvent: {}
[5.173557] (ur3_moveit_control) StdoutLine: {'line': b'[ 22%] Built target ur3_moveit_control__cpp\n'}
[5.179558] (ur3_moveit_control) StdoutLine: {'line': b'[ 25%] \x1b[34m\x1b[1mGenerating C++ type support for eProsima Fast-RTPS\x1b[0m\n'}
[5.207918] (-) TimerEvent: {}
[5.308194] (-) TimerEvent: {}
[5.405400] (ur3_moveit_control) StdoutLine: {'line': b'[ 27%] \x1b[32mBuilding CXX object CMakeFiles/ur3_moveit_control__rosidl_typesupport_fastrtps_cpp.dir/rosidl_typesupport_fastrtps_cpp/ur3_moveit_control/action/detail/dds_fastrtps/ur3_control__type_support.cpp.o\x1b[0m\n'}
[5.408282] (-) TimerEvent: {}
[5.508592] (-) TimerEvent: {}
[5.608980] (-) TimerEvent: {}
[5.709417] (-) TimerEvent: {}
[5.720639] (ur3_moveit_control) StdoutLine: {'line': b'[ 30%] \x1b[32m\x1b[1mLinking CXX shared library libur3_moveit_control__rosidl_typesupport_fastrtps_cpp.so\x1b[0m\n'}
[5.775510] (ur3_moveit_control) StdoutLine: {'line': b'[ 30%] Built target ur3_moveit_control__rosidl_typesupport_fastrtps_cpp\n'}
[5.783137] (ur3_moveit_control) StdoutLine: {'line': b'[ 33%] \x1b[34m\x1b[1mGenerating C introspection for ROS interfaces\x1b[0m\n'}
[5.809512] (-) TimerEvent: {}
[5.909865] (-) TimerEvent: {}
[5.999378] (ur3_moveit_control) StdoutLine: {'line': b'[ 36%] \x1b[32mBuilding C object CMakeFiles/ur3_moveit_control__rosidl_typesupport_introspection_c.dir/rosidl_typesupport_introspection_c/ur3_moveit_control/action/detail/ur3_control__type_support.c.o\x1b[0m\n'}
[6.009982] (-) TimerEvent: {}
[6.032623] (ur3_moveit_control) StdoutLine: {'line': b'[ 38%] \x1b[32m\x1b[1mLinking C shared library libur3_moveit_control__rosidl_typesupport_introspection_c.so\x1b[0m\n'}
[6.054571] (ur3_moveit_control) StdoutLine: {'line': b'[ 38%] Built target ur3_moveit_control__rosidl_typesupport_introspection_c\n'}
[6.060112] (ur3_moveit_control) StdoutLine: {'line': b'[ 41%] \x1b[34m\x1b[1mGenerating C type support dispatch for ROS interfaces\x1b[0m\n'}
[6.110089] (-) TimerEvent: {}
[6.210279] (-) TimerEvent: {}
[6.242349] (ur3_moveit_control) StdoutLine: {'line': b'[ 44%] \x1b[32mBuilding CXX object CMakeFiles/ur3_moveit_control__rosidl_typesupport_c.dir/rosidl_typesupport_c/ur3_moveit_control/action/ur3_control__type_support.cpp.o\x1b[0m\n'}
[6.274117] (ur3_moveit_control) StdoutLine: {'line': b'[ 47%] \x1b[32m\x1b[1mLinking CXX shared library libur3_moveit_control__rosidl_typesupport_c.so\x1b[0m\n'}
[6.302195] (ur3_moveit_control) StdoutLine: {'line': b'[ 47%] Built target ur3_moveit_control__rosidl_typesupport_c\n'}
[6.308258] (ur3_moveit_control) StdoutLine: {'line': b'[ 50%] \x1b[34m\x1b[1mGenerating C++ introspection for ROS interfaces\x1b[0m\n'}
[6.310363] (-) TimerEvent: {}
[6.410630] (-) TimerEvent: {}
[6.510873] (-) TimerEvent: {}
[6.512570] (ur3_moveit_control) StdoutLine: {'line': b'[ 52%] \x1b[32mBuilding CXX object CMakeFiles/ur3_moveit_control__rosidl_typesupport_introspection_cpp.dir/rosidl_typesupport_introspection_cpp/ur3_moveit_control/action/detail/ur3_control__type_support.cpp.o\x1b[0m\n'}
[6.611053] (-) TimerEvent: {}
[6.711333] (-) TimerEvent: {}
[6.811643] (-) TimerEvent: {}
[6.825493] (ur3_moveit_control) StdoutLine: {'line': b'[ 55%] \x1b[32m\x1b[1mLinking CXX shared library libur3_moveit_control__rosidl_typesupport_introspection_cpp.so\x1b[0m\n'}
[6.869479] (ur3_moveit_control) StdoutLine: {'line': b'[ 55%] Built target ur3_moveit_control__rosidl_typesupport_introspection_cpp\n'}
[6.876915] (ur3_moveit_control) StdoutLine: {'line': b'[ 58%] \x1b[34m\x1b[1mGenerating C++ type support dispatch for ROS interfaces\x1b[0m\n'}
[6.911821] (-) TimerEvent: {}
[7.012088] (-) TimerEvent: {}
[7.044749] (ur3_moveit_control) StdoutLine: {'line': b'[ 61%] \x1b[32mBuilding CXX object CMakeFiles/ur3_moveit_control__rosidl_typesupport_cpp.dir/rosidl_typesupport_cpp/ur3_moveit_control/action/ur3_control__type_support.cpp.o\x1b[0m\n'}
[7.112272] (-) TimerEvent: {}
[7.212573] (-) TimerEvent: {}
[7.261008] (ur3_moveit_control) StdoutLine: {'line': b'[ 63%] \x1b[32m\x1b[1mLinking CXX shared library libur3_moveit_control__rosidl_typesupport_cpp.so\x1b[0m\n'}
[7.286677] (ur3_moveit_control) StdoutLine: {'line': b'[ 63%] Built target ur3_moveit_control__rosidl_typesupport_cpp\n'}
[7.299105] (ur3_moveit_control) StdoutLine: {'line': b'[ 63%] Built target ur3_moveit_control\n'}
[7.312730] (-) TimerEvent: {}
[7.316133] (ur3_moveit_control) StdoutLine: {'line': b'[ 63%] Built target ament_cmake_python_copy_ur3_moveit_control\n'}
[7.412822] (-) TimerEvent: {}
[7.436364] (ur3_moveit_control) StdoutLine: {'line': b'running egg_info\n'}
[7.436561] (ur3_moveit_control) StdoutLine: {'line': b'creating ur3_moveit_control.egg-info\n'}
[7.436749] (ur3_moveit_control) StdoutLine: {'line': b'writing ur3_moveit_control.egg-info/PKG-INFO\n'}
[7.436783] (ur3_moveit_control) StdoutLine: {'line': b'writing dependency_links to ur3_moveit_control.egg-info/dependency_links.txt\n'}
[7.436910] (ur3_moveit_control) StdoutLine: {'line': b'writing top-level names to ur3_moveit_control.egg-info/top_level.txt\n'}
[7.436942] (ur3_moveit_control) StdoutLine: {'line': b"writing manifest file 'ur3_moveit_control.egg-info/SOURCES.txt'\n"}
[7.438015] (ur3_moveit_control) StdoutLine: {'line': b"reading manifest file 'ur3_moveit_control.egg-info/SOURCES.txt'\n"}
[7.438222] (ur3_moveit_control) StdoutLine: {'line': b"writing manifest file 'ur3_moveit_control.egg-info/SOURCES.txt'\n"}
[7.453418] (ur3_moveit_control) StdoutLine: {'line': b'[ 63%] Built target ament_cmake_python_build_ur3_moveit_control_egg\n'}
[7.467078] (ur3_moveit_control) StdoutLine: {'line': b'[ 66%] \x1b[34m\x1b[1mGenerating Python code for ROS interfaces\x1b[0m\n'}
[7.512982] (-) TimerEvent: {}
[7.613250] (-) TimerEvent: {}
[7.713494] (-) TimerEvent: {}
[7.813730] (-) TimerEvent: {}
[7.864645] (ur3_moveit_control) StdoutLine: {'line': b'[ 66%] Built target ur3_moveit_control__py\n'}
[7.877723] (ur3_moveit_control) StdoutLine: {'line': b'[ 69%] \x1b[32mBuilding C object CMakeFiles/ur3_moveit_control__rosidl_generator_py.dir/rosidl_generator_py/ur3_moveit_control/action/_ur3_control_s.c.o\x1b[0m\n'}
[7.913924] (-) TimerEvent: {}
[7.977749] (ur3_moveit_control) StdoutLine: {'line': b'[ 72%] \x1b[32m\x1b[1mLinking C shared library rosidl_generator_py/ur3_moveit_control/libur3_moveit_control__rosidl_generator_py.so\x1b[0m\n'}
[8.012677] (ur3_moveit_control) StdoutLine: {'line': b'[ 72%] Built target ur3_moveit_control__rosidl_generator_py\n'}
[8.014075] (-) TimerEvent: {}
[8.025371] (ur3_moveit_control) StdoutLine: {'line': b'[ 75%] \x1b[32mBuilding C object CMakeFiles/ur3_moveit_control__rosidl_typesupport_fastrtps_c__pyext.dir/rosidl_generator_py/ur3_moveit_control/_ur3_moveit_control_s.ep.rosidl_typesupport_fastrtps_c.c.o\x1b[0m\n'}
[8.094532] (ur3_moveit_control) StdoutLine: {'line': b'[ 77%] \x1b[32m\x1b[1mLinking C shared library rosidl_generator_py/ur3_moveit_control/ur3_moveit_control_s__rosidl_typesupport_fastrtps_c.cpython-310-x86_64-linux-gnu.so\x1b[0m\n'}
[8.114265] (-) TimerEvent: {}
[8.122460] (ur3_moveit_control) StdoutLine: {'line': b'[ 77%] Built target ur3_moveit_control__rosidl_typesupport_fastrtps_c__pyext\n'}
[8.135315] (ur3_moveit_control) StdoutLine: {'line': b'[ 80%] \x1b[32mBuilding C object CMakeFiles/ur3_moveit_control__rosidl_typesupport_introspection_c__pyext.dir/rosidl_generator_py/ur3_moveit_control/_ur3_moveit_control_s.ep.rosidl_typesupport_introspection_c.c.o\x1b[0m\n'}
[8.204029] (ur3_moveit_control) StdoutLine: {'line': b'[ 83%] \x1b[32m\x1b[1mLinking C shared library rosidl_generator_py/ur3_moveit_control/ur3_moveit_control_s__rosidl_typesupport_introspection_c.cpython-310-x86_64-linux-gnu.so\x1b[0m\n'}
[8.214448] (-) TimerEvent: {}
[8.232819] (ur3_moveit_control) StdoutLine: {'line': b'[ 83%] Built target ur3_moveit_control__rosidl_typesupport_introspection_c__pyext\n'}
[8.246529] (ur3_moveit_control) StdoutLine: {'line': b'[ 86%] \x1b[32mBuilding C object CMakeFiles/ur3_moveit_control__rosidl_typesupport_c__pyext.dir/rosidl_generator_py/ur3_moveit_control/_ur3_moveit_control_s.ep.rosidl_typesupport_c.c.o\x1b[0m\n'}
[8.314637] (-) TimerEvent: {}
[8.316453] (ur3_moveit_control) StdoutLine: {'line': b'[ 88%] \x1b[32m\x1b[1mLinking C shared library rosidl_generator_py/ur3_moveit_control/ur3_moveit_control_s__rosidl_typesupport_c.cpython-310-x86_64-linux-gnu.so\x1b[0m\n'}
[8.346770] (ur3_moveit_control) StdoutLine: {'line': b'[ 88%] Built target ur3_moveit_control__rosidl_typesupport_c__pyext\n'}
[8.359500] (ur3_moveit_control) StdoutLine: {'line': b'[ 91%] \x1b[32mBuilding CXX object CMakeFiles/ur3_motion_interface.dir/src/ur3_motion_interface.cpp.o\x1b[0m\n'}
[8.414739] (-) TimerEvent: {}
[8.515021] (-) TimerEvent: {}
[8.615316] (-) TimerEvent: {}
[8.715530] (-) TimerEvent: {}
[8.815846] (-) TimerEvent: {}
[8.916152] (-) TimerEvent: {}
[9.016471] (-) TimerEvent: {}
[9.116776] (-) TimerEvent: {}
[9.217080] (-) TimerEvent: {}
[9.317405] (-) TimerEvent: {}
[9.417709] (-) TimerEvent: {}
[9.518029] (-) TimerEvent: {}
[9.618352] (-) TimerEvent: {}
[9.718598] (-) TimerEvent: {}
[9.818903] (-) TimerEvent: {}
[9.919234] (-) TimerEvent: {}
[10.019452] (-) TimerEvent: {}
[10.119734] (-) TimerEvent: {}
[10.220042] (-) TimerEvent: {}
[10.320341] (-) TimerEvent: {}
[10.420601] (-) TimerEvent: {}
[10.520907] (-) TimerEvent: {}
[10.621238] (-) TimerEvent: {}
[10.721491] (-) TimerEvent: {}
[10.821811] (-) TimerEvent: {}
[10.922161] (-) TimerEvent: {}
[11.022547] (-) TimerEvent: {}
[11.122873] (-) TimerEvent: {}
[11.223206] (-) TimerEvent: {}
[11.323517] (-) TimerEvent: {}
[11.423772] (-) TimerEvent: {}
[11.524013] (-) TimerEvent: {}
[11.624326] (-) TimerEvent: {}
[11.724640] (-) TimerEvent: {}
[11.824916] (-) TimerEvent: {}
[11.925254] (-) TimerEvent: {}
[12.025575] (-) TimerEvent: {}
[12.125900] (-) TimerEvent: {}
[12.226243] (-) TimerEvent: {}
[12.326559] (-) TimerEvent: {}
[12.426862] (-) TimerEvent: {}
[12.514737] (ur3_moveit_control) StdoutLine: {'line': b'[ 94%] \x1b[32m\x1b[1mLinking CXX shared library libur3_motion_interface.so\x1b[0m\n'}
[12.527019] (-) TimerEvent: {}
[12.627305] (-) TimerEvent: {}
[12.684608] (ur3_moveit_control) StdoutLine: {'line': b'[ 94%] Built target ur3_motion_interface\n'}
[12.696319] (ur3_moveit_control) StdoutLine: {'line': b'[ 97%] \x1b[32mBuilding CXX object CMakeFiles/ur3_control_node.dir/src/ur3_control_node.cpp.o\x1b[0m\n'}
[12.727413] (-) TimerEvent: {}
[12.827704] (-) TimerEvent: {}
[12.928007] (-) TimerEvent: {}
[13.028312] (-) TimerEvent: {}
[13.128629] (-) TimerEvent: {}
[13.228941] (-) TimerEvent: {}
[13.329258] (-) TimerEvent: {}
[13.429564] (-) TimerEvent: {}
[13.529875] (-) TimerEvent: {}
[13.630188] (-) TimerEvent: {}
[13.730511] (-) TimerEvent: {}
[13.830821] (-) TimerEvent: {}
[13.931131] (-) TimerEvent: {}
[14.031485] (-) TimerEvent: {}
[14.131790] (-) TimerEvent: {}
[14.232123] (-) TimerEvent: {}
[14.332449] (-) TimerEvent: {}
[14.432778] (-) TimerEvent: {}
[14.533086] (-) TimerEvent: {}
[14.633437] (-) TimerEvent: {}
[14.733768] (-) TimerEvent: {}
[14.834145] (-) TimerEvent: {}
[14.934497] (-) TimerEvent: {}
[15.034862] (-) TimerEvent: {}
[15.135225] (-) TimerEvent: {}
[15.235616] (-) TimerEvent: {}
[15.335949] (-) TimerEvent: {}
[15.436317] (-) TimerEvent: {}
[15.536643] (-) TimerEvent: {}
[15.636986] (-) TimerEvent: {}
[15.737298] (-) TimerEvent: {}
[15.837638] (-) TimerEvent: {}
[15.937959] (-) TimerEvent: {}
[16.038295] (-) TimerEvent: {}
[16.138569] (-) TimerEvent: {}
[16.238899] (-) TimerEvent: {}
[16.339219] (-) TimerEvent: {}
[16.439480] (-) TimerEvent: {}
[16.539793] (-) TimerEvent: {}
[16.640101] (-) TimerEvent: {}
[16.740425] (-) TimerEvent: {}
[16.840737] (-) TimerEvent: {}
[16.941052] (-) TimerEvent: {}
[17.041387] (-) TimerEvent: {}
[17.141725] (-) TimerEvent: {}
[17.242067] (-) TimerEvent: {}
[17.342454] (-) TimerEvent: {}
[17.442803] (-) TimerEvent: {}
[17.543129] (-) TimerEvent: {}
[17.643471] (-) TimerEvent: {}
[17.743793] (-) TimerEvent: {}
[17.844086] (-) TimerEvent: {}
[17.944471] (-) TimerEvent: {}
[18.044778] (-) TimerEvent: {}
[18.145078] (-) TimerEvent: {}
[18.245370] (-) TimerEvent: {}
[18.345685] (-) TimerEvent: {}
[18.445984] (-) TimerEvent: {}
[18.546245] (-) TimerEvent: {}
[18.646480] (-) TimerEvent: {}
[18.746758] (-) TimerEvent: {}
[18.847038] (-) TimerEvent: {}
[18.947254] (-) TimerEvent: {}
[19.047480] (-) TimerEvent: {}
[19.147736] (-) TimerEvent: {}
[19.248009] (-) TimerEvent: {}
[19.348322] (-) TimerEvent: {}
[19.448568] (-) TimerEvent: {}
[19.548825] (-) TimerEvent: {}
[19.649180] (-) TimerEvent: {}
[19.713828] (ur3_moveit_control) StdoutLine: {'line': b'[100%] \x1b[32m\x1b[1mLinking CXX executable ur3_control_node\x1b[0m\n'}
[19.749290] (-) TimerEvent: {}
[19.849548] (-) TimerEvent: {}
[19.949781] (-) TimerEvent: {}
[20.050065] (-) TimerEvent: {}
[20.150327] (-) TimerEvent: {}
[20.184140] (ur3_moveit_control) StdoutLine: {'line': b'[100%] Built target ur3_control_node\n'}
[20.191467] (ur3_moveit_control) CommandEnded: {'returncode': 0}
[20.192005] (ur3_moveit_control) JobProgress: {'identifier': 'ur3_moveit_control', 'progress': 'install'}
[20.197670] (ur3_moveit_control) Command: {'cmd': ['/usr/bin/cmake', '--install', '/home/com9/uet_ws/build/ur3_moveit_control'], 'cwd': '/home/com9/uet_ws/build/ur3_moveit_control', 'env': OrderedDict([('LESSOPEN', '| /usr/bin/lesspipe %s'), ('CMAKE_BUILD_PARALLEL_LEVEL', '1'), ('USER', 'com9'), ('XDG_SESSION_TYPE', 'wayland'), ('SHLVL', '1'), ('LD_LIBRARY_PATH', '/opt/ros/humble/opt/rviz_ogre_vendor/lib:/opt/ros/humble/lib/x86_64-linux-gnu:/opt/ros/humble/lib'), ('HOME', '/home/com9'), ('CONDA_SHLVL', '0'), ('CYCLONEDDS_URI', '<CycloneDDS><Domain><General><DontRoute>true</></></></>'), ('OLDPWD', '/home/com9/uet_ws'), ('DESKTOP_SESSION', 'ubuntu'), ('ROS_PYTHON_VERSION', '3'), ('GNOME_SHELL_SESSION_MODE', 'ubuntu'), ('GTK_MODULES', 'gail:atk-bridge'), ('MAKEFLAGS', '-j1'), ('SYSTEMD_EXEC_PID', '17504'), ('IM_CONFIG_CHECK_ENV', '1'), ('DBUS_SESSION_BUS_ADDRESS', 'unix:path=/run/user/1000/bus'), ('COLORTERM', 'truecolor'), ('_CE_M', ''), ('_CONDA_ROOT', '/home/com9/miniconda3'), ('IM_CONFIG_PHASE', '1'), ('WAYLAND_DISPLAY', 'wayland-0'), ('ROS_DISTRO', 'humble'), ('LOGNAME', 'com9'), ('_', '/usr/bin/colcon'), ('ROS_VERSION', '2'), ('XDG_SESSION_CLASS', 'user'), ('USERNAME', 'com9'), ('TERM', 'xterm-256color'), ('GNOME_DESKTOP_SESSION_ID', 'this-is-deprecated'), ('_CE_CONDA', ''), ('ROS_LOCALHOST_ONLY', '0'), ('PATH', '/opt/ros/humble/bin:/home/com9/.local/bin:/home/com9/miniconda3/condabin:/home/com9/.local/bin:/home/com9/.local/bin:/home/com9/.local/bin:/home/com9/.local/bin:/usr/local/sbin:/usr/local/bin:/usr/sbin:/usr/bin:/sbin:/bin:/usr/games:/usr/local/games:/snap/bin:/snap/bin'), ('SESSION_MANAGER', 'local/com9:@/tmp/.ICE-unix/17475,unix/com9:/tmp/.ICE-unix/17475'), ('XDG_MENU_PREFIX', 'gnome-'), ('GNOME_TERMINAL_SCREEN', '/org/gnome/Terminal/screen/082c707b_1b9d_480a_9979_2cd556cf1a94'), ('GNOME_SETUP_DISPLAY', ':1'), ('XDG_RUNTIME_DIR', '/run/user/1000'), ('DISPLAY', ':0'), ('LANG', 'en_US.UTF-8'), ('XDG_CURRENT_DESKTOP', 'ubuntu:GNOME'), ('XMODIFIERS', '@im=ibus'), ('XDG_SESSION_DESKTOP', 'ubuntu'), ('XAUTHORITY', '/run/user/1000/.mutter-Xwaylandauth.W7ZTS3'), ('LS_COLORS', 'rs=0:di=01;34:ln=01;36:mh=00:pi=40;33:so=01;35:do=01;35:bd=40;33;01:cd=40;33;01:or=40;31;01:mi=00:su=37;41:sg=30;43:ca=30;41:tw=30;42:ow=34;42:st=37;44:ex=01;32:*.tar=01;31:*.tgz=01;31:*.arc=01;31:*.arj=01;31:*.taz=01;31:*.lha=01;31:*.lz4=01;31:*.lzh=01;31:*.lzma=01;31:*.tlz=01;31:*.txz=01;31:*.tzo=01;31:*.t7z=01;31:*.zip=01;31:*.z=01;31:*.dz=01;31:*.gz=01;31:*.lrz=01;31:*.lz=01;31:*.lzo=01;31:*.xz=01;31:*.zst=01;31:*.tzst=01;31:*.bz2=01;31:*.bz=01;31:*.tbz=01;31:*.tbz2=01;31:*.tz=01;31:*.deb=01;31:*.rpm=01;31:*.jar=01;31:*.war=01;31:*.ear=01;31:*.sar=01;31:*.rar=01;31:*.alz=01;31:*.ace=01;31:*.zoo=01;31:*.cpio=01;31:*.7z=01;31:*.rz=01;31:*.cab=01;31:*.wim=01;31:*.swm=01;31:*.dwm=01;31:*.esd=01;31:*.jpg=01;35:*.jpeg=01;35:*.mjpg=01;35:*.mjpeg=01;35:*.gif=01;35:*.bmp=01;35:*.pbm=01;35:*.pgm=01;35:*.ppm=01;35:*.tga=01;35:*.xbm=01;35:*.xpm=01;35:*.tif=01;35:*.tiff=01;35:*.png=01;35:*.svg=01;35:*.svgz=01;35:*.mng=01;35:*.pcx=01;35:*.mov=01;35:*.mpg=01;35:*.mpeg=01;35:*.m2v=01;35:*.mkv=01;35:*.webm=01;35:*.webp=01;35:*.ogm=01;35:*.mp4=01;35:*.m4v=01;35:*.mp4v=01;35:*.vob=01;35:*.qt=01;35:*.nuv=01;35:*.wmv=01;35:*.asf=01;35:*.rm=01;35:*.rmvb=01;35:*.flc=01;35:*.avi=01;35:*.fli=01;35:*.flv=01;35:*.gl=01;35:*.dl=01;35:*.xcf=01;35:*.xwd=01;35:*.yuv=01;35:*.cgm=01;35:*.emf=01;35:*.ogv=01;35:*.ogx=01;35:*.aac=00;36:*.au=00;36:*.flac=00;36:*.m4a=00;36:*.mid=00;36:*.midi=00;36:*.mka=00;36:*.mp3=00;36:*.mpc=00;36:*.ogg=00;36:*.ra=00;36:*.wav=00;36:*.oga=00;36:*.opus=00;36:*.spx=00;36:*.xspf=00;36:'), ('GNOME_TERMINAL_SERVICE', ':1.294'), ('SSH_AGENT_LAUNCHER', 'gnome-keyring'), ('SSH_AUTH_SOCK', '/run/user/1000/keyring/ssh'), ('AMENT_PREFIX_PATH', '/opt/ros/humble'), ('CONDA_PYTHON_EXE', '/home/com9/miniconda3/bin/python'), ('SHELL', '/bin/bash'), ('QT_ACCESSIBILITY', '1'), ('GDMSESSION', 'ubuntu'), ('LESSCLOSE', '/usr/bin/lesspipe %s %s'), ('_CONDA_EXE', '/home/com9/miniconda3/bin/conda'), ('QT_IM_MODULE', 'ibus'), ('PWD', '/home/com9/uet_ws/build/ur3_moveit_control'), ('LC_ALL', 'en_US.UTF-8'), ('XDG_CONFIG_DIRS', '/etc/xdg/xdg-ubuntu:/etc/xdg'), ('CONDA_EXE', '/home/com9/miniconda3/bin/conda'), ('XDG_DATA_DIRS', '/usr/share/ubuntu:/usr/local/share/:/usr/share/:/var/lib/snapd/desktop'), ('PYTHONPATH', '/opt/ros/humble/lib/python3.10/site-packages:/opt/ros/humble/local/lib/python3.10/dist-packages'), ('COLCON', '1'), ('VTE_VERSION', '6800'), ('CMAKE_PREFIX_PATH', '/opt/ros/humble')]), 'shell': False}
[20.202897] (ur3_moveit_control) StdoutLine: {'line': b'-- Install configuration: ""\n'}
[20.203060] (ur3_moveit_control) StdoutLine: {'line': b'-- Installing: /home/com9/uet_ws/install/ur3_moveit_control/share/ament_index/resource_index/rosidl_interfaces/ur3_moveit_control\n'}
[20.203172] (ur3_moveit_control) StdoutLine: {'line': b'-- Installing: /home/com9/uet_ws/install/ur3_moveit_control/include/ur3_moveit_control/ur3_moveit_control\n'}
[20.203271] (ur3_moveit_control) StdoutLine: {'line': b'-- Installing: /home/com9/uet_ws/install/ur3_moveit_control/include/ur3_moveit_control/ur3_moveit_control/msg\n'}
[20.203351] (ur3_moveit_control) StdoutLine: {'line': b'-- Installing: /home/com9/uet_ws/install/ur3_moveit_control/include/ur3_moveit_control/ur3_moveit_control/msg/rosidl_generator_c__visibility_control.h\n'}
[20.203431] (ur3_moveit_control) StdoutLine: {'line': b'-- Installing: /home/com9/uet_ws/install/ur3_moveit_control/include/ur3_moveit_control/ur3_moveit_control/action\n'}
[20.203506] (ur3_moveit_control) StdoutLine: {'line': b'-- Installing: /home/com9/uet_ws/install/ur3_moveit_control/include/ur3_moveit_control/ur3_moveit_control/action/ur3_control.h\n'}
[20.203581] (ur3_moveit_control) StdoutLine: {'line': b'-- Installing: /home/com9/uet_ws/install/ur3_moveit_control/include/ur3_moveit_control/ur3_moveit_control/action/detail\n'}
[20.203656] (ur3_moveit_control) StdoutLine: {'line': b'-- Installing: /home/com9/uet_ws/install/ur3_moveit_control/include/ur3_moveit_control/ur3_moveit_control/action/detail/ur3_control__struct.h\n'}
[20.203719] (ur3_moveit_control) StdoutLine: {'line': b'-- Installing: /home/com9/uet_ws/install/ur3_moveit_control/include/ur3_moveit_control/ur3_moveit_control/action/detail/ur3_control__type_support.h\n'}
[20.203803] (ur3_moveit_control) StdoutLine: {'line': b'-- Installing: /home/com9/uet_ws/install/ur3_moveit_control/include/ur3_moveit_control/ur3_moveit_control/action/detail/ur3_control__functions.c\n'}
[20.203897] (ur3_moveit_control) StdoutLine: {'line': b'-- Installing: /home/com9/uet_ws/install/ur3_moveit_control/include/ur3_moveit_control/ur3_moveit_control/action/detail/ur3_control__functions.h\n'}
[20.203972] (ur3_moveit_control) StdoutLine: {'line': b'-- Installing: /home/com9/uet_ws/install/ur3_moveit_control/share/ur3_moveit_control/environment/library_path.sh\n'}
[20.204034] (ur3_moveit_control) StdoutLine: {'line': b'-- Installing: /home/com9/uet_ws/install/ur3_moveit_control/share/ur3_moveit_control/environment/library_path.dsv\n'}
[20.204105] (ur3_moveit_control) StdoutLine: {'line': b'-- Installing: /home/com9/uet_ws/install/ur3_moveit_control/lib/libur3_moveit_control__rosidl_generator_c.so\n'}
[20.204194] (ur3_moveit_control) StdoutLine: {'line': b'-- Set runtime path of "/home/com9/uet_ws/install/ur3_moveit_control/lib/libur3_moveit_control__rosidl_generator_c.so" to ""\n'}
[20.204285] (ur3_moveit_control) StdoutLine: {'line': b'-- Up-to-date: /home/com9/uet_ws/install/ur3_moveit_control/include/ur3_moveit_control/ur3_moveit_control\n'}
[20.204367] (ur3_moveit_control) StdoutLine: {'line': b'-- Up-to-date: /home/com9/uet_ws/install/ur3_moveit_control/include/ur3_moveit_control/ur3_moveit_control/msg\n'}
[20.204462] (ur3_moveit_control) StdoutLine: {'line': b'-- Installing: /home/com9/uet_ws/install/ur3_moveit_control/include/ur3_moveit_control/ur3_moveit_control/msg/rosidl_typesupport_fastrtps_c__visibility_control.h\n'}
[20.204544] (ur3_moveit_control) StdoutLine: {'line': b'-- Up-to-date: /home/com9/uet_ws/install/ur3_moveit_control/include/ur3_moveit_control/ur3_moveit_control/action\n'}
[20.204614] (ur3_moveit_control) StdoutLine: {'line': b'-- Up-to-date: /home/com9/uet_ws/install/ur3_moveit_control/include/ur3_moveit_control/ur3_moveit_control/action/detail\n'}
[20.204679] (ur3_moveit_control) StdoutLine: {'line': b'-- Installing: /home/com9/uet_ws/install/ur3_moveit_control/include/ur3_moveit_control/ur3_moveit_control/action/detail/ur3_control__rosidl_typesupport_fastrtps_c.h\n'}
[20.204749] (ur3_moveit_control) StdoutLine: {'line': b'-- Installing: /home/com9/uet_ws/install/ur3_moveit_control/lib/libur3_moveit_control__rosidl_typesupport_fastrtps_c.so\n'}
[20.204832] (ur3_moveit_control) StdoutLine: {'line': b'-- Set runtime path of "/home/com9/uet_ws/install/ur3_moveit_control/lib/libur3_moveit_control__rosidl_typesupport_fastrtps_c.so" to ""\n'}
[20.204906] (ur3_moveit_control) StdoutLine: {'line': b'-- Up-to-date: /home/com9/uet_ws/install/ur3_moveit_control/include/ur3_moveit_control/ur3_moveit_control\n'}
[20.204978] (ur3_moveit_control) StdoutLine: {'line': b'-- Up-to-date: /home/com9/uet_ws/install/ur3_moveit_control/include/ur3_moveit_control/ur3_moveit_control/msg\n'}
[20.205037] (ur3_moveit_control) StdoutLine: {'line': b'-- Installing: /home/com9/uet_ws/install/ur3_moveit_control/include/ur3_moveit_control/ur3_moveit_control/msg/rosidl_generator_cpp__visibility_control.hpp\n'}
[20.205110] (ur3_moveit_control) StdoutLine: {'line': b'-- Up-to-date: /home/com9/uet_ws/install/ur3_moveit_control/include/ur3_moveit_control/ur3_moveit_control/action\n'}
[20.205170] (ur3_moveit_control) StdoutLine: {'line': b'-- Installing: /home/com9/uet_ws/install/ur3_moveit_control/include/ur3_moveit_control/ur3_moveit_control/action/ur3_control.hpp\n'}
[20.205255] (ur3_moveit_control) StdoutLine: {'line': b'-- Up-to-date: /home/com9/uet_ws/install/ur3_moveit_control/include/ur3_moveit_control/ur3_moveit_control/action/detail\n'}
[20.205339] (ur3_moveit_control) StdoutLine: {'line': b'-- Installing: /home/com9/uet_ws/install/ur3_moveit_control/include/ur3_moveit_control/ur3_moveit_control/action/detail/ur3_control__type_support.hpp\n'}
[20.205412] (ur3_moveit_control) StdoutLine: {'line': b'-- Installing: /home/com9/uet_ws/install/ur3_moveit_control/include/ur3_moveit_control/ur3_moveit_control/action/detail/ur3_control__traits.hpp\n'}
[20.205472] (ur3_moveit_control) StdoutLine: {'line': b'-- Installing: /home/com9/uet_ws/install/ur3_moveit_control/include/ur3_moveit_control/ur3_moveit_control/action/detail/ur3_control__builder.hpp\n'}
[20.205540] (ur3_moveit_control) StdoutLine: {'line': b'-- Installing: /home/com9/uet_ws/install/ur3_moveit_control/include/ur3_moveit_control/ur3_moveit_control/action/detail/ur3_control__struct.hpp\n'}
[20.205614] (ur3_moveit_control) StdoutLine: {'line': b'-- Up-to-date: /home/com9/uet_ws/install/ur3_moveit_control/include/ur3_moveit_control/ur3_moveit_control\n'}
[20.205682] (ur3_moveit_control) StdoutLine: {'line': b'-- Up-to-date: /home/com9/uet_ws/install/ur3_moveit_control/include/ur3_moveit_control/ur3_moveit_control/msg\n'}
[20.205756] (ur3_moveit_control) StdoutLine: {'line': b'-- Installing: /home/com9/uet_ws/install/ur3_moveit_control/include/ur3_moveit_control/ur3_moveit_control/msg/rosidl_typesupport_fastrtps_cpp__visibility_control.h\n'}
[20.205825] (ur3_moveit_control) StdoutLine: {'line': b'-- Up-to-date: /home/com9/uet_ws/install/ur3_moveit_control/include/ur3_moveit_control/ur3_moveit_control/action\n'}
[20.205898] (ur3_moveit_control) StdoutLine: {'line': b'-- Up-to-date: /home/com9/uet_ws/install/ur3_moveit_control/include/ur3_moveit_control/ur3_moveit_control/action/detail\n'}
[20.205973] (ur3_moveit_control) StdoutLine: {'line': b'-- Installing: /home/com9/uet_ws/install/ur3_moveit_control/include/ur3_moveit_control/ur3_moveit_control/action/detail/dds_fastrtps\n'}
[20.206050] (ur3_moveit_control) StdoutLine: {'line': b'-- Installing: /home/com9/uet_ws/install/ur3_moveit_control/include/ur3_moveit_control/ur3_moveit_control/action/detail/ur3_control__rosidl_typesupport_fastrtps_cpp.hpp\n'}
[20.206125] (ur3_moveit_control) StdoutLine: {'line': b'-- Installing: /home/com9/uet_ws/install/ur3_moveit_control/lib/libur3_moveit_control__rosidl_typesupport_fastrtps_cpp.so\n'}
[20.206195] (ur3_moveit_control) StdoutLine: {'line': b'-- Set runtime path of "/home/com9/uet_ws/install/ur3_moveit_control/lib/libur3_moveit_control__rosidl_typesupport_fastrtps_cpp.so" to ""\n'}
[20.206286] (ur3_moveit_control) StdoutLine: {'line': b'-- Up-to-date: /home/com9/uet_ws/install/ur3_moveit_control/include/ur3_moveit_control/ur3_moveit_control\n'}
[20.206359] (ur3_moveit_control) StdoutLine: {'line': b'-- Up-to-date: /home/com9/uet_ws/install/ur3_moveit_control/include/ur3_moveit_control/ur3_moveit_control/msg\n'}
[20.206432] (ur3_moveit_control) StdoutLine: {'line': b'-- Installing: /home/com9/uet_ws/install/ur3_moveit_control/include/ur3_moveit_control/ur3_moveit_control/msg/rosidl_typesupport_introspection_c__visibility_control.h\n'}
[20.206505] (ur3_moveit_control) StdoutLine: {'line': b'-- Up-to-date: /home/com9/uet_ws/install/ur3_moveit_control/include/ur3_moveit_control/ur3_moveit_control/action\n'}
[20.206577] (ur3_moveit_control) StdoutLine: {'line': b'-- Up-to-date: /home/com9/uet_ws/install/ur3_moveit_control/include/ur3_moveit_control/ur3_moveit_control/action/detail\n'}
[20.206636] (ur3_moveit_control) StdoutLine: {'line': b'-- Installing: /home/com9/uet_ws/install/ur3_moveit_control/include/ur3_moveit_control/ur3_moveit_control/action/detail/ur3_control__rosidl_typesupport_introspection_c.h\n'}
[20.206698] (ur3_moveit_control) StdoutLine: {'line': b'-- Installing: /home/com9/uet_ws/install/ur3_moveit_control/include/ur3_moveit_control/ur3_moveit_control/action/detail/ur3_control__type_support.c\n'}
[20.206756] (ur3_moveit_control) StdoutLine: {'line': b'-- Installing: /home/com9/uet_ws/install/ur3_moveit_control/lib/libur3_moveit_control__rosidl_typesupport_introspection_c.so\n'}
[20.206814] (ur3_moveit_control) StdoutLine: {'line': b'-- Set runtime path of "/home/com9/uet_ws/install/ur3_moveit_control/lib/libur3_moveit_control__rosidl_typesupport_introspection_c.so" to ""\n'}
[20.206872] (ur3_moveit_control) StdoutLine: {'line': b'-- Installing: /home/com9/uet_ws/install/ur3_moveit_control/lib/libur3_moveit_control__rosidl_typesupport_c.so\n'}
[20.206930] (ur3_moveit_control) StdoutLine: {'line': b'-- Set runtime path of "/home/com9/uet_ws/install/ur3_moveit_control/lib/libur3_moveit_control__rosidl_typesupport_c.so" to ""\n'}
[20.206988] (ur3_moveit_control) StdoutLine: {'line': b'-- Up-to-date: /home/com9/uet_ws/install/ur3_moveit_control/include/ur3_moveit_control/ur3_moveit_control\n'}
[20.207046] (ur3_moveit_control) StdoutLine: {'line': b'-- Up-to-date: /home/com9/uet_ws/install/ur3_moveit_control/include/ur3_moveit_control/ur3_moveit_control/action\n'}
[20.207104] (ur3_moveit_control) StdoutLine: {'line': b'-- Up-to-date: /home/com9/uet_ws/install/ur3_moveit_control/include/ur3_moveit_control/ur3_moveit_control/action/detail\n'}
[20.207162] (ur3_moveit_control) StdoutLine: {'line': b'-- Installing: /home/com9/uet_ws/install/ur3_moveit_control/include/ur3_moveit_control/ur3_moveit_control/action/detail/ur3_control__rosidl_typesupport_introspection_cpp.hpp\n'}
[20.207277] (ur3_moveit_control) StdoutLine: {'line': b'-- Installing: /home/com9/uet_ws/install/ur3_moveit_control/include/ur3_moveit_control/ur3_moveit_control/action/detail/ur3_control__type_support.cpp\n'}
[20.207355] (ur3_moveit_control) StdoutLine: {'line': b'-- Installing: /home/com9/uet_ws/install/ur3_moveit_control/lib/libur3_moveit_control__rosidl_typesupport_introspection_cpp.so\n'}
[20.207395] (ur3_moveit_control) StdoutLine: {'line': b'-- Set runtime path of "/home/com9/uet_ws/install/ur3_moveit_control/lib/libur3_moveit_control__rosidl_typesupport_introspection_cpp.so" to ""\n'}
[20.207426] (ur3_moveit_control) StdoutLine: {'line': b'-- Installing: /home/com9/uet_ws/install/ur3_moveit_control/lib/libur3_moveit_control__rosidl_typesupport_cpp.so\n'}
[20.207456] (ur3_moveit_control) StdoutLine: {'line': b'-- Set runtime path of "/home/com9/uet_ws/install/ur3_moveit_control/lib/libur3_moveit_control__rosidl_typesupport_cpp.so" to ""\n'}
[20.207484] (ur3_moveit_control) StdoutLine: {'line': b'-- Installing: /home/com9/uet_ws/install/ur3_moveit_control/share/ur3_moveit_control/environment/pythonpath.sh\n'}
[20.207513] (ur3_moveit_control) StdoutLine: {'line': b'-- Installing: /home/com9/uet_ws/install/ur3_moveit_control/share/ur3_moveit_control/environment/pythonpath.dsv\n'}
[20.207541] (ur3_moveit_control) StdoutLine: {'line': b'-- Installing: /home/com9/uet_ws/install/ur3_moveit_control/local/lib/python3.10/dist-packages/ur3_moveit_control-0.0.0-py3.10.egg-info\n'}
[20.207569] (ur3_moveit_control) StdoutLine: {'line': b'-- Installing: /home/com9/uet_ws/install/ur3_moveit_control/local/lib/python3.10/dist-packages/ur3_moveit_control-0.0.0-py3.10.egg-info/dependency_links.txt\n'}
[20.207597] (ur3_moveit_control) StdoutLine: {'line': b'-- Installing: /home/com9/uet_ws/install/ur3_moveit_control/local/lib/python3.10/dist-packages/ur3_moveit_control-0.0.0-py3.10.egg-info/top_level.txt\n'}
[20.207625] (ur3_moveit_control) StdoutLine: {'line': b'-- Installing: /home/com9/uet_ws/install/ur3_moveit_control/local/lib/python3.10/dist-packages/ur3_moveit_control-0.0.0-py3.10.egg-info/SOURCES.txt\n'}
[20.207652] (ur3_moveit_control) StdoutLine: {'line': b'-- Installing: /home/com9/uet_ws/install/ur3_moveit_control/local/lib/python3.10/dist-packages/ur3_moveit_control-0.0.0-py3.10.egg-info/PKG-INFO\n'}
[20.207680] (ur3_moveit_control) StdoutLine: {'line': b'-- Installing: /home/com9/uet_ws/install/ur3_moveit_control/local/lib/python3.10/dist-packages/ur3_moveit_control\n'}
[20.207707] (ur3_moveit_control) StdoutLine: {'line': b'-- Installing: /home/com9/uet_ws/install/ur3_moveit_control/local/lib/python3.10/dist-packages/ur3_moveit_control/_ur3_moveit_control_s.ep.rosidl_typesupport_c.c\n'}
[20.207734] (ur3_moveit_control) StdoutLine: {'line': b'-- Installing: /home/com9/uet_ws/install/ur3_moveit_control/local/lib/python3.10/dist-packages/ur3_moveit_control/ur3_moveit_control_s__rosidl_typesupport_c.cpython-310-x86_64-linux-gnu.so\n'}
[20.207761] (ur3_moveit_control) StdoutLine: {'line': b'-- Installing: /home/com9/uet_ws/install/ur3_moveit_control/local/lib/python3.10/dist-packages/ur3_moveit_control/libur3_moveit_control__rosidl_generator_py.so\n'}
[20.207787] (ur3_moveit_control) StdoutLine: {'line': b'-- Installing: /home/com9/uet_ws/install/ur3_moveit_control/local/lib/python3.10/dist-packages/ur3_moveit_control/__init__.py\n'}
[20.207814] (ur3_moveit_control) StdoutLine: {'line': b'-- Installing: /home/com9/uet_ws/install/ur3_moveit_control/local/lib/python3.10/dist-packages/ur3_moveit_control/_ur3_moveit_control_s.ep.rosidl_typesupport_introspection_c.c\n'}
[20.207843] (ur3_moveit_control) StdoutLine: {'line': b'-- Installing: /home/com9/uet_ws/install/ur3_moveit_control/local/lib/python3.10/dist-packages/ur3_moveit_control/ur3_moveit_control_s__rosidl_typesupport_fastrtps_c.cpython-310-x86_64-linux-gnu.so\n'}
[20.207871] (ur3_moveit_control) StdoutLine: {'line': b'-- Installing: /home/com9/uet_ws/install/ur3_moveit_control/local/lib/python3.10/dist-packages/ur3_moveit_control/ur3_moveit_control_s__rosidl_typesupport_introspection_c.cpython-310-x86_64-linux-gnu.so\n'}
[20.207904] (ur3_moveit_control) StdoutLine: {'line': b'-- Installing: /home/com9/uet_ws/install/ur3_moveit_control/local/lib/python3.10/dist-packages/ur3_moveit_control/_ur3_moveit_control_s.ep.rosidl_typesupport_fastrtps_c.c\n'}
[20.207932] (ur3_moveit_control) StdoutLine: {'line': b'-- Installing: /home/com9/uet_ws/install/ur3_moveit_control/local/lib/python3.10/dist-packages/ur3_moveit_control/action\n'}
[20.207960] (ur3_moveit_control) StdoutLine: {'line': b'-- Installing: /home/com9/uet_ws/install/ur3_moveit_control/local/lib/python3.10/dist-packages/ur3_moveit_control/action/__init__.py\n'}
[20.207988] (ur3_moveit_control) StdoutLine: {'line': b'-- Installing: /home/com9/uet_ws/install/ur3_moveit_control/local/lib/python3.10/dist-packages/ur3_moveit_control/action/_ur3_control_s.c\n'}
[20.208014] (ur3_moveit_control) StdoutLine: {'line': b'-- Installing: /home/com9/uet_ws/install/ur3_moveit_control/local/lib/python3.10/dist-packages/ur3_moveit_control/action/_ur3_control.py\n'}
[20.232502] (ur3_moveit_control) StdoutLine: {'line': b"Listing '/home/com9/uet_ws/install/ur3_moveit_control/local/lib/python3.10/dist-packages/ur3_moveit_control'...\n"}
[20.232656] (ur3_moveit_control) StdoutLine: {'line': b"Compiling '/home/com9/uet_ws/install/ur3_moveit_control/local/lib/python3.10/dist-packages/ur3_moveit_control/__init__.py'...\n"}
[20.232702] (ur3_moveit_control) StdoutLine: {'line': b"Listing '/home/com9/uet_ws/install/ur3_moveit_control/local/lib/python3.10/dist-packages/ur3_moveit_control/action'...\n"}
[20.232744] (ur3_moveit_control) StdoutLine: {'line': b"Compiling '/home/com9/uet_ws/install/ur3_moveit_control/local/lib/python3.10/dist-packages/ur3_moveit_control/action/__init__.py'...\n"}
[20.232778] (ur3_moveit_control) StdoutLine: {'line': b"Compiling '/home/com9/uet_ws/install/ur3_moveit_control/local/lib/python3.10/dist-packages/ur3_moveit_control/action/_ur3_control.py'...\n"}
[20.235867] (ur3_moveit_control) StdoutLine: {'line': b'-- Installing: /home/com9/uet_ws/install/ur3_moveit_control/local/lib/python3.10/dist-packages/ur3_moveit_control/ur3_moveit_control_s__rosidl_typesupport_fastrtps_c.cpython-310-x86_64-linux-gnu.so\n'}
[20.235990] (ur3_moveit_control) StdoutLine: {'line': b'-- Set runtime path of "/home/com9/uet_ws/install/ur3_moveit_control/local/lib/python3.10/dist-packages/ur3_moveit_control/ur3_moveit_control_s__rosidl_typesupport_fastrtps_c.cpython-310-x86_64-linux-gnu.so" to ""\n'}
[20.236082] (ur3_moveit_control) StdoutLine: {'line': b'-- Installing: /home/com9/uet_ws/install/ur3_moveit_control/local/lib/python3.10/dist-packages/ur3_moveit_control/ur3_moveit_control_s__rosidl_typesupport_introspection_c.cpython-310-x86_64-linux-gnu.so\n'}
[20.236220] (ur3_moveit_control) StdoutLine: {'line': b'-- Set runtime path of "/home/com9/uet_ws/install/ur3_moveit_control/local/lib/python3.10/dist-packages/ur3_moveit_control/ur3_moveit_control_s__rosidl_typesupport_introspection_c.cpython-310-x86_64-linux-gnu.so" to ""\n'}
[20.236306] (ur3_moveit_control) StdoutLine: {'line': b'-- Installing: /home/com9/uet_ws/install/ur3_moveit_control/local/lib/python3.10/dist-packages/ur3_moveit_control/ur3_moveit_control_s__rosidl_typesupport_c.cpython-310-x86_64-linux-gnu.so\n'}
[20.236512] (ur3_moveit_control) StdoutLine: {'line': b'-- Set runtime path of "/home/com9/uet_ws/install/ur3_moveit_control/local/lib/python3.10/dist-packages/ur3_moveit_control/ur3_moveit_control_s__rosidl_typesupport_c.cpython-310-x86_64-linux-gnu.so" to ""\n'}
[20.236560] (ur3_moveit_control) StdoutLine: {'line': b'-- Installing: /home/com9/uet_ws/install/ur3_moveit_control/lib/libur3_moveit_control__rosidl_generator_py.so\n'}
[20.236625] (ur3_moveit_control) StdoutLine: {'line': b'-- Set runtime path of "/home/com9/uet_ws/install/ur3_moveit_control/lib/libur3_moveit_control__rosidl_generator_py.so" to ""\n'}
[20.236672] (ur3_moveit_control) StdoutLine: {'line': b'-- Installing: /home/com9/uet_ws/install/ur3_moveit_control/share/ament_index/resource_index/rust_packages/ur3_moveit_control\n'}
[20.236717] (ur3_moveit_control) StdoutLine: {'line': b'-- Installing: /home/com9/uet_ws/install/ur3_moveit_control/share/ur3_moveit_control/rust\n'}
[20.236759] (ur3_moveit_control) StdoutLine: {'line': b'-- Installing: /home/com9/uet_ws/install/ur3_moveit_control/share/ur3_moveit_control/rust/Cargo.toml\n'}
[20.236808] (ur3_moveit_control) StdoutLine: {'line': b'-- Installing: /home/com9/uet_ws/install/ur3_moveit_control/share/ur3_moveit_control/rust/src\n'}
[20.236849] (ur3_moveit_control) StdoutLine: {'line': b'-- Installing: /home/com9/uet_ws/install/ur3_moveit_control/share/ur3_moveit_control/rust/src/lib.rs\n'}
[20.236887] (ur3_moveit_control) StdoutLine: {'line': b'-- Installing: /home/com9/uet_ws/install/ur3_moveit_control/share/ur3_moveit_control/rust/src/action.rs\n'}
[20.236927] (ur3_moveit_control) StdoutLine: {'line': b'-- Installing: /home/com9/uet_ws/install/ur3_moveit_control/share/ur3_moveit_control/rust/src/action\n'}
[20.236966] (ur3_moveit_control) StdoutLine: {'line': b'-- Installing: /home/com9/uet_ws/install/ur3_moveit_control/share/ur3_moveit_control/rust/src/action/rmw.rs\n'}
[20.236998] (ur3_moveit_control) StdoutLine: {'line': b'-- Installing: /home/com9/uet_ws/install/ur3_moveit_control/share/ur3_moveit_control/rust/build.rs\n'}
[20.237038] (ur3_moveit_control) StdoutLine: {'line': b'-- Installing: /home/com9/uet_ws/install/ur3_moveit_control/share/ur3_moveit_control/action/UR3Control.idl\n'}
[20.237078] (ur3_moveit_control) StdoutLine: {'line': b'-- Installing: /home/com9/uet_ws/install/ur3_moveit_control/share/ur3_moveit_control/action/UR3Control.action\n'}
[20.237117] (ur3_moveit_control) StdoutLine: {'line': b'-- Installing: /home/com9/uet_ws/install/ur3_moveit_control/lib/libur3_motion_interface.so\n'}
[20.237512] (ur3_moveit_control) StdoutLine: {'line': b'-- Set runtime path of "/home/com9/uet_ws/install/ur3_moveit_control/lib/libur3_motion_interface.so" to ""\n'}
[20.237567] (ur3_moveit_control) StdoutLine: {'line': b'-- Installing: /home/com9/uet_ws/install/ur3_moveit_control/lib/ur3_moveit_control/ur3_control_node\n'}
[20.239381] (ur3_moveit_control) StdoutLine: {'line': b'-- Set runtime path of "/home/com9/uet_ws/install/ur3_moveit_control/lib/ur3_moveit_control/ur3_control_node" to ""\n'}
[20.239439] (ur3_moveit_control) StdoutLine: {'line': b'-- Up-to-date: /home/com9/uet_ws/install/ur3_moveit_control/include\n'}
[20.239478] (ur3_moveit_control) StdoutLine: {'line': b'-- Up-to-date: /home/com9/uet_ws/install/ur3_moveit_control/include/ur3_moveit_control\n'}
[20.239505] (ur3_moveit_control) StdoutLine: {'line': b'-- Installing: /home/com9/uet_ws/install/ur3_moveit_control/include/ur3_moveit_control/ur3_motion_interface.hpp\n'}
[20.239531] (ur3_moveit_control) StdoutLine: {'line': b'-- Installing: /home/com9/uet_ws/install/ur3_moveit_control/share/ur3_moveit_control/config\n'}
[20.239937] (ur3_moveit_control) StdoutLine: {'line': b'-- Installing: /home/com9/uet_ws/install/ur3_moveit_control/share/ur3_moveit_control/config/moveit_controllers.yaml\n'}
[20.240044] (ur3_moveit_control) StdoutLine: {'line': b'-- Installing: /home/com9/uet_ws/install/ur3_moveit_control/share/ur3_moveit_control/config/planning_scene_monitor.yaml\n'}
[20.240187] (ur3_moveit_control) StdoutLine: {'line': b'-- Installing: /home/com9/uet_ws/install/ur3_moveit_control/share/ur3_moveit_control/config/ur3_susgrip_gazebo_controllers.yaml\n'}
[20.240261] (ur3_moveit_control) StdoutLine: {'line': b'-- Installing: /home/com9/uet_ws/install/ur3_moveit_control/share/ur3_moveit_control/config/planning_pipelines.yaml\n'}
[20.240333] (ur3_moveit_control) StdoutLine: {'line': b'-- Installing: /home/com9/uet_ws/install/ur3_moveit_control/share/ur3_moveit_control/config/ompl_planning.yaml\n'}
[20.240416] (ur3_moveit_control) StdoutLine: {'line': b'-- Installing: /home/com9/uet_ws/install/ur3_moveit_control/share/ur3_moveit_control/config/moveit_custom_config.yaml\n'}
[20.240526] (ur3_moveit_control) StdoutLine: {'line': b'-- Installing: /home/com9/uet_ws/install/ur3_moveit_control/share/ur3_moveit_control/config/joint_limits.yaml\n'}
[20.240580] (ur3_moveit_control) StdoutLine: {'line': b'-- Installing: /home/com9/uet_ws/install/ur3_moveit_control/share/ur3_moveit_control/config/kinematics.yaml\n'}
[20.240631] (ur3_moveit_control) StdoutLine: {'line': b'-- Installing: /home/com9/uet_ws/install/ur3_moveit_control/share/ur3_moveit_control/launch\n'}
[20.240773] (ur3_moveit_control) StdoutLine: {'line': b'-- Installing: /home/com9/uet_ws/install/ur3_moveit_control/share/ur3_moveit_control/launch/ur3_susgrip_sim.launch.py\n'}
[20.240910] (ur3_moveit_control) StdoutLine: {'line': b'-- Installing: /home/com9/uet_ws/install/ur3_moveit_control/share/ur3_moveit_control/launch/ur3_demo_gripper.launch.py\n'}
[20.240987] (ur3_moveit_control) StdoutLine: {'line': b'-- Installing: /home/com9/uet_ws/install/ur3_moveit_control/share/ur3_moveit_control/launch/eye_in_hand_calib.launch.py\n'}
[20.241125] (ur3_moveit_control) StdoutLine: {'line': b'-- Installing: /home/com9/uet_ws/install/ur3_moveit_control/share/ur3_moveit_control/launch/ur3_demo.launch.py\n'}
[20.241205] (ur3_moveit_control) StdoutLine: {'line': b'-- Installing: /home/com9/uet_ws/install/ur3_moveit_control/share/ur3_moveit_control/urdf\n'}
[20.241338] (ur3_moveit_control) StdoutLine: {'line': b'-- Installing: /home/com9/uet_ws/install/ur3_moveit_control/share/ur3_moveit_control/urdf/ur3_with_susgrip_gazebo.urdf.xacro\n'}
[20.241476] (ur3_moveit_control) StdoutLine: {'line': b'-- Installing: /home/com9/uet_ws/install/ur3_moveit_control/share/ur3_moveit_control/urdf/ur3_with_susgrip.urdf.xacro\n'}
[20.241546] (ur3_moveit_control) StdoutLine: {'line': b'-- Installing: /home/com9/uet_ws/install/ur3_moveit_control/share/ur3_moveit_control/srdf\n'}
[20.241667] (ur3_moveit_control) StdoutLine: {'line': b'-- Installing: /home/com9/uet_ws/install/ur3_moveit_control/share/ur3_moveit_control/rviz\n'}
[20.241730] (ur3_moveit_control) StdoutLine: {'line': b'-- Installing: /home/com9/uet_ws/install/ur3_moveit_control/share/ur3_moveit_control/rviz/view_robot.rviz\n'}
[20.241924] (ur3_moveit_control) StdoutLine: {'line': b'-- Installing: /home/com9/uet_ws/install/ur3_moveit_control/share/ament_index/resource_index/package_run_dependencies/ur3_moveit_control\n'}
[20.241982] (ur3_moveit_control) StdoutLine: {'line': b'-- Installing: /home/com9/uet_ws/install/ur3_moveit_control/share/ament_index/resource_index/parent_prefix_path/ur3_moveit_control\n'}
[20.242028] (ur3_moveit_control) StdoutLine: {'line': b'-- Installing: /home/com9/uet_ws/install/ur3_moveit_control/share/ur3_moveit_control/environment/ament_prefix_path.sh\n'}
[20.242072] (ur3_moveit_control) StdoutLine: {'line': b'-- Installing: /home/com9/uet_ws/install/ur3_moveit_control/share/ur3_moveit_control/environment/ament_prefix_path.dsv\n'}
[20.242115] (ur3_moveit_control) StdoutLine: {'line': b'-- Installing: /home/com9/uet_ws/install/ur3_moveit_control/share/ur3_moveit_control/environment/path.sh\n'}
[20.242157] (ur3_moveit_control) StdoutLine: {'line': b'-- Installing: /home/com9/uet_ws/install/ur3_moveit_control/share/ur3_moveit_control/environment/path.dsv\n'}
[20.242203] (ur3_moveit_control) StdoutLine: {'line': b'-- Installing: /home/com9/uet_ws/install/ur3_moveit_control/share/ur3_moveit_control/local_setup.bash\n'}
[20.242250] (ur3_moveit_control) StdoutLine: {'line': b'-- Installing: /home/com9/uet_ws/install/ur3_moveit_control/share/ur3_moveit_control/local_setup.sh\n'}
[20.242295] (ur3_moveit_control) StdoutLine: {'line': b'-- Installing: /home/com9/uet_ws/install/ur3_moveit_control/share/ur3_moveit_control/local_setup.zsh\n'}
[20.242343] (ur3_moveit_control) StdoutLine: {'line': b'-- Installing: /home/com9/uet_ws/install/ur3_moveit_control/share/ur3_moveit_control/local_setup.dsv\n'}
[20.242392] (ur3_moveit_control) StdoutLine: {'line': b'-- Installing: /home/com9/uet_ws/install/ur3_moveit_control/share/ur3_moveit_control/package.dsv\n'}
[20.242435] (ur3_moveit_control) StdoutLine: {'line': b'-- Installing: /home/com9/uet_ws/install/ur3_moveit_control/share/ament_index/resource_index/packages/ur3_moveit_control\n'}
[20.242490] (ur3_moveit_control) StdoutLine: {'line': b'-- Installing: /home/com9/uet_ws/install/ur3_moveit_control/share/ur3_moveit_control/cmake/export_ur3_moveit_control__rosidl_generator_cExport.cmake\n'}
[20.242542] (ur3_moveit_control) StdoutLine: {'line': b'-- Installing: /home/com9/uet_ws/install/ur3_moveit_control/share/ur3_moveit_control/cmake/export_ur3_moveit_control__rosidl_generator_cExport-noconfig.cmake\n'}
[20.242596] (ur3_moveit_control) StdoutLine: {'line': b'-- Installing: /home/com9/uet_ws/install/ur3_moveit_control/share/ur3_moveit_control/cmake/export_ur3_moveit_control__rosidl_typesupport_fastrtps_cExport.cmake\n'}
[20.242644] (ur3_moveit_control) StdoutLine: {'line': b'-- Installing: /home/com9/uet_ws/install/ur3_moveit_control/share/ur3_moveit_control/cmake/export_ur3_moveit_control__rosidl_typesupport_fastrtps_cExport-noconfig.cmake\n'}
[20.242693] (ur3_moveit_control) StdoutLine: {'line': b'-- Installing: /home/com9/uet_ws/install/ur3_moveit_control/share/ur3_moveit_control/cmake/export_ur3_moveit_control__rosidl_generator_cppExport.cmake\n'}
[20.242743] (ur3_moveit_control) StdoutLine: {'line': b'-- Installing: /home/com9/uet_ws/install/ur3_moveit_control/share/ur3_moveit_control/cmake/export_ur3_moveit_control__rosidl_typesupport_fastrtps_cppExport.cmake\n'}
[20.242790] (ur3_moveit_control) StdoutLine: {'line': b'-- Installing: /home/com9/uet_ws/install/ur3_moveit_control/share/ur3_moveit_control/cmake/export_ur3_moveit_control__rosidl_typesupport_fastrtps_cppExport-noconfig.cmake\n'}
[20.242839] (ur3_moveit_control) StdoutLine: {'line': b'-- Installing: /home/com9/uet_ws/install/ur3_moveit_control/share/ur3_moveit_control/cmake/ur3_moveit_control__rosidl_typesupport_introspection_cExport.cmake\n'}
[20.242885] (ur3_moveit_control) StdoutLine: {'line': b'-- Installing: /home/com9/uet_ws/install/ur3_moveit_control/share/ur3_moveit_control/cmake/ur3_moveit_control__rosidl_typesupport_introspection_cExport-noconfig.cmake\n'}
[20.242936] (ur3_moveit_control) StdoutLine: {'line': b'-- Installing: /home/com9/uet_ws/install/ur3_moveit_control/share/ur3_moveit_control/cmake/ur3_moveit_control__rosidl_typesupport_cExport.cmake\n'}
[20.242981] (ur3_moveit_control) StdoutLine: {'line': b'-- Installing: /home/com9/uet_ws/install/ur3_moveit_control/share/ur3_moveit_control/cmake/ur3_moveit_control__rosidl_typesupport_cExport-noconfig.cmake\n'}
[20.243030] (ur3_moveit_control) StdoutLine: {'line': b'-- Installing: /home/com9/uet_ws/install/ur3_moveit_control/share/ur3_moveit_control/cmake/ur3_moveit_control__rosidl_typesupport_introspection_cppExport.cmake\n'}
[20.243077] (ur3_moveit_control) StdoutLine: {'line': b'-- Installing: /home/com9/uet_ws/install/ur3_moveit_control/share/ur3_moveit_control/cmake/ur3_moveit_control__rosidl_typesupport_introspection_cppExport-noconfig.cmake\n'}
[20.243126] (ur3_moveit_control) StdoutLine: {'line': b'-- Installing: /home/com9/uet_ws/install/ur3_moveit_control/share/ur3_moveit_control/cmake/ur3_moveit_control__rosidl_typesupport_cppExport.cmake\n'}
[20.243171] (ur3_moveit_control) StdoutLine: {'line': b'-- Installing: /home/com9/uet_ws/install/ur3_moveit_control/share/ur3_moveit_control/cmake/ur3_moveit_control__rosidl_typesupport_cppExport-noconfig.cmake\n'}
[20.243227] (ur3_moveit_control) StdoutLine: {'line': b'-- Installing: /home/com9/uet_ws/install/ur3_moveit_control/share/ur3_moveit_control/cmake/export_ur3_moveit_control__rosidl_generator_pyExport.cmake\n'}
[20.243275] (ur3_moveit_control) StdoutLine: {'line': b'-- Installing: /home/com9/uet_ws/install/ur3_moveit_control/share/ur3_moveit_control/cmake/export_ur3_moveit_control__rosidl_generator_pyExport-noconfig.cmake\n'}
[20.243327] (ur3_moveit_control) StdoutLine: {'line': b'-- Installing: /home/com9/uet_ws/install/ur3_moveit_control/share/ur3_moveit_control/cmake/rosidl_cmake-extras.cmake\n'}
[20.243377] (ur3_moveit_control) StdoutLine: {'line': b'-- Installing: /home/com9/uet_ws/install/ur3_moveit_control/share/ur3_moveit_control/cmake/ament_cmake_export_dependencies-extras.cmake\n'}
[20.243425] (ur3_moveit_control) StdoutLine: {'line': b'-- Installing: /home/com9/uet_ws/install/ur3_moveit_control/share/ur3_moveit_control/cmake/ament_cmake_export_include_directories-extras.cmake\n'}
[20.243467] (ur3_moveit_control) StdoutLine: {'line': b'-- Installing: /home/com9/uet_ws/install/ur3_moveit_control/share/ur3_moveit_control/cmake/ament_cmake_export_libraries-extras.cmake\n'}
[20.243514] (ur3_moveit_control) StdoutLine: {'line': b'-- Installing: /home/com9/uet_ws/install/ur3_moveit_control/share/ur3_moveit_control/cmake/ament_cmake_export_targets-extras.cmake\n'}
[20.243557] (ur3_moveit_control) StdoutLine: {'line': b'-- Installing: /home/com9/uet_ws/install/ur3_moveit_control/share/ur3_moveit_control/cmake/rosidl_cmake_export_typesupport_targets-extras.cmake\n'}
[20.243603] (ur3_moveit_control) StdoutLine: {'line': b'-- Installing: /home/com9/uet_ws/install/ur3_moveit_control/share/ur3_moveit_control/cmake/rosidl_cmake_export_typesupport_libraries-extras.cmake\n'}
[20.243650] (ur3_moveit_control) StdoutLine: {'line': b'-- Installing: /home/com9/uet_ws/install/ur3_moveit_control/share/ur3_moveit_control/cmake/ur3_moveit_controlConfig.cmake\n'}
[20.243695] (ur3_moveit_control) StdoutLine: {'line': b'-- Installing: /home/com9/uet_ws/install/ur3_moveit_control/share/ur3_moveit_control/cmake/ur3_moveit_controlConfig-version.cmake\n'}
[20.243739] (ur3_moveit_control) StdoutLine: {'line': b'-- Installing: /home/com9/uet_ws/install/ur3_moveit_control/share/ur3_moveit_control/package.xml\n'}
[20.245390] (ur3_moveit_control) CommandEnded: {'returncode': 0}
[20.250514] (-) TimerEvent: {}
[20.257559] (ur3_moveit_control) JobEnded: {'identifier': 'ur3_moveit_control', 'rc': 0}
[20.257821] (ur_dashboard_msgs) JobStarted: {'identifier': 'ur_dashboard_msgs'}
[20.260456] (ur_dashboard_msgs) JobProgress: {'identifier': 'ur_dashboard_msgs', 'progress': 'cmake'}
[20.260716] (ur_dashboard_msgs) Command: {'cmd': ['/usr/bin/cmake', '/home/com9/uet_ws/src/Universal_Robots_ROS2_Driver/ur_dashboard_msgs', '-DCMAKE_INSTALL_PREFIX=/home/com9/uet_ws/install/ur_dashboard_msgs'], 'cwd': '/home/com9/uet_ws/build/ur_dashboard_msgs', 'env': OrderedDict([('LESSOPEN', '| /usr/bin/lesspipe %s'), ('CMAKE_BUILD_PARALLEL_LEVEL', '1'), ('USER', 'com9'), ('XDG_SESSION_TYPE', 'wayland'), ('SHLVL', '1'), ('LD_LIBRARY_PATH', '/opt/ros/humble/opt/rviz_ogre_vendor/lib:/opt/ros/humble/lib/x86_64-linux-gnu:/opt/ros/humble/lib'), ('HOME', '/home/com9'), ('CONDA_SHLVL', '0'), ('CYCLONEDDS_URI', '<CycloneDDS><Domain><General><DontRoute>true</></></></>'), ('OLDPWD', '/home/com9/uet_ws'), ('DESKTOP_SESSION', 'ubuntu'), ('ROS_PYTHON_VERSION', '3'), ('GNOME_SHELL_SESSION_MODE', 'ubuntu'), ('GTK_MODULES', 'gail:atk-bridge'), ('MAKEFLAGS', '-j1'), ('SYSTEMD_EXEC_PID', '17504'), ('IM_CONFIG_CHECK_ENV', '1'), ('DBUS_SESSION_BUS_ADDRESS', 'unix:path=/run/user/1000/bus'), ('COLORTERM', 'truecolor'), ('_CE_M', ''), ('_CONDA_ROOT', '/home/com9/miniconda3'), ('IM_CONFIG_PHASE', '1'), ('WAYLAND_DISPLAY', 'wayland-0'), ('ROS_DISTRO', 'humble'), ('LOGNAME', 'com9'), ('_', '/usr/bin/colcon'), ('ROS_VERSION', '2'), ('XDG_SESSION_CLASS', 'user'), ('USERNAME', 'com9'), ('TERM', 'xterm-256color'), ('GNOME_DESKTOP_SESSION_ID', 'this-is-deprecated'), ('_CE_CONDA', ''), ('ROS_LOCALHOST_ONLY', '0'), ('PATH', '/opt/ros/humble/bin:/home/com9/.local/bin:/home/com9/miniconda3/condabin:/home/com9/.local/bin:/home/com9/.local/bin:/home/com9/.local/bin:/home/com9/.local/bin:/usr/local/sbin:/usr/local/bin:/usr/sbin:/usr/bin:/sbin:/bin:/usr/games:/usr/local/games:/snap/bin:/snap/bin'), ('SESSION_MANAGER', 'local/com9:@/tmp/.ICE-unix/17475,unix/com9:/tmp/.ICE-unix/17475'), ('XDG_MENU_PREFIX', 'gnome-'), ('GNOME_TERMINAL_SCREEN', '/org/gnome/Terminal/screen/082c707b_1b9d_480a_9979_2cd556cf1a94'), ('GNOME_SETUP_DISPLAY', ':1'), ('XDG_RUNTIME_DIR', '/run/user/1000'), ('DISPLAY', ':0'), ('LANG', 'en_US.UTF-8'), ('XDG_CURRENT_DESKTOP', 'ubuntu:GNOME'), ('XMODIFIERS', '@im=ibus'), ('XDG_SESSION_DESKTOP', 'ubuntu'), ('XAUTHORITY', '/run/user/1000/.mutter-Xwaylandauth.W7ZTS3'), ('LS_COLORS', 'rs=0:di=01;34:ln=01;36:mh=00:pi=40;33:so=01;35:do=01;35:bd=40;33;01:cd=40;33;01:or=40;31;01:mi=00:su=37;41:sg=30;43:ca=30;41:tw=30;42:ow=34;42:st=37;44:ex=01;32:*.tar=01;31:*.tgz=01;31:*.arc=01;31:*.arj=01;31:*.taz=01;31:*.lha=01;31:*.lz4=01;31:*.lzh=01;31:*.lzma=01;31:*.tlz=01;31:*.txz=01;31:*.tzo=01;31:*.t7z=01;31:*.zip=01;31:*.z=01;31:*.dz=01;31:*.gz=01;31:*.lrz=01;31:*.lz=01;31:*.lzo=01;31:*.xz=01;31:*.zst=01;31:*.tzst=01;31:*.bz2=01;31:*.bz=01;31:*.tbz=01;31:*.tbz2=01;31:*.tz=01;31:*.deb=01;31:*.rpm=01;31:*.jar=01;31:*.war=01;31:*.ear=01;31:*.sar=01;31:*.rar=01;31:*.alz=01;31:*.ace=01;31:*.zoo=01;31:*.cpio=01;31:*.7z=01;31:*.rz=01;31:*.cab=01;31:*.wim=01;31:*.swm=01;31:*.dwm=01;31:*.esd=01;31:*.jpg=01;35:*.jpeg=01;35:*.mjpg=01;35:*.mjpeg=01;35:*.gif=01;35:*.bmp=01;35:*.pbm=01;35:*.pgm=01;35:*.ppm=01;35:*.tga=01;35:*.xbm=01;35:*.xpm=01;35:*.tif=01;35:*.tiff=01;35:*.png=01;35:*.svg=01;35:*.svgz=01;35:*.mng=01;35:*.pcx=01;35:*.mov=01;35:*.mpg=01;35:*.mpeg=01;35:*.m2v=01;35:*.mkv=01;35:*.webm=01;35:*.webp=01;35:*.ogm=01;35:*.mp4=01;35:*.m4v=01;35:*.mp4v=01;35:*.vob=01;35:*.qt=01;35:*.nuv=01;35:*.wmv=01;35:*.asf=01;35:*.rm=01;35:*.rmvb=01;35:*.flc=01;35:*.avi=01;35:*.fli=01;35:*.flv=01;35:*.gl=01;35:*.dl=01;35:*.xcf=01;35:*.xwd=01;35:*.yuv=01;35:*.cgm=01;35:*.emf=01;35:*.ogv=01;35:*.ogx=01;35:*.aac=00;36:*.au=00;36:*.flac=00;36:*.m4a=00;36:*.mid=00;36:*.midi=00;36:*.mka=00;36:*.mp3=00;36:*.mpc=00;36:*.ogg=00;36:*.ra=00;36:*.wav=00;36:*.oga=00;36:*.opus=00;36:*.spx=00;36:*.xspf=00;36:'), ('GNOME_TERMINAL_SERVICE', ':1.294'), ('SSH_AGENT_LAUNCHER', 'gnome-keyring'), ('SSH_AUTH_SOCK', '/run/user/1000/keyring/ssh'), ('AMENT_PREFIX_PATH', '/opt/ros/humble'), ('CONDA_PYTHON_EXE', '/home/com9/miniconda3/bin/python'), ('SHELL', '/bin/bash'), ('QT_ACCESSIBILITY', '1'), ('GDMSESSION', 'ubuntu'), ('LESSCLOSE', '/usr/bin/lesspipe %s %s'), ('_CONDA_EXE', '/home/com9/miniconda3/bin/conda'), ('QT_IM_MODULE', 'ibus'), ('PWD', '/home/com9/uet_ws/build/ur_dashboard_msgs'), ('LC_ALL', 'en_US.UTF-8'), ('XDG_CONFIG_DIRS', '/etc/xdg/xdg-ubuntu:/etc/xdg'), ('CONDA_EXE', '/home/com9/miniconda3/bin/conda'), ('XDG_DATA_DIRS', '/usr/share/ubuntu:/usr/local/share/:/usr/share/:/var/lib/snapd/desktop'), ('PYTHONPATH', '/opt/ros/humble/lib/python3.10/site-packages:/opt/ros/humble/local/lib/python3.10/dist-packages'), ('COLCON', '1'), ('VTE_VERSION', '6800'), ('CMAKE_PREFIX_PATH', '/opt/ros/humble')]), 'shell': False}
[20.297169] (ur_dashboard_msgs) StdoutLine: {'line': b'-- The C compiler identification is GNU 11.4.0\n'}
[20.334508] (ur_dashboard_msgs) StdoutLine: {'line': b'-- The CXX compiler identification is GNU 11.4.0\n'}
[20.339033] (ur_dashboard_msgs) StdoutLine: {'line': b'-- Detecting C compiler ABI info\n'}
[20.350630] (-) TimerEvent: {}
[20.387590] (ur_dashboard_msgs) StdoutLine: {'line': b'-- Detecting C compiler ABI info - done\n'}
[20.392053] (ur_dashboard_msgs) StdoutLine: {'line': b'-- Check for working C compiler: /usr/bin/cc - skipped\n'}
[20.392166] (ur_dashboard_msgs) StdoutLine: {'line': b'-- Detecting C compile features\n'}
[20.392425] (ur_dashboard_msgs) StdoutLine: {'line': b'-- Detecting C compile features - done\n'}
[20.394512] (ur_dashboard_msgs) StdoutLine: {'line': b'-- Detecting CXX compiler ABI info\n'}
[20.444761] (ur_dashboard_msgs) StdoutLine: {'line': b'-- Detecting CXX compiler ABI info - done\n'}
[20.449385] (ur_dashboard_msgs) StdoutLine: {'line': b'-- Check for working CXX compiler: /usr/bin/c++ - skipped\n'}
[20.449516] (ur_dashboard_msgs) StdoutLine: {'line': b'-- Detecting CXX compile features\n'}
[20.449735] (ur_dashboard_msgs) StdoutLine: {'line': b'-- Detecting CXX compile features - done\n'}
[20.450720] (-) TimerEvent: {}
[20.451044] (ur_dashboard_msgs) StdoutLine: {'line': b'-- Found ament_cmake: 1.3.14 (/opt/ros/humble/share/ament_cmake/cmake)\n'}
[20.544874] (ur_dashboard_msgs) StdoutLine: {'line': b'-- Found Python3: /usr/bin/python3 (found version "3.10.12") found components: Interpreter \n'}
[20.550833] (-) TimerEvent: {}
[20.598112] (ur_dashboard_msgs) StdoutLine: {'line': b'-- Found rosidl_default_generators: 1.2.1 (/opt/ros/humble/share/rosidl_default_generators/cmake)\n'}
[20.599984] (ur_dashboard_msgs) StdoutLine: {'line': b'-- Using all available rosidl_typesupport_c: rosidl_typesupport_fastrtps_c;rosidl_typesupport_introspection_c\n'}
[20.603535] (ur_dashboard_msgs) StdoutLine: {'line': b'-- Found rosidl_adapter: 3.1.8 (/opt/ros/humble/share/rosidl_adapter/cmake)\n'}
[20.627403] (ur_dashboard_msgs) StdoutLine: {'line': b'-- Using all available rosidl_typesupport_cpp: rosidl_typesupport_fastrtps_cpp;rosidl_typesupport_introspection_cpp\n'}
[20.649153] (ur_dashboard_msgs) StdoutLine: {'line': b'-- Found action_msgs: 1.2.2 (/opt/ros/humble/share/action_msgs/cmake)\n'}
[20.650937] (-) TimerEvent: {}
[20.751159] (-) TimerEvent: {}
[20.851423] (-) TimerEvent: {}
[20.951640] (-) TimerEvent: {}
[20.961305] (ur_dashboard_msgs) StdoutLine: {'line': b'-- Found ament_cmake_ros: 0.10.0 (/opt/ros/humble/share/ament_cmake_ros/cmake)\n'}
[21.051748] (-) TimerEvent: {}
[21.081816] (ur_dashboard_msgs) StdoutLine: {'line': b'-- Using all available rosidl_typesupport_c: rosidl_typesupport_fastrtps_c;rosidl_typesupport_introspection_c\n'}
[21.151919] (-) TimerEvent: {}
[21.234517] (ur_dashboard_msgs) StdoutLine: {'line': b'-- Using all available rosidl_typesupport_cpp: rosidl_typesupport_fastrtps_cpp;rosidl_typesupport_introspection_cpp\n'}
[21.248901] (ur_dashboard_msgs) StdoutLine: {'line': b'-- Found PythonInterp: /usr/bin/python3 (found suitable version "3.10.12", minimum required is "3.6") \n'}
[21.249862] (ur_dashboard_msgs) StdoutLine: {'line': b'-- Found python_cmake_module: 0.10.0 (/opt/ros/humble/share/python_cmake_module/cmake)\n'}
[21.252070] (-) TimerEvent: {}
[21.265522] (ur_dashboard_msgs) StdoutLine: {'line': b'-- Found PythonLibs: /usr/lib/x86_64-linux-gnu/libpython3.10.so (found suitable version "3.10.12", minimum required is "3.5") \n'}
[21.265666] (ur_dashboard_msgs) StdoutLine: {'line': b'-- Using PYTHON_EXECUTABLE: /usr/bin/python3\n'}
[21.265707] (ur_dashboard_msgs) StdoutLine: {'line': b'-- Using PYTHON_INCLUDE_DIRS: /usr/include/python3.10\n'}
[21.265740] (ur_dashboard_msgs) StdoutLine: {'line': b'-- Using PYTHON_LIBRARIES: /usr/lib/x86_64-linux-gnu/libpython3.10.so\n'}
[21.278579] (ur_dashboard_msgs) StdoutLine: {'line': b'-- Found PythonExtra: .so  \n'}
[21.347131] (ur_dashboard_msgs) StdoutLine: {'line': b'-- Configuring done\n'}
[21.352185] (-) TimerEvent: {}
[21.392900] (ur_dashboard_msgs) StdoutLine: {'line': b'-- Generating done\n'}
[21.402322] (ur_dashboard_msgs) StdoutLine: {'line': b'-- Build files have been written to: /home/com9/uet_ws/build/ur_dashboard_msgs\n'}
[21.407494] (ur_dashboard_msgs) CommandEnded: {'returncode': 0}
[21.407846] (ur_dashboard_msgs) JobProgress: {'identifier': 'ur_dashboard_msgs', 'progress': 'build'}
[21.408029] (ur_dashboard_msgs) Command: {'cmd': ['/usr/bin/cmake', '--build', '/home/com9/uet_ws/build/ur_dashboard_msgs'], 'cwd': '/home/com9/uet_ws/build/ur_dashboard_msgs', 'env': OrderedDict([('LESSOPEN', '| /usr/bin/lesspipe %s'), ('CMAKE_BUILD_PARALLEL_LEVEL', '1'), ('USER', 'com9'), ('XDG_SESSION_TYPE', 'wayland'), ('SHLVL', '1'), ('LD_LIBRARY_PATH', '/opt/ros/humble/opt/rviz_ogre_vendor/lib:/opt/ros/humble/lib/x86_64-linux-gnu:/opt/ros/humble/lib'), ('HOME', '/home/com9'), ('CONDA_SHLVL', '0'), ('CYCLONEDDS_URI', '<CycloneDDS><Domain><General><DontRoute>true</></></></>'), ('OLDPWD', '/home/com9/uet_ws'), ('DESKTOP_SESSION', 'ubuntu'), ('ROS_PYTHON_VERSION', '3'), ('GNOME_SHELL_SESSION_MODE', 'ubuntu'), ('GTK_MODULES', 'gail:atk-bridge'), ('MAKEFLAGS', '-j1'), ('SYSTEMD_EXEC_PID', '17504'), ('IM_CONFIG_CHECK_ENV', '1'), ('DBUS_SESSION_BUS_ADDRESS', 'unix:path=/run/user/1000/bus'), ('COLORTERM', 'truecolor'), ('_CE_M', ''), ('_CONDA_ROOT', '/home/com9/miniconda3'), ('IM_CONFIG_PHASE', '1'), ('WAYLAND_DISPLAY', 'wayland-0'), ('ROS_DISTRO', 'humble'), ('LOGNAME', 'com9'), ('_', '/usr/bin/colcon'), ('ROS_VERSION', '2'), ('XDG_SESSION_CLASS', 'user'), ('USERNAME', 'com9'), ('TERM', 'xterm-256color'), ('GNOME_DESKTOP_SESSION_ID', 'this-is-deprecated'), ('_CE_CONDA', ''), ('ROS_LOCALHOST_ONLY', '0'), ('PATH', '/opt/ros/humble/bin:/home/com9/.local/bin:/home/com9/miniconda3/condabin:/home/com9/.local/bin:/home/com9/.local/bin:/home/com9/.local/bin:/home/com9/.local/bin:/usr/local/sbin:/usr/local/bin:/usr/sbin:/usr/bin:/sbin:/bin:/usr/games:/usr/local/games:/snap/bin:/snap/bin'), ('SESSION_MANAGER', 'local/com9:@/tmp/.ICE-unix/17475,unix/com9:/tmp/.ICE-unix/17475'), ('XDG_MENU_PREFIX', 'gnome-'), ('GNOME_TERMINAL_SCREEN', '/org/gnome/Terminal/screen/082c707b_1b9d_480a_9979_2cd556cf1a94'), ('GNOME_SETUP_DISPLAY', ':1'), ('XDG_RUNTIME_DIR', '/run/user/1000'), ('DISPLAY', ':0'), ('LANG', 'en_US.UTF-8'), ('XDG_CURRENT_DESKTOP', 'ubuntu:GNOME'), ('XMODIFIERS', '@im=ibus'), ('XDG_SESSION_DESKTOP', 'ubuntu'), ('XAUTHORITY', '/run/user/1000/.mutter-Xwaylandauth.W7ZTS3'), ('LS_COLORS', 'rs=0:di=01;34:ln=01;36:mh=00:pi=40;33:so=01;35:do=01;35:bd=40;33;01:cd=40;33;01:or=40;31;01:mi=00:su=37;41:sg=30;43:ca=30;41:tw=30;42:ow=34;42:st=37;44:ex=01;32:*.tar=01;31:*.tgz=01;31:*.arc=01;31:*.arj=01;31:*.taz=01;31:*.lha=01;31:*.lz4=01;31:*.lzh=01;31:*.lzma=01;31:*.tlz=01;31:*.txz=01;31:*.tzo=01;31:*.t7z=01;31:*.zip=01;31:*.z=01;31:*.dz=01;31:*.gz=01;31:*.lrz=01;31:*.lz=01;31:*.lzo=01;31:*.xz=01;31:*.zst=01;31:*.tzst=01;31:*.bz2=01;31:*.bz=01;31:*.tbz=01;31:*.tbz2=01;31:*.tz=01;31:*.deb=01;31:*.rpm=01;31:*.jar=01;31:*.war=01;31:*.ear=01;31:*.sar=01;31:*.rar=01;31:*.alz=01;31:*.ace=01;31:*.zoo=01;31:*.cpio=01;31:*.7z=01;31:*.rz=01;31:*.cab=01;31:*.wim=01;31:*.swm=01;31:*.dwm=01;31:*.esd=01;31:*.jpg=01;35:*.jpeg=01;35:*.mjpg=01;35:*.mjpeg=01;35:*.gif=01;35:*.bmp=01;35:*.pbm=01;35:*.pgm=01;35:*.ppm=01;35:*.tga=01;35:*.xbm=01;35:*.xpm=01;35:*.tif=01;35:*.tiff=01;35:*.png=01;35:*.svg=01;35:*.svgz=01;35:*.mng=01;35:*.pcx=01;35:*.mov=01;35:*.mpg=01;35:*.mpeg=01;35:*.m2v=01;35:*.mkv=01;35:*.webm=01;35:*.webp=01;35:*.ogm=01;35:*.mp4=01;35:*.m4v=01;35:*.mp4v=01;35:*.vob=01;35:*.qt=01;35:*.nuv=01;35:*.wmv=01;35:*.asf=01;35:*.rm=01;35:*.rmvb=01;35:*.flc=01;35:*.avi=01;35:*.fli=01;35:*.flv=01;35:*.gl=01;35:*.dl=01;35:*.xcf=01;35:*.xwd=01;35:*.yuv=01;35:*.cgm=01;35:*.emf=01;35:*.ogv=01;35:*.ogx=01;35:*.aac=00;36:*.au=00;36:*.flac=00;36:*.m4a=00;36:*.mid=00;36:*.midi=00;36:*.mka=00;36:*.mp3=00;36:*.mpc=00;36:*.ogg=00;36:*.ra=00;36:*.wav=00;36:*.oga=00;36:*.opus=00;36:*.spx=00;36:*.xspf=00;36:'), ('GNOME_TERMINAL_SERVICE', ':1.294'), ('SSH_AGENT_LAUNCHER', 'gnome-keyring'), ('SSH_AUTH_SOCK', '/run/user/1000/keyring/ssh'), ('AMENT_PREFIX_PATH', '/opt/ros/humble'), ('CONDA_PYTHON_EXE', '/home/com9/miniconda3/bin/python'), ('SHELL', '/bin/bash'), ('QT_ACCESSIBILITY', '1'), ('GDMSESSION', 'ubuntu'), ('LESSCLOSE', '/usr/bin/lesspipe %s %s'), ('_CONDA_EXE', '/home/com9/miniconda3/bin/conda'), ('QT_IM_MODULE', 'ibus'), ('PWD', '/home/com9/uet_ws/build/ur_dashboard_msgs'), ('LC_ALL', 'en_US.UTF-8'), ('XDG_CONFIG_DIRS', '/etc/xdg/xdg-ubuntu:/etc/xdg'), ('CONDA_EXE', '/home/com9/miniconda3/bin/conda'), ('XDG_DATA_DIRS', '/usr/share/ubuntu:/usr/local/share/:/usr/share/:/var/lib/snapd/desktop'), ('PYTHONPATH', '/opt/ros/humble/lib/python3.10/site-packages:/opt/ros/humble/local/lib/python3.10/dist-packages'), ('COLCON', '1'), ('VTE_VERSION', '6800'), ('CMAKE_PREFIX_PATH', '/opt/ros/humble')]), 'shell': False}
[21.449946] (ur_dashboard_msgs) StdoutLine: {'line': b'[  1%] \x1b[34m\x1b[1mGenerating Rust code for ROS interfaces\x1b[0m\n'}
[21.452256] (-) TimerEvent: {}
[21.552450] (-) TimerEvent: {}
[21.652710] (-) TimerEvent: {}
[21.752961] (-) TimerEvent: {}
[21.853209] (-) TimerEvent: {}
[21.953460] (-) TimerEvent: {}
[22.053773] (-) TimerEvent: {}
[22.074280] (ur_dashboard_msgs) StdoutLine: {'line': b'[  1%] Built target ur_dashboard_msgs__rs\n'}
[22.083876] (ur_dashboard_msgs) StdoutLine: {'line': b'[  2%] \x1b[34m\x1b[1mGenerating C code for ROS interfaces\x1b[0m\n'}
[22.153947] (-) TimerEvent: {}
[22.254254] (-) TimerEvent: {}
[22.354535] (-) TimerEvent: {}
[22.454802] (-) TimerEvent: {}
[22.555052] (-) TimerEvent: {}
[22.655340] (-) TimerEvent: {}
[22.755607] (-) TimerEvent: {}
[22.855869] (-) TimerEvent: {}
[22.956117] (-) TimerEvent: {}
[23.056377] (-) TimerEvent: {}
[23.156613] (-) TimerEvent: {}
[23.256866] (-) TimerEvent: {}
[23.357097] (-) TimerEvent: {}
[23.451129] (ur_dashboard_msgs) StdoutLine: {'line': b'[  2%] \x1b[32mBuilding C object CMakeFiles/ur_dashboard_msgs__rosidl_generator_c.dir/rosidl_generator_c/ur_dashboard_msgs/msg/detail/program_information__functions.c.o\x1b[0m\n'}
[23.457215] (-) TimerEvent: {}
[23.478997] (ur_dashboard_msgs) StdoutLine: {'line': b'[  2%] \x1b[32mBuilding C object CMakeFiles/ur_dashboard_msgs__rosidl_generator_c.dir/rosidl_generator_c/ur_dashboard_msgs/msg/detail/program_state__functions.c.o\x1b[0m\n'}
[23.506749] (ur_dashboard_msgs) StdoutLine: {'line': b'[  3%] \x1b[32mBuilding C object CMakeFiles/ur_dashboard_msgs__rosidl_generator_c.dir/rosidl_generator_c/ur_dashboard_msgs/msg/detail/robot_mode__functions.c.o\x1b[0m\n'}
[23.534250] (ur_dashboard_msgs) StdoutLine: {'line': b'[  3%] \x1b[32mBuilding C object CMakeFiles/ur_dashboard_msgs__rosidl_generator_c.dir/rosidl_generator_c/ur_dashboard_msgs/msg/detail/safety_mode__functions.c.o\x1b[0m\n'}
[23.557327] (-) TimerEvent: {}
[23.562218] (ur_dashboard_msgs) StdoutLine: {'line': b'[  3%] \x1b[32mBuilding C object CMakeFiles/ur_dashboard_msgs__rosidl_generator_c.dir/rosidl_generator_c/ur_dashboard_msgs/msg/detail/operational_mode__functions.c.o\x1b[0m\n'}
[23.589524] (ur_dashboard_msgs) StdoutLine: {'line': b'[  4%] \x1b[32mBuilding C object CMakeFiles/ur_dashboard_msgs__rosidl_generator_c.dir/rosidl_generator_c/ur_dashboard_msgs/msg/detail/user_role__functions.c.o\x1b[0m\n'}
[23.616970] (ur_dashboard_msgs) StdoutLine: {'line': b'[  4%] \x1b[32mBuilding C object CMakeFiles/ur_dashboard_msgs__rosidl_generator_c.dir/rosidl_generator_c/ur_dashboard_msgs/msg/detail/version_information__functions.c.o\x1b[0m\n'}
[23.645023] (ur_dashboard_msgs) StdoutLine: {'line': b'[  4%] \x1b[32mBuilding C object CMakeFiles/ur_dashboard_msgs__rosidl_generator_c.dir/rosidl_generator_c/ur_dashboard_msgs/msg/detail/safety_status__functions.c.o\x1b[0m\n'}
[23.657487] (-) TimerEvent: {}
[23.674154] (ur_dashboard_msgs) StdoutLine: {'line': b'[  5%] \x1b[32mBuilding C object CMakeFiles/ur_dashboard_msgs__rosidl_generator_c.dir/rosidl_generator_c/ur_dashboard_msgs/srv/detail/add_to_log__functions.c.o\x1b[0m\n'}
[23.710072] (ur_dashboard_msgs) StdoutLine: {'line': b'[  5%] \x1b[32mBuilding C object CMakeFiles/ur_dashboard_msgs__rosidl_generator_c.dir/rosidl_generator_c/ur_dashboard_msgs/srv/detail/download_program__functions.c.o\x1b[0m\n'}
[23.742860] (ur_dashboard_msgs) StdoutLine: {'line': b'[  5%] \x1b[32mBuilding C object CMakeFiles/ur_dashboard_msgs__rosidl_generator_c.dir/rosidl_generator_c/ur_dashboard_msgs/srv/detail/get_loaded_program__functions.c.o\x1b[0m\n'}
[23.757650] (-) TimerEvent: {}
[23.776378] (ur_dashboard_msgs) StdoutLine: {'line': b'[  6%] \x1b[32mBuilding C object CMakeFiles/ur_dashboard_msgs__rosidl_generator_c.dir/rosidl_generator_c/ur_dashboard_msgs/srv/detail/get_programs__functions.c.o\x1b[0m\n'}
[23.810134] (ur_dashboard_msgs) StdoutLine: {'line': b'[  6%] \x1b[32mBuilding C object CMakeFiles/ur_dashboard_msgs__rosidl_generator_c.dir/rosidl_generator_c/ur_dashboard_msgs/srv/detail/get_program_state__functions.c.o\x1b[0m\n'}
[23.844990] (ur_dashboard_msgs) StdoutLine: {'line': b'[  6%] \x1b[32mBuilding C object CMakeFiles/ur_dashboard_msgs__rosidl_generator_c.dir/rosidl_generator_c/ur_dashboard_msgs/srv/detail/get_robot_mode__functions.c.o\x1b[0m\n'}
[23.857808] (-) TimerEvent: {}
[23.880725] (ur_dashboard_msgs) StdoutLine: {'line': b'[  7%] \x1b[32mBuilding C object CMakeFiles/ur_dashboard_msgs__rosidl_generator_c.dir/rosidl_generator_c/ur_dashboard_msgs/srv/detail/get_safety_mode__functions.c.o\x1b[0m\n'}
[23.916539] (ur_dashboard_msgs) StdoutLine: {'line': b'[  7%] \x1b[32mBuilding C object CMakeFiles/ur_dashboard_msgs__rosidl_generator_c.dir/rosidl_generator_c/ur_dashboard_msgs/srv/detail/is_program_running__functions.c.o\x1b[0m\n'}
[23.951711] (ur_dashboard_msgs) StdoutLine: {'line': b'[  7%] \x1b[32mBuilding C object CMakeFiles/ur_dashboard_msgs__rosidl_generator_c.dir/rosidl_generator_c/ur_dashboard_msgs/srv/detail/is_program_saved__functions.c.o\x1b[0m\n'}
[23.957968] (-) TimerEvent: {}
[23.987285] (ur_dashboard_msgs) StdoutLine: {'line': b'[  8%] \x1b[32mBuilding C object CMakeFiles/ur_dashboard_msgs__rosidl_generator_c.dir/rosidl_generator_c/ur_dashboard_msgs/srv/detail/load__functions.c.o\x1b[0m\n'}
[24.023359] (ur_dashboard_msgs) StdoutLine: {'line': b'[  8%] \x1b[32mBuilding C object CMakeFiles/ur_dashboard_msgs__rosidl_generator_c.dir/rosidl_generator_c/ur_dashboard_msgs/srv/detail/popup__functions.c.o\x1b[0m\n'}
[24.058161] (-) TimerEvent: {}
[24.058599] (ur_dashboard_msgs) StdoutLine: {'line': b'[  8%] \x1b[32mBuilding C object CMakeFiles/ur_dashboard_msgs__rosidl_generator_c.dir/rosidl_generator_c/ur_dashboard_msgs/srv/detail/raw_request__functions.c.o\x1b[0m\n'}
[24.095734] (ur_dashboard_msgs) StdoutLine: {'line': b'[  9%] \x1b[32mBuilding C object CMakeFiles/ur_dashboard_msgs__rosidl_generator_c.dir/rosidl_generator_c/ur_dashboard_msgs/srv/detail/is_in_remote_control__functions.c.o\x1b[0m\n'}
[24.129718] (ur_dashboard_msgs) StdoutLine: {'line': b'[  9%] \x1b[32mBuilding C object CMakeFiles/ur_dashboard_msgs__rosidl_generator_c.dir/rosidl_generator_c/ur_dashboard_msgs/srv/detail/upload_program__functions.c.o\x1b[0m\n'}
[24.158276] (-) TimerEvent: {}
[24.166151] (ur_dashboard_msgs) StdoutLine: {'line': b'[ 10%] \x1b[32mBuilding C object CMakeFiles/ur_dashboard_msgs__rosidl_generator_c.dir/rosidl_generator_c/ur_dashboard_msgs/srv/detail/get_poly_scope_version__functions.c.o\x1b[0m\n'}
[24.200482] (ur_dashboard_msgs) StdoutLine: {'line': b'[ 10%] \x1b[32mBuilding C object CMakeFiles/ur_dashboard_msgs__rosidl_generator_c.dir/rosidl_generator_c/ur_dashboard_msgs/srv/detail/get_serial_number__functions.c.o\x1b[0m\n'}
[24.236592] (ur_dashboard_msgs) StdoutLine: {'line': b'[ 10%] \x1b[32mBuilding C object CMakeFiles/ur_dashboard_msgs__rosidl_generator_c.dir/rosidl_generator_c/ur_dashboard_msgs/srv/detail/get_user_role__functions.c.o\x1b[0m\n'}
[24.258370] (-) TimerEvent: {}
[24.272526] (ur_dashboard_msgs) StdoutLine: {'line': b'[ 11%] \x1b[32mBuilding C object CMakeFiles/ur_dashboard_msgs__rosidl_generator_c.dir/rosidl_generator_c/ur_dashboard_msgs/srv/detail/set_user_role__functions.c.o\x1b[0m\n'}
[24.307528] (ur_dashboard_msgs) StdoutLine: {'line': b'[ 11%] \x1b[32mBuilding C object CMakeFiles/ur_dashboard_msgs__rosidl_generator_c.dir/rosidl_generator_c/ur_dashboard_msgs/srv/detail/set_operational_mode__functions.c.o\x1b[0m\n'}
[24.341809] (ur_dashboard_msgs) StdoutLine: {'line': b'[ 11%] \x1b[32mBuilding C object CMakeFiles/ur_dashboard_msgs__rosidl_generator_c.dir/rosidl_generator_c/ur_dashboard_msgs/srv/detail/get_operational_mode__functions.c.o\x1b[0m\n'}
[24.358443] (-) TimerEvent: {}
[24.376415] (ur_dashboard_msgs) StdoutLine: {'line': b'[ 12%] \x1b[32mBuilding C object CMakeFiles/ur_dashboard_msgs__rosidl_generator_c.dir/rosidl_generator_c/ur_dashboard_msgs/srv/detail/get_robot_model__functions.c.o\x1b[0m\n'}
[24.409245] (ur_dashboard_msgs) StdoutLine: {'line': b'[ 12%] \x1b[32mBuilding C object CMakeFiles/ur_dashboard_msgs__rosidl_generator_c.dir/rosidl_generator_c/ur_dashboard_msgs/srv/detail/get_safety_status__functions.c.o\x1b[0m\n'}
[24.442330] (ur_dashboard_msgs) StdoutLine: {'line': b'[ 12%] \x1b[32mBuilding C object CMakeFiles/ur_dashboard_msgs__rosidl_generator_c.dir/rosidl_generator_c/ur_dashboard_msgs/srv/detail/generate_flight_report__functions.c.o\x1b[0m\n'}
[24.458542] (-) TimerEvent: {}
[24.476314] (ur_dashboard_msgs) StdoutLine: {'line': b'[ 13%] \x1b[32mBuilding C object CMakeFiles/ur_dashboard_msgs__rosidl_generator_c.dir/rosidl_generator_c/ur_dashboard_msgs/srv/detail/generate_support_file__functions.c.o\x1b[0m\n'}
[24.511274] (ur_dashboard_msgs) StdoutLine: {'line': b'[ 13%] \x1b[32mBuilding C object CMakeFiles/ur_dashboard_msgs__rosidl_generator_c.dir/rosidl_generator_c/ur_dashboard_msgs/action/detail/set_mode__functions.c.o\x1b[0m\n'}
[24.558655] (-) TimerEvent: {}
[24.584917] (ur_dashboard_msgs) StdoutLine: {'line': b'[ 13%] \x1b[32m\x1b[1mLinking C shared library libur_dashboard_msgs__rosidl_generator_c.so\x1b[0m\n'}
[24.616020] (ur_dashboard_msgs) StdoutLine: {'line': b'[ 13%] Built target ur_dashboard_msgs__rosidl_generator_c\n'}
[24.623844] (ur_dashboard_msgs) StdoutLine: {'line': b'[ 14%] \x1b[34m\x1b[1mGenerating C type support for eProsima Fast-RTPS\x1b[0m\n'}
[24.658743] (-) TimerEvent: {}
[24.758978] (-) TimerEvent: {}
[24.859237] (-) TimerEvent: {}
[24.959474] (-) TimerEvent: {}
[25.059731] (-) TimerEvent: {}
[25.159964] (-) TimerEvent: {}
[25.260214] (-) TimerEvent: {}
[25.360463] (-) TimerEvent: {}
[25.460722] (-) TimerEvent: {}
[25.560960] (-) TimerEvent: {}
[25.661210] (-) TimerEvent: {}
[25.738804] (ur_dashboard_msgs) StdoutLine: {'line': b'[ 14%] \x1b[32mBuilding CXX object CMakeFiles/ur_dashboard_msgs__rosidl_typesupport_fastrtps_c.dir/rosidl_typesupport_fastrtps_c/ur_dashboard_msgs/msg/detail/program_information__type_support_c.cpp.o\x1b[0m\n'}
[25.761374] (-) TimerEvent: {}
[25.861648] (-) TimerEvent: {}
[25.898493] (ur_dashboard_msgs) StdoutLine: {'line': b'[ 14%] \x1b[32mBuilding CXX object CMakeFiles/ur_dashboard_msgs__rosidl_typesupport_fastrtps_c.dir/rosidl_typesupport_fastrtps_c/ur_dashboard_msgs/msg/detail/program_state__type_support_c.cpp.o\x1b[0m\n'}
[25.961815] (-) TimerEvent: {}
[26.054309] (ur_dashboard_msgs) StdoutLine: {'line': b'[ 15%] \x1b[32mBuilding CXX object CMakeFiles/ur_dashboard_msgs__rosidl_typesupport_fastrtps_c.dir/rosidl_typesupport_fastrtps_c/ur_dashboard_msgs/msg/detail/robot_mode__type_support_c.cpp.o\x1b[0m\n'}
[26.061965] (-) TimerEvent: {}
[26.162233] (-) TimerEvent: {}
[26.212734] (ur_dashboard_msgs) StdoutLine: {'line': b'[ 15%] \x1b[32mBuilding CXX object CMakeFiles/ur_dashboard_msgs__rosidl_typesupport_fastrtps_c.dir/rosidl_typesupport_fastrtps_c/ur_dashboard_msgs/msg/detail/safety_mode__type_support_c.cpp.o\x1b[0m\n'}
[26.262407] (-) TimerEvent: {}
[26.362733] (-) TimerEvent: {}
[26.366184] (ur_dashboard_msgs) StdoutLine: {'line': b'[ 15%] \x1b[32mBuilding CXX object CMakeFiles/ur_dashboard_msgs__rosidl_typesupport_fastrtps_c.dir/rosidl_typesupport_fastrtps_c/ur_dashboard_msgs/msg/detail/operational_mode__type_support_c.cpp.o\x1b[0m\n'}
[26.462897] (-) TimerEvent: {}
[26.521897] (ur_dashboard_msgs) StdoutLine: {'line': b'[ 16%] \x1b[32mBuilding CXX object CMakeFiles/ur_dashboard_msgs__rosidl_typesupport_fastrtps_c.dir/rosidl_typesupport_fastrtps_c/ur_dashboard_msgs/msg/detail/user_role__type_support_c.cpp.o\x1b[0m\n'}
[26.563070] (-) TimerEvent: {}
[26.663384] (-) TimerEvent: {}
[26.679160] (ur_dashboard_msgs) StdoutLine: {'line': b'[ 16%] \x1b[32mBuilding CXX object CMakeFiles/ur_dashboard_msgs__rosidl_typesupport_fastrtps_c.dir/rosidl_typesupport_fastrtps_c/ur_dashboard_msgs/msg/detail/version_information__type_support_c.cpp.o\x1b[0m\n'}
[26.763559] (-) TimerEvent: {}
[26.838155] (ur_dashboard_msgs) StdoutLine: {'line': b'[ 16%] \x1b[32mBuilding CXX object CMakeFiles/ur_dashboard_msgs__rosidl_typesupport_fastrtps_c.dir/rosidl_typesupport_fastrtps_c/ur_dashboard_msgs/msg/detail/safety_status__type_support_c.cpp.o\x1b[0m\n'}
[26.863724] (-) TimerEvent: {}
[26.964005] (-) TimerEvent: {}
[26.992754] (ur_dashboard_msgs) StdoutLine: {'line': b'[ 17%] \x1b[32mBuilding CXX object CMakeFiles/ur_dashboard_msgs__rosidl_typesupport_fastrtps_c.dir/rosidl_typesupport_fastrtps_c/ur_dashboard_msgs/srv/detail/add_to_log__type_support_c.cpp.o\x1b[0m\n'}
[27.064175] (-) TimerEvent: {}
[27.156458] (ur_dashboard_msgs) StdoutLine: {'line': b'[ 17%] \x1b[32mBuilding CXX object CMakeFiles/ur_dashboard_msgs__rosidl_typesupport_fastrtps_c.dir/rosidl_typesupport_fastrtps_c/ur_dashboard_msgs/srv/detail/download_program__type_support_c.cpp.o\x1b[0m\n'}
[27.164287] (-) TimerEvent: {}
[27.264565] (-) TimerEvent: {}
[27.322903] (ur_dashboard_msgs) StdoutLine: {'line': b'[ 17%] \x1b[32mBuilding CXX object CMakeFiles/ur_dashboard_msgs__rosidl_typesupport_fastrtps_c.dir/rosidl_typesupport_fastrtps_c/ur_dashboard_msgs/srv/detail/get_loaded_program__type_support_c.cpp.o\x1b[0m\n'}
[27.364681] (-) TimerEvent: {}
[27.464983] (-) TimerEvent: {}
[27.494213] (ur_dashboard_msgs) StdoutLine: {'line': b'[ 18%] \x1b[32mBuilding CXX object CMakeFiles/ur_dashboard_msgs__rosidl_typesupport_fastrtps_c.dir/rosidl_typesupport_fastrtps_c/ur_dashboard_msgs/srv/detail/get_programs__type_support_c.cpp.o\x1b[0m\n'}
[27.565153] (-) TimerEvent: {}
[27.665406] (-) TimerEvent: {}
[27.665645] (ur_dashboard_msgs) StdoutLine: {'line': b'[ 18%] \x1b[32mBuilding CXX object CMakeFiles/ur_dashboard_msgs__rosidl_typesupport_fastrtps_c.dir/rosidl_typesupport_fastrtps_c/ur_dashboard_msgs/srv/detail/get_program_state__type_support_c.cpp.o\x1b[0m\n'}
[27.765525] (-) TimerEvent: {}
[27.836308] (ur_dashboard_msgs) StdoutLine: {'line': b'[ 18%] \x1b[32mBuilding CXX object CMakeFiles/ur_dashboard_msgs__rosidl_typesupport_fastrtps_c.dir/rosidl_typesupport_fastrtps_c/ur_dashboard_msgs/srv/detail/get_robot_mode__type_support_c.cpp.o\x1b[0m\n'}
[27.865656] (-) TimerEvent: {}
[27.965945] (-) TimerEvent: {}
[28.003190] (ur_dashboard_msgs) StdoutLine: {'line': b'[ 19%] \x1b[32mBuilding CXX object CMakeFiles/ur_dashboard_msgs__rosidl_typesupport_fastrtps_c.dir/rosidl_typesupport_fastrtps_c/ur_dashboard_msgs/srv/detail/get_safety_mode__type_support_c.cpp.o\x1b[0m\n'}
[28.066119] (-) TimerEvent: {}
[28.166367] (-) TimerEvent: {}
[28.167523] (ur_dashboard_msgs) StdoutLine: {'line': b'[ 19%] \x1b[32mBuilding CXX object CMakeFiles/ur_dashboard_msgs__rosidl_typesupport_fastrtps_c.dir/rosidl_typesupport_fastrtps_c/ur_dashboard_msgs/srv/detail/is_program_running__type_support_c.cpp.o\x1b[0m\n'}
[28.266454] (-) TimerEvent: {}
[28.338195] (ur_dashboard_msgs) StdoutLine: {'line': b'[ 19%] \x1b[32mBuilding CXX object CMakeFiles/ur_dashboard_msgs__rosidl_typesupport_fastrtps_c.dir/rosidl_typesupport_fastrtps_c/ur_dashboard_msgs/srv/detail/is_program_saved__type_support_c.cpp.o\x1b[0m\n'}
[28.366587] (-) TimerEvent: {}
[28.466853] (-) TimerEvent: {}
[28.512288] (ur_dashboard_msgs) StdoutLine: {'line': b'[ 20%] \x1b[32mBuilding CXX object CMakeFiles/ur_dashboard_msgs__rosidl_typesupport_fastrtps_c.dir/rosidl_typesupport_fastrtps_c/ur_dashboard_msgs/srv/detail/load__type_support_c.cpp.o\x1b[0m\n'}
[28.566953] (-) TimerEvent: {}
[28.667187] (-) TimerEvent: {}
[28.686945] (ur_dashboard_msgs) StdoutLine: {'line': b'[ 20%] \x1b[32mBuilding CXX object CMakeFiles/ur_dashboard_msgs__rosidl_typesupport_fastrtps_c.dir/rosidl_typesupport_fastrtps_c/ur_dashboard_msgs/srv/detail/popup__type_support_c.cpp.o\x1b[0m\n'}
[28.767271] (-) TimerEvent: {}
[28.864282] (ur_dashboard_msgs) StdoutLine: {'line': b'[ 20%] \x1b[32mBuilding CXX object CMakeFiles/ur_dashboard_msgs__rosidl_typesupport_fastrtps_c.dir/rosidl_typesupport_fastrtps_c/ur_dashboard_msgs/srv/detail/raw_request__type_support_c.cpp.o\x1b[0m\n'}
[28.867343] (-) TimerEvent: {}
[28.967549] (-) TimerEvent: {}
[29.039270] (ur_dashboard_msgs) StdoutLine: {'line': b'[ 21%] \x1b[32mBuilding CXX object CMakeFiles/ur_dashboard_msgs__rosidl_typesupport_fastrtps_c.dir/rosidl_typesupport_fastrtps_c/ur_dashboard_msgs/srv/detail/is_in_remote_control__type_support_c.cpp.o\x1b[0m\n'}
[29.067646] (-) TimerEvent: {}
[29.167902] (-) TimerEvent: {}
[29.211850] (ur_dashboard_msgs) StdoutLine: {'line': b'[ 21%] \x1b[32mBuilding CXX object CMakeFiles/ur_dashboard_msgs__rosidl_typesupport_fastrtps_c.dir/rosidl_typesupport_fastrtps_c/ur_dashboard_msgs/srv/detail/upload_program__type_support_c.cpp.o\x1b[0m\n'}
[29.268014] (-) TimerEvent: {}
[29.368304] (-) TimerEvent: {}
[29.379930] (ur_dashboard_msgs) StdoutLine: {'line': b'[ 21%] \x1b[32mBuilding CXX object CMakeFiles/ur_dashboard_msgs__rosidl_typesupport_fastrtps_c.dir/rosidl_typesupport_fastrtps_c/ur_dashboard_msgs/srv/detail/get_poly_scope_version__type_support_c.cpp.o\x1b[0m\n'}
[29.468389] (-) TimerEvent: {}
[29.548902] (ur_dashboard_msgs) StdoutLine: {'line': b'[ 22%] \x1b[32mBuilding CXX object CMakeFiles/ur_dashboard_msgs__rosidl_typesupport_fastrtps_c.dir/rosidl_typesupport_fastrtps_c/ur_dashboard_msgs/srv/detail/get_serial_number__type_support_c.cpp.o\x1b[0m\n'}
[29.568480] (-) TimerEvent: {}
[29.668819] (-) TimerEvent: {}
[29.716434] (ur_dashboard_msgs) StdoutLine: {'line': b'[ 22%] \x1b[32mBuilding CXX object CMakeFiles/ur_dashboard_msgs__rosidl_typesupport_fastrtps_c.dir/rosidl_typesupport_fastrtps_c/ur_dashboard_msgs/srv/detail/get_user_role__type_support_c.cpp.o\x1b[0m\n'}
[29.768991] (-) TimerEvent: {}
[29.869358] (-) TimerEvent: {}
[29.881745] (ur_dashboard_msgs) StdoutLine: {'line': b'[ 23%] \x1b[32mBuilding CXX object CMakeFiles/ur_dashboard_msgs__rosidl_typesupport_fastrtps_c.dir/rosidl_typesupport_fastrtps_c/ur_dashboard_msgs/srv/detail/set_user_role__type_support_c.cpp.o\x1b[0m\n'}
[29.969494] (-) TimerEvent: {}
[30.047613] (ur_dashboard_msgs) StdoutLine: {'line': b'[ 23%] \x1b[32mBuilding CXX object CMakeFiles/ur_dashboard_msgs__rosidl_typesupport_fastrtps_c.dir/rosidl_typesupport_fastrtps_c/ur_dashboard_msgs/srv/detail/set_operational_mode__type_support_c.cpp.o\x1b[0m\n'}
[30.069652] (-) TimerEvent: {}
[30.169986] (-) TimerEvent: {}
[30.211658] (ur_dashboard_msgs) StdoutLine: {'line': b'[ 23%] \x1b[32mBuilding CXX object CMakeFiles/ur_dashboard_msgs__rosidl_typesupport_fastrtps_c.dir/rosidl_typesupport_fastrtps_c/ur_dashboard_msgs/srv/detail/get_operational_mode__type_support_c.cpp.o\x1b[0m\n'}
[30.270085] (-) TimerEvent: {}
[30.370353] (-) TimerEvent: {}
[30.376513] (ur_dashboard_msgs) StdoutLine: {'line': b'[ 24%] \x1b[32mBuilding CXX object CMakeFiles/ur_dashboard_msgs__rosidl_typesupport_fastrtps_c.dir/rosidl_typesupport_fastrtps_c/ur_dashboard_msgs/srv/detail/get_robot_model__type_support_c.cpp.o\x1b[0m\n'}
[30.470437] (-) TimerEvent: {}
[30.546312] (ur_dashboard_msgs) StdoutLine: {'line': b'[ 24%] \x1b[32mBuilding CXX object CMakeFiles/ur_dashboard_msgs__rosidl_typesupport_fastrtps_c.dir/rosidl_typesupport_fastrtps_c/ur_dashboard_msgs/srv/detail/get_safety_status__type_support_c.cpp.o\x1b[0m\n'}
[30.570616] (-) TimerEvent: {}
[30.670953] (-) TimerEvent: {}
[30.713630] (ur_dashboard_msgs) StdoutLine: {'line': b'[ 24%] \x1b[32mBuilding CXX object CMakeFiles/ur_dashboard_msgs__rosidl_typesupport_fastrtps_c.dir/rosidl_typesupport_fastrtps_c/ur_dashboard_msgs/srv/detail/generate_flight_report__type_support_c.cpp.o\x1b[0m\n'}
[30.771131] (-) TimerEvent: {}
[30.871450] (-) TimerEvent: {}
[30.879632] (ur_dashboard_msgs) StdoutLine: {'line': b'[ 25%] \x1b[32mBuilding CXX object CMakeFiles/ur_dashboard_msgs__rosidl_typesupport_fastrtps_c.dir/rosidl_typesupport_fastrtps_c/ur_dashboard_msgs/srv/detail/generate_support_file__type_support_c.cpp.o\x1b[0m\n'}
[30.971648] (-) TimerEvent: {}
[31.049898] (ur_dashboard_msgs) StdoutLine: {'line': b'[ 25%] \x1b[32mBuilding CXX object CMakeFiles/ur_dashboard_msgs__rosidl_typesupport_fastrtps_c.dir/rosidl_typesupport_fastrtps_c/ur_dashboard_msgs/action/detail/set_mode__type_support_c.cpp.o\x1b[0m\n'}
[31.071850] (-) TimerEvent: {}
[31.172220] (-) TimerEvent: {}
[31.237769] (ur_dashboard_msgs) StdoutLine: {'line': b'[ 25%] \x1b[32m\x1b[1mLinking CXX shared library libur_dashboard_msgs__rosidl_typesupport_fastrtps_c.so\x1b[0m\n'}
[31.272365] (-) TimerEvent: {}
[31.290300] (ur_dashboard_msgs) StdoutLine: {'line': b'[ 25%] Built target ur_dashboard_msgs__rosidl_typesupport_fastrtps_c\n'}
[31.298302] (ur_dashboard_msgs) StdoutLine: {'line': b'[ 26%] \x1b[34m\x1b[1mGenerating C introspection for ROS interfaces\x1b[0m\n'}
[31.372437] (-) TimerEvent: {}
[31.472694] (-) TimerEvent: {}
[31.572962] (-) TimerEvent: {}
[31.673239] (-) TimerEvent: {}
[31.773402] (-) TimerEvent: {}
[31.873547] (-) TimerEvent: {}
[31.973742] (-) TimerEvent: {}
[32.073972] (-) TimerEvent: {}
[32.174224] (-) TimerEvent: {}
[32.274372] (-) TimerEvent: {}
[32.312570] (ur_dashboard_msgs) StdoutLine: {'line': b'[ 26%] \x1b[32mBuilding C object CMakeFiles/ur_dashboard_msgs__rosidl_typesupport_introspection_c.dir/rosidl_typesupport_introspection_c/ur_dashboard_msgs/msg/detail/program_information__type_support.c.o\x1b[0m\n'}
[32.333339] (ur_dashboard_msgs) StdoutLine: {'line': b'[ 26%] \x1b[32mBuilding C object CMakeFiles/ur_dashboard_msgs__rosidl_typesupport_introspection_c.dir/rosidl_typesupport_introspection_c/ur_dashboard_msgs/msg/detail/program_state__type_support.c.o\x1b[0m\n'}
[32.352323] (ur_dashboard_msgs) StdoutLine: {'line': b'[ 27%] \x1b[32mBuilding C object CMakeFiles/ur_dashboard_msgs__rosidl_typesupport_introspection_c.dir/rosidl_typesupport_introspection_c/ur_dashboard_msgs/msg/detail/robot_mode__type_support.c.o\x1b[0m\n'}
[32.374049] (ur_dashboard_msgs) StdoutLine: {'line': b'[ 27%] \x1b[32mBuilding C object CMakeFiles/ur_dashboard_msgs__rosidl_typesupport_introspection_c.dir/rosidl_typesupport_introspection_c/ur_dashboard_msgs/msg/detail/safety_mode__type_support.c.o\x1b[0m\n'}
[32.374429] (-) TimerEvent: {}
[32.393560] (ur_dashboard_msgs) StdoutLine: {'line': b'[ 27%] \x1b[32mBuilding C object CMakeFiles/ur_dashboard_msgs__rosidl_typesupport_introspection_c.dir/rosidl_typesupport_introspection_c/ur_dashboard_msgs/msg/detail/operational_mode__type_support.c.o\x1b[0m\n'}
[32.412796] (ur_dashboard_msgs) StdoutLine: {'line': b'[ 28%] \x1b[32mBuilding C object CMakeFiles/ur_dashboard_msgs__rosidl_typesupport_introspection_c.dir/rosidl_typesupport_introspection_c/ur_dashboard_msgs/msg/detail/user_role__type_support.c.o\x1b[0m\n'}
[32.431476] (ur_dashboard_msgs) StdoutLine: {'line': b'[ 28%] \x1b[32mBuilding C object CMakeFiles/ur_dashboard_msgs__rosidl_typesupport_introspection_c.dir/rosidl_typesupport_introspection_c/ur_dashboard_msgs/msg/detail/version_information__type_support.c.o\x1b[0m\n'}
[32.450289] (ur_dashboard_msgs) StdoutLine: {'line': b'[ 28%] \x1b[32mBuilding C object CMakeFiles/ur_dashboard_msgs__rosidl_typesupport_introspection_c.dir/rosidl_typesupport_introspection_c/ur_dashboard_msgs/msg/detail/safety_status__type_support.c.o\x1b[0m\n'}
[32.472778] (ur_dashboard_msgs) StdoutLine: {'line': b'[ 29%] \x1b[32mBuilding C object CMakeFiles/ur_dashboard_msgs__rosidl_typesupport_introspection_c.dir/rosidl_typesupport_introspection_c/ur_dashboard_msgs/srv/detail/add_to_log__type_support.c.o\x1b[0m\n'}
[32.474600] (-) TimerEvent: {}
[32.493035] (ur_dashboard_msgs) StdoutLine: {'line': b'[ 29%] \x1b[32mBuilding C object CMakeFiles/ur_dashboard_msgs__rosidl_typesupport_introspection_c.dir/rosidl_typesupport_introspection_c/ur_dashboard_msgs/srv/detail/download_program__type_support.c.o\x1b[0m\n'}
[32.515115] (ur_dashboard_msgs) StdoutLine: {'line': b'[ 29%] \x1b[32mBuilding C object CMakeFiles/ur_dashboard_msgs__rosidl_typesupport_introspection_c.dir/rosidl_typesupport_introspection_c/ur_dashboard_msgs/srv/detail/get_loaded_program__type_support.c.o\x1b[0m\n'}
[32.533641] (ur_dashboard_msgs) StdoutLine: {'line': b'[ 30%] \x1b[32mBuilding C object CMakeFiles/ur_dashboard_msgs__rosidl_typesupport_introspection_c.dir/rosidl_typesupport_introspection_c/ur_dashboard_msgs/srv/detail/get_programs__type_support.c.o\x1b[0m\n'}
[32.559708] (ur_dashboard_msgs) StdoutLine: {'line': b'[ 30%] \x1b[32mBuilding C object CMakeFiles/ur_dashboard_msgs__rosidl_typesupport_introspection_c.dir/rosidl_typesupport_introspection_c/ur_dashboard_msgs/srv/detail/get_program_state__type_support.c.o\x1b[0m\n'}
[32.574712] (-) TimerEvent: {}
[32.582757] (ur_dashboard_msgs) StdoutLine: {'line': b'[ 30%] \x1b[32mBuilding C object CMakeFiles/ur_dashboard_msgs__rosidl_typesupport_introspection_c.dir/rosidl_typesupport_introspection_c/ur_dashboard_msgs/srv/detail/get_robot_mode__type_support.c.o\x1b[0m\n'}
[32.602815] (ur_dashboard_msgs) StdoutLine: {'line': b'[ 31%] \x1b[32mBuilding C object CMakeFiles/ur_dashboard_msgs__rosidl_typesupport_introspection_c.dir/rosidl_typesupport_introspection_c/ur_dashboard_msgs/srv/detail/get_safety_mode__type_support.c.o\x1b[0m\n'}
[32.622918] (ur_dashboard_msgs) StdoutLine: {'line': b'[ 31%] \x1b[32mBuilding C object CMakeFiles/ur_dashboard_msgs__rosidl_typesupport_introspection_c.dir/rosidl_typesupport_introspection_c/ur_dashboard_msgs/srv/detail/is_program_running__type_support.c.o\x1b[0m\n'}
[32.642453] (ur_dashboard_msgs) StdoutLine: {'line': b'[ 31%] \x1b[32mBuilding C object CMakeFiles/ur_dashboard_msgs__rosidl_typesupport_introspection_c.dir/rosidl_typesupport_introspection_c/ur_dashboard_msgs/srv/detail/is_program_saved__type_support.c.o\x1b[0m\n'}
[32.663754] (ur_dashboard_msgs) StdoutLine: {'line': b'[ 32%] \x1b[32mBuilding C object CMakeFiles/ur_dashboard_msgs__rosidl_typesupport_introspection_c.dir/rosidl_typesupport_introspection_c/ur_dashboard_msgs/srv/detail/load__type_support.c.o\x1b[0m\n'}
[32.674790] (-) TimerEvent: {}
[32.685020] (ur_dashboard_msgs) StdoutLine: {'line': b'[ 32%] \x1b[32mBuilding C object CMakeFiles/ur_dashboard_msgs__rosidl_typesupport_introspection_c.dir/rosidl_typesupport_introspection_c/ur_dashboard_msgs/srv/detail/popup__type_support.c.o\x1b[0m\n'}
[32.704233] (ur_dashboard_msgs) StdoutLine: {'line': b'[ 32%] \x1b[32mBuilding C object CMakeFiles/ur_dashboard_msgs__rosidl_typesupport_introspection_c.dir/rosidl_typesupport_introspection_c/ur_dashboard_msgs/srv/detail/raw_request__type_support.c.o\x1b[0m\n'}
[32.725785] (ur_dashboard_msgs) StdoutLine: {'line': b'[ 33%] \x1b[32mBuilding C object CMakeFiles/ur_dashboard_msgs__rosidl_typesupport_introspection_c.dir/rosidl_typesupport_introspection_c/ur_dashboard_msgs/srv/detail/is_in_remote_control__type_support.c.o\x1b[0m\n'}
[32.746636] (ur_dashboard_msgs) StdoutLine: {'line': b'[ 33%] \x1b[32mBuilding C object CMakeFiles/ur_dashboard_msgs__rosidl_typesupport_introspection_c.dir/rosidl_typesupport_introspection_c/ur_dashboard_msgs/srv/detail/upload_program__type_support.c.o\x1b[0m\n'}
[32.769347] (ur_dashboard_msgs) StdoutLine: {'line': b'[ 33%] \x1b[32mBuilding C object CMakeFiles/ur_dashboard_msgs__rosidl_typesupport_introspection_c.dir/rosidl_typesupport_introspection_c/ur_dashboard_msgs/srv/detail/get_poly_scope_version__type_support.c.o\x1b[0m\n'}
[32.774867] (-) TimerEvent: {}
[32.792571] (ur_dashboard_msgs) StdoutLine: {'line': b'[ 34%] \x1b[32mBuilding C object CMakeFiles/ur_dashboard_msgs__rosidl_typesupport_introspection_c.dir/rosidl_typesupport_introspection_c/ur_dashboard_msgs/srv/detail/get_serial_number__type_support.c.o\x1b[0m\n'}
[32.813772] (ur_dashboard_msgs) StdoutLine: {'line': b'[ 34%] \x1b[32mBuilding C object CMakeFiles/ur_dashboard_msgs__rosidl_typesupport_introspection_c.dir/rosidl_typesupport_introspection_c/ur_dashboard_msgs/srv/detail/get_user_role__type_support.c.o\x1b[0m\n'}
[32.834919] (ur_dashboard_msgs) StdoutLine: {'line': b'[ 35%] \x1b[32mBuilding C object CMakeFiles/ur_dashboard_msgs__rosidl_typesupport_introspection_c.dir/rosidl_typesupport_introspection_c/ur_dashboard_msgs/srv/detail/set_user_role__type_support.c.o\x1b[0m\n'}
[32.856967] (ur_dashboard_msgs) StdoutLine: {'line': b'[ 35%] \x1b[32mBuilding C object CMakeFiles/ur_dashboard_msgs__rosidl_typesupport_introspection_c.dir/rosidl_typesupport_introspection_c/ur_dashboard_msgs/srv/detail/set_operational_mode__type_support.c.o\x1b[0m\n'}
[32.874979] (-) TimerEvent: {}
[32.877839] (ur_dashboard_msgs) StdoutLine: {'line': b'[ 35%] \x1b[32mBuilding C object CMakeFiles/ur_dashboard_msgs__rosidl_typesupport_introspection_c.dir/rosidl_typesupport_introspection_c/ur_dashboard_msgs/srv/detail/get_operational_mode__type_support.c.o\x1b[0m\n'}
[32.899320] (ur_dashboard_msgs) StdoutLine: {'line': b'[ 36%] \x1b[32mBuilding C object CMakeFiles/ur_dashboard_msgs__rosidl_typesupport_introspection_c.dir/rosidl_typesupport_introspection_c/ur_dashboard_msgs/srv/detail/get_robot_model__type_support.c.o\x1b[0m\n'}
[32.924363] (ur_dashboard_msgs) StdoutLine: {'line': b'[ 36%] \x1b[32mBuilding C object CMakeFiles/ur_dashboard_msgs__rosidl_typesupport_introspection_c.dir/rosidl_typesupport_introspection_c/ur_dashboard_msgs/srv/detail/get_safety_status__type_support.c.o\x1b[0m\n'}
[32.945310] (ur_dashboard_msgs) StdoutLine: {'line': b'[ 36%] \x1b[32mBuilding C object CMakeFiles/ur_dashboard_msgs__rosidl_typesupport_introspection_c.dir/rosidl_typesupport_introspection_c/ur_dashboard_msgs/srv/detail/generate_flight_report__type_support.c.o\x1b[0m\n'}
[32.970577] (ur_dashboard_msgs) StdoutLine: {'line': b'[ 37%] \x1b[32mBuilding C object CMakeFiles/ur_dashboard_msgs__rosidl_typesupport_introspection_c.dir/rosidl_typesupport_introspection_c/ur_dashboard_msgs/srv/detail/generate_support_file__type_support.c.o\x1b[0m\n'}
[32.975049] (-) TimerEvent: {}
[32.993004] (ur_dashboard_msgs) StdoutLine: {'line': b'[ 37%] \x1b[32mBuilding C object CMakeFiles/ur_dashboard_msgs__rosidl_typesupport_introspection_c.dir/rosidl_typesupport_introspection_c/ur_dashboard_msgs/action/detail/set_mode__type_support.c.o\x1b[0m\n'}
[33.020717] (ur_dashboard_msgs) StdoutLine: {'line': b'[ 37%] \x1b[32m\x1b[1mLinking C shared library libur_dashboard_msgs__rosidl_typesupport_introspection_c.so\x1b[0m\n'}
[33.045906] (ur_dashboard_msgs) StdoutLine: {'line': b'[ 37%] Built target ur_dashboard_msgs__rosidl_typesupport_introspection_c\n'}
[33.052495] (ur_dashboard_msgs) StdoutLine: {'line': b'[ 38%] \x1b[34m\x1b[1mGenerating C type support dispatch for ROS interfaces\x1b[0m\n'}
[33.075161] (-) TimerEvent: {}
[33.175478] (-) TimerEvent: {}
[33.275804] (-) TimerEvent: {}
[33.376146] (-) TimerEvent: {}
[33.476494] (-) TimerEvent: {}
[33.576828] (-) TimerEvent: {}
[33.677177] (-) TimerEvent: {}
[33.777464] (-) TimerEvent: {}
[33.788550] (ur_dashboard_msgs) StdoutLine: {'line': b'[ 38%] \x1b[32mBuilding CXX object CMakeFiles/ur_dashboard_msgs__rosidl_typesupport_c.dir/rosidl_typesupport_c/ur_dashboard_msgs/msg/program_information__type_support.cpp.o\x1b[0m\n'}
[33.807299] (ur_dashboard_msgs) StdoutLine: {'line': b'[ 38%] \x1b[32mBuilding CXX object CMakeFiles/ur_dashboard_msgs__rosidl_typesupport_c.dir/rosidl_typesupport_c/ur_dashboard_msgs/msg/program_state__type_support.cpp.o\x1b[0m\n'}
[33.825464] (ur_dashboard_msgs) StdoutLine: {'line': b'[ 39%] \x1b[32mBuilding CXX object CMakeFiles/ur_dashboard_msgs__rosidl_typesupport_c.dir/rosidl_typesupport_c/ur_dashboard_msgs/msg/robot_mode__type_support.cpp.o\x1b[0m\n'}
[33.842881] (ur_dashboard_msgs) StdoutLine: {'line': b'[ 39%] \x1b[32mBuilding CXX object CMakeFiles/ur_dashboard_msgs__rosidl_typesupport_c.dir/rosidl_typesupport_c/ur_dashboard_msgs/msg/safety_mode__type_support.cpp.o\x1b[0m\n'}
[33.863304] (ur_dashboard_msgs) StdoutLine: {'line': b'[ 39%] \x1b[32mBuilding CXX object CMakeFiles/ur_dashboard_msgs__rosidl_typesupport_c.dir/rosidl_typesupport_c/ur_dashboard_msgs/msg/operational_mode__type_support.cpp.o\x1b[0m\n'}
[33.877558] (-) TimerEvent: {}
[33.881831] (ur_dashboard_msgs) StdoutLine: {'line': b'[ 40%] \x1b[32mBuilding CXX object CMakeFiles/ur_dashboard_msgs__rosidl_typesupport_c.dir/rosidl_typesupport_c/ur_dashboard_msgs/msg/user_role__type_support.cpp.o\x1b[0m\n'}
[33.900776] (ur_dashboard_msgs) StdoutLine: {'line': b'[ 40%] \x1b[32mBuilding CXX object CMakeFiles/ur_dashboard_msgs__rosidl_typesupport_c.dir/rosidl_typesupport_c/ur_dashboard_msgs/msg/version_information__type_support.cpp.o\x1b[0m\n'}
[33.921742] (ur_dashboard_msgs) StdoutLine: {'line': b'[ 40%] \x1b[32mBuilding CXX object CMakeFiles/ur_dashboard_msgs__rosidl_typesupport_c.dir/rosidl_typesupport_c/ur_dashboard_msgs/msg/safety_status__type_support.cpp.o\x1b[0m\n'}
[33.941739] (ur_dashboard_msgs) StdoutLine: {'line': b'[ 41%] \x1b[32mBuilding CXX object CMakeFiles/ur_dashboard_msgs__rosidl_typesupport_c.dir/rosidl_typesupport_c/ur_dashboard_msgs/srv/add_to_log__type_support.cpp.o\x1b[0m\n'}
[33.961136] (ur_dashboard_msgs) StdoutLine: {'line': b'[ 41%] \x1b[32mBuilding CXX object CMakeFiles/ur_dashboard_msgs__rosidl_typesupport_c.dir/rosidl_typesupport_c/ur_dashboard_msgs/srv/download_program__type_support.cpp.o\x1b[0m\n'}
[33.977657] (-) TimerEvent: {}
[33.983861] (ur_dashboard_msgs) StdoutLine: {'line': b'[ 41%] \x1b[32mBuilding CXX object CMakeFiles/ur_dashboard_msgs__rosidl_typesupport_c.dir/rosidl_typesupport_c/ur_dashboard_msgs/srv/get_loaded_program__type_support.cpp.o\x1b[0m\n'}
[34.006390] (ur_dashboard_msgs) StdoutLine: {'line': b'[ 42%] \x1b[32mBuilding CXX object CMakeFiles/ur_dashboard_msgs__rosidl_typesupport_c.dir/rosidl_typesupport_c/ur_dashboard_msgs/srv/get_programs__type_support.cpp.o\x1b[0m\n'}
[34.025415] (ur_dashboard_msgs) StdoutLine: {'line': b'[ 42%] \x1b[32mBuilding CXX object CMakeFiles/ur_dashboard_msgs__rosidl_typesupport_c.dir/rosidl_typesupport_c/ur_dashboard_msgs/srv/get_program_state__type_support.cpp.o\x1b[0m\n'}
[34.045314] (ur_dashboard_msgs) StdoutLine: {'line': b'[ 42%] \x1b[32mBuilding CXX object CMakeFiles/ur_dashboard_msgs__rosidl_typesupport_c.dir/rosidl_typesupport_c/ur_dashboard_msgs/srv/get_robot_mode__type_support.cpp.o\x1b[0m\n'}
[34.064958] (ur_dashboard_msgs) StdoutLine: {'line': b'[ 43%] \x1b[32mBuilding CXX object CMakeFiles/ur_dashboard_msgs__rosidl_typesupport_c.dir/rosidl_typesupport_c/ur_dashboard_msgs/srv/get_safety_mode__type_support.cpp.o\x1b[0m\n'}
[34.077764] (-) TimerEvent: {}
[34.086686] (ur_dashboard_msgs) StdoutLine: {'line': b'[ 43%] \x1b[32mBuilding CXX object CMakeFiles/ur_dashboard_msgs__rosidl_typesupport_c.dir/rosidl_typesupport_c/ur_dashboard_msgs/srv/is_program_running__type_support.cpp.o\x1b[0m\n'}
[34.105196] (ur_dashboard_msgs) StdoutLine: {'line': b'[ 43%] \x1b[32mBuilding CXX object CMakeFiles/ur_dashboard_msgs__rosidl_typesupport_c.dir/rosidl_typesupport_c/ur_dashboard_msgs/srv/is_program_saved__type_support.cpp.o\x1b[0m\n'}
[34.123845] (ur_dashboard_msgs) StdoutLine: {'line': b'[ 44%] \x1b[32mBuilding CXX object CMakeFiles/ur_dashboard_msgs__rosidl_typesupport_c.dir/rosidl_typesupport_c/ur_dashboard_msgs/srv/load__type_support.cpp.o\x1b[0m\n'}
[34.142191] (ur_dashboard_msgs) StdoutLine: {'line': b'[ 44%] \x1b[32mBuilding CXX object CMakeFiles/ur_dashboard_msgs__rosidl_typesupport_c.dir/rosidl_typesupport_c/ur_dashboard_msgs/srv/popup__type_support.cpp.o\x1b[0m\n'}
[34.161685] (ur_dashboard_msgs) StdoutLine: {'line': b'[ 44%] \x1b[32mBuilding CXX object CMakeFiles/ur_dashboard_msgs__rosidl_typesupport_c.dir/rosidl_typesupport_c/ur_dashboard_msgs/srv/raw_request__type_support.cpp.o\x1b[0m\n'}
[34.177896] (-) TimerEvent: {}
[34.179478] (ur_dashboard_msgs) StdoutLine: {'line': b'[ 45%] \x1b[32mBuilding CXX object CMakeFiles/ur_dashboard_msgs__rosidl_typesupport_c.dir/rosidl_typesupport_c/ur_dashboard_msgs/srv/is_in_remote_control__type_support.cpp.o\x1b[0m\n'}
[34.197682] (ur_dashboard_msgs) StdoutLine: {'line': b'[ 45%] \x1b[32mBuilding CXX object CMakeFiles/ur_dashboard_msgs__rosidl_typesupport_c.dir/rosidl_typesupport_c/ur_dashboard_msgs/srv/upload_program__type_support.cpp.o\x1b[0m\n'}
[34.216589] (ur_dashboard_msgs) StdoutLine: {'line': b'[ 45%] \x1b[32mBuilding CXX object CMakeFiles/ur_dashboard_msgs__rosidl_typesupport_c.dir/rosidl_typesupport_c/ur_dashboard_msgs/srv/get_poly_scope_version__type_support.cpp.o\x1b[0m\n'}
[34.237407] (ur_dashboard_msgs) StdoutLine: {'line': b'[ 46%] \x1b[32mBuilding CXX object CMakeFiles/ur_dashboard_msgs__rosidl_typesupport_c.dir/rosidl_typesupport_c/ur_dashboard_msgs/srv/get_serial_number__type_support.cpp.o\x1b[0m\n'}
[34.259509] (ur_dashboard_msgs) StdoutLine: {'line': b'[ 46%] \x1b[32mBuilding CXX object CMakeFiles/ur_dashboard_msgs__rosidl_typesupport_c.dir/rosidl_typesupport_c/ur_dashboard_msgs/srv/get_user_role__type_support.cpp.o\x1b[0m\n'}
[34.278027] (-) TimerEvent: {}
[34.279292] (ur_dashboard_msgs) StdoutLine: {'line': b'[ 47%] \x1b[32mBuilding CXX object CMakeFiles/ur_dashboard_msgs__rosidl_typesupport_c.dir/rosidl_typesupport_c/ur_dashboard_msgs/srv/set_user_role__type_support.cpp.o\x1b[0m\n'}
[34.300099] (ur_dashboard_msgs) StdoutLine: {'line': b'[ 47%] \x1b[32mBuilding CXX object CMakeFiles/ur_dashboard_msgs__rosidl_typesupport_c.dir/rosidl_typesupport_c/ur_dashboard_msgs/srv/set_operational_mode__type_support.cpp.o\x1b[0m\n'}
[34.319291] (ur_dashboard_msgs) StdoutLine: {'line': b'[ 47%] \x1b[32mBuilding CXX object CMakeFiles/ur_dashboard_msgs__rosidl_typesupport_c.dir/rosidl_typesupport_c/ur_dashboard_msgs/srv/get_operational_mode__type_support.cpp.o\x1b[0m\n'}
[34.338880] (ur_dashboard_msgs) StdoutLine: {'line': b'[ 48%] \x1b[32mBuilding CXX object CMakeFiles/ur_dashboard_msgs__rosidl_typesupport_c.dir/rosidl_typesupport_c/ur_dashboard_msgs/srv/get_robot_model__type_support.cpp.o\x1b[0m\n'}
[34.359899] (ur_dashboard_msgs) StdoutLine: {'line': b'[ 48%] \x1b[32mBuilding CXX object CMakeFiles/ur_dashboard_msgs__rosidl_typesupport_c.dir/rosidl_typesupport_c/ur_dashboard_msgs/srv/get_safety_status__type_support.cpp.o\x1b[0m\n'}
[34.378166] (-) TimerEvent: {}
[34.380280] (ur_dashboard_msgs) StdoutLine: {'line': b'[ 48%] \x1b[32mBuilding CXX object CMakeFiles/ur_dashboard_msgs__rosidl_typesupport_c.dir/rosidl_typesupport_c/ur_dashboard_msgs/srv/generate_flight_report__type_support.cpp.o\x1b[0m\n'}
[34.399371] (ur_dashboard_msgs) StdoutLine: {'line': b'[ 49%] \x1b[32mBuilding CXX object CMakeFiles/ur_dashboard_msgs__rosidl_typesupport_c.dir/rosidl_typesupport_c/ur_dashboard_msgs/srv/generate_support_file__type_support.cpp.o\x1b[0m\n'}
[34.421697] (ur_dashboard_msgs) StdoutLine: {'line': b'[ 49%] \x1b[32mBuilding CXX object CMakeFiles/ur_dashboard_msgs__rosidl_typesupport_c.dir/rosidl_typesupport_c/ur_dashboard_msgs/action/set_mode__type_support.cpp.o\x1b[0m\n'}
[34.449849] (ur_dashboard_msgs) StdoutLine: {'line': b'[ 49%] \x1b[32m\x1b[1mLinking CXX shared library libur_dashboard_msgs__rosidl_typesupport_c.so\x1b[0m\n'}
[34.477173] (ur_dashboard_msgs) StdoutLine: {'line': b'[ 49%] Built target ur_dashboard_msgs__rosidl_typesupport_c\n'}
[34.478280] (-) TimerEvent: {}
[34.492783] (ur_dashboard_msgs) StdoutLine: {'line': b'[ 49%] \x1b[34m\x1b[1mGenerating C++ code for ROS interfaces\x1b[0m\n'}
[34.578485] (-) TimerEvent: {}
[34.678825] (-) TimerEvent: {}
[34.779171] (-) TimerEvent: {}
[34.879531] (-) TimerEvent: {}
[34.979866] (-) TimerEvent: {}
[35.080097] (-) TimerEvent: {}
[35.180489] (-) TimerEvent: {}
[35.280868] (-) TimerEvent: {}
[35.381266] (-) TimerEvent: {}
[35.481630] (-) TimerEvent: {}
[35.581998] (-) TimerEvent: {}
[35.682397] (-) TimerEvent: {}
[35.782786] (-) TimerEvent: {}
[35.854284] (ur_dashboard_msgs) StdoutLine: {'line': b'[ 49%] Built target ur_dashboard_msgs__cpp\n'}
[35.862680] (ur_dashboard_msgs) StdoutLine: {'line': b'[ 49%] \x1b[34m\x1b[1mGenerating C++ type support for eProsima Fast-RTPS\x1b[0m\n'}
[35.882953] (-) TimerEvent: {}
[35.983310] (-) TimerEvent: {}
[36.083546] (-) TimerEvent: {}
[36.183873] (-) TimerEvent: {}
[36.284214] (-) TimerEvent: {}
[36.384519] (-) TimerEvent: {}
[36.484776] (-) TimerEvent: {}
[36.585010] (-) TimerEvent: {}
[36.685267] (-) TimerEvent: {}
[36.785417] (-) TimerEvent: {}
[36.885608] (-) TimerEvent: {}
[36.985773] (-) TimerEvent: {}
[37.024037] (ur_dashboard_msgs) StdoutLine: {'line': b'[ 50%] \x1b[32mBuilding CXX object CMakeFiles/ur_dashboard_msgs__rosidl_typesupport_fastrtps_cpp.dir/rosidl_typesupport_fastrtps_cpp/ur_dashboard_msgs/msg/detail/dds_fastrtps/program_information__type_support.cpp.o\x1b[0m\n'}
[37.085887] (-) TimerEvent: {}
[37.186111] (-) TimerEvent: {}
[37.211497] (ur_dashboard_msgs) StdoutLine: {'line': b'[ 50%] \x1b[32mBuilding CXX object CMakeFiles/ur_dashboard_msgs__rosidl_typesupport_fastrtps_cpp.dir/rosidl_typesupport_fastrtps_cpp/ur_dashboard_msgs/msg/detail/dds_fastrtps/program_state__type_support.cpp.o\x1b[0m\n'}
[37.286215] (-) TimerEvent: {}
[37.386477] (-) TimerEvent: {}
[37.390905] (ur_dashboard_msgs) StdoutLine: {'line': b'[ 50%] \x1b[32mBuilding CXX object CMakeFiles/ur_dashboard_msgs__rosidl_typesupport_fastrtps_cpp.dir/rosidl_typesupport_fastrtps_cpp/ur_dashboard_msgs/msg/detail/dds_fastrtps/robot_mode__type_support.cpp.o\x1b[0m\n'}
[37.486584] (-) TimerEvent: {}
[37.575639] (ur_dashboard_msgs) StdoutLine: {'line': b'[ 51%] \x1b[32mBuilding CXX object CMakeFiles/ur_dashboard_msgs__rosidl_typesupport_fastrtps_cpp.dir/rosidl_typesupport_fastrtps_cpp/ur_dashboard_msgs/msg/detail/dds_fastrtps/safety_mode__type_support.cpp.o\x1b[0m\n'}
[37.586670] (-) TimerEvent: {}
[37.686950] (-) TimerEvent: {}
[37.761219] (ur_dashboard_msgs) StdoutLine: {'line': b'[ 51%] \x1b[32mBuilding CXX object CMakeFiles/ur_dashboard_msgs__rosidl_typesupport_fastrtps_cpp.dir/rosidl_typesupport_fastrtps_cpp/ur_dashboard_msgs/msg/detail/dds_fastrtps/operational_mode__type_support.cpp.o\x1b[0m\n'}
[37.787033] (-) TimerEvent: {}
[37.887332] (-) TimerEvent: {}
[37.942151] (ur_dashboard_msgs) StdoutLine: {'line': b'[ 51%] \x1b[32mBuilding CXX object CMakeFiles/ur_dashboard_msgs__rosidl_typesupport_fastrtps_cpp.dir/rosidl_typesupport_fastrtps_cpp/ur_dashboard_msgs/msg/detail/dds_fastrtps/user_role__type_support.cpp.o\x1b[0m\n'}
[37.987507] (-) TimerEvent: {}
[38.087737] (-) TimerEvent: {}
[38.134435] (ur_dashboard_msgs) StdoutLine: {'line': b'[ 52%] \x1b[32mBuilding CXX object CMakeFiles/ur_dashboard_msgs__rosidl_typesupport_fastrtps_cpp.dir/rosidl_typesupport_fastrtps_cpp/ur_dashboard_msgs/msg/detail/dds_fastrtps/version_information__type_support.cpp.o\x1b[0m\n'}
[38.187908] (-) TimerEvent: {}
[38.288204] (-) TimerEvent: {}
[38.317967] (ur_dashboard_msgs) StdoutLine: {'line': b'[ 52%] \x1b[32mBuilding CXX object CMakeFiles/ur_dashboard_msgs__rosidl_typesupport_fastrtps_cpp.dir/rosidl_typesupport_fastrtps_cpp/ur_dashboard_msgs/msg/detail/dds_fastrtps/safety_status__type_support.cpp.o\x1b[0m\n'}
[38.388376] (-) TimerEvent: {}
[38.488675] (-) TimerEvent: {}
[38.501251] (ur_dashboard_msgs) StdoutLine: {'line': b'[ 52%] \x1b[32mBuilding CXX object CMakeFiles/ur_dashboard_msgs__rosidl_typesupport_fastrtps_cpp.dir/rosidl_typesupport_fastrtps_cpp/ur_dashboard_msgs/srv/detail/dds_fastrtps/add_to_log__type_support.cpp.o\x1b[0m\n'}
[38.588793] (-) TimerEvent: {}
[38.689122] (-) TimerEvent: {}
[38.690169] (ur_dashboard_msgs) StdoutLine: {'line': b'[ 53%] \x1b[32mBuilding CXX object CMakeFiles/ur_dashboard_msgs__rosidl_typesupport_fastrtps_cpp.dir/rosidl_typesupport_fastrtps_cpp/ur_dashboard_msgs/srv/detail/dds_fastrtps/download_program__type_support.cpp.o\x1b[0m\n'}
[38.789298] (-) TimerEvent: {}
[38.880068] (ur_dashboard_msgs) StdoutLine: {'line': b'[ 53%] \x1b[32mBuilding CXX object CMakeFiles/ur_dashboard_msgs__rosidl_typesupport_fastrtps_cpp.dir/rosidl_typesupport_fastrtps_cpp/ur_dashboard_msgs/srv/detail/dds_fastrtps/get_loaded_program__type_support.cpp.o\x1b[0m\n'}
[38.889468] (-) TimerEvent: {}
[38.989750] (-) TimerEvent: {}
[39.072856] (ur_dashboard_msgs) StdoutLine: {'line': b'[ 54%] \x1b[32mBuilding CXX object CMakeFiles/ur_dashboard_msgs__rosidl_typesupport_fastrtps_cpp.dir/rosidl_typesupport_fastrtps_cpp/ur_dashboard_msgs/srv/detail/dds_fastrtps/get_programs__type_support.cpp.o\x1b[0m\n'}
[39.089850] (-) TimerEvent: {}
[39.190119] (-) TimerEvent: {}
[39.290339] (-) TimerEvent: {}
[39.291082] (ur_dashboard_msgs) StdoutLine: {'line': b'[ 54%] \x1b[32mBuilding CXX object CMakeFiles/ur_dashboard_msgs__rosidl_typesupport_fastrtps_cpp.dir/rosidl_typesupport_fastrtps_cpp/ur_dashboard_msgs/srv/detail/dds_fastrtps/get_program_state__type_support.cpp.o\x1b[0m\n'}
[39.390441] (-) TimerEvent: {}
[39.486415] (ur_dashboard_msgs) StdoutLine: {'line': b'[ 54%] \x1b[32mBuilding CXX object CMakeFiles/ur_dashboard_msgs__rosidl_typesupport_fastrtps_cpp.dir/rosidl_typesupport_fastrtps_cpp/ur_dashboard_msgs/srv/detail/dds_fastrtps/get_robot_mode__type_support.cpp.o\x1b[0m\n'}
[39.490495] (-) TimerEvent: {}
[39.590699] (-) TimerEvent: {}
[39.679558] (ur_dashboard_msgs) StdoutLine: {'line': b'[ 55%] \x1b[32mBuilding CXX object CMakeFiles/ur_dashboard_msgs__rosidl_typesupport_fastrtps_cpp.dir/rosidl_typesupport_fastrtps_cpp/ur_dashboard_msgs/srv/detail/dds_fastrtps/get_safety_mode__type_support.cpp.o\x1b[0m\n'}
[39.690796] (-) TimerEvent: {}
[39.791053] (-) TimerEvent: {}
[39.873899] (ur_dashboard_msgs) StdoutLine: {'line': b'[ 55%] \x1b[32mBuilding CXX object CMakeFiles/ur_dashboard_msgs__rosidl_typesupport_fastrtps_cpp.dir/rosidl_typesupport_fastrtps_cpp/ur_dashboard_msgs/srv/detail/dds_fastrtps/is_program_running__type_support.cpp.o\x1b[0m\n'}
[39.891152] (-) TimerEvent: {}
[39.991369] (-) TimerEvent: {}
[40.065862] (ur_dashboard_msgs) StdoutLine: {'line': b'[ 55%] \x1b[32mBuilding CXX object CMakeFiles/ur_dashboard_msgs__rosidl_typesupport_fastrtps_cpp.dir/rosidl_typesupport_fastrtps_cpp/ur_dashboard_msgs/srv/detail/dds_fastrtps/is_program_saved__type_support.cpp.o\x1b[0m\n'}
[40.091448] (-) TimerEvent: {}
[40.191667] (-) TimerEvent: {}
[40.259735] (ur_dashboard_msgs) StdoutLine: {'line': b'[ 56%] \x1b[32mBuilding CXX object CMakeFiles/ur_dashboard_msgs__rosidl_typesupport_fastrtps_cpp.dir/rosidl_typesupport_fastrtps_cpp/ur_dashboard_msgs/srv/detail/dds_fastrtps/load__type_support.cpp.o\x1b[0m\n'}
[40.291837] (-) TimerEvent: {}
[40.392119] (-) TimerEvent: {}
[40.455075] (ur_dashboard_msgs) StdoutLine: {'line': b'[ 56%] \x1b[32mBuilding CXX object CMakeFiles/ur_dashboard_msgs__rosidl_typesupport_fastrtps_cpp.dir/rosidl_typesupport_fastrtps_cpp/ur_dashboard_msgs/srv/detail/dds_fastrtps/popup__type_support.cpp.o\x1b[0m\n'}
[40.492295] (-) TimerEvent: {}
[40.592588] (-) TimerEvent: {}
[40.647714] (ur_dashboard_msgs) StdoutLine: {'line': b'[ 56%] \x1b[32mBuilding CXX object CMakeFiles/ur_dashboard_msgs__rosidl_typesupport_fastrtps_cpp.dir/rosidl_typesupport_fastrtps_cpp/ur_dashboard_msgs/srv/detail/dds_fastrtps/raw_request__type_support.cpp.o\x1b[0m\n'}
[40.692766] (-) TimerEvent: {}
[40.793061] (-) TimerEvent: {}
[40.839123] (ur_dashboard_msgs) StdoutLine: {'line': b'[ 57%] \x1b[32mBuilding CXX object CMakeFiles/ur_dashboard_msgs__rosidl_typesupport_fastrtps_cpp.dir/rosidl_typesupport_fastrtps_cpp/ur_dashboard_msgs/srv/detail/dds_fastrtps/is_in_remote_control__type_support.cpp.o\x1b[0m\n'}
[40.893235] (-) TimerEvent: {}
[40.993440] (-) TimerEvent: {}
[41.030524] (ur_dashboard_msgs) StdoutLine: {'line': b'[ 57%] \x1b[32mBuilding CXX object CMakeFiles/ur_dashboard_msgs__rosidl_typesupport_fastrtps_cpp.dir/rosidl_typesupport_fastrtps_cpp/ur_dashboard_msgs/srv/detail/dds_fastrtps/upload_program__type_support.cpp.o\x1b[0m\n'}
[41.093529] (-) TimerEvent: {}
[41.193751] (-) TimerEvent: {}
[41.227093] (ur_dashboard_msgs) StdoutLine: {'line': b'[ 57%] \x1b[32mBuilding CXX object CMakeFiles/ur_dashboard_msgs__rosidl_typesupport_fastrtps_cpp.dir/rosidl_typesupport_fastrtps_cpp/ur_dashboard_msgs/srv/detail/dds_fastrtps/get_poly_scope_version__type_support.cpp.o\x1b[0m\n'}
[41.293859] (-) TimerEvent: {}
[41.394085] (-) TimerEvent: {}
[41.420381] (ur_dashboard_msgs) StdoutLine: {'line': b'[ 58%] \x1b[32mBuilding CXX object CMakeFiles/ur_dashboard_msgs__rosidl_typesupport_fastrtps_cpp.dir/rosidl_typesupport_fastrtps_cpp/ur_dashboard_msgs/srv/detail/dds_fastrtps/get_serial_number__type_support.cpp.o\x1b[0m\n'}
[41.494259] (-) TimerEvent: {}
[41.594559] (-) TimerEvent: {}
[41.614297] (ur_dashboard_msgs) StdoutLine: {'line': b'[ 58%] \x1b[32mBuilding CXX object CMakeFiles/ur_dashboard_msgs__rosidl_typesupport_fastrtps_cpp.dir/rosidl_typesupport_fastrtps_cpp/ur_dashboard_msgs/srv/detail/dds_fastrtps/get_user_role__type_support.cpp.o\x1b[0m\n'}
[41.694732] (-) TimerEvent: {}
[41.795032] (-) TimerEvent: {}
[41.804153] (ur_dashboard_msgs) StdoutLine: {'line': b'[ 58%] \x1b[32mBuilding CXX object CMakeFiles/ur_dashboard_msgs__rosidl_typesupport_fastrtps_cpp.dir/rosidl_typesupport_fastrtps_cpp/ur_dashboard_msgs/srv/detail/dds_fastrtps/set_user_role__type_support.cpp.o\x1b[0m\n'}
[41.895210] (-) TimerEvent: {}
[41.995472] (-) TimerEvent: {}
[41.999916] (ur_dashboard_msgs) StdoutLine: {'line': b'[ 59%] \x1b[32mBuilding CXX object CMakeFiles/ur_dashboard_msgs__rosidl_typesupport_fastrtps_cpp.dir/rosidl_typesupport_fastrtps_cpp/ur_dashboard_msgs/srv/detail/dds_fastrtps/set_operational_mode__type_support.cpp.o\x1b[0m\n'}
[42.095584] (-) TimerEvent: {}
[42.195849] (-) TimerEvent: {}
[42.203018] (ur_dashboard_msgs) StdoutLine: {'line': b'[ 59%] \x1b[32mBuilding CXX object CMakeFiles/ur_dashboard_msgs__rosidl_typesupport_fastrtps_cpp.dir/rosidl_typesupport_fastrtps_cpp/ur_dashboard_msgs/srv/detail/dds_fastrtps/get_operational_mode__type_support.cpp.o\x1b[0m\n'}
[42.295990] (-) TimerEvent: {}
[42.396286] (-) TimerEvent: {}
[42.405402] (ur_dashboard_msgs) StdoutLine: {'line': b'[ 59%] \x1b[32mBuilding CXX object CMakeFiles/ur_dashboard_msgs__rosidl_typesupport_fastrtps_cpp.dir/rosidl_typesupport_fastrtps_cpp/ur_dashboard_msgs/srv/detail/dds_fastrtps/get_robot_model__type_support.cpp.o\x1b[0m\n'}
[42.496481] (-) TimerEvent: {}
[42.596860] (-) TimerEvent: {}
[42.609269] (ur_dashboard_msgs) StdoutLine: {'line': b'[ 60%] \x1b[32mBuilding CXX object CMakeFiles/ur_dashboard_msgs__rosidl_typesupport_fastrtps_cpp.dir/rosidl_typesupport_fastrtps_cpp/ur_dashboard_msgs/srv/detail/dds_fastrtps/get_safety_status__type_support.cpp.o\x1b[0m\n'}
[42.697049] (-) TimerEvent: {}
[42.797352] (-) TimerEvent: {}
[42.813242] (ur_dashboard_msgs) StdoutLine: {'line': b'[ 60%] \x1b[32mBuilding CXX object CMakeFiles/ur_dashboard_msgs__rosidl_typesupport_fastrtps_cpp.dir/rosidl_typesupport_fastrtps_cpp/ur_dashboard_msgs/srv/detail/dds_fastrtps/generate_flight_report__type_support.cpp.o\x1b[0m\n'}
[42.897442] (-) TimerEvent: {}
[42.997686] (-) TimerEvent: {}
[43.003123] (ur_dashboard_msgs) StdoutLine: {'line': b'[ 60%] \x1b[32mBuilding CXX object CMakeFiles/ur_dashboard_msgs__rosidl_typesupport_fastrtps_cpp.dir/rosidl_typesupport_fastrtps_cpp/ur_dashboard_msgs/srv/detail/dds_fastrtps/generate_support_file__type_support.cpp.o\x1b[0m\n'}
[43.097862] (-) TimerEvent: {}
[43.198102] (-) TimerEvent: {}
[43.203979] (ur_dashboard_msgs) StdoutLine: {'line': b'[ 61%] \x1b[32mBuilding CXX object CMakeFiles/ur_dashboard_msgs__rosidl_typesupport_fastrtps_cpp.dir/rosidl_typesupport_fastrtps_cpp/ur_dashboard_msgs/action/detail/dds_fastrtps/set_mode__type_support.cpp.o\x1b[0m\n'}
[43.298276] (-) TimerEvent: {}
[43.398493] (-) TimerEvent: {}
[43.470040] (ur_dashboard_msgs) StdoutLine: {'line': b'[ 61%] \x1b[32m\x1b[1mLinking CXX shared library libur_dashboard_msgs__rosidl_typesupport_fastrtps_cpp.so\x1b[0m\n'}
[43.498664] (-) TimerEvent: {}
[43.517914] (ur_dashboard_msgs) StdoutLine: {'line': b'[ 61%] Built target ur_dashboard_msgs__rosidl_typesupport_fastrtps_cpp\n'}
[43.526396] (ur_dashboard_msgs) StdoutLine: {'line': b'[ 61%] \x1b[34m\x1b[1mGenerating C++ introspection for ROS interfaces\x1b[0m\n'}
[43.598837] (-) TimerEvent: {}
[43.699095] (-) TimerEvent: {}
[43.799357] (-) TimerEvent: {}
[43.899535] (-) TimerEvent: {}
[43.999720] (-) TimerEvent: {}
[44.099962] (-) TimerEvent: {}
[44.200116] (-) TimerEvent: {}
[44.300313] (-) TimerEvent: {}
[44.400458] (-) TimerEvent: {}
[44.454963] (ur_dashboard_msgs) StdoutLine: {'line': b'[ 62%] \x1b[32mBuilding CXX object CMakeFiles/ur_dashboard_msgs__rosidl_typesupport_introspection_cpp.dir/rosidl_typesupport_introspection_cpp/ur_dashboard_msgs/msg/detail/program_information__type_support.cpp.o\x1b[0m\n'}
[44.500550] (-) TimerEvent: {}
[44.600786] (-) TimerEvent: {}
[44.631922] (ur_dashboard_msgs) StdoutLine: {'line': b'[ 62%] \x1b[32mBuilding CXX object CMakeFiles/ur_dashboard_msgs__rosidl_typesupport_introspection_cpp.dir/rosidl_typesupport_introspection_cpp/ur_dashboard_msgs/msg/detail/program_state__type_support.cpp.o\x1b[0m\n'}
[44.700952] (-) TimerEvent: {}
[44.801345] (-) TimerEvent: {}
[44.808539] (ur_dashboard_msgs) StdoutLine: {'line': b'[ 62%] \x1b[32mBuilding CXX object CMakeFiles/ur_dashboard_msgs__rosidl_typesupport_introspection_cpp.dir/rosidl_typesupport_introspection_cpp/ur_dashboard_msgs/msg/detail/robot_mode__type_support.cpp.o\x1b[0m\n'}
[44.901518] (-) TimerEvent: {}
[44.982656] (ur_dashboard_msgs) StdoutLine: {'line': b'[ 63%] \x1b[32mBuilding CXX object CMakeFiles/ur_dashboard_msgs__rosidl_typesupport_introspection_cpp.dir/rosidl_typesupport_introspection_cpp/ur_dashboard_msgs/msg/detail/safety_mode__type_support.cpp.o\x1b[0m\n'}
[45.001604] (-) TimerEvent: {}
[45.101895] (-) TimerEvent: {}
[45.156535] (ur_dashboard_msgs) StdoutLine: {'line': b'[ 63%] \x1b[32mBuilding CXX object CMakeFiles/ur_dashboard_msgs__rosidl_typesupport_introspection_cpp.dir/rosidl_typesupport_introspection_cpp/ur_dashboard_msgs/msg/detail/operational_mode__type_support.cpp.o\x1b[0m\n'}
[45.202010] (-) TimerEvent: {}
[45.302304] (-) TimerEvent: {}
[45.333589] (ur_dashboard_msgs) StdoutLine: {'line': b'[ 63%] \x1b[32mBuilding CXX object CMakeFiles/ur_dashboard_msgs__rosidl_typesupport_introspection_cpp.dir/rosidl_typesupport_introspection_cpp/ur_dashboard_msgs/msg/detail/user_role__type_support.cpp.o\x1b[0m\n'}
[45.402398] (-) TimerEvent: {}
[45.502639] (-) TimerEvent: {}
[45.510915] (ur_dashboard_msgs) StdoutLine: {'line': b'[ 64%] \x1b[32mBuilding CXX object CMakeFiles/ur_dashboard_msgs__rosidl_typesupport_introspection_cpp.dir/rosidl_typesupport_introspection_cpp/ur_dashboard_msgs/msg/detail/version_information__type_support.cpp.o\x1b[0m\n'}
[45.602816] (-) TimerEvent: {}
[45.686703] (ur_dashboard_msgs) StdoutLine: {'line': b'[ 64%] \x1b[32mBuilding CXX object CMakeFiles/ur_dashboard_msgs__rosidl_typesupport_introspection_cpp.dir/rosidl_typesupport_introspection_cpp/ur_dashboard_msgs/msg/detail/safety_status__type_support.cpp.o\x1b[0m\n'}
[45.702978] (-) TimerEvent: {}
[45.803184] (-) TimerEvent: {}
[45.863494] (ur_dashboard_msgs) StdoutLine: {'line': b'[ 64%] \x1b[32mBuilding CXX object CMakeFiles/ur_dashboard_msgs__rosidl_typesupport_introspection_cpp.dir/rosidl_typesupport_introspection_cpp/ur_dashboard_msgs/srv/detail/add_to_log__type_support.cpp.o\x1b[0m\n'}
[45.903268] (-) TimerEvent: {}
[46.003473] (-) TimerEvent: {}
[46.043740] (ur_dashboard_msgs) StdoutLine: {'line': b'[ 65%] \x1b[32mBuilding CXX object CMakeFiles/ur_dashboard_msgs__rosidl_typesupport_introspection_cpp.dir/rosidl_typesupport_introspection_cpp/ur_dashboard_msgs/srv/detail/download_program__type_support.cpp.o\x1b[0m\n'}
[46.103649] (-) TimerEvent: {}
[46.203879] (-) TimerEvent: {}
[46.226231] (ur_dashboard_msgs) StdoutLine: {'line': b'[ 65%] \x1b[32mBuilding CXX object CMakeFiles/ur_dashboard_msgs__rosidl_typesupport_introspection_cpp.dir/rosidl_typesupport_introspection_cpp/ur_dashboard_msgs/srv/detail/get_loaded_program__type_support.cpp.o\x1b[0m\n'}
[46.304052] (-) TimerEvent: {}
[46.403092] (ur_dashboard_msgs) StdoutLine: {'line': b'[ 66%] \x1b[32mBuilding CXX object CMakeFiles/ur_dashboard_msgs__rosidl_typesupport_introspection_cpp.dir/rosidl_typesupport_introspection_cpp/ur_dashboard_msgs/srv/detail/get_programs__type_support.cpp.o\x1b[0m\n'}
[46.404161] (-) TimerEvent: {}
[46.504336] (-) TimerEvent: {}
[46.604123] (ur_dashboard_msgs) StdoutLine: {'line': b'[ 66%] \x1b[32mBuilding CXX object CMakeFiles/ur_dashboard_msgs__rosidl_typesupport_introspection_cpp.dir/rosidl_typesupport_introspection_cpp/ur_dashboard_msgs/srv/detail/get_program_state__type_support.cpp.o\x1b[0m\n'}
[46.604388] (-) TimerEvent: {}
[46.704625] (-) TimerEvent: {}
[46.782115] (ur_dashboard_msgs) StdoutLine: {'line': b'[ 66%] \x1b[32mBuilding CXX object CMakeFiles/ur_dashboard_msgs__rosidl_typesupport_introspection_cpp.dir/rosidl_typesupport_introspection_cpp/ur_dashboard_msgs/srv/detail/get_robot_mode__type_support.cpp.o\x1b[0m\n'}
[46.804792] (-) TimerEvent: {}
[46.905062] (-) TimerEvent: {}
[46.963555] (ur_dashboard_msgs) StdoutLine: {'line': b'[ 67%] \x1b[32mBuilding CXX object CMakeFiles/ur_dashboard_msgs__rosidl_typesupport_introspection_cpp.dir/rosidl_typesupport_introspection_cpp/ur_dashboard_msgs/srv/detail/get_safety_mode__type_support.cpp.o\x1b[0m\n'}
[47.005263] (-) TimerEvent: {}
[47.105564] (-) TimerEvent: {}
[47.147942] (ur_dashboard_msgs) StdoutLine: {'line': b'[ 67%] \x1b[32mBuilding CXX object CMakeFiles/ur_dashboard_msgs__rosidl_typesupport_introspection_cpp.dir/rosidl_typesupport_introspection_cpp/ur_dashboard_msgs/srv/detail/is_program_running__type_support.cpp.o\x1b[0m\n'}
[47.205730] (-) TimerEvent: {}
[47.306011] (-) TimerEvent: {}
[47.328852] (ur_dashboard_msgs) StdoutLine: {'line': b'[ 67%] \x1b[32mBuilding CXX object CMakeFiles/ur_dashboard_msgs__rosidl_typesupport_introspection_cpp.dir/rosidl_typesupport_introspection_cpp/ur_dashboard_msgs/srv/detail/is_program_saved__type_support.cpp.o\x1b[0m\n'}
[47.406185] (-) TimerEvent: {}
[47.506432] (-) TimerEvent: {}
[47.509288] (ur_dashboard_msgs) StdoutLine: {'line': b'[ 68%] \x1b[32mBuilding CXX object CMakeFiles/ur_dashboard_msgs__rosidl_typesupport_introspection_cpp.dir/rosidl_typesupport_introspection_cpp/ur_dashboard_msgs/srv/detail/load__type_support.cpp.o\x1b[0m\n'}
[47.606559] (-) TimerEvent: {}
[47.687523] (ur_dashboard_msgs) StdoutLine: {'line': b'[ 68%] \x1b[32mBuilding CXX object CMakeFiles/ur_dashboard_msgs__rosidl_typesupport_introspection_cpp.dir/rosidl_typesupport_introspection_cpp/ur_dashboard_msgs/srv/detail/popup__type_support.cpp.o\x1b[0m\n'}
[47.706665] (-) TimerEvent: {}
[47.806932] (-) TimerEvent: {}
[47.865754] (ur_dashboard_msgs) StdoutLine: {'line': b'[ 68%] \x1b[32mBuilding CXX object CMakeFiles/ur_dashboard_msgs__rosidl_typesupport_introspection_cpp.dir/rosidl_typesupport_introspection_cpp/ur_dashboard_msgs/srv/detail/raw_request__type_support.cpp.o\x1b[0m\n'}
[47.907116] (-) TimerEvent: {}
[48.007362] (-) TimerEvent: {}
[48.063738] (ur_dashboard_msgs) StdoutLine: {'line': b'[ 69%] \x1b[32mBuilding CXX object CMakeFiles/ur_dashboard_msgs__rosidl_typesupport_introspection_cpp.dir/rosidl_typesupport_introspection_cpp/ur_dashboard_msgs/srv/detail/is_in_remote_control__type_support.cpp.o\x1b[0m\n'}
[48.107462] (-) TimerEvent: {}
[48.207712] (-) TimerEvent: {}
[48.265129] (ur_dashboard_msgs) StdoutLine: {'line': b'[ 69%] \x1b[32mBuilding CXX object CMakeFiles/ur_dashboard_msgs__rosidl_typesupport_introspection_cpp.dir/rosidl_typesupport_introspection_cpp/ur_dashboard_msgs/srv/detail/upload_program__type_support.cpp.o\x1b[0m\n'}
[48.307891] (-) TimerEvent: {}
[48.408190] (-) TimerEvent: {}
[48.447018] (ur_dashboard_msgs) StdoutLine: {'line': b'[ 69%] \x1b[32mBuilding CXX object CMakeFiles/ur_dashboard_msgs__rosidl_typesupport_introspection_cpp.dir/rosidl_typesupport_introspection_cpp/ur_dashboard_msgs/srv/detail/get_poly_scope_version__type_support.cpp.o\x1b[0m\n'}
[48.508402] (-) TimerEvent: {}
[48.608785] (-) TimerEvent: {}
[48.626772] (ur_dashboard_msgs) StdoutLine: {'line': b'[ 70%] \x1b[32mBuilding CXX object CMakeFiles/ur_dashboard_msgs__rosidl_typesupport_introspection_cpp.dir/rosidl_typesupport_introspection_cpp/ur_dashboard_msgs/srv/detail/get_serial_number__type_support.cpp.o\x1b[0m\n'}
[48.708959] (-) TimerEvent: {}
[48.808289] (ur_dashboard_msgs) StdoutLine: {'line': b'[ 70%] \x1b[32mBuilding CXX object CMakeFiles/ur_dashboard_msgs__rosidl_typesupport_introspection_cpp.dir/rosidl_typesupport_introspection_cpp/ur_dashboard_msgs/srv/detail/get_user_role__type_support.cpp.o\x1b[0m\n'}
[48.809033] (-) TimerEvent: {}
[48.909332] (-) TimerEvent: {}
[49.009661] (-) TimerEvent: {}
[49.010900] (ur_dashboard_msgs) StdoutLine: {'line': b'[ 70%] \x1b[32mBuilding CXX object CMakeFiles/ur_dashboard_msgs__rosidl_typesupport_introspection_cpp.dir/rosidl_typesupport_introspection_cpp/ur_dashboard_msgs/srv/detail/set_user_role__type_support.cpp.o\x1b[0m\n'}
[49.109864] (-) TimerEvent: {}
[49.202144] (ur_dashboard_msgs) StdoutLine: {'line': b'[ 71%] \x1b[32mBuilding CXX object CMakeFiles/ur_dashboard_msgs__rosidl_typesupport_introspection_cpp.dir/rosidl_typesupport_introspection_cpp/ur_dashboard_msgs/srv/detail/set_operational_mode__type_support.cpp.o\x1b[0m\n'}
[49.210042] (-) TimerEvent: {}
[49.310410] (-) TimerEvent: {}
[49.394333] (ur_dashboard_msgs) StdoutLine: {'line': b'[ 71%] \x1b[32mBuilding CXX object CMakeFiles/ur_dashboard_msgs__rosidl_typesupport_introspection_cpp.dir/rosidl_typesupport_introspection_cpp/ur_dashboard_msgs/srv/detail/get_operational_mode__type_support.cpp.o\x1b[0m\n'}
[49.410537] (-) TimerEvent: {}
[49.510957] (-) TimerEvent: {}
[49.587412] (ur_dashboard_msgs) StdoutLine: {'line': b'[ 71%] \x1b[32mBuilding CXX object CMakeFiles/ur_dashboard_msgs__rosidl_typesupport_introspection_cpp.dir/rosidl_typesupport_introspection_cpp/ur_dashboard_msgs/srv/detail/get_robot_model__type_support.cpp.o\x1b[0m\n'}
[49.611106] (-) TimerEvent: {}
[49.711508] (-) TimerEvent: {}
[49.771737] (ur_dashboard_msgs) StdoutLine: {'line': b'[ 72%] \x1b[32mBuilding CXX object CMakeFiles/ur_dashboard_msgs__rosidl_typesupport_introspection_cpp.dir/rosidl_typesupport_introspection_cpp/ur_dashboard_msgs/srv/detail/get_safety_status__type_support.cpp.o\x1b[0m\n'}
[49.811643] (-) TimerEvent: {}
[49.912017] (-) TimerEvent: {}
[49.952888] (ur_dashboard_msgs) StdoutLine: {'line': b'[ 72%] \x1b[32mBuilding CXX object CMakeFiles/ur_dashboard_msgs__rosidl_typesupport_introspection_cpp.dir/rosidl_typesupport_introspection_cpp/ur_dashboard_msgs/srv/detail/generate_flight_report__type_support.cpp.o\x1b[0m\n'}
[50.012232] (-) TimerEvent: {}
[50.112597] (-) TimerEvent: {}
[50.133900] (ur_dashboard_msgs) StdoutLine: {'line': b'[ 72%] \x1b[32mBuilding CXX object CMakeFiles/ur_dashboard_msgs__rosidl_typesupport_introspection_cpp.dir/rosidl_typesupport_introspection_cpp/ur_dashboard_msgs/srv/detail/generate_support_file__type_support.cpp.o\x1b[0m\n'}
[50.212807] (-) TimerEvent: {}
[50.313181] (-) TimerEvent: {}
[50.314410] (ur_dashboard_msgs) StdoutLine: {'line': b'[ 73%] \x1b[32mBuilding CXX object CMakeFiles/ur_dashboard_msgs__rosidl_typesupport_introspection_cpp.dir/rosidl_typesupport_introspection_cpp/ur_dashboard_msgs/action/detail/set_mode__type_support.cpp.o\x1b[0m\n'}
[50.413401] (-) TimerEvent: {}
[50.513799] (-) TimerEvent: {}
[50.598997] (ur_dashboard_msgs) StdoutLine: {'line': b'[ 73%] \x1b[32m\x1b[1mLinking CXX shared library libur_dashboard_msgs__rosidl_typesupport_introspection_cpp.so\x1b[0m\n'}
[50.613916] (-) TimerEvent: {}
[50.651151] (ur_dashboard_msgs) StdoutLine: {'line': b'[ 73%] Built target ur_dashboard_msgs__rosidl_typesupport_introspection_cpp\n'}
[50.659063] (ur_dashboard_msgs) StdoutLine: {'line': b'[ 73%] \x1b[34m\x1b[1mGenerating C++ type support dispatch for ROS interfaces\x1b[0m\n'}
[50.714010] (-) TimerEvent: {}
[50.814341] (-) TimerEvent: {}
[50.914610] (-) TimerEvent: {}
[51.014952] (-) TimerEvent: {}
[51.115287] (-) TimerEvent: {}
[51.215521] (-) TimerEvent: {}
[51.315853] (-) TimerEvent: {}
[51.414106] (ur_dashboard_msgs) StdoutLine: {'line': b'[ 74%] \x1b[32mBuilding CXX object CMakeFiles/ur_dashboard_msgs__rosidl_typesupport_cpp.dir/rosidl_typesupport_cpp/ur_dashboard_msgs/msg/program_information__type_support.cpp.o\x1b[0m\n'}
[51.415963] (-) TimerEvent: {}
[51.516283] (-) TimerEvent: {}
[51.544307] (ur_dashboard_msgs) StdoutLine: {'line': b'[ 74%] \x1b[32mBuilding CXX object CMakeFiles/ur_dashboard_msgs__rosidl_typesupport_cpp.dir/rosidl_typesupport_cpp/ur_dashboard_msgs/msg/program_state__type_support.cpp.o\x1b[0m\n'}
[51.616490] (-) TimerEvent: {}
[51.674311] (ur_dashboard_msgs) StdoutLine: {'line': b'[ 74%] \x1b[32mBuilding CXX object CMakeFiles/ur_dashboard_msgs__rosidl_typesupport_cpp.dir/rosidl_typesupport_cpp/ur_dashboard_msgs/msg/robot_mode__type_support.cpp.o\x1b[0m\n'}
[51.716630] (-) TimerEvent: {}
[51.798879] (ur_dashboard_msgs) StdoutLine: {'line': b'[ 75%] \x1b[32mBuilding CXX object CMakeFiles/ur_dashboard_msgs__rosidl_typesupport_cpp.dir/rosidl_typesupport_cpp/ur_dashboard_msgs/msg/safety_mode__type_support.cpp.o\x1b[0m\n'}
[51.816791] (-) TimerEvent: {}
[51.917073] (-) TimerEvent: {}
[51.924819] (ur_dashboard_msgs) StdoutLine: {'line': b'[ 75%] \x1b[32mBuilding CXX object CMakeFiles/ur_dashboard_msgs__rosidl_typesupport_cpp.dir/rosidl_typesupport_cpp/ur_dashboard_msgs/msg/operational_mode__type_support.cpp.o\x1b[0m\n'}
[52.017194] (-) TimerEvent: {}
[52.053554] (ur_dashboard_msgs) StdoutLine: {'line': b'[ 75%] \x1b[32mBuilding CXX object CMakeFiles/ur_dashboard_msgs__rosidl_typesupport_cpp.dir/rosidl_typesupport_cpp/ur_dashboard_msgs/msg/user_role__type_support.cpp.o\x1b[0m\n'}
[52.117376] (-) TimerEvent: {}
[52.181560] (ur_dashboard_msgs) StdoutLine: {'line': b'[ 76%] \x1b[32mBuilding CXX object CMakeFiles/ur_dashboard_msgs__rosidl_typesupport_cpp.dir/rosidl_typesupport_cpp/ur_dashboard_msgs/msg/version_information__type_support.cpp.o\x1b[0m\n'}
[52.217482] (-) TimerEvent: {}
[52.307019] (ur_dashboard_msgs) StdoutLine: {'line': b'[ 76%] \x1b[32mBuilding CXX object CMakeFiles/ur_dashboard_msgs__rosidl_typesupport_cpp.dir/rosidl_typesupport_cpp/ur_dashboard_msgs/msg/safety_status__type_support.cpp.o\x1b[0m\n'}
[52.317556] (-) TimerEvent: {}
[52.417787] (-) TimerEvent: {}
[52.446584] (ur_dashboard_msgs) StdoutLine: {'line': b'[ 76%] \x1b[32mBuilding CXX object CMakeFiles/ur_dashboard_msgs__rosidl_typesupport_cpp.dir/rosidl_typesupport_cpp/ur_dashboard_msgs/srv/add_to_log__type_support.cpp.o\x1b[0m\n'}
[52.518000] (-) TimerEvent: {}
[52.573432] (ur_dashboard_msgs) StdoutLine: {'line': b'[ 77%] \x1b[32mBuilding CXX object CMakeFiles/ur_dashboard_msgs__rosidl_typesupport_cpp.dir/rosidl_typesupport_cpp/ur_dashboard_msgs/srv/download_program__type_support.cpp.o\x1b[0m\n'}
[52.618212] (-) TimerEvent: {}
[52.702507] (ur_dashboard_msgs) StdoutLine: {'line': b'[ 77%] \x1b[32mBuilding CXX object CMakeFiles/ur_dashboard_msgs__rosidl_typesupport_cpp.dir/rosidl_typesupport_cpp/ur_dashboard_msgs/srv/get_loaded_program__type_support.cpp.o\x1b[0m\n'}
[52.718331] (-) TimerEvent: {}
[52.818544] (-) TimerEvent: {}
[52.832244] (ur_dashboard_msgs) StdoutLine: {'line': b'[ 78%] \x1b[32mBuilding CXX object CMakeFiles/ur_dashboard_msgs__rosidl_typesupport_cpp.dir/rosidl_typesupport_cpp/ur_dashboard_msgs/srv/get_programs__type_support.cpp.o\x1b[0m\n'}
[52.918660] (-) TimerEvent: {}
[52.961779] (ur_dashboard_msgs) StdoutLine: {'line': b'[ 78%] \x1b[32mBuilding CXX object CMakeFiles/ur_dashboard_msgs__rosidl_typesupport_cpp.dir/rosidl_typesupport_cpp/ur_dashboard_msgs/srv/get_program_state__type_support.cpp.o\x1b[0m\n'}
[53.018776] (-) TimerEvent: {}
[53.091681] (ur_dashboard_msgs) StdoutLine: {'line': b'[ 78%] \x1b[32mBuilding CXX object CMakeFiles/ur_dashboard_msgs__rosidl_typesupport_cpp.dir/rosidl_typesupport_cpp/ur_dashboard_msgs/srv/get_robot_mode__type_support.cpp.o\x1b[0m\n'}
[53.118879] (-) TimerEvent: {}
[53.219121] (-) TimerEvent: {}
[53.225230] (ur_dashboard_msgs) StdoutLine: {'line': b'[ 79%] \x1b[32mBuilding CXX object CMakeFiles/ur_dashboard_msgs__rosidl_typesupport_cpp.dir/rosidl_typesupport_cpp/ur_dashboard_msgs/srv/get_safety_mode__type_support.cpp.o\x1b[0m\n'}
[53.319290] (-) TimerEvent: {}
[53.352967] (ur_dashboard_msgs) StdoutLine: {'line': b'[ 79%] \x1b[32mBuilding CXX object CMakeFiles/ur_dashboard_msgs__rosidl_typesupport_cpp.dir/rosidl_typesupport_cpp/ur_dashboard_msgs/srv/is_program_running__type_support.cpp.o\x1b[0m\n'}
[53.419378] (-) TimerEvent: {}
[53.484373] (ur_dashboard_msgs) StdoutLine: {'line': b'[ 79%] \x1b[32mBuilding CXX object CMakeFiles/ur_dashboard_msgs__rosidl_typesupport_cpp.dir/rosidl_typesupport_cpp/ur_dashboard_msgs/srv/is_program_saved__type_support.cpp.o\x1b[0m\n'}
[53.519466] (-) TimerEvent: {}
[53.610575] (ur_dashboard_msgs) StdoutLine: {'line': b'[ 80%] \x1b[32mBuilding CXX object CMakeFiles/ur_dashboard_msgs__rosidl_typesupport_cpp.dir/rosidl_typesupport_cpp/ur_dashboard_msgs/srv/load__type_support.cpp.o\x1b[0m\n'}
[53.619572] (-) TimerEvent: {}
[53.719783] (-) TimerEvent: {}
[53.737352] (ur_dashboard_msgs) StdoutLine: {'line': b'[ 80%] \x1b[32mBuilding CXX object CMakeFiles/ur_dashboard_msgs__rosidl_typesupport_cpp.dir/rosidl_typesupport_cpp/ur_dashboard_msgs/srv/popup__type_support.cpp.o\x1b[0m\n'}
[53.819894] (-) TimerEvent: {}
[53.865219] (ur_dashboard_msgs) StdoutLine: {'line': b'[ 80%] \x1b[32mBuilding CXX object CMakeFiles/ur_dashboard_msgs__rosidl_typesupport_cpp.dir/rosidl_typesupport_cpp/ur_dashboard_msgs/srv/raw_request__type_support.cpp.o\x1b[0m\n'}
[53.920017] (-) TimerEvent: {}
[53.992268] (ur_dashboard_msgs) StdoutLine: {'line': b'[ 81%] \x1b[32mBuilding CXX object CMakeFiles/ur_dashboard_msgs__rosidl_typesupport_cpp.dir/rosidl_typesupport_cpp/ur_dashboard_msgs/srv/is_in_remote_control__type_support.cpp.o\x1b[0m\n'}
[54.020127] (-) TimerEvent: {}
[54.120341] (-) TimerEvent: {}
[54.121480] (ur_dashboard_msgs) StdoutLine: {'line': b'[ 81%] \x1b[32mBuilding CXX object CMakeFiles/ur_dashboard_msgs__rosidl_typesupport_cpp.dir/rosidl_typesupport_cpp/ur_dashboard_msgs/srv/upload_program__type_support.cpp.o\x1b[0m\n'}
[54.220428] (-) TimerEvent: {}
[54.249433] (ur_dashboard_msgs) StdoutLine: {'line': b'[ 81%] \x1b[32mBuilding CXX object CMakeFiles/ur_dashboard_msgs__rosidl_typesupport_cpp.dir/rosidl_typesupport_cpp/ur_dashboard_msgs/srv/get_poly_scope_version__type_support.cpp.o\x1b[0m\n'}
[54.320533] (-) TimerEvent: {}
[54.377414] (ur_dashboard_msgs) StdoutLine: {'line': b'[ 82%] \x1b[32mBuilding CXX object CMakeFiles/ur_dashboard_msgs__rosidl_typesupport_cpp.dir/rosidl_typesupport_cpp/ur_dashboard_msgs/srv/get_serial_number__type_support.cpp.o\x1b[0m\n'}
[54.420637] (-) TimerEvent: {}
[54.505690] (ur_dashboard_msgs) StdoutLine: {'line': b'[ 82%] \x1b[32mBuilding CXX object CMakeFiles/ur_dashboard_msgs__rosidl_typesupport_cpp.dir/rosidl_typesupport_cpp/ur_dashboard_msgs/srv/get_user_role__type_support.cpp.o\x1b[0m\n'}
[54.520732] (-) TimerEvent: {}
[54.620927] (-) TimerEvent: {}
[54.634218] (ur_dashboard_msgs) StdoutLine: {'line': b'[ 82%] \x1b[32mBuilding CXX object CMakeFiles/ur_dashboard_msgs__rosidl_typesupport_cpp.dir/rosidl_typesupport_cpp/ur_dashboard_msgs/srv/set_user_role__type_support.cpp.o\x1b[0m\n'}
[54.721039] (-) TimerEvent: {}
[54.766507] (ur_dashboard_msgs) StdoutLine: {'line': b'[ 83%] \x1b[32mBuilding CXX object CMakeFiles/ur_dashboard_msgs__rosidl_typesupport_cpp.dir/rosidl_typesupport_cpp/ur_dashboard_msgs/srv/set_operational_mode__type_support.cpp.o\x1b[0m\n'}
[54.821215] (-) TimerEvent: {}
[54.899542] (ur_dashboard_msgs) StdoutLine: {'line': b'[ 83%] \x1b[32mBuilding CXX object CMakeFiles/ur_dashboard_msgs__rosidl_typesupport_cpp.dir/rosidl_typesupport_cpp/ur_dashboard_msgs/srv/get_operational_mode__type_support.cpp.o\x1b[0m\n'}
[54.921325] (-) TimerEvent: {}
[55.021533] (-) TimerEvent: {}
[55.027431] (ur_dashboard_msgs) StdoutLine: {'line': b'[ 83%] \x1b[32mBuilding CXX object CMakeFiles/ur_dashboard_msgs__rosidl_typesupport_cpp.dir/rosidl_typesupport_cpp/ur_dashboard_msgs/srv/get_robot_model__type_support.cpp.o\x1b[0m\n'}
[55.121650] (-) TimerEvent: {}
[55.159488] (ur_dashboard_msgs) StdoutLine: {'line': b'[ 84%] \x1b[32mBuilding CXX object CMakeFiles/ur_dashboard_msgs__rosidl_typesupport_cpp.dir/rosidl_typesupport_cpp/ur_dashboard_msgs/srv/get_safety_status__type_support.cpp.o\x1b[0m\n'}
[55.221786] (-) TimerEvent: {}
[55.292432] (ur_dashboard_msgs) StdoutLine: {'line': b'[ 84%] \x1b[32mBuilding CXX object CMakeFiles/ur_dashboard_msgs__rosidl_typesupport_cpp.dir/rosidl_typesupport_cpp/ur_dashboard_msgs/srv/generate_flight_report__type_support.cpp.o\x1b[0m\n'}
[55.321952] (-) TimerEvent: {}
[55.418059] (ur_dashboard_msgs) StdoutLine: {'line': b'[ 84%] \x1b[32mBuilding CXX object CMakeFiles/ur_dashboard_msgs__rosidl_typesupport_cpp.dir/rosidl_typesupport_cpp/ur_dashboard_msgs/srv/generate_support_file__type_support.cpp.o\x1b[0m\n'}
[55.422062] (-) TimerEvent: {}
[55.522271] (-) TimerEvent: {}
[55.548323] (ur_dashboard_msgs) StdoutLine: {'line': b'[ 85%] \x1b[32mBuilding CXX object CMakeFiles/ur_dashboard_msgs__rosidl_typesupport_cpp.dir/rosidl_typesupport_cpp/ur_dashboard_msgs/action/set_mode__type_support.cpp.o\x1b[0m\n'}
[55.622364] (-) TimerEvent: {}
[55.722665] (-) TimerEvent: {}
[55.767521] (ur_dashboard_msgs) StdoutLine: {'line': b'[ 85%] \x1b[32m\x1b[1mLinking CXX shared library libur_dashboard_msgs__rosidl_typesupport_cpp.so\x1b[0m\n'}
[55.798830] (ur_dashboard_msgs) StdoutLine: {'line': b'[ 85%] Built target ur_dashboard_msgs__rosidl_typesupport_cpp\n'}
[55.812527] (ur_dashboard_msgs) StdoutLine: {'line': b'[ 85%] Built target ur_dashboard_msgs\n'}
[55.822847] (-) TimerEvent: {}
[55.829971] (ur_dashboard_msgs) StdoutLine: {'line': b'[ 85%] Built target ament_cmake_python_copy_ur_dashboard_msgs\n'}
[55.922950] (-) TimerEvent: {}
[55.957441] (ur_dashboard_msgs) StdoutLine: {'line': b'running egg_info\n'}
[55.957878] (ur_dashboard_msgs) StdoutLine: {'line': b'creating ur_dashboard_msgs.egg-info\n'}
[55.957988] (ur_dashboard_msgs) StdoutLine: {'line': b'writing ur_dashboard_msgs.egg-info/PKG-INFO\n'}
[55.958103] (ur_dashboard_msgs) StdoutLine: {'line': b'writing dependency_links to ur_dashboard_msgs.egg-info/dependency_links.txt\n'}
[55.958230] (ur_dashboard_msgs) StdoutLine: {'line': b'writing top-level names to ur_dashboard_msgs.egg-info/top_level.txt\n'}
[55.958342] (ur_dashboard_msgs) StdoutLine: {'line': b"writing manifest file 'ur_dashboard_msgs.egg-info/SOURCES.txt'\n"}
[55.959217] (ur_dashboard_msgs) StdoutLine: {'line': b"reading manifest file 'ur_dashboard_msgs.egg-info/SOURCES.txt'\n"}
[55.959445] (ur_dashboard_msgs) StdoutLine: {'line': b"writing manifest file 'ur_dashboard_msgs.egg-info/SOURCES.txt'\n"}
[55.977478] (ur_dashboard_msgs) StdoutLine: {'line': b'[ 85%] Built target ament_cmake_python_build_ur_dashboard_msgs_egg\n'}
[55.993775] (ur_dashboard_msgs) StdoutLine: {'line': b'[ 85%] \x1b[34m\x1b[1mGenerating Python code for ROS interfaces\x1b[0m\n'}
[56.023067] (-) TimerEvent: {}
[56.123277] (-) TimerEvent: {}
[56.223479] (-) TimerEvent: {}
[56.323792] (-) TimerEvent: {}
[56.424102] (-) TimerEvent: {}
[56.524426] (-) TimerEvent: {}
[56.624694] (-) TimerEvent: {}
[56.724937] (-) TimerEvent: {}
[56.825195] (-) TimerEvent: {}
[56.925455] (-) TimerEvent: {}
[57.025714] (-) TimerEvent: {}
[57.125900] (-) TimerEvent: {}
[57.226153] (-) TimerEvent: {}
[57.326380] (-) TimerEvent: {}
[57.426662] (-) TimerEvent: {}
[57.526851] (-) TimerEvent: {}
[57.627045] (-) TimerEvent: {}
[57.727250] (-) TimerEvent: {}
[57.827424] (-) TimerEvent: {}
[57.927619] (-) TimerEvent: {}
[58.027864] (-) TimerEvent: {}
[58.128098] (-) TimerEvent: {}
[58.228354] (-) TimerEvent: {}
[58.328629] (-) TimerEvent: {}
[58.428888] (-) TimerEvent: {}
[58.529137] (-) TimerEvent: {}
[58.629344] (-) TimerEvent: {}
[58.729578] (-) TimerEvent: {}
[58.829827] (-) TimerEvent: {}
[58.902875] (ur_dashboard_msgs) StdoutLine: {'line': b'[ 85%] Built target ur_dashboard_msgs__py\n'}
[58.916660] (ur_dashboard_msgs) StdoutLine: {'line': b'[ 86%] \x1b[32mBuilding C object CMakeFiles/ur_dashboard_msgs__rosidl_generator_py.dir/rosidl_generator_py/ur_dashboard_msgs/msg/_program_information_s.c.o\x1b[0m\n'}
[58.929913] (-) TimerEvent: {}
[58.976706] (ur_dashboard_msgs) StdoutLine: {'line': b'[ 86%] \x1b[32mBuilding C object CMakeFiles/ur_dashboard_msgs__rosidl_generator_py.dir/rosidl_generator_py/ur_dashboard_msgs/msg/_program_state_s.c.o\x1b[0m\n'}
[59.030029] (-) TimerEvent: {}
[59.033065] (ur_dashboard_msgs) StdoutLine: {'line': b'[ 86%] \x1b[32mBuilding C object CMakeFiles/ur_dashboard_msgs__rosidl_generator_py.dir/rosidl_generator_py/ur_dashboard_msgs/msg/_robot_mode_s.c.o\x1b[0m\n'}
[59.085501] (ur_dashboard_msgs) StdoutLine: {'line': b'[ 87%] \x1b[32mBuilding C object CMakeFiles/ur_dashboard_msgs__rosidl_generator_py.dir/rosidl_generator_py/ur_dashboard_msgs/msg/_safety_mode_s.c.o\x1b[0m\n'}
[59.130187] (-) TimerEvent: {}
[59.139228] (ur_dashboard_msgs) StdoutLine: {'line': b'[ 87%] \x1b[32mBuilding C object CMakeFiles/ur_dashboard_msgs__rosidl_generator_py.dir/rosidl_generator_py/ur_dashboard_msgs/msg/_operational_mode_s.c.o\x1b[0m\n'}
[59.191088] (ur_dashboard_msgs) StdoutLine: {'line': b'[ 87%] \x1b[32mBuilding C object CMakeFiles/ur_dashboard_msgs__rosidl_generator_py.dir/rosidl_generator_py/ur_dashboard_msgs/msg/_user_role_s.c.o\x1b[0m\n'}
[59.230324] (-) TimerEvent: {}
[59.243405] (ur_dashboard_msgs) StdoutLine: {'line': b'[ 88%] \x1b[32mBuilding C object CMakeFiles/ur_dashboard_msgs__rosidl_generator_py.dir/rosidl_generator_py/ur_dashboard_msgs/msg/_version_information_s.c.o\x1b[0m\n'}
[59.299816] (ur_dashboard_msgs) StdoutLine: {'line': b'[ 88%] \x1b[32mBuilding C object CMakeFiles/ur_dashboard_msgs__rosidl_generator_py.dir/rosidl_generator_py/ur_dashboard_msgs/msg/_safety_status_s.c.o\x1b[0m\n'}
[59.330422] (-) TimerEvent: {}
[59.351471] (ur_dashboard_msgs) StdoutLine: {'line': b'[ 88%] \x1b[32mBuilding C object CMakeFiles/ur_dashboard_msgs__rosidl_generator_py.dir/rosidl_generator_py/ur_dashboard_msgs/srv/_add_to_log_s.c.o\x1b[0m\n'}
[59.410979] (ur_dashboard_msgs) StdoutLine: {'line': b'[ 89%] \x1b[32mBuilding C object CMakeFiles/ur_dashboard_msgs__rosidl_generator_py.dir/rosidl_generator_py/ur_dashboard_msgs/srv/_download_program_s.c.o\x1b[0m\n'}
[59.430516] (-) TimerEvent: {}
[59.474265] (ur_dashboard_msgs) StdoutLine: {'line': b'[ 89%] \x1b[32mBuilding C object CMakeFiles/ur_dashboard_msgs__rosidl_generator_py.dir/rosidl_generator_py/ur_dashboard_msgs/srv/_get_loaded_program_s.c.o\x1b[0m\n'}
[59.530632] (-) TimerEvent: {}
[59.533600] (ur_dashboard_msgs) StdoutLine: {'line': b'[ 90%] \x1b[32mBuilding C object CMakeFiles/ur_dashboard_msgs__rosidl_generator_py.dir/rosidl_generator_py/ur_dashboard_msgs/srv/_get_programs_s.c.o\x1b[0m\n'}
[59.592389] (ur_dashboard_msgs) StdoutLine: {'line': b'[ 90%] \x1b[32mBuilding C object CMakeFiles/ur_dashboard_msgs__rosidl_generator_py.dir/rosidl_generator_py/ur_dashboard_msgs/srv/_get_program_state_s.c.o\x1b[0m\n'}
[59.630751] (-) TimerEvent: {}
[59.651790] (ur_dashboard_msgs) StdoutLine: {'line': b'[ 90%] \x1b[32mBuilding C object CMakeFiles/ur_dashboard_msgs__rosidl_generator_py.dir/rosidl_generator_py/ur_dashboard_msgs/srv/_get_robot_mode_s.c.o\x1b[0m\n'}
[59.711937] (ur_dashboard_msgs) StdoutLine: {'line': b'[ 91%] \x1b[32mBuilding C object CMakeFiles/ur_dashboard_msgs__rosidl_generator_py.dir/rosidl_generator_py/ur_dashboard_msgs/srv/_get_safety_mode_s.c.o\x1b[0m\n'}
[59.730840] (-) TimerEvent: {}
[59.773596] (ur_dashboard_msgs) StdoutLine: {'line': b'[ 91%] \x1b[32mBuilding C object CMakeFiles/ur_dashboard_msgs__rosidl_generator_py.dir/rosidl_generator_py/ur_dashboard_msgs/srv/_is_program_running_s.c.o\x1b[0m\n'}
[59.830952] (-) TimerEvent: {}
[59.834444] (ur_dashboard_msgs) StdoutLine: {'line': b'[ 91%] \x1b[32mBuilding C object CMakeFiles/ur_dashboard_msgs__rosidl_generator_py.dir/rosidl_generator_py/ur_dashboard_msgs/srv/_is_program_saved_s.c.o\x1b[0m\n'}
[59.894623] (ur_dashboard_msgs) StdoutLine: {'line': b'[ 92%] \x1b[32mBuilding C object CMakeFiles/ur_dashboard_msgs__rosidl_generator_py.dir/rosidl_generator_py/ur_dashboard_msgs/srv/_load_s.c.o\x1b[0m\n'}
[59.931169] (-) TimerEvent: {}
[59.952120] (ur_dashboard_msgs) StdoutLine: {'line': b'[ 92%] \x1b[32mBuilding C object CMakeFiles/ur_dashboard_msgs__rosidl_generator_py.dir/rosidl_generator_py/ur_dashboard_msgs/srv/_popup_s.c.o\x1b[0m\n'}
[60.009650] (ur_dashboard_msgs) StdoutLine: {'line': b'[ 92%] \x1b[32mBuilding C object CMakeFiles/ur_dashboard_msgs__rosidl_generator_py.dir/rosidl_generator_py/ur_dashboard_msgs/srv/_raw_request_s.c.o\x1b[0m\n'}
[60.031320] (-) TimerEvent: {}
[60.067574] (ur_dashboard_msgs) StdoutLine: {'line': b'[ 93%] \x1b[32mBuilding C object CMakeFiles/ur_dashboard_msgs__rosidl_generator_py.dir/rosidl_generator_py/ur_dashboard_msgs/srv/_is_in_remote_control_s.c.o\x1b[0m\n'}
[60.124771] (ur_dashboard_msgs) StdoutLine: {'line': b'[ 93%] \x1b[32mBuilding C object CMakeFiles/ur_dashboard_msgs__rosidl_generator_py.dir/rosidl_generator_py/ur_dashboard_msgs/srv/_upload_program_s.c.o\x1b[0m\n'}
[60.131401] (-) TimerEvent: {}
[60.183083] (ur_dashboard_msgs) StdoutLine: {'line': b'[ 93%] \x1b[32mBuilding C object CMakeFiles/ur_dashboard_msgs__rosidl_generator_py.dir/rosidl_generator_py/ur_dashboard_msgs/srv/_get_poly_scope_version_s.c.o\x1b[0m\n'}
[60.231514] (-) TimerEvent: {}
[60.245925] (ur_dashboard_msgs) StdoutLine: {'line': b'[ 94%] \x1b[32mBuilding C object CMakeFiles/ur_dashboard_msgs__rosidl_generator_py.dir/rosidl_generator_py/ur_dashboard_msgs/srv/_get_serial_number_s.c.o\x1b[0m\n'}
[60.302825] (ur_dashboard_msgs) StdoutLine: {'line': b'[ 94%] \x1b[32mBuilding C object CMakeFiles/ur_dashboard_msgs__rosidl_generator_py.dir/rosidl_generator_py/ur_dashboard_msgs/srv/_get_user_role_s.c.o\x1b[0m\n'}
[60.331633] (-) TimerEvent: {}
[60.363359] (ur_dashboard_msgs) StdoutLine: {'line': b'[ 94%] \x1b[32mBuilding C object CMakeFiles/ur_dashboard_msgs__rosidl_generator_py.dir/rosidl_generator_py/ur_dashboard_msgs/srv/_set_user_role_s.c.o\x1b[0m\n'}
[60.423296] (ur_dashboard_msgs) StdoutLine: {'line': b'[ 95%] \x1b[32mBuilding C object CMakeFiles/ur_dashboard_msgs__rosidl_generator_py.dir/rosidl_generator_py/ur_dashboard_msgs/srv/_set_operational_mode_s.c.o\x1b[0m\n'}
[60.431730] (-) TimerEvent: {}
[60.483081] (ur_dashboard_msgs) StdoutLine: {'line': b'[ 95%] \x1b[32mBuilding C object CMakeFiles/ur_dashboard_msgs__rosidl_generator_py.dir/rosidl_generator_py/ur_dashboard_msgs/srv/_get_operational_mode_s.c.o\x1b[0m\n'}
[60.531863] (-) TimerEvent: {}
[60.545159] (ur_dashboard_msgs) StdoutLine: {'line': b'[ 95%] \x1b[32mBuilding C object CMakeFiles/ur_dashboard_msgs__rosidl_generator_py.dir/rosidl_generator_py/ur_dashboard_msgs/srv/_get_robot_model_s.c.o\x1b[0m\n'}
[60.605856] (ur_dashboard_msgs) StdoutLine: {'line': b'[ 96%] \x1b[32mBuilding C object CMakeFiles/ur_dashboard_msgs__rosidl_generator_py.dir/rosidl_generator_py/ur_dashboard_msgs/srv/_get_safety_status_s.c.o\x1b[0m\n'}
[60.631941] (-) TimerEvent: {}
[60.664467] (ur_dashboard_msgs) StdoutLine: {'line': b'[ 96%] \x1b[32mBuilding C object CMakeFiles/ur_dashboard_msgs__rosidl_generator_py.dir/rosidl_generator_py/ur_dashboard_msgs/srv/_generate_flight_report_s.c.o\x1b[0m\n'}
[60.722764] (ur_dashboard_msgs) StdoutLine: {'line': b'[ 96%] \x1b[32mBuilding C object CMakeFiles/ur_dashboard_msgs__rosidl_generator_py.dir/rosidl_generator_py/ur_dashboard_msgs/srv/_generate_support_file_s.c.o\x1b[0m\n'}
[60.732108] (-) TimerEvent: {}
[60.782399] (ur_dashboard_msgs) StdoutLine: {'line': b'[ 97%] \x1b[32mBuilding C object CMakeFiles/ur_dashboard_msgs__rosidl_generator_py.dir/rosidl_generator_py/ur_dashboard_msgs/action/_set_mode_s.c.o\x1b[0m\n'}
[60.832241] (-) TimerEvent: {}
[60.859812] (ur_dashboard_msgs) StdoutLine: {'line': b'[ 97%] \x1b[32m\x1b[1mLinking C shared library rosidl_generator_py/ur_dashboard_msgs/libur_dashboard_msgs__rosidl_generator_py.so\x1b[0m\n'}
[60.891524] (ur_dashboard_msgs) StdoutLine: {'line': b'[ 97%] Built target ur_dashboard_msgs__rosidl_generator_py\n'}
[60.904556] (ur_dashboard_msgs) StdoutLine: {'line': b'[ 98%] \x1b[32mBuilding C object CMakeFiles/ur_dashboard_msgs__rosidl_typesupport_fastrtps_c__pyext.dir/rosidl_generator_py/ur_dashboard_msgs/_ur_dashboard_msgs_s.ep.rosidl_typesupport_fastrtps_c.c.o\x1b[0m\n'}
[60.932380] (-) TimerEvent: {}
[61.032705] (-) TimerEvent: {}
[61.066744] (ur_dashboard_msgs) StdoutLine: {'line': b'[ 98%] \x1b[32m\x1b[1mLinking C shared library rosidl_generator_py/ur_dashboard_msgs/ur_dashboard_msgs_s__rosidl_typesupport_fastrtps_c.cpython-310-x86_64-linux-gnu.so\x1b[0m\n'}
[61.091276] (ur_dashboard_msgs) StdoutLine: {'line': b'[ 98%] Built target ur_dashboard_msgs__rosidl_typesupport_fastrtps_c__pyext\n'}
[61.103934] (ur_dashboard_msgs) StdoutLine: {'line': b'[ 99%] \x1b[32mBuilding C object CMakeFiles/ur_dashboard_msgs__rosidl_typesupport_introspection_c__pyext.dir/rosidl_generator_py/ur_dashboard_msgs/_ur_dashboard_msgs_s.ep.rosidl_typesupport_introspection_c.c.o\x1b[0m\n'}
[61.132834] (-) TimerEvent: {}
[61.233208] (-) TimerEvent: {}
[61.267968] (ur_dashboard_msgs) StdoutLine: {'line': b'[ 99%] \x1b[32m\x1b[1mLinking C shared library rosidl_generator_py/ur_dashboard_msgs/ur_dashboard_msgs_s__rosidl_typesupport_introspection_c.cpython-310-x86_64-linux-gnu.so\x1b[0m\n'}
[61.297363] (ur_dashboard_msgs) StdoutLine: {'line': b'[ 99%] Built target ur_dashboard_msgs__rosidl_typesupport_introspection_c__pyext\n'}
[61.309413] (ur_dashboard_msgs) StdoutLine: {'line': b'[100%] \x1b[32mBuilding C object CMakeFiles/ur_dashboard_msgs__rosidl_typesupport_c__pyext.dir/rosidl_generator_py/ur_dashboard_msgs/_ur_dashboard_msgs_s.ep.rosidl_typesupport_c.c.o\x1b[0m\n'}
[61.333293] (-) TimerEvent: {}
[61.433561] (-) TimerEvent: {}
[61.470285] (ur_dashboard_msgs) StdoutLine: {'line': b'[100%] \x1b[32m\x1b[1mLinking C shared library rosidl_generator_py/ur_dashboard_msgs/ur_dashboard_msgs_s__rosidl_typesupport_c.cpython-310-x86_64-linux-gnu.so\x1b[0m\n'}
[61.499764] (ur_dashboard_msgs) StdoutLine: {'line': b'[100%] Built target ur_dashboard_msgs__rosidl_typesupport_c__pyext\n'}
[61.506246] (ur_dashboard_msgs) CommandEnded: {'returncode': 0}
[61.506700] (ur_dashboard_msgs) JobProgress: {'identifier': 'ur_dashboard_msgs', 'progress': 'install'}
[61.506817] (ur_dashboard_msgs) Command: {'cmd': ['/usr/bin/cmake', '--install', '/home/com9/uet_ws/build/ur_dashboard_msgs'], 'cwd': '/home/com9/uet_ws/build/ur_dashboard_msgs', 'env': OrderedDict([('LESSOPEN', '| /usr/bin/lesspipe %s'), ('CMAKE_BUILD_PARALLEL_LEVEL', '1'), ('USER', 'com9'), ('XDG_SESSION_TYPE', 'wayland'), ('SHLVL', '1'), ('LD_LIBRARY_PATH', '/opt/ros/humble/opt/rviz_ogre_vendor/lib:/opt/ros/humble/lib/x86_64-linux-gnu:/opt/ros/humble/lib'), ('HOME', '/home/com9'), ('CONDA_SHLVL', '0'), ('CYCLONEDDS_URI', '<CycloneDDS><Domain><General><DontRoute>true</></></></>'), ('OLDPWD', '/home/com9/uet_ws'), ('DESKTOP_SESSION', 'ubuntu'), ('ROS_PYTHON_VERSION', '3'), ('GNOME_SHELL_SESSION_MODE', 'ubuntu'), ('GTK_MODULES', 'gail:atk-bridge'), ('MAKEFLAGS', '-j1'), ('SYSTEMD_EXEC_PID', '17504'), ('IM_CONFIG_CHECK_ENV', '1'), ('DBUS_SESSION_BUS_ADDRESS', 'unix:path=/run/user/1000/bus'), ('COLORTERM', 'truecolor'), ('_CE_M', ''), ('_CONDA_ROOT', '/home/com9/miniconda3'), ('IM_CONFIG_PHASE', '1'), ('WAYLAND_DISPLAY', 'wayland-0'), ('ROS_DISTRO', 'humble'), ('LOGNAME', 'com9'), ('_', '/usr/bin/colcon'), ('ROS_VERSION', '2'), ('XDG_SESSION_CLASS', 'user'), ('USERNAME', 'com9'), ('TERM', 'xterm-256color'), ('GNOME_DESKTOP_SESSION_ID', 'this-is-deprecated'), ('_CE_CONDA', ''), ('ROS_LOCALHOST_ONLY', '0'), ('PATH', '/opt/ros/humble/bin:/home/com9/.local/bin:/home/com9/miniconda3/condabin:/home/com9/.local/bin:/home/com9/.local/bin:/home/com9/.local/bin:/home/com9/.local/bin:/usr/local/sbin:/usr/local/bin:/usr/sbin:/usr/bin:/sbin:/bin:/usr/games:/usr/local/games:/snap/bin:/snap/bin'), ('SESSION_MANAGER', 'local/com9:@/tmp/.ICE-unix/17475,unix/com9:/tmp/.ICE-unix/17475'), ('XDG_MENU_PREFIX', 'gnome-'), ('GNOME_TERMINAL_SCREEN', '/org/gnome/Terminal/screen/082c707b_1b9d_480a_9979_2cd556cf1a94'), ('GNOME_SETUP_DISPLAY', ':1'), ('XDG_RUNTIME_DIR', '/run/user/1000'), ('DISPLAY', ':0'), ('LANG', 'en_US.UTF-8'), ('XDG_CURRENT_DESKTOP', 'ubuntu:GNOME'), ('XMODIFIERS', '@im=ibus'), ('XDG_SESSION_DESKTOP', 'ubuntu'), ('XAUTHORITY', '/run/user/1000/.mutter-Xwaylandauth.W7ZTS3'), ('LS_COLORS', 'rs=0:di=01;34:ln=01;36:mh=00:pi=40;33:so=01;35:do=01;35:bd=40;33;01:cd=40;33;01:or=40;31;01:mi=00:su=37;41:sg=30;43:ca=30;41:tw=30;42:ow=34;42:st=37;44:ex=01;32:*.tar=01;31:*.tgz=01;31:*.arc=01;31:*.arj=01;31:*.taz=01;31:*.lha=01;31:*.lz4=01;31:*.lzh=01;31:*.lzma=01;31:*.tlz=01;31:*.txz=01;31:*.tzo=01;31:*.t7z=01;31:*.zip=01;31:*.z=01;31:*.dz=01;31:*.gz=01;31:*.lrz=01;31:*.lz=01;31:*.lzo=01;31:*.xz=01;31:*.zst=01;31:*.tzst=01;31:*.bz2=01;31:*.bz=01;31:*.tbz=01;31:*.tbz2=01;31:*.tz=01;31:*.deb=01;31:*.rpm=01;31:*.jar=01;31:*.war=01;31:*.ear=01;31:*.sar=01;31:*.rar=01;31:*.alz=01;31:*.ace=01;31:*.zoo=01;31:*.cpio=01;31:*.7z=01;31:*.rz=01;31:*.cab=01;31:*.wim=01;31:*.swm=01;31:*.dwm=01;31:*.esd=01;31:*.jpg=01;35:*.jpeg=01;35:*.mjpg=01;35:*.mjpeg=01;35:*.gif=01;35:*.bmp=01;35:*.pbm=01;35:*.pgm=01;35:*.ppm=01;35:*.tga=01;35:*.xbm=01;35:*.xpm=01;35:*.tif=01;35:*.tiff=01;35:*.png=01;35:*.svg=01;35:*.svgz=01;35:*.mng=01;35:*.pcx=01;35:*.mov=01;35:*.mpg=01;35:*.mpeg=01;35:*.m2v=01;35:*.mkv=01;35:*.webm=01;35:*.webp=01;35:*.ogm=01;35:*.mp4=01;35:*.m4v=01;35:*.mp4v=01;35:*.vob=01;35:*.qt=01;35:*.nuv=01;35:*.wmv=01;35:*.asf=01;35:*.rm=01;35:*.rmvb=01;35:*.flc=01;35:*.avi=01;35:*.fli=01;35:*.flv=01;35:*.gl=01;35:*.dl=01;35:*.xcf=01;35:*.xwd=01;35:*.yuv=01;35:*.cgm=01;35:*.emf=01;35:*.ogv=01;35:*.ogx=01;35:*.aac=00;36:*.au=00;36:*.flac=00;36:*.m4a=00;36:*.mid=00;36:*.midi=00;36:*.mka=00;36:*.mp3=00;36:*.mpc=00;36:*.ogg=00;36:*.ra=00;36:*.wav=00;36:*.oga=00;36:*.opus=00;36:*.spx=00;36:*.xspf=00;36:'), ('GNOME_TERMINAL_SERVICE', ':1.294'), ('SSH_AGENT_LAUNCHER', 'gnome-keyring'), ('SSH_AUTH_SOCK', '/run/user/1000/keyring/ssh'), ('AMENT_PREFIX_PATH', '/opt/ros/humble'), ('CONDA_PYTHON_EXE', '/home/com9/miniconda3/bin/python'), ('SHELL', '/bin/bash'), ('QT_ACCESSIBILITY', '1'), ('GDMSESSION', 'ubuntu'), ('LESSCLOSE', '/usr/bin/lesspipe %s %s'), ('_CONDA_EXE', '/home/com9/miniconda3/bin/conda'), ('QT_IM_MODULE', 'ibus'), ('PWD', '/home/com9/uet_ws/build/ur_dashboard_msgs'), ('LC_ALL', 'en_US.UTF-8'), ('XDG_CONFIG_DIRS', '/etc/xdg/xdg-ubuntu:/etc/xdg'), ('CONDA_EXE', '/home/com9/miniconda3/bin/conda'), ('XDG_DATA_DIRS', '/usr/share/ubuntu:/usr/local/share/:/usr/share/:/var/lib/snapd/desktop'), ('PYTHONPATH', '/opt/ros/humble/lib/python3.10/site-packages:/opt/ros/humble/local/lib/python3.10/dist-packages'), ('COLCON', '1'), ('VTE_VERSION', '6800'), ('CMAKE_PREFIX_PATH', '/opt/ros/humble')]), 'shell': False}
[61.513327] (ur_dashboard_msgs) StdoutLine: {'line': b'-- Install configuration: ""\n'}
[61.513398] (ur_dashboard_msgs) StdoutLine: {'line': b'-- Installing: /home/com9/uet_ws/install/ur_dashboard_msgs/share/ament_index/resource_index/rosidl_interfaces/ur_dashboard_msgs\n'}
[61.513459] (ur_dashboard_msgs) StdoutLine: {'line': b'-- Installing: /home/com9/uet_ws/install/ur_dashboard_msgs/include/ur_dashboard_msgs/ur_dashboard_msgs\n'}
[61.513542] (ur_dashboard_msgs) StdoutLine: {'line': b'-- Installing: /home/com9/uet_ws/install/ur_dashboard_msgs/include/ur_dashboard_msgs/ur_dashboard_msgs/msg\n'}
[61.513576] (ur_dashboard_msgs) StdoutLine: {'line': b'-- Installing: /home/com9/uet_ws/install/ur_dashboard_msgs/include/ur_dashboard_msgs/ur_dashboard_msgs/msg/safety_status.h\n'}
[61.513616] (ur_dashboard_msgs) StdoutLine: {'line': b'-- Installing: /home/com9/uet_ws/install/ur_dashboard_msgs/include/ur_dashboard_msgs/ur_dashboard_msgs/msg/program_state.h\n'}
[61.513653] (ur_dashboard_msgs) StdoutLine: {'line': b'-- Installing: /home/com9/uet_ws/install/ur_dashboard_msgs/include/ur_dashboard_msgs/ur_dashboard_msgs/msg/user_role.h\n'}
[61.513684] (ur_dashboard_msgs) StdoutLine: {'line': b'-- Installing: /home/com9/uet_ws/install/ur_dashboard_msgs/include/ur_dashboard_msgs/ur_dashboard_msgs/msg/rosidl_generator_c__visibility_control.h\n'}
[61.513715] (ur_dashboard_msgs) StdoutLine: {'line': b'-- Installing: /home/com9/uet_ws/install/ur_dashboard_msgs/include/ur_dashboard_msgs/ur_dashboard_msgs/msg/program_information.h\n'}
[61.513768] (ur_dashboard_msgs) StdoutLine: {'line': b'-- Installing: /home/com9/uet_ws/install/ur_dashboard_msgs/include/ur_dashboard_msgs/ur_dashboard_msgs/msg/operational_mode.h\n'}
[61.513800] (ur_dashboard_msgs) StdoutLine: {'line': b'-- Installing: /home/com9/uet_ws/install/ur_dashboard_msgs/include/ur_dashboard_msgs/ur_dashboard_msgs/msg/safety_mode.h\n'}
[61.513841] (ur_dashboard_msgs) StdoutLine: {'line': b'-- Installing: /home/com9/uet_ws/install/ur_dashboard_msgs/include/ur_dashboard_msgs/ur_dashboard_msgs/msg/version_information.h\n'}
[61.513870] (ur_dashboard_msgs) StdoutLine: {'line': b'-- Installing: /home/com9/uet_ws/install/ur_dashboard_msgs/include/ur_dashboard_msgs/ur_dashboard_msgs/msg/robot_mode.h\n'}
[61.513906] (ur_dashboard_msgs) StdoutLine: {'line': b'-- Installing: /home/com9/uet_ws/install/ur_dashboard_msgs/include/ur_dashboard_msgs/ur_dashboard_msgs/msg/detail\n'}
[61.513961] (ur_dashboard_msgs) StdoutLine: {'line': b'-- Installing: /home/com9/uet_ws/install/ur_dashboard_msgs/include/ur_dashboard_msgs/ur_dashboard_msgs/msg/detail/safety_status__type_support.h\n'}
[61.514016] (ur_dashboard_msgs) StdoutLine: {'line': b'-- Installing: /home/com9/uet_ws/install/ur_dashboard_msgs/include/ur_dashboard_msgs/ur_dashboard_msgs/msg/detail/program_information__functions.h\n'}
[61.514066] (ur_dashboard_msgs) StdoutLine: {'line': b'-- Installing: /home/com9/uet_ws/install/ur_dashboard_msgs/include/ur_dashboard_msgs/ur_dashboard_msgs/msg/detail/operational_mode__struct.h\n'}
[61.514101] (ur_dashboard_msgs) StdoutLine: {'line': b'-- Installing: /home/com9/uet_ws/install/ur_dashboard_msgs/include/ur_dashboard_msgs/ur_dashboard_msgs/msg/detail/safety_mode__struct.h\n'}
[61.514131] (ur_dashboard_msgs) StdoutLine: {'line': b'-- Installing: /home/com9/uet_ws/install/ur_dashboard_msgs/include/ur_dashboard_msgs/ur_dashboard_msgs/msg/detail/version_information__functions.h\n'}
[61.514179] (ur_dashboard_msgs) StdoutLine: {'line': b'-- Installing: /home/com9/uet_ws/install/ur_dashboard_msgs/include/ur_dashboard_msgs/ur_dashboard_msgs/msg/detail/user_role__functions.h\n'}
[61.514263] (ur_dashboard_msgs) StdoutLine: {'line': b'-- Installing: /home/com9/uet_ws/install/ur_dashboard_msgs/include/ur_dashboard_msgs/ur_dashboard_msgs/msg/detail/robot_mode__functions.c\n'}
[61.514308] (ur_dashboard_msgs) StdoutLine: {'line': b'-- Installing: /home/com9/uet_ws/install/ur_dashboard_msgs/include/ur_dashboard_msgs/ur_dashboard_msgs/msg/detail/operational_mode__type_support.h\n'}
[61.514340] (ur_dashboard_msgs) StdoutLine: {'line': b'-- Installing: /home/com9/uet_ws/install/ur_dashboard_msgs/include/ur_dashboard_msgs/ur_dashboard_msgs/msg/detail/safety_status__functions.c\n'}
[61.514380] (ur_dashboard_msgs) StdoutLine: {'line': b'-- Installing: /home/com9/uet_ws/install/ur_dashboard_msgs/include/ur_dashboard_msgs/ur_dashboard_msgs/msg/detail/safety_status__struct.h\n'}
[61.514410] (ur_dashboard_msgs) StdoutLine: {'line': b'-- Installing: /home/com9/uet_ws/install/ur_dashboard_msgs/include/ur_dashboard_msgs/ur_dashboard_msgs/msg/detail/safety_mode__type_support.h\n'}
[61.514449] (ur_dashboard_msgs) StdoutLine: {'line': b'-- Installing: /home/com9/uet_ws/install/ur_dashboard_msgs/include/ur_dashboard_msgs/ur_dashboard_msgs/msg/detail/program_information__struct.h\n'}
[61.514482] (ur_dashboard_msgs) StdoutLine: {'line': b'-- Installing: /home/com9/uet_ws/install/ur_dashboard_msgs/include/ur_dashboard_msgs/ur_dashboard_msgs/msg/detail/program_state__functions.c\n'}
[61.514516] (ur_dashboard_msgs) StdoutLine: {'line': b'-- Installing: /home/com9/uet_ws/install/ur_dashboard_msgs/include/ur_dashboard_msgs/ur_dashboard_msgs/msg/detail/program_state__functions.h\n'}
[61.514544] (ur_dashboard_msgs) StdoutLine: {'line': b'-- Installing: /home/com9/uet_ws/install/ur_dashboard_msgs/include/ur_dashboard_msgs/ur_dashboard_msgs/msg/detail/version_information__functions.c\n'}
[61.514581] (ur_dashboard_msgs) StdoutLine: {'line': b'-- Installing: /home/com9/uet_ws/install/ur_dashboard_msgs/include/ur_dashboard_msgs/ur_dashboard_msgs/msg/detail/safety_mode__functions.h\n'}
[61.514611] (ur_dashboard_msgs) StdoutLine: {'line': b'-- Installing: /home/com9/uet_ws/install/ur_dashboard_msgs/include/ur_dashboard_msgs/ur_dashboard_msgs/msg/detail/user_role__functions.c\n'}
[61.514654] (ur_dashboard_msgs) StdoutLine: {'line': b'-- Installing: /home/com9/uet_ws/install/ur_dashboard_msgs/include/ur_dashboard_msgs/ur_dashboard_msgs/msg/detail/operational_mode__functions.h\n'}
[61.514683] (ur_dashboard_msgs) StdoutLine: {'line': b'-- Installing: /home/com9/uet_ws/install/ur_dashboard_msgs/include/ur_dashboard_msgs/ur_dashboard_msgs/msg/detail/user_role__struct.h\n'}
[61.514717] (ur_dashboard_msgs) StdoutLine: {'line': b'-- Installing: /home/com9/uet_ws/install/ur_dashboard_msgs/include/ur_dashboard_msgs/ur_dashboard_msgs/msg/detail/program_state__struct.h\n'}
[61.514747] (ur_dashboard_msgs) StdoutLine: {'line': b'-- Installing: /home/com9/uet_ws/install/ur_dashboard_msgs/include/ur_dashboard_msgs/ur_dashboard_msgs/msg/detail/robot_mode__struct.h\n'}
[61.514785] (ur_dashboard_msgs) StdoutLine: {'line': b'-- Installing: /home/com9/uet_ws/install/ur_dashboard_msgs/include/ur_dashboard_msgs/ur_dashboard_msgs/msg/detail/operational_mode__functions.c\n'}
[61.514819] (ur_dashboard_msgs) StdoutLine: {'line': b'-- Installing: /home/com9/uet_ws/install/ur_dashboard_msgs/include/ur_dashboard_msgs/ur_dashboard_msgs/msg/detail/user_role__type_support.h\n'}
[61.514853] (ur_dashboard_msgs) StdoutLine: {'line': b'-- Installing: /home/com9/uet_ws/install/ur_dashboard_msgs/include/ur_dashboard_msgs/ur_dashboard_msgs/msg/detail/safety_status__functions.h\n'}
[61.514882] (ur_dashboard_msgs) StdoutLine: {'line': b'-- Installing: /home/com9/uet_ws/install/ur_dashboard_msgs/include/ur_dashboard_msgs/ur_dashboard_msgs/msg/detail/program_information__type_support.h\n'}
[61.514911] (ur_dashboard_msgs) StdoutLine: {'line': b'-- Installing: /home/com9/uet_ws/install/ur_dashboard_msgs/include/ur_dashboard_msgs/ur_dashboard_msgs/msg/detail/program_state__type_support.h\n'}
[61.514950] (ur_dashboard_msgs) StdoutLine: {'line': b'-- Installing: /home/com9/uet_ws/install/ur_dashboard_msgs/include/ur_dashboard_msgs/ur_dashboard_msgs/msg/detail/robot_mode__functions.h\n'}
[61.514977] (ur_dashboard_msgs) StdoutLine: {'line': b'-- Installing: /home/com9/uet_ws/install/ur_dashboard_msgs/include/ur_dashboard_msgs/ur_dashboard_msgs/msg/detail/version_information__struct.h\n'}
[61.515014] (ur_dashboard_msgs) StdoutLine: {'line': b'-- Installing: /home/com9/uet_ws/install/ur_dashboard_msgs/include/ur_dashboard_msgs/ur_dashboard_msgs/msg/detail/robot_mode__type_support.h\n'}
[61.515054] (ur_dashboard_msgs) StdoutLine: {'line': b'-- Installing: /home/com9/uet_ws/install/ur_dashboard_msgs/include/ur_dashboard_msgs/ur_dashboard_msgs/msg/detail/program_information__functions.c\n'}
[61.515088] (ur_dashboard_msgs) StdoutLine: {'line': b'-- Installing: /home/com9/uet_ws/install/ur_dashboard_msgs/include/ur_dashboard_msgs/ur_dashboard_msgs/msg/detail/safety_mode__functions.c\n'}
[61.515121] (ur_dashboard_msgs) StdoutLine: {'line': b'-- Installing: /home/com9/uet_ws/install/ur_dashboard_msgs/include/ur_dashboard_msgs/ur_dashboard_msgs/msg/detail/version_information__type_support.h\n'}
[61.515150] (ur_dashboard_msgs) StdoutLine: {'line': b'-- Installing: /home/com9/uet_ws/install/ur_dashboard_msgs/include/ur_dashboard_msgs/ur_dashboard_msgs/srv\n'}
[61.515187] (ur_dashboard_msgs) StdoutLine: {'line': b'-- Installing: /home/com9/uet_ws/install/ur_dashboard_msgs/include/ur_dashboard_msgs/ur_dashboard_msgs/srv/download_program.h\n'}
[61.515231] (ur_dashboard_msgs) StdoutLine: {'line': b'-- Installing: /home/com9/uet_ws/install/ur_dashboard_msgs/include/ur_dashboard_msgs/ur_dashboard_msgs/srv/get_serial_number.h\n'}
[61.515273] (ur_dashboard_msgs) StdoutLine: {'line': b'-- Installing: /home/com9/uet_ws/install/ur_dashboard_msgs/include/ur_dashboard_msgs/ur_dashboard_msgs/srv/get_poly_scope_version.h\n'}
[61.515306] (ur_dashboard_msgs) StdoutLine: {'line': b'-- Installing: /home/com9/uet_ws/install/ur_dashboard_msgs/include/ur_dashboard_msgs/ur_dashboard_msgs/srv/get_program_state.h\n'}
[61.515341] (ur_dashboard_msgs) StdoutLine: {'line': b'-- Installing: /home/com9/uet_ws/install/ur_dashboard_msgs/include/ur_dashboard_msgs/ur_dashboard_msgs/srv/popup.h\n'}
[61.515370] (ur_dashboard_msgs) StdoutLine: {'line': b'-- Installing: /home/com9/uet_ws/install/ur_dashboard_msgs/include/ur_dashboard_msgs/ur_dashboard_msgs/srv/set_user_role.h\n'}
[61.515409] (ur_dashboard_msgs) StdoutLine: {'line': b'-- Installing: /home/com9/uet_ws/install/ur_dashboard_msgs/include/ur_dashboard_msgs/ur_dashboard_msgs/srv/get_user_role.h\n'}
[61.515444] (ur_dashboard_msgs) StdoutLine: {'line': b'-- Installing: /home/com9/uet_ws/install/ur_dashboard_msgs/include/ur_dashboard_msgs/ur_dashboard_msgs/srv/is_program_saved.h\n'}
[61.515474] (ur_dashboard_msgs) StdoutLine: {'line': b'-- Installing: /home/com9/uet_ws/install/ur_dashboard_msgs/include/ur_dashboard_msgs/ur_dashboard_msgs/srv/get_operational_mode.h\n'}
[61.515511] (ur_dashboard_msgs) StdoutLine: {'line': b'-- Installing: /home/com9/uet_ws/install/ur_dashboard_msgs/include/ur_dashboard_msgs/ur_dashboard_msgs/srv/generate_flight_report.h\n'}
[61.515541] (ur_dashboard_msgs) StdoutLine: {'line': b'-- Installing: /home/com9/uet_ws/install/ur_dashboard_msgs/include/ur_dashboard_msgs/ur_dashboard_msgs/srv/add_to_log.h\n'}
[61.515570] (ur_dashboard_msgs) StdoutLine: {'line': b'-- Installing: /home/com9/uet_ws/install/ur_dashboard_msgs/include/ur_dashboard_msgs/ur_dashboard_msgs/srv/is_program_running.h\n'}
[61.515599] (ur_dashboard_msgs) StdoutLine: {'line': b'-- Installing: /home/com9/uet_ws/install/ur_dashboard_msgs/include/ur_dashboard_msgs/ur_dashboard_msgs/srv/generate_support_file.h\n'}
[61.515639] (ur_dashboard_msgs) StdoutLine: {'line': b'-- Installing: /home/com9/uet_ws/install/ur_dashboard_msgs/include/ur_dashboard_msgs/ur_dashboard_msgs/srv/get_robot_model.h\n'}
[61.515674] (ur_dashboard_msgs) StdoutLine: {'line': b'-- Installing: /home/com9/uet_ws/install/ur_dashboard_msgs/include/ur_dashboard_msgs/ur_dashboard_msgs/srv/is_in_remote_control.h\n'}
[61.515709] (ur_dashboard_msgs) StdoutLine: {'line': b'-- Installing: /home/com9/uet_ws/install/ur_dashboard_msgs/include/ur_dashboard_msgs/ur_dashboard_msgs/srv/raw_request.h\n'}
[61.515743] (ur_dashboard_msgs) StdoutLine: {'line': b'-- Installing: /home/com9/uet_ws/install/ur_dashboard_msgs/include/ur_dashboard_msgs/ur_dashboard_msgs/srv/get_safety_mode.h\n'}
[61.515769] (ur_dashboard_msgs) StdoutLine: {'line': b'-- Installing: /home/com9/uet_ws/install/ur_dashboard_msgs/include/ur_dashboard_msgs/ur_dashboard_msgs/srv/get_loaded_program.h\n'}
[61.515803] (ur_dashboard_msgs) StdoutLine: {'line': b'-- Installing: /home/com9/uet_ws/install/ur_dashboard_msgs/include/ur_dashboard_msgs/ur_dashboard_msgs/srv/get_programs.h\n'}
[61.515837] (ur_dashboard_msgs) StdoutLine: {'line': b'-- Installing: /home/com9/uet_ws/install/ur_dashboard_msgs/include/ur_dashboard_msgs/ur_dashboard_msgs/srv/load.h\n'}
[61.515873] (ur_dashboard_msgs) StdoutLine: {'line': b'-- Installing: /home/com9/uet_ws/install/ur_dashboard_msgs/include/ur_dashboard_msgs/ur_dashboard_msgs/srv/set_operational_mode.h\n'}
[61.515906] (ur_dashboard_msgs) StdoutLine: {'line': b'-- Installing: /home/com9/uet_ws/install/ur_dashboard_msgs/include/ur_dashboard_msgs/ur_dashboard_msgs/srv/detail\n'}
[61.515941] (ur_dashboard_msgs) StdoutLine: {'line': b'-- Installing: /home/com9/uet_ws/install/ur_dashboard_msgs/include/ur_dashboard_msgs/ur_dashboard_msgs/srv/detail/generate_flight_report__functions.h\n'}
[61.515976] (ur_dashboard_msgs) StdoutLine: {'line': b'-- Installing: /home/com9/uet_ws/install/ur_dashboard_msgs/include/ur_dashboard_msgs/ur_dashboard_msgs/srv/detail/generate_flight_report__struct.h\n'}
[61.516003] (ur_dashboard_msgs) StdoutLine: {'line': b'-- Installing: /home/com9/uet_ws/install/ur_dashboard_msgs/include/ur_dashboard_msgs/ur_dashboard_msgs/srv/detail/get_serial_number__struct.h\n'}
[61.516041] (ur_dashboard_msgs) StdoutLine: {'line': b'-- Installing: /home/com9/uet_ws/install/ur_dashboard_msgs/include/ur_dashboard_msgs/ur_dashboard_msgs/srv/detail/get_robot_mode__type_support.h\n'}
[61.516069] (ur_dashboard_msgs) StdoutLine: {'line': b'-- Installing: /home/com9/uet_ws/install/ur_dashboard_msgs/include/ur_dashboard_msgs/ur_dashboard_msgs/srv/detail/get_robot_mode__functions.h\n'}
[61.516102] (ur_dashboard_msgs) StdoutLine: {'line': b'-- Installing: /home/com9/uet_ws/install/ur_dashboard_msgs/include/ur_dashboard_msgs/ur_dashboard_msgs/srv/detail/get_poly_scope_version__functions.c\n'}
[61.516136] (ur_dashboard_msgs) StdoutLine: {'line': b'-- Installing: /home/com9/uet_ws/install/ur_dashboard_msgs/include/ur_dashboard_msgs/ur_dashboard_msgs/srv/detail/get_loaded_program__functions.c\n'}
[61.516170] (ur_dashboard_msgs) StdoutLine: {'line': b'-- Installing: /home/com9/uet_ws/install/ur_dashboard_msgs/include/ur_dashboard_msgs/ur_dashboard_msgs/srv/detail/generate_support_file__type_support.h\n'}
[61.516207] (ur_dashboard_msgs) StdoutLine: {'line': b'-- Installing: /home/com9/uet_ws/install/ur_dashboard_msgs/include/ur_dashboard_msgs/ur_dashboard_msgs/srv/detail/generate_support_file__struct.h\n'}
[61.516245] (ur_dashboard_msgs) StdoutLine: {'line': b'-- Installing: /home/com9/uet_ws/install/ur_dashboard_msgs/include/ur_dashboard_msgs/ur_dashboard_msgs/srv/detail/get_programs__functions.h\n'}
[61.516274] (ur_dashboard_msgs) StdoutLine: {'line': b'-- Installing: /home/com9/uet_ws/install/ur_dashboard_msgs/include/ur_dashboard_msgs/ur_dashboard_msgs/srv/detail/is_program_saved__struct.h\n'}
[61.516315] (ur_dashboard_msgs) StdoutLine: {'line': b'-- Installing: /home/com9/uet_ws/install/ur_dashboard_msgs/include/ur_dashboard_msgs/ur_dashboard_msgs/srv/detail/get_user_role__struct.h\n'}
[61.516350] (ur_dashboard_msgs) StdoutLine: {'line': b'-- Installing: /home/com9/uet_ws/install/ur_dashboard_msgs/include/ur_dashboard_msgs/ur_dashboard_msgs/srv/detail/set_operational_mode__struct.h\n'}
[61.516378] (ur_dashboard_msgs) StdoutLine: {'line': b'-- Installing: /home/com9/uet_ws/install/ur_dashboard_msgs/include/ur_dashboard_msgs/ur_dashboard_msgs/srv/detail/upload_program__functions.c\n'}
[61.516416] (ur_dashboard_msgs) StdoutLine: {'line': b'-- Installing: /home/com9/uet_ws/install/ur_dashboard_msgs/include/ur_dashboard_msgs/ur_dashboard_msgs/srv/detail/generate_flight_report__type_support.h\n'}
[61.516444] (ur_dashboard_msgs) StdoutLine: {'line': b'-- Installing: /home/com9/uet_ws/install/ur_dashboard_msgs/include/ur_dashboard_msgs/ur_dashboard_msgs/srv/detail/raw_request__struct.h\n'}
[61.516482] (ur_dashboard_msgs) StdoutLine: {'line': b'-- Installing: /home/com9/uet_ws/install/ur_dashboard_msgs/include/ur_dashboard_msgs/ur_dashboard_msgs/srv/detail/load__type_support.h\n'}
[61.516508] (ur_dashboard_msgs) StdoutLine: {'line': b'-- Installing: /home/com9/uet_ws/install/ur_dashboard_msgs/include/ur_dashboard_msgs/ur_dashboard_msgs/srv/detail/set_user_role__functions.c\n'}
[61.516543] (ur_dashboard_msgs) StdoutLine: {'line': b'-- Installing: /home/com9/uet_ws/install/ur_dashboard_msgs/include/ur_dashboard_msgs/ur_dashboard_msgs/srv/detail/is_in_remote_control__struct.h\n'}
[61.516572] (ur_dashboard_msgs) StdoutLine: {'line': b'-- Installing: /home/com9/uet_ws/install/ur_dashboard_msgs/include/ur_dashboard_msgs/ur_dashboard_msgs/srv/detail/raw_request__type_support.h\n'}
[61.516610] (ur_dashboard_msgs) StdoutLine: {'line': b'-- Installing: /home/com9/uet_ws/install/ur_dashboard_msgs/include/ur_dashboard_msgs/ur_dashboard_msgs/srv/detail/add_to_log__functions.c\n'}
[61.516644] (ur_dashboard_msgs) StdoutLine: {'line': b'-- Installing: /home/com9/uet_ws/install/ur_dashboard_msgs/include/ur_dashboard_msgs/ur_dashboard_msgs/srv/detail/get_safety_mode__type_support.h\n'}
[61.516673] (ur_dashboard_msgs) StdoutLine: {'line': b'-- Installing: /home/com9/uet_ws/install/ur_dashboard_msgs/include/ur_dashboard_msgs/ur_dashboard_msgs/srv/detail/is_in_remote_control__functions.c\n'}
[61.516711] (ur_dashboard_msgs) StdoutLine: {'line': b'-- Installing: /home/com9/uet_ws/install/ur_dashboard_msgs/include/ur_dashboard_msgs/ur_dashboard_msgs/srv/detail/generate_support_file__functions.h\n'}
[61.516739] (ur_dashboard_msgs) StdoutLine: {'line': b'-- Installing: /home/com9/uet_ws/install/ur_dashboard_msgs/include/ur_dashboard_msgs/ur_dashboard_msgs/srv/detail/get_loaded_program__type_support.h\n'}
[61.516772] (ur_dashboard_msgs) StdoutLine: {'line': b'-- Installing: /home/com9/uet_ws/install/ur_dashboard_msgs/include/ur_dashboard_msgs/ur_dashboard_msgs/srv/detail/is_program_running__type_support.h\n'}
[61.516807] (ur_dashboard_msgs) StdoutLine: {'line': b'-- Installing: /home/com9/uet_ws/install/ur_dashboard_msgs/include/ur_dashboard_msgs/ur_dashboard_msgs/srv/detail/get_safety_status__functions.c\n'}
[61.516837] (ur_dashboard_msgs) StdoutLine: {'line': b'-- Installing: /home/com9/uet_ws/install/ur_dashboard_msgs/include/ur_dashboard_msgs/ur_dashboard_msgs/srv/detail/get_user_role__functions.c\n'}
[61.516875] (ur_dashboard_msgs) StdoutLine: {'line': b'-- Installing: /home/com9/uet_ws/install/ur_dashboard_msgs/include/ur_dashboard_msgs/ur_dashboard_msgs/srv/detail/upload_program__type_support.h\n'}
[61.516903] (ur_dashboard_msgs) StdoutLine: {'line': b'-- Installing: /home/com9/uet_ws/install/ur_dashboard_msgs/include/ur_dashboard_msgs/ur_dashboard_msgs/srv/detail/get_serial_number__functions.c\n'}
[61.516942] (ur_dashboard_msgs) StdoutLine: {'line': b'-- Installing: /home/com9/uet_ws/install/ur_dashboard_msgs/include/ur_dashboard_msgs/ur_dashboard_msgs/srv/detail/get_poly_scope_version__type_support.h\n'}
[61.516969] (ur_dashboard_msgs) StdoutLine: {'line': b'-- Installing: /home/com9/uet_ws/install/ur_dashboard_msgs/include/ur_dashboard_msgs/ur_dashboard_msgs/srv/detail/get_poly_scope_version__functions.h\n'}
[61.517003] (ur_dashboard_msgs) StdoutLine: {'line': b'-- Installing: /home/com9/uet_ws/install/ur_dashboard_msgs/include/ur_dashboard_msgs/ur_dashboard_msgs/srv/detail/get_program_state__functions.c\n'}
[61.517037] (ur_dashboard_msgs) StdoutLine: {'line': b'-- Installing: /home/com9/uet_ws/install/ur_dashboard_msgs/include/ur_dashboard_msgs/ur_dashboard_msgs/srv/detail/get_serial_number__type_support.h\n'}
[61.517080] (ur_dashboard_msgs) StdoutLine: {'line': b'-- Installing: /home/com9/uet_ws/install/ur_dashboard_msgs/include/ur_dashboard_msgs/ur_dashboard_msgs/srv/detail/get_safety_status__functions.h\n'}
[61.517117] (ur_dashboard_msgs) StdoutLine: {'line': b'-- Installing: /home/com9/uet_ws/install/ur_dashboard_msgs/include/ur_dashboard_msgs/ur_dashboard_msgs/srv/detail/get_loaded_program__functions.h\n'}
[61.517158] (ur_dashboard_msgs) StdoutLine: {'line': b'-- Installing: /home/com9/uet_ws/install/ur_dashboard_msgs/include/ur_dashboard_msgs/ur_dashboard_msgs/srv/detail/upload_program__struct.h\n'}
[61.517205] (ur_dashboard_msgs) StdoutLine: {'line': b'-- Installing: /home/com9/uet_ws/install/ur_dashboard_msgs/include/ur_dashboard_msgs/ur_dashboard_msgs/srv/detail/get_program_state__struct.h\n'}
[61.517237] (ur_dashboard_msgs) StdoutLine: {'line': b'-- Installing: /home/com9/uet_ws/install/ur_dashboard_msgs/include/ur_dashboard_msgs/ur_dashboard_msgs/srv/detail/load__functions.h\n'}
[61.517288] (ur_dashboard_msgs) StdoutLine: {'line': b'-- Installing: /home/com9/uet_ws/install/ur_dashboard_msgs/include/ur_dashboard_msgs/ur_dashboard_msgs/srv/detail/get_operational_mode__struct.h\n'}
[61.517316] (ur_dashboard_msgs) StdoutLine: {'line': b'-- Installing: /home/com9/uet_ws/install/ur_dashboard_msgs/include/ur_dashboard_msgs/ur_dashboard_msgs/srv/detail/get_safety_status__type_support.h\n'}
[61.517352] (ur_dashboard_msgs) StdoutLine: {'line': b'-- Installing: /home/com9/uet_ws/install/ur_dashboard_msgs/include/ur_dashboard_msgs/ur_dashboard_msgs/srv/detail/set_user_role__functions.h\n'}
[61.517396] (ur_dashboard_msgs) StdoutLine: {'line': b'-- Installing: /home/com9/uet_ws/install/ur_dashboard_msgs/include/ur_dashboard_msgs/ur_dashboard_msgs/srv/detail/load__functions.c\n'}
[61.517442] (ur_dashboard_msgs) StdoutLine: {'line': b'-- Installing: /home/com9/uet_ws/install/ur_dashboard_msgs/include/ur_dashboard_msgs/ur_dashboard_msgs/srv/detail/get_serial_number__functions.h\n'}
[61.517470] (ur_dashboard_msgs) StdoutLine: {'line': b'-- Installing: /home/com9/uet_ws/install/ur_dashboard_msgs/include/ur_dashboard_msgs/ur_dashboard_msgs/srv/detail/set_operational_mode__type_support.h\n'}
[61.517504] (ur_dashboard_msgs) StdoutLine: {'line': b'-- Installing: /home/com9/uet_ws/install/ur_dashboard_msgs/include/ur_dashboard_msgs/ur_dashboard_msgs/srv/detail/get_safety_mode__functions.h\n'}
[61.517540] (ur_dashboard_msgs) StdoutLine: {'line': b'-- Installing: /home/com9/uet_ws/install/ur_dashboard_msgs/include/ur_dashboard_msgs/ur_dashboard_msgs/srv/detail/popup__type_support.h\n'}
[61.517574] (ur_dashboard_msgs) StdoutLine: {'line': b'-- Installing: /home/com9/uet_ws/install/ur_dashboard_msgs/include/ur_dashboard_msgs/ur_dashboard_msgs/srv/detail/is_program_running__functions.c\n'}
[61.517608] (ur_dashboard_msgs) StdoutLine: {'line': b'-- Installing: /home/com9/uet_ws/install/ur_dashboard_msgs/include/ur_dashboard_msgs/ur_dashboard_msgs/srv/detail/set_operational_mode__functions.c\n'}
[61.517644] (ur_dashboard_msgs) StdoutLine: {'line': b'-- Installing: /home/com9/uet_ws/install/ur_dashboard_msgs/include/ur_dashboard_msgs/ur_dashboard_msgs/srv/detail/download_program__struct.h\n'}
[61.517683] (ur_dashboard_msgs) StdoutLine: {'line': b'-- Installing: /home/com9/uet_ws/install/ur_dashboard_msgs/include/ur_dashboard_msgs/ur_dashboard_msgs/srv/detail/get_safety_mode__struct.h\n'}
[61.517721] (ur_dashboard_msgs) StdoutLine: {'line': b'-- Installing: /home/com9/uet_ws/install/ur_dashboard_msgs/include/ur_dashboard_msgs/ur_dashboard_msgs/srv/detail/is_program_saved__functions.c\n'}
[61.517762] (ur_dashboard_msgs) StdoutLine: {'line': b'-- Installing: /home/com9/uet_ws/install/ur_dashboard_msgs/include/ur_dashboard_msgs/ur_dashboard_msgs/srv/detail/is_program_saved__functions.h\n'}
[61.517801] (ur_dashboard_msgs) StdoutLine: {'line': b'-- Installing: /home/com9/uet_ws/install/ur_dashboard_msgs/include/ur_dashboard_msgs/ur_dashboard_msgs/srv/detail/popup__struct.h\n'}
[61.517845] (ur_dashboard_msgs) StdoutLine: {'line': b'-- Installing: /home/com9/uet_ws/install/ur_dashboard_msgs/include/ur_dashboard_msgs/ur_dashboard_msgs/srv/detail/get_robot_model__type_support.h\n'}
[61.517886] (ur_dashboard_msgs) StdoutLine: {'line': b'-- Installing: /home/com9/uet_ws/install/ur_dashboard_msgs/include/ur_dashboard_msgs/ur_dashboard_msgs/srv/detail/get_safety_mode__functions.c\n'}
[61.517929] (ur_dashboard_msgs) StdoutLine: {'line': b'-- Installing: /home/com9/uet_ws/install/ur_dashboard_msgs/include/ur_dashboard_msgs/ur_dashboard_msgs/srv/detail/download_program__functions.c\n'}
[61.517971] (ur_dashboard_msgs) StdoutLine: {'line': b'-- Installing: /home/com9/uet_ws/install/ur_dashboard_msgs/include/ur_dashboard_msgs/ur_dashboard_msgs/srv/detail/add_to_log__type_support.h\n'}
[61.518008] (ur_dashboard_msgs) StdoutLine: {'line': b'-- Installing: /home/com9/uet_ws/install/ur_dashboard_msgs/include/ur_dashboard_msgs/ur_dashboard_msgs/srv/detail/is_in_remote_control__type_support.h\n'}
[61.518049] (ur_dashboard_msgs) StdoutLine: {'line': b'-- Installing: /home/com9/uet_ws/install/ur_dashboard_msgs/include/ur_dashboard_msgs/ur_dashboard_msgs/srv/detail/add_to_log__functions.h\n'}
[61.518087] (ur_dashboard_msgs) StdoutLine: {'line': b'-- Installing: /home/com9/uet_ws/install/ur_dashboard_msgs/include/ur_dashboard_msgs/ur_dashboard_msgs/srv/detail/add_to_log__struct.h\n'}
[61.518125] (ur_dashboard_msgs) StdoutLine: {'line': b'-- Installing: /home/com9/uet_ws/install/ur_dashboard_msgs/include/ur_dashboard_msgs/ur_dashboard_msgs/srv/detail/is_program_running__struct.h\n'}
[61.518164] (ur_dashboard_msgs) StdoutLine: {'line': b'-- Installing: /home/com9/uet_ws/install/ur_dashboard_msgs/include/ur_dashboard_msgs/ur_dashboard_msgs/srv/detail/get_user_role__type_support.h\n'}
[61.518204] (ur_dashboard_msgs) StdoutLine: {'line': b'-- Installing: /home/com9/uet_ws/install/ur_dashboard_msgs/include/ur_dashboard_msgs/ur_dashboard_msgs/srv/detail/get_operational_mode__functions.c\n'}
[61.518246] (ur_dashboard_msgs) StdoutLine: {'line': b'-- Installing: /home/com9/uet_ws/install/ur_dashboard_msgs/include/ur_dashboard_msgs/ur_dashboard_msgs/srv/detail/get_programs__type_support.h\n'}
[61.518284] (ur_dashboard_msgs) StdoutLine: {'line': b'-- Installing: /home/com9/uet_ws/install/ur_dashboard_msgs/include/ur_dashboard_msgs/ur_dashboard_msgs/srv/detail/load__struct.h\n'}
[61.518324] (ur_dashboard_msgs) StdoutLine: {'line': b'-- Installing: /home/com9/uet_ws/install/ur_dashboard_msgs/include/ur_dashboard_msgs/ur_dashboard_msgs/srv/detail/get_loaded_program__struct.h\n'}
[61.518361] (ur_dashboard_msgs) StdoutLine: {'line': b'-- Installing: /home/com9/uet_ws/install/ur_dashboard_msgs/include/ur_dashboard_msgs/ur_dashboard_msgs/srv/detail/get_poly_scope_version__struct.h\n'}
[61.518403] (ur_dashboard_msgs) StdoutLine: {'line': b'-- Installing: /home/com9/uet_ws/install/ur_dashboard_msgs/include/ur_dashboard_msgs/ur_dashboard_msgs/srv/detail/is_program_running__functions.h\n'}
[61.518445] (ur_dashboard_msgs) StdoutLine: {'line': b'-- Installing: /home/com9/uet_ws/install/ur_dashboard_msgs/include/ur_dashboard_msgs/ur_dashboard_msgs/srv/detail/set_user_role__type_support.h\n'}
[61.518482] (ur_dashboard_msgs) StdoutLine: {'line': b'-- Installing: /home/com9/uet_ws/install/ur_dashboard_msgs/include/ur_dashboard_msgs/ur_dashboard_msgs/srv/detail/set_operational_mode__functions.h\n'}
[61.518526] (ur_dashboard_msgs) StdoutLine: {'line': b'-- Installing: /home/com9/uet_ws/install/ur_dashboard_msgs/include/ur_dashboard_msgs/ur_dashboard_msgs/srv/detail/get_robot_model__struct.h\n'}
[61.518562] (ur_dashboard_msgs) StdoutLine: {'line': b'-- Installing: /home/com9/uet_ws/install/ur_dashboard_msgs/include/ur_dashboard_msgs/ur_dashboard_msgs/srv/detail/generate_support_file__functions.c\n'}
[61.518608] (ur_dashboard_msgs) StdoutLine: {'line': b'-- Installing: /home/com9/uet_ws/install/ur_dashboard_msgs/include/ur_dashboard_msgs/ur_dashboard_msgs/srv/detail/get_robot_model__functions.h\n'}
[61.518654] (ur_dashboard_msgs) StdoutLine: {'line': b'-- Installing: /home/com9/uet_ws/install/ur_dashboard_msgs/include/ur_dashboard_msgs/ur_dashboard_msgs/srv/detail/raw_request__functions.c\n'}
[61.518698] (ur_dashboard_msgs) StdoutLine: {'line': b'-- Installing: /home/com9/uet_ws/install/ur_dashboard_msgs/include/ur_dashboard_msgs/ur_dashboard_msgs/srv/detail/download_program__functions.h\n'}
[61.518741] (ur_dashboard_msgs) StdoutLine: {'line': b'-- Installing: /home/com9/uet_ws/install/ur_dashboard_msgs/include/ur_dashboard_msgs/ur_dashboard_msgs/srv/detail/get_safety_status__struct.h\n'}
[61.518777] (ur_dashboard_msgs) StdoutLine: {'line': b'-- Installing: /home/com9/uet_ws/install/ur_dashboard_msgs/include/ur_dashboard_msgs/ur_dashboard_msgs/srv/detail/is_program_saved__type_support.h\n'}
[61.518819] (ur_dashboard_msgs) StdoutLine: {'line': b'-- Installing: /home/com9/uet_ws/install/ur_dashboard_msgs/include/ur_dashboard_msgs/ur_dashboard_msgs/srv/detail/get_robot_mode__functions.c\n'}
[61.518863] (ur_dashboard_msgs) StdoutLine: {'line': b'-- Installing: /home/com9/uet_ws/install/ur_dashboard_msgs/include/ur_dashboard_msgs/ur_dashboard_msgs/srv/detail/get_program_state__functions.h\n'}
[61.518906] (ur_dashboard_msgs) StdoutLine: {'line': b'-- Installing: /home/com9/uet_ws/install/ur_dashboard_msgs/include/ur_dashboard_msgs/ur_dashboard_msgs/srv/detail/upload_program__functions.h\n'}
[61.518950] (ur_dashboard_msgs) StdoutLine: {'line': b'-- Installing: /home/com9/uet_ws/install/ur_dashboard_msgs/include/ur_dashboard_msgs/ur_dashboard_msgs/srv/detail/get_user_role__functions.h\n'}
[61.518993] (ur_dashboard_msgs) StdoutLine: {'line': b'-- Installing: /home/com9/uet_ws/install/ur_dashboard_msgs/include/ur_dashboard_msgs/ur_dashboard_msgs/srv/detail/download_program__type_support.h\n'}
[61.519035] (ur_dashboard_msgs) StdoutLine: {'line': b'-- Installing: /home/com9/uet_ws/install/ur_dashboard_msgs/include/ur_dashboard_msgs/ur_dashboard_msgs/srv/detail/get_robot_mode__struct.h\n'}
[61.519076] (ur_dashboard_msgs) StdoutLine: {'line': b'-- Installing: /home/com9/uet_ws/install/ur_dashboard_msgs/include/ur_dashboard_msgs/ur_dashboard_msgs/srv/detail/get_robot_model__functions.c\n'}
[61.519120] (ur_dashboard_msgs) StdoutLine: {'line': b'-- Installing: /home/com9/uet_ws/install/ur_dashboard_msgs/include/ur_dashboard_msgs/ur_dashboard_msgs/srv/detail/generate_flight_report__functions.c\n'}
[61.519165] (ur_dashboard_msgs) StdoutLine: {'line': b'-- Installing: /home/com9/uet_ws/install/ur_dashboard_msgs/include/ur_dashboard_msgs/ur_dashboard_msgs/srv/detail/get_programs__functions.c\n'}
[61.519213] (ur_dashboard_msgs) StdoutLine: {'line': b'-- Installing: /home/com9/uet_ws/install/ur_dashboard_msgs/include/ur_dashboard_msgs/ur_dashboard_msgs/srv/detail/popup__functions.h\n'}
[61.519257] (ur_dashboard_msgs) StdoutLine: {'line': b'-- Installing: /home/com9/uet_ws/install/ur_dashboard_msgs/include/ur_dashboard_msgs/ur_dashboard_msgs/srv/detail/get_operational_mode__functions.h\n'}
[61.519302] (ur_dashboard_msgs) StdoutLine: {'line': b'-- Installing: /home/com9/uet_ws/install/ur_dashboard_msgs/include/ur_dashboard_msgs/ur_dashboard_msgs/srv/detail/set_user_role__struct.h\n'}
[61.519342] (ur_dashboard_msgs) StdoutLine: {'line': b'-- Installing: /home/com9/uet_ws/install/ur_dashboard_msgs/include/ur_dashboard_msgs/ur_dashboard_msgs/srv/detail/get_programs__struct.h\n'}
[61.519380] (ur_dashboard_msgs) StdoutLine: {'line': b'-- Installing: /home/com9/uet_ws/install/ur_dashboard_msgs/include/ur_dashboard_msgs/ur_dashboard_msgs/srv/detail/popup__functions.c\n'}
[61.519425] (ur_dashboard_msgs) StdoutLine: {'line': b'-- Installing: /home/com9/uet_ws/install/ur_dashboard_msgs/include/ur_dashboard_msgs/ur_dashboard_msgs/srv/detail/get_program_state__type_support.h\n'}
[61.519464] (ur_dashboard_msgs) StdoutLine: {'line': b'-- Installing: /home/com9/uet_ws/install/ur_dashboard_msgs/include/ur_dashboard_msgs/ur_dashboard_msgs/srv/detail/raw_request__functions.h\n'}
[61.519511] (ur_dashboard_msgs) StdoutLine: {'line': b'-- Installing: /home/com9/uet_ws/install/ur_dashboard_msgs/include/ur_dashboard_msgs/ur_dashboard_msgs/srv/detail/get_operational_mode__type_support.h\n'}
[61.519550] (ur_dashboard_msgs) StdoutLine: {'line': b'-- Installing: /home/com9/uet_ws/install/ur_dashboard_msgs/include/ur_dashboard_msgs/ur_dashboard_msgs/srv/detail/is_in_remote_control__functions.h\n'}
[61.519596] (ur_dashboard_msgs) StdoutLine: {'line': b'-- Installing: /home/com9/uet_ws/install/ur_dashboard_msgs/include/ur_dashboard_msgs/ur_dashboard_msgs/srv/upload_program.h\n'}
[61.519640] (ur_dashboard_msgs) StdoutLine: {'line': b'-- Installing: /home/com9/uet_ws/install/ur_dashboard_msgs/include/ur_dashboard_msgs/ur_dashboard_msgs/srv/get_robot_mode.h\n'}
[61.519678] (ur_dashboard_msgs) StdoutLine: {'line': b'-- Installing: /home/com9/uet_ws/install/ur_dashboard_msgs/include/ur_dashboard_msgs/ur_dashboard_msgs/srv/get_safety_status.h\n'}
[61.519720] (ur_dashboard_msgs) StdoutLine: {'line': b'-- Installing: /home/com9/uet_ws/install/ur_dashboard_msgs/include/ur_dashboard_msgs/ur_dashboard_msgs/action\n'}
[61.519766] (ur_dashboard_msgs) StdoutLine: {'line': b'-- Installing: /home/com9/uet_ws/install/ur_dashboard_msgs/include/ur_dashboard_msgs/ur_dashboard_msgs/action/set_mode.h\n'}
[61.519796] (ur_dashboard_msgs) StdoutLine: {'line': b'-- Installing: /home/com9/uet_ws/install/ur_dashboard_msgs/include/ur_dashboard_msgs/ur_dashboard_msgs/action/detail\n'}
[61.519834] (ur_dashboard_msgs) StdoutLine: {'line': b'-- Installing: /home/com9/uet_ws/install/ur_dashboard_msgs/include/ur_dashboard_msgs/ur_dashboard_msgs/action/detail/set_mode__type_support.h\n'}
[61.519863] (ur_dashboard_msgs) StdoutLine: {'line': b'-- Installing: /home/com9/uet_ws/install/ur_dashboard_msgs/include/ur_dashboard_msgs/ur_dashboard_msgs/action/detail/set_mode__functions.c\n'}
[61.519903] (ur_dashboard_msgs) StdoutLine: {'line': b'-- Installing: /home/com9/uet_ws/install/ur_dashboard_msgs/include/ur_dashboard_msgs/ur_dashboard_msgs/action/detail/set_mode__functions.h\n'}
[61.519948] (ur_dashboard_msgs) StdoutLine: {'line': b'-- Installing: /home/com9/uet_ws/install/ur_dashboard_msgs/include/ur_dashboard_msgs/ur_dashboard_msgs/action/detail/set_mode__struct.h\n'}
[61.520047] (ur_dashboard_msgs) StdoutLine: {'line': b'-- Installing: /home/com9/uet_ws/install/ur_dashboard_msgs/share/ur_dashboard_msgs/environment/library_path.sh\n'}
[61.520104] (ur_dashboard_msgs) StdoutLine: {'line': b'-- Installing: /home/com9/uet_ws/install/ur_dashboard_msgs/share/ur_dashboard_msgs/environment/library_path.dsv\n'}
[61.520179] (ur_dashboard_msgs) StdoutLine: {'line': b'-- Installing: /home/com9/uet_ws/install/ur_dashboard_msgs/lib/libur_dashboard_msgs__rosidl_generator_c.so\n'}
[61.520537] (ur_dashboard_msgs) StdoutLine: {'line': b'-- Set runtime path of "/home/com9/uet_ws/install/ur_dashboard_msgs/lib/libur_dashboard_msgs__rosidl_generator_c.so" to ""\n'}
[61.520592] (ur_dashboard_msgs) StdoutLine: {'line': b'-- Up-to-date: /home/com9/uet_ws/install/ur_dashboard_msgs/include/ur_dashboard_msgs/ur_dashboard_msgs\n'}
[61.520624] (ur_dashboard_msgs) StdoutLine: {'line': b'-- Up-to-date: /home/com9/uet_ws/install/ur_dashboard_msgs/include/ur_dashboard_msgs/ur_dashboard_msgs/msg\n'}
[61.520655] (ur_dashboard_msgs) StdoutLine: {'line': b'-- Installing: /home/com9/uet_ws/install/ur_dashboard_msgs/include/ur_dashboard_msgs/ur_dashboard_msgs/msg/rosidl_typesupport_fastrtps_c__visibility_control.h\n'}
[61.520701] (ur_dashboard_msgs) StdoutLine: {'line': b'-- Up-to-date: /home/com9/uet_ws/install/ur_dashboard_msgs/include/ur_dashboard_msgs/ur_dashboard_msgs/msg/detail\n'}
[61.520730] (ur_dashboard_msgs) StdoutLine: {'line': b'-- Installing: /home/com9/uet_ws/install/ur_dashboard_msgs/include/ur_dashboard_msgs/ur_dashboard_msgs/msg/detail/program_information__rosidl_typesupport_fastrtps_c.h\n'}
[61.520761] (ur_dashboard_msgs) StdoutLine: {'line': b'-- Installing: /home/com9/uet_ws/install/ur_dashboard_msgs/include/ur_dashboard_msgs/ur_dashboard_msgs/msg/detail/safety_status__rosidl_typesupport_fastrtps_c.h\n'}
[61.520792] (ur_dashboard_msgs) StdoutLine: {'line': b'-- Installing: /home/com9/uet_ws/install/ur_dashboard_msgs/include/ur_dashboard_msgs/ur_dashboard_msgs/msg/detail/robot_mode__rosidl_typesupport_fastrtps_c.h\n'}
[61.520842] (ur_dashboard_msgs) StdoutLine: {'line': b'-- Installing: /home/com9/uet_ws/install/ur_dashboard_msgs/include/ur_dashboard_msgs/ur_dashboard_msgs/msg/detail/program_state__rosidl_typesupport_fastrtps_c.h\n'}
[61.520896] (ur_dashboard_msgs) StdoutLine: {'line': b'-- Installing: /home/com9/uet_ws/install/ur_dashboard_msgs/include/ur_dashboard_msgs/ur_dashboard_msgs/msg/detail/version_information__rosidl_typesupport_fastrtps_c.h\n'}
[61.520929] (ur_dashboard_msgs) StdoutLine: {'line': b'-- Installing: /home/com9/uet_ws/install/ur_dashboard_msgs/include/ur_dashboard_msgs/ur_dashboard_msgs/msg/detail/safety_mode__rosidl_typesupport_fastrtps_c.h\n'}
[61.520959] (ur_dashboard_msgs) StdoutLine: {'line': b'-- Installing: /home/com9/uet_ws/install/ur_dashboard_msgs/include/ur_dashboard_msgs/ur_dashboard_msgs/msg/detail/user_role__rosidl_typesupport_fastrtps_c.h\n'}
[61.520990] (ur_dashboard_msgs) StdoutLine: {'line': b'-- Installing: /home/com9/uet_ws/install/ur_dashboard_msgs/include/ur_dashboard_msgs/ur_dashboard_msgs/msg/detail/operational_mode__rosidl_typesupport_fastrtps_c.h\n'}
[61.521031] (ur_dashboard_msgs) StdoutLine: {'line': b'-- Up-to-date: /home/com9/uet_ws/install/ur_dashboard_msgs/include/ur_dashboard_msgs/ur_dashboard_msgs/srv\n'}
[61.521061] (ur_dashboard_msgs) StdoutLine: {'line': b'-- Up-to-date: /home/com9/uet_ws/install/ur_dashboard_msgs/include/ur_dashboard_msgs/ur_dashboard_msgs/srv/detail\n'}
[61.521102] (ur_dashboard_msgs) StdoutLine: {'line': b'-- Installing: /home/com9/uet_ws/install/ur_dashboard_msgs/include/ur_dashboard_msgs/ur_dashboard_msgs/srv/detail/get_user_role__rosidl_typesupport_fastrtps_c.h\n'}
[61.521132] (ur_dashboard_msgs) StdoutLine: {'line': b'-- Installing: /home/com9/uet_ws/install/ur_dashboard_msgs/include/ur_dashboard_msgs/ur_dashboard_msgs/srv/detail/generate_flight_report__rosidl_typesupport_fastrtps_c.h\n'}
[61.521171] (ur_dashboard_msgs) StdoutLine: {'line': b'-- Installing: /home/com9/uet_ws/install/ur_dashboard_msgs/include/ur_dashboard_msgs/ur_dashboard_msgs/srv/detail/get_robot_model__rosidl_typesupport_fastrtps_c.h\n'}
[61.521209] (ur_dashboard_msgs) StdoutLine: {'line': b'-- Installing: /home/com9/uet_ws/install/ur_dashboard_msgs/include/ur_dashboard_msgs/ur_dashboard_msgs/srv/detail/is_in_remote_control__rosidl_typesupport_fastrtps_c.h\n'}
[61.521256] (ur_dashboard_msgs) StdoutLine: {'line': b'-- Installing: /home/com9/uet_ws/install/ur_dashboard_msgs/include/ur_dashboard_msgs/ur_dashboard_msgs/srv/detail/get_program_state__rosidl_typesupport_fastrtps_c.h\n'}
[61.521295] (ur_dashboard_msgs) StdoutLine: {'line': b'-- Installing: /home/com9/uet_ws/install/ur_dashboard_msgs/include/ur_dashboard_msgs/ur_dashboard_msgs/srv/detail/get_poly_scope_version__rosidl_typesupport_fastrtps_c.h\n'}
[61.521363] (ur_dashboard_msgs) StdoutLine: {'line': b'-- Installing: /home/com9/uet_ws/install/ur_dashboard_msgs/include/ur_dashboard_msgs/ur_dashboard_msgs/srv/detail/load__rosidl_typesupport_fastrtps_c.h\n'}
[61.521466] (ur_dashboard_msgs) StdoutLine: {'line': b'-- Installing: /home/com9/uet_ws/install/ur_dashboard_msgs/include/ur_dashboard_msgs/ur_dashboard_msgs/srv/detail/add_to_log__rosidl_typesupport_fastrtps_c.h\n'}
[61.521522] (ur_dashboard_msgs) StdoutLine: {'line': b'-- Installing: /home/com9/uet_ws/install/ur_dashboard_msgs/include/ur_dashboard_msgs/ur_dashboard_msgs/srv/detail/set_user_role__rosidl_typesupport_fastrtps_c.h\n'}
[61.521559] (ur_dashboard_msgs) StdoutLine: {'line': b'-- Installing: /home/com9/uet_ws/install/ur_dashboard_msgs/include/ur_dashboard_msgs/ur_dashboard_msgs/srv/detail/get_loaded_program__rosidl_typesupport_fastrtps_c.h\n'}
[61.521591] (ur_dashboard_msgs) StdoutLine: {'line': b'-- Installing: /home/com9/uet_ws/install/ur_dashboard_msgs/include/ur_dashboard_msgs/ur_dashboard_msgs/srv/detail/is_program_running__rosidl_typesupport_fastrtps_c.h\n'}
[61.521631] (ur_dashboard_msgs) StdoutLine: {'line': b'-- Installing: /home/com9/uet_ws/install/ur_dashboard_msgs/include/ur_dashboard_msgs/ur_dashboard_msgs/srv/detail/get_safety_status__rosidl_typesupport_fastrtps_c.h\n'}
[61.521664] (ur_dashboard_msgs) StdoutLine: {'line': b'-- Installing: /home/com9/uet_ws/install/ur_dashboard_msgs/include/ur_dashboard_msgs/ur_dashboard_msgs/srv/detail/popup__rosidl_typesupport_fastrtps_c.h\n'}
[61.521692] (ur_dashboard_msgs) StdoutLine: {'line': b'-- Installing: /home/com9/uet_ws/install/ur_dashboard_msgs/include/ur_dashboard_msgs/ur_dashboard_msgs/srv/detail/get_serial_number__rosidl_typesupport_fastrtps_c.h\n'}
[61.521729] (ur_dashboard_msgs) StdoutLine: {'line': b'-- Installing: /home/com9/uet_ws/install/ur_dashboard_msgs/include/ur_dashboard_msgs/ur_dashboard_msgs/srv/detail/generate_support_file__rosidl_typesupport_fastrtps_c.h\n'}
[61.521763] (ur_dashboard_msgs) StdoutLine: {'line': b'-- Installing: /home/com9/uet_ws/install/ur_dashboard_msgs/include/ur_dashboard_msgs/ur_dashboard_msgs/srv/detail/get_operational_mode__rosidl_typesupport_fastrtps_c.h\n'}
[61.521798] (ur_dashboard_msgs) StdoutLine: {'line': b'-- Installing: /home/com9/uet_ws/install/ur_dashboard_msgs/include/ur_dashboard_msgs/ur_dashboard_msgs/srv/detail/get_programs__rosidl_typesupport_fastrtps_c.h\n'}
[61.521833] (ur_dashboard_msgs) StdoutLine: {'line': b'-- Installing: /home/com9/uet_ws/install/ur_dashboard_msgs/include/ur_dashboard_msgs/ur_dashboard_msgs/srv/detail/upload_program__rosidl_typesupport_fastrtps_c.h\n'}
[61.521867] (ur_dashboard_msgs) StdoutLine: {'line': b'-- Installing: /home/com9/uet_ws/install/ur_dashboard_msgs/include/ur_dashboard_msgs/ur_dashboard_msgs/srv/detail/download_program__rosidl_typesupport_fastrtps_c.h\n'}
[61.521900] (ur_dashboard_msgs) StdoutLine: {'line': b'-- Installing: /home/com9/uet_ws/install/ur_dashboard_msgs/include/ur_dashboard_msgs/ur_dashboard_msgs/srv/detail/raw_request__rosidl_typesupport_fastrtps_c.h\n'}
[61.521927] (ur_dashboard_msgs) StdoutLine: {'line': b'-- Installing: /home/com9/uet_ws/install/ur_dashboard_msgs/include/ur_dashboard_msgs/ur_dashboard_msgs/srv/detail/get_safety_mode__rosidl_typesupport_fastrtps_c.h\n'}
[61.521957] (ur_dashboard_msgs) StdoutLine: {'line': b'-- Installing: /home/com9/uet_ws/install/ur_dashboard_msgs/include/ur_dashboard_msgs/ur_dashboard_msgs/srv/detail/get_robot_mode__rosidl_typesupport_fastrtps_c.h\n'}
[61.522002] (ur_dashboard_msgs) StdoutLine: {'line': b'-- Installing: /home/com9/uet_ws/install/ur_dashboard_msgs/include/ur_dashboard_msgs/ur_dashboard_msgs/srv/detail/set_operational_mode__rosidl_typesupport_fastrtps_c.h\n'}
[61.522030] (ur_dashboard_msgs) StdoutLine: {'line': b'-- Installing: /home/com9/uet_ws/install/ur_dashboard_msgs/include/ur_dashboard_msgs/ur_dashboard_msgs/srv/detail/is_program_saved__rosidl_typesupport_fastrtps_c.h\n'}
[61.522065] (ur_dashboard_msgs) StdoutLine: {'line': b'-- Up-to-date: /home/com9/uet_ws/install/ur_dashboard_msgs/include/ur_dashboard_msgs/ur_dashboard_msgs/action\n'}
[61.522092] (ur_dashboard_msgs) StdoutLine: {'line': b'-- Up-to-date: /home/com9/uet_ws/install/ur_dashboard_msgs/include/ur_dashboard_msgs/ur_dashboard_msgs/action/detail\n'}
[61.522118] (ur_dashboard_msgs) StdoutLine: {'line': b'-- Installing: /home/com9/uet_ws/install/ur_dashboard_msgs/include/ur_dashboard_msgs/ur_dashboard_msgs/action/detail/set_mode__rosidl_typesupport_fastrtps_c.h\n'}
[61.522143] (ur_dashboard_msgs) StdoutLine: {'line': b'-- Installing: /home/com9/uet_ws/install/ur_dashboard_msgs/lib/libur_dashboard_msgs__rosidl_typesupport_fastrtps_c.so\n'}
[61.522286] (ur_dashboard_msgs) StdoutLine: {'line': b'-- Set runtime path of "/home/com9/uet_ws/install/ur_dashboard_msgs/lib/libur_dashboard_msgs__rosidl_typesupport_fastrtps_c.so" to ""\n'}
[61.522331] (ur_dashboard_msgs) StdoutLine: {'line': b'-- Up-to-date: /home/com9/uet_ws/install/ur_dashboard_msgs/include/ur_dashboard_msgs/ur_dashboard_msgs\n'}
[61.522370] (ur_dashboard_msgs) StdoutLine: {'line': b'-- Up-to-date: /home/com9/uet_ws/install/ur_dashboard_msgs/include/ur_dashboard_msgs/ur_dashboard_msgs/msg\n'}
[61.522401] (ur_dashboard_msgs) StdoutLine: {'line': b'-- Installing: /home/com9/uet_ws/install/ur_dashboard_msgs/include/ur_dashboard_msgs/ur_dashboard_msgs/msg/rosidl_typesupport_introspection_c__visibility_control.h\n'}
[61.522438] (ur_dashboard_msgs) StdoutLine: {'line': b'-- Up-to-date: /home/com9/uet_ws/install/ur_dashboard_msgs/include/ur_dashboard_msgs/ur_dashboard_msgs/msg/detail\n'}
[61.522492] (ur_dashboard_msgs) StdoutLine: {'line': b'-- Installing: /home/com9/uet_ws/install/ur_dashboard_msgs/include/ur_dashboard_msgs/ur_dashboard_msgs/msg/detail/operational_mode__type_support.c\n'}
[61.522534] (ur_dashboard_msgs) StdoutLine: {'line': b'-- Installing: /home/com9/uet_ws/install/ur_dashboard_msgs/include/ur_dashboard_msgs/ur_dashboard_msgs/msg/detail/safety_status__rosidl_typesupport_introspection_c.h\n'}
[61.522570] (ur_dashboard_msgs) StdoutLine: {'line': b'-- Installing: /home/com9/uet_ws/install/ur_dashboard_msgs/include/ur_dashboard_msgs/ur_dashboard_msgs/msg/detail/operational_mode__rosidl_typesupport_introspection_c.h\n'}
[61.522605] (ur_dashboard_msgs) StdoutLine: {'line': b'-- Installing: /home/com9/uet_ws/install/ur_dashboard_msgs/include/ur_dashboard_msgs/ur_dashboard_msgs/msg/detail/version_information__rosidl_typesupport_introspection_c.h\n'}
[61.522641] (ur_dashboard_msgs) StdoutLine: {'line': b'-- Installing: /home/com9/uet_ws/install/ur_dashboard_msgs/include/ur_dashboard_msgs/ur_dashboard_msgs/msg/detail/program_information__rosidl_typesupport_introspection_c.h\n'}
[61.522676] (ur_dashboard_msgs) StdoutLine: {'line': b'-- Installing: /home/com9/uet_ws/install/ur_dashboard_msgs/include/ur_dashboard_msgs/ur_dashboard_msgs/msg/detail/safety_mode__rosidl_typesupport_introspection_c.h\n'}
[61.522712] (ur_dashboard_msgs) StdoutLine: {'line': b'-- Installing: /home/com9/uet_ws/install/ur_dashboard_msgs/include/ur_dashboard_msgs/ur_dashboard_msgs/msg/detail/version_information__type_support.c\n'}
[61.522745] (ur_dashboard_msgs) StdoutLine: {'line': b'-- Installing: /home/com9/uet_ws/install/ur_dashboard_msgs/include/ur_dashboard_msgs/ur_dashboard_msgs/msg/detail/safety_mode__type_support.c\n'}
[61.522772] (ur_dashboard_msgs) StdoutLine: {'line': b'-- Installing: /home/com9/uet_ws/install/ur_dashboard_msgs/include/ur_dashboard_msgs/ur_dashboard_msgs/msg/detail/user_role__rosidl_typesupport_introspection_c.h\n'}
[61.522807] (ur_dashboard_msgs) StdoutLine: {'line': b'-- Installing: /home/com9/uet_ws/install/ur_dashboard_msgs/include/ur_dashboard_msgs/ur_dashboard_msgs/msg/detail/program_information__type_support.c\n'}
[61.522836] (ur_dashboard_msgs) StdoutLine: {'line': b'-- Installing: /home/com9/uet_ws/install/ur_dashboard_msgs/include/ur_dashboard_msgs/ur_dashboard_msgs/msg/detail/program_state__rosidl_typesupport_introspection_c.h\n'}
[61.522878] (ur_dashboard_msgs) StdoutLine: {'line': b'-- Installing: /home/com9/uet_ws/install/ur_dashboard_msgs/include/ur_dashboard_msgs/ur_dashboard_msgs/msg/detail/program_state__type_support.c\n'}
[61.522923] (ur_dashboard_msgs) StdoutLine: {'line': b'-- Installing: /home/com9/uet_ws/install/ur_dashboard_msgs/include/ur_dashboard_msgs/ur_dashboard_msgs/msg/detail/robot_mode__type_support.c\n'}
[61.522959] (ur_dashboard_msgs) StdoutLine: {'line': b'-- Installing: /home/com9/uet_ws/install/ur_dashboard_msgs/include/ur_dashboard_msgs/ur_dashboard_msgs/msg/detail/safety_status__type_support.c\n'}
[61.522993] (ur_dashboard_msgs) StdoutLine: {'line': b'-- Installing: /home/com9/uet_ws/install/ur_dashboard_msgs/include/ur_dashboard_msgs/ur_dashboard_msgs/msg/detail/robot_mode__rosidl_typesupport_introspection_c.h\n'}
[61.523031] (ur_dashboard_msgs) StdoutLine: {'line': b'-- Installing: /home/com9/uet_ws/install/ur_dashboard_msgs/include/ur_dashboard_msgs/ur_dashboard_msgs/msg/detail/user_role__type_support.c\n'}
[61.523066] (ur_dashboard_msgs) StdoutLine: {'line': b'-- Up-to-date: /home/com9/uet_ws/install/ur_dashboard_msgs/include/ur_dashboard_msgs/ur_dashboard_msgs/srv\n'}
[61.523095] (ur_dashboard_msgs) StdoutLine: {'line': b'-- Up-to-date: /home/com9/uet_ws/install/ur_dashboard_msgs/include/ur_dashboard_msgs/ur_dashboard_msgs/srv/detail\n'}
[61.523125] (ur_dashboard_msgs) StdoutLine: {'line': b'-- Installing: /home/com9/uet_ws/install/ur_dashboard_msgs/include/ur_dashboard_msgs/ur_dashboard_msgs/srv/detail/generate_support_file__type_support.c\n'}
[61.523172] (ur_dashboard_msgs) StdoutLine: {'line': b'-- Installing: /home/com9/uet_ws/install/ur_dashboard_msgs/include/ur_dashboard_msgs/ur_dashboard_msgs/srv/detail/get_operational_mode__rosidl_typesupport_introspection_c.h\n'}
[61.523204] (ur_dashboard_msgs) StdoutLine: {'line': b'-- Installing: /home/com9/uet_ws/install/ur_dashboard_msgs/include/ur_dashboard_msgs/ur_dashboard_msgs/srv/detail/get_loaded_program__rosidl_typesupport_introspection_c.h\n'}
[61.523236] (ur_dashboard_msgs) StdoutLine: {'line': b'-- Installing: /home/com9/uet_ws/install/ur_dashboard_msgs/include/ur_dashboard_msgs/ur_dashboard_msgs/srv/detail/generate_flight_report__rosidl_typesupport_introspection_c.h\n'}
[61.523275] (ur_dashboard_msgs) StdoutLine: {'line': b'-- Installing: /home/com9/uet_ws/install/ur_dashboard_msgs/include/ur_dashboard_msgs/ur_dashboard_msgs/srv/detail/popup__type_support.c\n'}
[61.523302] (ur_dashboard_msgs) StdoutLine: {'line': b'-- Installing: /home/com9/uet_ws/install/ur_dashboard_msgs/include/ur_dashboard_msgs/ur_dashboard_msgs/srv/detail/get_user_role__type_support.c\n'}
[61.523340] (ur_dashboard_msgs) StdoutLine: {'line': b'-- Installing: /home/com9/uet_ws/install/ur_dashboard_msgs/include/ur_dashboard_msgs/ur_dashboard_msgs/srv/detail/set_operational_mode__rosidl_typesupport_introspection_c.h\n'}
[61.523375] (ur_dashboard_msgs) StdoutLine: {'line': b'-- Installing: /home/com9/uet_ws/install/ur_dashboard_msgs/include/ur_dashboard_msgs/ur_dashboard_msgs/srv/detail/is_program_saved__rosidl_typesupport_introspection_c.h\n'}
[61.523410] (ur_dashboard_msgs) StdoutLine: {'line': b'-- Installing: /home/com9/uet_ws/install/ur_dashboard_msgs/include/ur_dashboard_msgs/ur_dashboard_msgs/srv/detail/download_program__rosidl_typesupport_introspection_c.h\n'}
[61.523446] (ur_dashboard_msgs) StdoutLine: {'line': b'-- Installing: /home/com9/uet_ws/install/ur_dashboard_msgs/include/ur_dashboard_msgs/ur_dashboard_msgs/srv/detail/is_in_remote_control__type_support.c\n'}
[61.523481] (ur_dashboard_msgs) StdoutLine: {'line': b'-- Installing: /home/com9/uet_ws/install/ur_dashboard_msgs/include/ur_dashboard_msgs/ur_dashboard_msgs/srv/detail/get_safety_status__rosidl_typesupport_introspection_c.h\n'}
[61.523516] (ur_dashboard_msgs) StdoutLine: {'line': b'-- Installing: /home/com9/uet_ws/install/ur_dashboard_msgs/include/ur_dashboard_msgs/ur_dashboard_msgs/srv/detail/raw_request__type_support.c\n'}
[61.523553] (ur_dashboard_msgs) StdoutLine: {'line': b'-- Installing: /home/com9/uet_ws/install/ur_dashboard_msgs/include/ur_dashboard_msgs/ur_dashboard_msgs/srv/detail/get_program_state__rosidl_typesupport_introspection_c.h\n'}
[61.523589] (ur_dashboard_msgs) StdoutLine: {'line': b'-- Installing: /home/com9/uet_ws/install/ur_dashboard_msgs/include/ur_dashboard_msgs/ur_dashboard_msgs/srv/detail/generate_flight_report__type_support.c\n'}
[61.523630] (ur_dashboard_msgs) StdoutLine: {'line': b'-- Installing: /home/com9/uet_ws/install/ur_dashboard_msgs/include/ur_dashboard_msgs/ur_dashboard_msgs/srv/detail/get_operational_mode__type_support.c\n'}
[61.523674] (ur_dashboard_msgs) StdoutLine: {'line': b'-- Installing: /home/com9/uet_ws/install/ur_dashboard_msgs/include/ur_dashboard_msgs/ur_dashboard_msgs/srv/detail/get_robot_mode__rosidl_typesupport_introspection_c.h\n'}
[61.523713] (ur_dashboard_msgs) StdoutLine: {'line': b'-- Installing: /home/com9/uet_ws/install/ur_dashboard_msgs/include/ur_dashboard_msgs/ur_dashboard_msgs/srv/detail/get_serial_number__type_support.c\n'}
[61.523761] (ur_dashboard_msgs) StdoutLine: {'line': b'-- Installing: /home/com9/uet_ws/install/ur_dashboard_msgs/include/ur_dashboard_msgs/ur_dashboard_msgs/srv/detail/get_poly_scope_version__type_support.c\n'}
[61.523805] (ur_dashboard_msgs) StdoutLine: {'line': b'-- Installing: /home/com9/uet_ws/install/ur_dashboard_msgs/include/ur_dashboard_msgs/ur_dashboard_msgs/srv/detail/is_program_saved__type_support.c\n'}
[61.523850] (ur_dashboard_msgs) StdoutLine: {'line': b'-- Installing: /home/com9/uet_ws/install/ur_dashboard_msgs/include/ur_dashboard_msgs/ur_dashboard_msgs/srv/detail/get_safety_status__type_support.c\n'}
[61.523893] (ur_dashboard_msgs) StdoutLine: {'line': b'-- Installing: /home/com9/uet_ws/install/ur_dashboard_msgs/include/ur_dashboard_msgs/ur_dashboard_msgs/srv/detail/get_robot_model__type_support.c\n'}
[61.523938] (ur_dashboard_msgs) StdoutLine: {'line': b'-- Installing: /home/com9/uet_ws/install/ur_dashboard_msgs/include/ur_dashboard_msgs/ur_dashboard_msgs/srv/detail/popup__rosidl_typesupport_introspection_c.h\n'}
[61.523977] (ur_dashboard_msgs) StdoutLine: {'line': b'-- Installing: /home/com9/uet_ws/install/ur_dashboard_msgs/include/ur_dashboard_msgs/ur_dashboard_msgs/srv/detail/get_robot_model__rosidl_typesupport_introspection_c.h\n'}
[61.524016] (ur_dashboard_msgs) StdoutLine: {'line': b'-- Installing: /home/com9/uet_ws/install/ur_dashboard_msgs/include/ur_dashboard_msgs/ur_dashboard_msgs/srv/detail/get_robot_mode__type_support.c\n'}
[61.524061] (ur_dashboard_msgs) StdoutLine: {'line': b'-- Installing: /home/com9/uet_ws/install/ur_dashboard_msgs/include/ur_dashboard_msgs/ur_dashboard_msgs/srv/detail/get_loaded_program__type_support.c\n'}
[61.524105] (ur_dashboard_msgs) StdoutLine: {'line': b'-- Installing: /home/com9/uet_ws/install/ur_dashboard_msgs/include/ur_dashboard_msgs/ur_dashboard_msgs/srv/detail/get_safety_mode__type_support.c\n'}
[61.524154] (ur_dashboard_msgs) StdoutLine: {'line': b'-- Installing: /home/com9/uet_ws/install/ur_dashboard_msgs/include/ur_dashboard_msgs/ur_dashboard_msgs/srv/detail/get_programs__rosidl_typesupport_introspection_c.h\n'}
[61.524194] (ur_dashboard_msgs) StdoutLine: {'line': b'-- Installing: /home/com9/uet_ws/install/ur_dashboard_msgs/include/ur_dashboard_msgs/ur_dashboard_msgs/srv/detail/get_serial_number__rosidl_typesupport_introspection_c.h\n'}
[61.524236] (ur_dashboard_msgs) StdoutLine: {'line': b'-- Installing: /home/com9/uet_ws/install/ur_dashboard_msgs/include/ur_dashboard_msgs/ur_dashboard_msgs/srv/detail/load__type_support.c\n'}
[61.524278] (ur_dashboard_msgs) StdoutLine: {'line': b'-- Installing: /home/com9/uet_ws/install/ur_dashboard_msgs/include/ur_dashboard_msgs/ur_dashboard_msgs/srv/detail/upload_program__type_support.c\n'}
[61.524322] (ur_dashboard_msgs) StdoutLine: {'line': b'-- Installing: /home/com9/uet_ws/install/ur_dashboard_msgs/include/ur_dashboard_msgs/ur_dashboard_msgs/srv/detail/download_program__type_support.c\n'}
[61.524370] (ur_dashboard_msgs) StdoutLine: {'line': b'-- Installing: /home/com9/uet_ws/install/ur_dashboard_msgs/include/ur_dashboard_msgs/ur_dashboard_msgs/srv/detail/is_in_remote_control__rosidl_typesupport_introspection_c.h\n'}
[61.524412] (ur_dashboard_msgs) StdoutLine: {'line': b'-- Installing: /home/com9/uet_ws/install/ur_dashboard_msgs/include/ur_dashboard_msgs/ur_dashboard_msgs/srv/detail/get_user_role__rosidl_typesupport_introspection_c.h\n'}
[61.524451] (ur_dashboard_msgs) StdoutLine: {'line': b'-- Installing: /home/com9/uet_ws/install/ur_dashboard_msgs/include/ur_dashboard_msgs/ur_dashboard_msgs/srv/detail/raw_request__rosidl_typesupport_introspection_c.h\n'}
[61.524489] (ur_dashboard_msgs) StdoutLine: {'line': b'-- Installing: /home/com9/uet_ws/install/ur_dashboard_msgs/include/ur_dashboard_msgs/ur_dashboard_msgs/srv/detail/add_to_log__rosidl_typesupport_introspection_c.h\n'}
[61.524529] (ur_dashboard_msgs) StdoutLine: {'line': b'-- Installing: /home/com9/uet_ws/install/ur_dashboard_msgs/include/ur_dashboard_msgs/ur_dashboard_msgs/srv/detail/add_to_log__type_support.c\n'}
[61.524565] (ur_dashboard_msgs) StdoutLine: {'line': b'-- Installing: /home/com9/uet_ws/install/ur_dashboard_msgs/include/ur_dashboard_msgs/ur_dashboard_msgs/srv/detail/is_program_running__type_support.c\n'}
[61.524610] (ur_dashboard_msgs) StdoutLine: {'line': b'-- Installing: /home/com9/uet_ws/install/ur_dashboard_msgs/include/ur_dashboard_msgs/ur_dashboard_msgs/srv/detail/generate_support_file__rosidl_typesupport_introspection_c.h\n'}
[61.524651] (ur_dashboard_msgs) StdoutLine: {'line': b'-- Installing: /home/com9/uet_ws/install/ur_dashboard_msgs/include/ur_dashboard_msgs/ur_dashboard_msgs/srv/detail/set_user_role__type_support.c\n'}
[61.524695] (ur_dashboard_msgs) StdoutLine: {'line': b'-- Installing: /home/com9/uet_ws/install/ur_dashboard_msgs/include/ur_dashboard_msgs/ur_dashboard_msgs/srv/detail/set_user_role__rosidl_typesupport_introspection_c.h\n'}
[61.524734] (ur_dashboard_msgs) StdoutLine: {'line': b'-- Installing: /home/com9/uet_ws/install/ur_dashboard_msgs/include/ur_dashboard_msgs/ur_dashboard_msgs/srv/detail/upload_program__rosidl_typesupport_introspection_c.h\n'}
[61.524773] (ur_dashboard_msgs) StdoutLine: {'line': b'-- Installing: /home/com9/uet_ws/install/ur_dashboard_msgs/include/ur_dashboard_msgs/ur_dashboard_msgs/srv/detail/is_program_running__rosidl_typesupport_introspection_c.h\n'}
[61.524814] (ur_dashboard_msgs) StdoutLine: {'line': b'-- Installing: /home/com9/uet_ws/install/ur_dashboard_msgs/include/ur_dashboard_msgs/ur_dashboard_msgs/srv/detail/get_poly_scope_version__rosidl_typesupport_introspection_c.h\n'}
[61.524853] (ur_dashboard_msgs) StdoutLine: {'line': b'-- Installing: /home/com9/uet_ws/install/ur_dashboard_msgs/include/ur_dashboard_msgs/ur_dashboard_msgs/srv/detail/get_programs__type_support.c\n'}
[61.524900] (ur_dashboard_msgs) StdoutLine: {'line': b'-- Installing: /home/com9/uet_ws/install/ur_dashboard_msgs/include/ur_dashboard_msgs/ur_dashboard_msgs/srv/detail/load__rosidl_typesupport_introspection_c.h\n'}
[61.524943] (ur_dashboard_msgs) StdoutLine: {'line': b'-- Installing: /home/com9/uet_ws/install/ur_dashboard_msgs/include/ur_dashboard_msgs/ur_dashboard_msgs/srv/detail/get_safety_mode__rosidl_typesupport_introspection_c.h\n'}
[61.524982] (ur_dashboard_msgs) StdoutLine: {'line': b'-- Installing: /home/com9/uet_ws/install/ur_dashboard_msgs/include/ur_dashboard_msgs/ur_dashboard_msgs/srv/detail/set_operational_mode__type_support.c\n'}
[61.525027] (ur_dashboard_msgs) StdoutLine: {'line': b'-- Installing: /home/com9/uet_ws/install/ur_dashboard_msgs/include/ur_dashboard_msgs/ur_dashboard_msgs/srv/detail/get_program_state__type_support.c\n'}
[61.525070] (ur_dashboard_msgs) StdoutLine: {'line': b'-- Up-to-date: /home/com9/uet_ws/install/ur_dashboard_msgs/include/ur_dashboard_msgs/ur_dashboard_msgs/action\n'}
[61.525115] (ur_dashboard_msgs) StdoutLine: {'line': b'-- Up-to-date: /home/com9/uet_ws/install/ur_dashboard_msgs/include/ur_dashboard_msgs/ur_dashboard_msgs/action/detail\n'}
[61.525146] (ur_dashboard_msgs) StdoutLine: {'line': b'-- Installing: /home/com9/uet_ws/install/ur_dashboard_msgs/include/ur_dashboard_msgs/ur_dashboard_msgs/action/detail/set_mode__rosidl_typesupport_introspection_c.h\n'}
[61.525187] (ur_dashboard_msgs) StdoutLine: {'line': b'-- Installing: /home/com9/uet_ws/install/ur_dashboard_msgs/include/ur_dashboard_msgs/ur_dashboard_msgs/action/detail/set_mode__type_support.c\n'}
[61.525246] (ur_dashboard_msgs) StdoutLine: {'line': b'-- Installing: /home/com9/uet_ws/install/ur_dashboard_msgs/lib/libur_dashboard_msgs__rosidl_typesupport_introspection_c.so\n'}
[61.525481] (ur_dashboard_msgs) StdoutLine: {'line': b'-- Set runtime path of "/home/com9/uet_ws/install/ur_dashboard_msgs/lib/libur_dashboard_msgs__rosidl_typesupport_introspection_c.so" to ""\n'}
[61.525520] (ur_dashboard_msgs) StdoutLine: {'line': b'-- Installing: /home/com9/uet_ws/install/ur_dashboard_msgs/lib/libur_dashboard_msgs__rosidl_typesupport_c.so\n'}
[61.525699] (ur_dashboard_msgs) StdoutLine: {'line': b'-- Set runtime path of "/home/com9/uet_ws/install/ur_dashboard_msgs/lib/libur_dashboard_msgs__rosidl_typesupport_c.so" to ""\n'}
[61.525734] (ur_dashboard_msgs) StdoutLine: {'line': b'-- Up-to-date: /home/com9/uet_ws/install/ur_dashboard_msgs/include/ur_dashboard_msgs/ur_dashboard_msgs\n'}
[61.525778] (ur_dashboard_msgs) StdoutLine: {'line': b'-- Up-to-date: /home/com9/uet_ws/install/ur_dashboard_msgs/include/ur_dashboard_msgs/ur_dashboard_msgs/msg\n'}
[61.525810] (ur_dashboard_msgs) StdoutLine: {'line': b'-- Installing: /home/com9/uet_ws/install/ur_dashboard_msgs/include/ur_dashboard_msgs/ur_dashboard_msgs/msg/rosidl_generator_cpp__visibility_control.hpp\n'}
[61.525858] (ur_dashboard_msgs) StdoutLine: {'line': b'-- Installing: /home/com9/uet_ws/install/ur_dashboard_msgs/include/ur_dashboard_msgs/ur_dashboard_msgs/msg/program_state.hpp\n'}
[61.525888] (ur_dashboard_msgs) StdoutLine: {'line': b'-- Installing: /home/com9/uet_ws/install/ur_dashboard_msgs/include/ur_dashboard_msgs/ur_dashboard_msgs/msg/user_role.hpp\n'}
[61.525918] (ur_dashboard_msgs) StdoutLine: {'line': b'-- Installing: /home/com9/uet_ws/install/ur_dashboard_msgs/include/ur_dashboard_msgs/ur_dashboard_msgs/msg/program_information.hpp\n'}
[61.525963] (ur_dashboard_msgs) StdoutLine: {'line': b'-- Installing: /home/com9/uet_ws/install/ur_dashboard_msgs/include/ur_dashboard_msgs/ur_dashboard_msgs/msg/operational_mode.hpp\n'}
[61.525991] (ur_dashboard_msgs) StdoutLine: {'line': b'-- Installing: /home/com9/uet_ws/install/ur_dashboard_msgs/include/ur_dashboard_msgs/ur_dashboard_msgs/msg/version_information.hpp\n'}
[61.526026] (ur_dashboard_msgs) StdoutLine: {'line': b'-- Installing: /home/com9/uet_ws/install/ur_dashboard_msgs/include/ur_dashboard_msgs/ur_dashboard_msgs/msg/safety_mode.hpp\n'}
[61.526055] (ur_dashboard_msgs) StdoutLine: {'line': b'-- Installing: /home/com9/uet_ws/install/ur_dashboard_msgs/include/ur_dashboard_msgs/ur_dashboard_msgs/msg/safety_status.hpp\n'}
[61.526100] (ur_dashboard_msgs) StdoutLine: {'line': b'-- Up-to-date: /home/com9/uet_ws/install/ur_dashboard_msgs/include/ur_dashboard_msgs/ur_dashboard_msgs/msg/detail\n'}
[61.526127] (ur_dashboard_msgs) StdoutLine: {'line': b'-- Installing: /home/com9/uet_ws/install/ur_dashboard_msgs/include/ur_dashboard_msgs/ur_dashboard_msgs/msg/detail/user_role__struct.hpp\n'}
[61.526163] (ur_dashboard_msgs) StdoutLine: {'line': b'-- Installing: /home/com9/uet_ws/install/ur_dashboard_msgs/include/ur_dashboard_msgs/ur_dashboard_msgs/msg/detail/safety_mode__builder.hpp\n'}
[61.526199] (ur_dashboard_msgs) StdoutLine: {'line': b'-- Installing: /home/com9/uet_ws/install/ur_dashboard_msgs/include/ur_dashboard_msgs/ur_dashboard_msgs/msg/detail/safety_mode__struct.hpp\n'}
[61.526238] (ur_dashboard_msgs) StdoutLine: {'line': b'-- Installing: /home/com9/uet_ws/install/ur_dashboard_msgs/include/ur_dashboard_msgs/ur_dashboard_msgs/msg/detail/program_state__traits.hpp\n'}
[61.526273] (ur_dashboard_msgs) StdoutLine: {'line': b'-- Installing: /home/com9/uet_ws/install/ur_dashboard_msgs/include/ur_dashboard_msgs/ur_dashboard_msgs/msg/detail/operational_mode__struct.hpp\n'}
[61.526308] (ur_dashboard_msgs) StdoutLine: {'line': b'-- Installing: /home/com9/uet_ws/install/ur_dashboard_msgs/include/ur_dashboard_msgs/ur_dashboard_msgs/msg/detail/program_information__struct.hpp\n'}
[61.526345] (ur_dashboard_msgs) StdoutLine: {'line': b'-- Installing: /home/com9/uet_ws/install/ur_dashboard_msgs/include/ur_dashboard_msgs/ur_dashboard_msgs/msg/detail/safety_status__type_support.hpp\n'}
[61.526379] (ur_dashboard_msgs) StdoutLine: {'line': b'-- Installing: /home/com9/uet_ws/install/ur_dashboard_msgs/include/ur_dashboard_msgs/ur_dashboard_msgs/msg/detail/robot_mode__builder.hpp\n'}
[61.526413] (ur_dashboard_msgs) StdoutLine: {'line': b'-- Installing: /home/com9/uet_ws/install/ur_dashboard_msgs/include/ur_dashboard_msgs/ur_dashboard_msgs/msg/detail/program_information__type_support.hpp\n'}
[61.526447] (ur_dashboard_msgs) StdoutLine: {'line': b'-- Installing: /home/com9/uet_ws/install/ur_dashboard_msgs/include/ur_dashboard_msgs/ur_dashboard_msgs/msg/detail/operational_mode__type_support.hpp\n'}
[61.526473] (ur_dashboard_msgs) StdoutLine: {'line': b'-- Installing: /home/com9/uet_ws/install/ur_dashboard_msgs/include/ur_dashboard_msgs/ur_dashboard_msgs/msg/detail/safety_status__struct.hpp\n'}
[61.526508] (ur_dashboard_msgs) StdoutLine: {'line': b'-- Installing: /home/com9/uet_ws/install/ur_dashboard_msgs/include/ur_dashboard_msgs/ur_dashboard_msgs/msg/detail/operational_mode__builder.hpp\n'}
[61.526543] (ur_dashboard_msgs) StdoutLine: {'line': b'-- Installing: /home/com9/uet_ws/install/ur_dashboard_msgs/include/ur_dashboard_msgs/ur_dashboard_msgs/msg/detail/user_role__traits.hpp\n'}
[61.526583] (ur_dashboard_msgs) StdoutLine: {'line': b'-- Installing: /home/com9/uet_ws/install/ur_dashboard_msgs/include/ur_dashboard_msgs/ur_dashboard_msgs/msg/detail/version_information__struct.hpp\n'}
[61.526622] (ur_dashboard_msgs) StdoutLine: {'line': b'-- Installing: /home/com9/uet_ws/install/ur_dashboard_msgs/include/ur_dashboard_msgs/ur_dashboard_msgs/msg/detail/safety_mode__traits.hpp\n'}
[61.526663] (ur_dashboard_msgs) StdoutLine: {'line': b'-- Installing: /home/com9/uet_ws/install/ur_dashboard_msgs/include/ur_dashboard_msgs/ur_dashboard_msgs/msg/detail/version_information__traits.hpp\n'}
[61.526699] (ur_dashboard_msgs) StdoutLine: {'line': b'-- Installing: /home/com9/uet_ws/install/ur_dashboard_msgs/include/ur_dashboard_msgs/ur_dashboard_msgs/msg/detail/robot_mode__type_support.hpp\n'}
[61.526733] (ur_dashboard_msgs) StdoutLine: {'line': b'-- Installing: /home/com9/uet_ws/install/ur_dashboard_msgs/include/ur_dashboard_msgs/ur_dashboard_msgs/msg/detail/operational_mode__traits.hpp\n'}
[61.526766] (ur_dashboard_msgs) StdoutLine: {'line': b'-- Installing: /home/com9/uet_ws/install/ur_dashboard_msgs/include/ur_dashboard_msgs/ur_dashboard_msgs/msg/detail/robot_mode__struct.hpp\n'}
[61.526799] (ur_dashboard_msgs) StdoutLine: {'line': b'-- Installing: /home/com9/uet_ws/install/ur_dashboard_msgs/include/ur_dashboard_msgs/ur_dashboard_msgs/msg/detail/program_state__type_support.hpp\n'}
[61.526837] (ur_dashboard_msgs) StdoutLine: {'line': b'-- Installing: /home/com9/uet_ws/install/ur_dashboard_msgs/include/ur_dashboard_msgs/ur_dashboard_msgs/msg/detail/safety_mode__type_support.hpp\n'}
[61.526875] (ur_dashboard_msgs) StdoutLine: {'line': b'-- Installing: /home/com9/uet_ws/install/ur_dashboard_msgs/include/ur_dashboard_msgs/ur_dashboard_msgs/msg/detail/program_information__builder.hpp\n'}
[61.526912] (ur_dashboard_msgs) StdoutLine: {'line': b'-- Installing: /home/com9/uet_ws/install/ur_dashboard_msgs/include/ur_dashboard_msgs/ur_dashboard_msgs/msg/detail/safety_status__traits.hpp\n'}
[61.526949] (ur_dashboard_msgs) StdoutLine: {'line': b'-- Installing: /home/com9/uet_ws/install/ur_dashboard_msgs/include/ur_dashboard_msgs/ur_dashboard_msgs/msg/detail/program_state__struct.hpp\n'}
[61.526989] (ur_dashboard_msgs) StdoutLine: {'line': b'-- Installing: /home/com9/uet_ws/install/ur_dashboard_msgs/include/ur_dashboard_msgs/ur_dashboard_msgs/msg/detail/program_information__traits.hpp\n'}
[61.527029] (ur_dashboard_msgs) StdoutLine: {'line': b'-- Installing: /home/com9/uet_ws/install/ur_dashboard_msgs/include/ur_dashboard_msgs/ur_dashboard_msgs/msg/detail/user_role__builder.hpp\n'}
[61.527068] (ur_dashboard_msgs) StdoutLine: {'line': b'-- Installing: /home/com9/uet_ws/install/ur_dashboard_msgs/include/ur_dashboard_msgs/ur_dashboard_msgs/msg/detail/version_information__builder.hpp\n'}
[61.527111] (ur_dashboard_msgs) StdoutLine: {'line': b'-- Installing: /home/com9/uet_ws/install/ur_dashboard_msgs/include/ur_dashboard_msgs/ur_dashboard_msgs/msg/detail/program_state__builder.hpp\n'}
[61.527150] (ur_dashboard_msgs) StdoutLine: {'line': b'-- Installing: /home/com9/uet_ws/install/ur_dashboard_msgs/include/ur_dashboard_msgs/ur_dashboard_msgs/msg/detail/version_information__type_support.hpp\n'}
[61.527189] (ur_dashboard_msgs) StdoutLine: {'line': b'-- Installing: /home/com9/uet_ws/install/ur_dashboard_msgs/include/ur_dashboard_msgs/ur_dashboard_msgs/msg/detail/safety_status__builder.hpp\n'}
[61.527272] (ur_dashboard_msgs) StdoutLine: {'line': b'-- Installing: /home/com9/uet_ws/install/ur_dashboard_msgs/include/ur_dashboard_msgs/ur_dashboard_msgs/msg/detail/robot_mode__traits.hpp\n'}
[61.527309] (ur_dashboard_msgs) StdoutLine: {'line': b'-- Installing: /home/com9/uet_ws/install/ur_dashboard_msgs/include/ur_dashboard_msgs/ur_dashboard_msgs/msg/detail/user_role__type_support.hpp\n'}
[61.527348] (ur_dashboard_msgs) StdoutLine: {'line': b'-- Installing: /home/com9/uet_ws/install/ur_dashboard_msgs/include/ur_dashboard_msgs/ur_dashboard_msgs/msg/robot_mode.hpp\n'}
[61.527387] (ur_dashboard_msgs) StdoutLine: {'line': b'-- Up-to-date: /home/com9/uet_ws/install/ur_dashboard_msgs/include/ur_dashboard_msgs/ur_dashboard_msgs/srv\n'}
[61.527427] (ur_dashboard_msgs) StdoutLine: {'line': b'-- Installing: /home/com9/uet_ws/install/ur_dashboard_msgs/include/ur_dashboard_msgs/ur_dashboard_msgs/srv/set_user_role.hpp\n'}
[61.527472] (ur_dashboard_msgs) StdoutLine: {'line': b'-- Installing: /home/com9/uet_ws/install/ur_dashboard_msgs/include/ur_dashboard_msgs/ur_dashboard_msgs/srv/get_user_role.hpp\n'}
[61.527502] (ur_dashboard_msgs) StdoutLine: {'line': b'-- Installing: /home/com9/uet_ws/install/ur_dashboard_msgs/include/ur_dashboard_msgs/ur_dashboard_msgs/srv/get_robot_model.hpp\n'}
[61.527538] (ur_dashboard_msgs) StdoutLine: {'line': b'-- Installing: /home/com9/uet_ws/install/ur_dashboard_msgs/include/ur_dashboard_msgs/ur_dashboard_msgs/srv/generate_flight_report.hpp\n'}
[61.527578] (ur_dashboard_msgs) StdoutLine: {'line': b'-- Installing: /home/com9/uet_ws/install/ur_dashboard_msgs/include/ur_dashboard_msgs/ur_dashboard_msgs/srv/get_serial_number.hpp\n'}
[61.527605] (ur_dashboard_msgs) StdoutLine: {'line': b'-- Installing: /home/com9/uet_ws/install/ur_dashboard_msgs/include/ur_dashboard_msgs/ur_dashboard_msgs/srv/get_safety_mode.hpp\n'}
[61.527650] (ur_dashboard_msgs) StdoutLine: {'line': b'-- Installing: /home/com9/uet_ws/install/ur_dashboard_msgs/include/ur_dashboard_msgs/ur_dashboard_msgs/srv/upload_program.hpp\n'}
[61.527685] (ur_dashboard_msgs) StdoutLine: {'line': b'-- Installing: /home/com9/uet_ws/install/ur_dashboard_msgs/include/ur_dashboard_msgs/ur_dashboard_msgs/srv/get_robot_mode.hpp\n'}
[61.527712] (ur_dashboard_msgs) StdoutLine: {'line': b'-- Installing: /home/com9/uet_ws/install/ur_dashboard_msgs/include/ur_dashboard_msgs/ur_dashboard_msgs/srv/generate_support_file.hpp\n'}
[61.527747] (ur_dashboard_msgs) StdoutLine: {'line': b'-- Installing: /home/com9/uet_ws/install/ur_dashboard_msgs/include/ur_dashboard_msgs/ur_dashboard_msgs/srv/get_poly_scope_version.hpp\n'}
[61.527782] (ur_dashboard_msgs) StdoutLine: {'line': b'-- Installing: /home/com9/uet_ws/install/ur_dashboard_msgs/include/ur_dashboard_msgs/ur_dashboard_msgs/srv/download_program.hpp\n'}
[61.527818] (ur_dashboard_msgs) StdoutLine: {'line': b'-- Installing: /home/com9/uet_ws/install/ur_dashboard_msgs/include/ur_dashboard_msgs/ur_dashboard_msgs/srv/is_program_saved.hpp\n'}
[61.527859] (ur_dashboard_msgs) StdoutLine: {'line': b'-- Installing: /home/com9/uet_ws/install/ur_dashboard_msgs/include/ur_dashboard_msgs/ur_dashboard_msgs/srv/is_program_running.hpp\n'}
[61.527886] (ur_dashboard_msgs) StdoutLine: {'line': b'-- Installing: /home/com9/uet_ws/install/ur_dashboard_msgs/include/ur_dashboard_msgs/ur_dashboard_msgs/srv/load.hpp\n'}
[61.527923] (ur_dashboard_msgs) StdoutLine: {'line': b'-- Installing: /home/com9/uet_ws/install/ur_dashboard_msgs/include/ur_dashboard_msgs/ur_dashboard_msgs/srv/popup.hpp\n'}
[61.527958] (ur_dashboard_msgs) StdoutLine: {'line': b'-- Installing: /home/com9/uet_ws/install/ur_dashboard_msgs/include/ur_dashboard_msgs/ur_dashboard_msgs/srv/get_loaded_program.hpp\n'}
[61.527993] (ur_dashboard_msgs) StdoutLine: {'line': b'-- Installing: /home/com9/uet_ws/install/ur_dashboard_msgs/include/ur_dashboard_msgs/ur_dashboard_msgs/srv/raw_request.hpp\n'}
[61.528029] (ur_dashboard_msgs) StdoutLine: {'line': b'-- Installing: /home/com9/uet_ws/install/ur_dashboard_msgs/include/ur_dashboard_msgs/ur_dashboard_msgs/srv/get_program_state.hpp\n'}
[61.528063] (ur_dashboard_msgs) StdoutLine: {'line': b'-- Up-to-date: /home/com9/uet_ws/install/ur_dashboard_msgs/include/ur_dashboard_msgs/ur_dashboard_msgs/srv/detail\n'}
[61.528097] (ur_dashboard_msgs) StdoutLine: {'line': b'-- Installing: /home/com9/uet_ws/install/ur_dashboard_msgs/include/ur_dashboard_msgs/ur_dashboard_msgs/srv/detail/get_robot_model__struct.hpp\n'}
[61.528133] (ur_dashboard_msgs) StdoutLine: {'line': b'-- Installing: /home/com9/uet_ws/install/ur_dashboard_msgs/include/ur_dashboard_msgs/ur_dashboard_msgs/srv/detail/generate_support_file__traits.hpp\n'}
[61.528172] (ur_dashboard_msgs) StdoutLine: {'line': b'-- Installing: /home/com9/uet_ws/install/ur_dashboard_msgs/include/ur_dashboard_msgs/ur_dashboard_msgs/srv/detail/get_programs__type_support.hpp\n'}
[61.528213] (ur_dashboard_msgs) StdoutLine: {'line': b'-- Installing: /home/com9/uet_ws/install/ur_dashboard_msgs/include/ur_dashboard_msgs/ur_dashboard_msgs/srv/detail/set_user_role__traits.hpp\n'}
[61.528266] (ur_dashboard_msgs) StdoutLine: {'line': b'-- Installing: /home/com9/uet_ws/install/ur_dashboard_msgs/include/ur_dashboard_msgs/ur_dashboard_msgs/srv/detail/get_poly_scope_version__traits.hpp\n'}
[61.528304] (ur_dashboard_msgs) StdoutLine: {'line': b'-- Installing: /home/com9/uet_ws/install/ur_dashboard_msgs/include/ur_dashboard_msgs/ur_dashboard_msgs/srv/detail/generate_support_file__builder.hpp\n'}
[61.528341] (ur_dashboard_msgs) StdoutLine: {'line': b'-- Installing: /home/com9/uet_ws/install/ur_dashboard_msgs/include/ur_dashboard_msgs/ur_dashboard_msgs/srv/detail/popup__type_support.hpp\n'}
[61.528381] (ur_dashboard_msgs) StdoutLine: {'line': b'-- Installing: /home/com9/uet_ws/install/ur_dashboard_msgs/include/ur_dashboard_msgs/ur_dashboard_msgs/srv/detail/get_poly_scope_version__struct.hpp\n'}
[61.528420] (ur_dashboard_msgs) StdoutLine: {'line': b'-- Installing: /home/com9/uet_ws/install/ur_dashboard_msgs/include/ur_dashboard_msgs/ur_dashboard_msgs/srv/detail/add_to_log__traits.hpp\n'}
[61.528459] (ur_dashboard_msgs) StdoutLine: {'line': b'-- Installing: /home/com9/uet_ws/install/ur_dashboard_msgs/include/ur_dashboard_msgs/ur_dashboard_msgs/srv/detail/set_operational_mode__struct.hpp\n'}
[61.528500] (ur_dashboard_msgs) StdoutLine: {'line': b'-- Installing: /home/com9/uet_ws/install/ur_dashboard_msgs/include/ur_dashboard_msgs/ur_dashboard_msgs/srv/detail/get_robot_mode__struct.hpp\n'}
[61.528544] (ur_dashboard_msgs) StdoutLine: {'line': b'-- Installing: /home/com9/uet_ws/install/ur_dashboard_msgs/include/ur_dashboard_msgs/ur_dashboard_msgs/srv/detail/is_in_remote_control__builder.hpp\n'}
[61.528580] (ur_dashboard_msgs) StdoutLine: {'line': b'-- Installing: /home/com9/uet_ws/install/ur_dashboard_msgs/include/ur_dashboard_msgs/ur_dashboard_msgs/srv/detail/upload_program__traits.hpp\n'}
[61.528621] (ur_dashboard_msgs) StdoutLine: {'line': b'-- Installing: /home/com9/uet_ws/install/ur_dashboard_msgs/include/ur_dashboard_msgs/ur_dashboard_msgs/srv/detail/get_operational_mode__type_support.hpp\n'}
[61.528660] (ur_dashboard_msgs) StdoutLine: {'line': b'-- Installing: /home/com9/uet_ws/install/ur_dashboard_msgs/include/ur_dashboard_msgs/ur_dashboard_msgs/srv/detail/get_robot_mode__traits.hpp\n'}
[61.528700] (ur_dashboard_msgs) StdoutLine: {'line': b'-- Installing: /home/com9/uet_ws/install/ur_dashboard_msgs/include/ur_dashboard_msgs/ur_dashboard_msgs/srv/detail/is_program_saved__struct.hpp\n'}
[61.528740] (ur_dashboard_msgs) StdoutLine: {'line': b'-- Installing: /home/com9/uet_ws/install/ur_dashboard_msgs/include/ur_dashboard_msgs/ur_dashboard_msgs/srv/detail/get_operational_mode__traits.hpp\n'}
[61.528781] (ur_dashboard_msgs) StdoutLine: {'line': b'-- Installing: /home/com9/uet_ws/install/ur_dashboard_msgs/include/ur_dashboard_msgs/ur_dashboard_msgs/srv/detail/get_robot_model__type_support.hpp\n'}
[61.528820] (ur_dashboard_msgs) StdoutLine: {'line': b'-- Installing: /home/com9/uet_ws/install/ur_dashboard_msgs/include/ur_dashboard_msgs/ur_dashboard_msgs/srv/detail/load__builder.hpp\n'}
[61.528857] (ur_dashboard_msgs) StdoutLine: {'line': b'-- Installing: /home/com9/uet_ws/install/ur_dashboard_msgs/include/ur_dashboard_msgs/ur_dashboard_msgs/srv/detail/set_user_role__builder.hpp\n'}
[61.528895] (ur_dashboard_msgs) StdoutLine: {'line': b'-- Installing: /home/com9/uet_ws/install/ur_dashboard_msgs/include/ur_dashboard_msgs/ur_dashboard_msgs/srv/detail/get_robot_model__builder.hpp\n'}
[61.528934] (ur_dashboard_msgs) StdoutLine: {'line': b'-- Installing: /home/com9/uet_ws/install/ur_dashboard_msgs/include/ur_dashboard_msgs/ur_dashboard_msgs/srv/detail/get_safety_mode__type_support.hpp\n'}
[61.528971] (ur_dashboard_msgs) StdoutLine: {'line': b'-- Installing: /home/com9/uet_ws/install/ur_dashboard_msgs/include/ur_dashboard_msgs/ur_dashboard_msgs/srv/detail/add_to_log__type_support.hpp\n'}
[61.529008] (ur_dashboard_msgs) StdoutLine: {'line': b'-- Installing: /home/com9/uet_ws/install/ur_dashboard_msgs/include/ur_dashboard_msgs/ur_dashboard_msgs/srv/detail/generate_flight_report__type_support.hpp\n'}
[61.529049] (ur_dashboard_msgs) StdoutLine: {'line': b'-- Installing: /home/com9/uet_ws/install/ur_dashboard_msgs/include/ur_dashboard_msgs/ur_dashboard_msgs/srv/detail/upload_program__struct.hpp\n'}
[61.529085] (ur_dashboard_msgs) StdoutLine: {'line': b'-- Installing: /home/com9/uet_ws/install/ur_dashboard_msgs/include/ur_dashboard_msgs/ur_dashboard_msgs/srv/detail/set_operational_mode__builder.hpp\n'}
[61.529123] (ur_dashboard_msgs) StdoutLine: {'line': b'-- Installing: /home/com9/uet_ws/install/ur_dashboard_msgs/include/ur_dashboard_msgs/ur_dashboard_msgs/srv/detail/get_programs__struct.hpp\n'}
[61.529166] (ur_dashboard_msgs) StdoutLine: {'line': b'-- Installing: /home/com9/uet_ws/install/ur_dashboard_msgs/include/ur_dashboard_msgs/ur_dashboard_msgs/srv/detail/get_robot_mode__builder.hpp\n'}
[61.529206] (ur_dashboard_msgs) StdoutLine: {'line': b'-- Installing: /home/com9/uet_ws/install/ur_dashboard_msgs/include/ur_dashboard_msgs/ur_dashboard_msgs/srv/detail/get_program_state__traits.hpp\n'}
[61.529246] (ur_dashboard_msgs) StdoutLine: {'line': b'-- Installing: /home/com9/uet_ws/install/ur_dashboard_msgs/include/ur_dashboard_msgs/ur_dashboard_msgs/srv/detail/load__type_support.hpp\n'}
[61.529289] (ur_dashboard_msgs) StdoutLine: {'line': b'-- Installing: /home/com9/uet_ws/install/ur_dashboard_msgs/include/ur_dashboard_msgs/ur_dashboard_msgs/srv/detail/is_program_running__builder.hpp\n'}
[61.529324] (ur_dashboard_msgs) StdoutLine: {'line': b'-- Installing: /home/com9/uet_ws/install/ur_dashboard_msgs/include/ur_dashboard_msgs/ur_dashboard_msgs/srv/detail/get_poly_scope_version__builder.hpp\n'}
[61.529363] (ur_dashboard_msgs) StdoutLine: {'line': b'-- Installing: /home/com9/uet_ws/install/ur_dashboard_msgs/include/ur_dashboard_msgs/ur_dashboard_msgs/srv/detail/set_operational_mode__traits.hpp\n'}
[61.529401] (ur_dashboard_msgs) StdoutLine: {'line': b'-- Installing: /home/com9/uet_ws/install/ur_dashboard_msgs/include/ur_dashboard_msgs/ur_dashboard_msgs/srv/detail/upload_program__type_support.hpp\n'}
[61.529439] (ur_dashboard_msgs) StdoutLine: {'line': b'-- Installing: /home/com9/uet_ws/install/ur_dashboard_msgs/include/ur_dashboard_msgs/ur_dashboard_msgs/srv/detail/generate_support_file__type_support.hpp\n'}
[61.529478] (ur_dashboard_msgs) StdoutLine: {'line': b'-- Installing: /home/com9/uet_ws/install/ur_dashboard_msgs/include/ur_dashboard_msgs/ur_dashboard_msgs/srv/detail/raw_request__type_support.hpp\n'}
[61.529516] (ur_dashboard_msgs) StdoutLine: {'line': b'-- Installing: /home/com9/uet_ws/install/ur_dashboard_msgs/include/ur_dashboard_msgs/ur_dashboard_msgs/srv/detail/is_program_running__traits.hpp\n'}
[61.529556] (ur_dashboard_msgs) StdoutLine: {'line': b'-- Installing: /home/com9/uet_ws/install/ur_dashboard_msgs/include/ur_dashboard_msgs/ur_dashboard_msgs/srv/detail/add_to_log__struct.hpp\n'}
[61.529597] (ur_dashboard_msgs) StdoutLine: {'line': b'-- Installing: /home/com9/uet_ws/install/ur_dashboard_msgs/include/ur_dashboard_msgs/ur_dashboard_msgs/srv/detail/download_program__type_support.hpp\n'}
[61.529636] (ur_dashboard_msgs) StdoutLine: {'line': b'-- Installing: /home/com9/uet_ws/install/ur_dashboard_msgs/include/ur_dashboard_msgs/ur_dashboard_msgs/srv/detail/get_safety_mode__struct.hpp\n'}
[61.529677] (ur_dashboard_msgs) StdoutLine: {'line': b'-- Installing: /home/com9/uet_ws/install/ur_dashboard_msgs/include/ur_dashboard_msgs/ur_dashboard_msgs/srv/detail/get_program_state__struct.hpp\n'}
[61.529723] (ur_dashboard_msgs) StdoutLine: {'line': b'-- Installing: /home/com9/uet_ws/install/ur_dashboard_msgs/include/ur_dashboard_msgs/ur_dashboard_msgs/srv/detail/popup__struct.hpp\n'}
[61.529765] (ur_dashboard_msgs) StdoutLine: {'line': b'-- Installing: /home/com9/uet_ws/install/ur_dashboard_msgs/include/ur_dashboard_msgs/ur_dashboard_msgs/srv/detail/get_user_role__builder.hpp\n'}
[61.529804] (ur_dashboard_msgs) StdoutLine: {'line': b'-- Installing: /home/com9/uet_ws/install/ur_dashboard_msgs/include/ur_dashboard_msgs/ur_dashboard_msgs/srv/detail/popup__builder.hpp\n'}
[61.529841] (ur_dashboard_msgs) StdoutLine: {'line': b'-- Installing: /home/com9/uet_ws/install/ur_dashboard_msgs/include/ur_dashboard_msgs/ur_dashboard_msgs/srv/detail/get_serial_number__type_support.hpp\n'}
[61.529880] (ur_dashboard_msgs) StdoutLine: {'line': b'-- Installing: /home/com9/uet_ws/install/ur_dashboard_msgs/include/ur_dashboard_msgs/ur_dashboard_msgs/srv/detail/get_safety_mode__traits.hpp\n'}
[61.529921] (ur_dashboard_msgs) StdoutLine: {'line': b'-- Installing: /home/com9/uet_ws/install/ur_dashboard_msgs/include/ur_dashboard_msgs/ur_dashboard_msgs/srv/detail/popup__traits.hpp\n'}
[61.529962] (ur_dashboard_msgs) StdoutLine: {'line': b'-- Installing: /home/com9/uet_ws/install/ur_dashboard_msgs/include/ur_dashboard_msgs/ur_dashboard_msgs/srv/detail/is_in_remote_control__struct.hpp\n'}
[61.530006] (ur_dashboard_msgs) StdoutLine: {'line': b'-- Installing: /home/com9/uet_ws/install/ur_dashboard_msgs/include/ur_dashboard_msgs/ur_dashboard_msgs/srv/detail/set_user_role__struct.hpp\n'}
[61.530049] (ur_dashboard_msgs) StdoutLine: {'line': b'-- Installing: /home/com9/uet_ws/install/ur_dashboard_msgs/include/ur_dashboard_msgs/ur_dashboard_msgs/srv/detail/is_program_running__type_support.hpp\n'}
[61.530088] (ur_dashboard_msgs) StdoutLine: {'line': b'-- Installing: /home/com9/uet_ws/install/ur_dashboard_msgs/include/ur_dashboard_msgs/ur_dashboard_msgs/srv/detail/get_safety_status__struct.hpp\n'}
[61.530131] (ur_dashboard_msgs) StdoutLine: {'line': b'-- Installing: /home/com9/uet_ws/install/ur_dashboard_msgs/include/ur_dashboard_msgs/ur_dashboard_msgs/srv/detail/upload_program__builder.hpp\n'}
[61.530170] (ur_dashboard_msgs) StdoutLine: {'line': b'-- Installing: /home/com9/uet_ws/install/ur_dashboard_msgs/include/ur_dashboard_msgs/ur_dashboard_msgs/srv/detail/get_loaded_program__builder.hpp\n'}
[61.530211] (ur_dashboard_msgs) StdoutLine: {'line': b'-- Installing: /home/com9/uet_ws/install/ur_dashboard_msgs/include/ur_dashboard_msgs/ur_dashboard_msgs/srv/detail/set_user_role__type_support.hpp\n'}
[61.530252] (ur_dashboard_msgs) StdoutLine: {'line': b'-- Installing: /home/com9/uet_ws/install/ur_dashboard_msgs/include/ur_dashboard_msgs/ur_dashboard_msgs/srv/detail/load__struct.hpp\n'}
[61.530299] (ur_dashboard_msgs) StdoutLine: {'line': b'-- Installing: /home/com9/uet_ws/install/ur_dashboard_msgs/include/ur_dashboard_msgs/ur_dashboard_msgs/srv/detail/get_program_state__type_support.hpp\n'}
[61.530339] (ur_dashboard_msgs) StdoutLine: {'line': b'-- Installing: /home/com9/uet_ws/install/ur_dashboard_msgs/include/ur_dashboard_msgs/ur_dashboard_msgs/srv/detail/raw_request__struct.hpp\n'}
[61.530382] (ur_dashboard_msgs) StdoutLine: {'line': b'-- Installing: /home/com9/uet_ws/install/ur_dashboard_msgs/include/ur_dashboard_msgs/ur_dashboard_msgs/srv/detail/raw_request__builder.hpp\n'}
[61.530422] (ur_dashboard_msgs) StdoutLine: {'line': b'-- Installing: /home/com9/uet_ws/install/ur_dashboard_msgs/include/ur_dashboard_msgs/ur_dashboard_msgs/srv/detail/generate_flight_report__traits.hpp\n'}
[61.530466] (ur_dashboard_msgs) StdoutLine: {'line': b'-- Installing: /home/com9/uet_ws/install/ur_dashboard_msgs/include/ur_dashboard_msgs/ur_dashboard_msgs/srv/detail/get_operational_mode__builder.hpp\n'}
[61.530506] (ur_dashboard_msgs) StdoutLine: {'line': b'-- Installing: /home/com9/uet_ws/install/ur_dashboard_msgs/include/ur_dashboard_msgs/ur_dashboard_msgs/srv/detail/get_safety_status__traits.hpp\n'}
[61.530564] (ur_dashboard_msgs) StdoutLine: {'line': b'-- Installing: /home/com9/uet_ws/install/ur_dashboard_msgs/include/ur_dashboard_msgs/ur_dashboard_msgs/srv/detail/get_user_role__traits.hpp\n'}
[61.530611] (ur_dashboard_msgs) StdoutLine: {'line': b'-- Installing: /home/com9/uet_ws/install/ur_dashboard_msgs/include/ur_dashboard_msgs/ur_dashboard_msgs/srv/detail/generate_support_file__struct.hpp\n'}
[61.530661] (ur_dashboard_msgs) StdoutLine: {'line': b'-- Installing: /home/com9/uet_ws/install/ur_dashboard_msgs/include/ur_dashboard_msgs/ur_dashboard_msgs/srv/detail/get_program_state__builder.hpp\n'}
[61.530705] (ur_dashboard_msgs) StdoutLine: {'line': b'-- Installing: /home/com9/uet_ws/install/ur_dashboard_msgs/include/ur_dashboard_msgs/ur_dashboard_msgs/srv/detail/get_programs__builder.hpp\n'}
[61.530763] (ur_dashboard_msgs) StdoutLine: {'line': b'-- Installing: /home/com9/uet_ws/install/ur_dashboard_msgs/include/ur_dashboard_msgs/ur_dashboard_msgs/srv/detail/is_in_remote_control__traits.hpp\n'}
[61.530810] (ur_dashboard_msgs) StdoutLine: {'line': b'-- Installing: /home/com9/uet_ws/install/ur_dashboard_msgs/include/ur_dashboard_msgs/ur_dashboard_msgs/srv/detail/get_poly_scope_version__type_support.hpp\n'}
[61.530870] (ur_dashboard_msgs) StdoutLine: {'line': b'-- Installing: /home/com9/uet_ws/install/ur_dashboard_msgs/include/ur_dashboard_msgs/ur_dashboard_msgs/srv/detail/get_programs__traits.hpp\n'}
[61.530940] (ur_dashboard_msgs) StdoutLine: {'line': b'-- Installing: /home/com9/uet_ws/install/ur_dashboard_msgs/include/ur_dashboard_msgs/ur_dashboard_msgs/srv/detail/get_loaded_program__traits.hpp\n'}
[61.530994] (ur_dashboard_msgs) StdoutLine: {'line': b'-- Installing: /home/com9/uet_ws/install/ur_dashboard_msgs/include/ur_dashboard_msgs/ur_dashboard_msgs/srv/detail/get_operational_mode__struct.hpp\n'}
[61.531065] (ur_dashboard_msgs) StdoutLine: {'line': b'-- Installing: /home/com9/uet_ws/install/ur_dashboard_msgs/include/ur_dashboard_msgs/ur_dashboard_msgs/srv/detail/generate_flight_report__struct.hpp\n'}
[61.531126] (ur_dashboard_msgs) StdoutLine: {'line': b'-- Installing: /home/com9/uet_ws/install/ur_dashboard_msgs/include/ur_dashboard_msgs/ur_dashboard_msgs/srv/detail/generate_flight_report__builder.hpp\n'}
[61.531189] (ur_dashboard_msgs) StdoutLine: {'line': b'-- Installing: /home/com9/uet_ws/install/ur_dashboard_msgs/include/ur_dashboard_msgs/ur_dashboard_msgs/srv/detail/is_program_saved__type_support.hpp\n'}
[61.531252] (ur_dashboard_msgs) StdoutLine: {'line': b'-- Installing: /home/com9/uet_ws/install/ur_dashboard_msgs/include/ur_dashboard_msgs/ur_dashboard_msgs/srv/detail/is_in_remote_control__type_support.hpp\n'}
[61.531307] (ur_dashboard_msgs) StdoutLine: {'line': b'-- Installing: /home/com9/uet_ws/install/ur_dashboard_msgs/include/ur_dashboard_msgs/ur_dashboard_msgs/srv/detail/get_safety_mode__builder.hpp\n'}
[61.531357] (ur_dashboard_msgs) StdoutLine: {'line': b'-- Installing: /home/com9/uet_ws/install/ur_dashboard_msgs/include/ur_dashboard_msgs/ur_dashboard_msgs/srv/detail/get_safety_status__type_support.hpp\n'}
[61.531411] (ur_dashboard_msgs) StdoutLine: {'line': b'-- Installing: /home/com9/uet_ws/install/ur_dashboard_msgs/include/ur_dashboard_msgs/ur_dashboard_msgs/srv/detail/get_robot_model__traits.hpp\n'}
[61.531458] (ur_dashboard_msgs) StdoutLine: {'line': b'-- Installing: /home/com9/uet_ws/install/ur_dashboard_msgs/include/ur_dashboard_msgs/ur_dashboard_msgs/srv/detail/get_user_role__type_support.hpp\n'}
[61.531504] (ur_dashboard_msgs) StdoutLine: {'line': b'-- Installing: /home/com9/uet_ws/install/ur_dashboard_msgs/include/ur_dashboard_msgs/ur_dashboard_msgs/srv/detail/download_program__builder.hpp\n'}
[61.531549] (ur_dashboard_msgs) StdoutLine: {'line': b'-- Installing: /home/com9/uet_ws/install/ur_dashboard_msgs/include/ur_dashboard_msgs/ur_dashboard_msgs/srv/detail/get_serial_number__traits.hpp\n'}
[61.531597] (ur_dashboard_msgs) StdoutLine: {'line': b'-- Installing: /home/com9/uet_ws/install/ur_dashboard_msgs/include/ur_dashboard_msgs/ur_dashboard_msgs/srv/detail/is_program_running__struct.hpp\n'}
[61.531637] (ur_dashboard_msgs) StdoutLine: {'line': b'-- Installing: /home/com9/uet_ws/install/ur_dashboard_msgs/include/ur_dashboard_msgs/ur_dashboard_msgs/srv/detail/get_robot_mode__type_support.hpp\n'}
[61.531680] (ur_dashboard_msgs) StdoutLine: {'line': b'-- Installing: /home/com9/uet_ws/install/ur_dashboard_msgs/include/ur_dashboard_msgs/ur_dashboard_msgs/srv/detail/set_operational_mode__type_support.hpp\n'}
[61.531711] (ur_dashboard_msgs) StdoutLine: {'line': b'-- Installing: /home/com9/uet_ws/install/ur_dashboard_msgs/include/ur_dashboard_msgs/ur_dashboard_msgs/srv/detail/load__traits.hpp\n'}
[61.531742] (ur_dashboard_msgs) StdoutLine: {'line': b'-- Installing: /home/com9/uet_ws/install/ur_dashboard_msgs/include/ur_dashboard_msgs/ur_dashboard_msgs/srv/detail/is_program_saved__builder.hpp\n'}
[61.531774] (ur_dashboard_msgs) StdoutLine: {'line': b'-- Installing: /home/com9/uet_ws/install/ur_dashboard_msgs/include/ur_dashboard_msgs/ur_dashboard_msgs/srv/detail/get_safety_status__builder.hpp\n'}
[61.531818] (ur_dashboard_msgs) StdoutLine: {'line': b'-- Installing: /home/com9/uet_ws/install/ur_dashboard_msgs/include/ur_dashboard_msgs/ur_dashboard_msgs/srv/detail/download_program__struct.hpp\n'}
[61.531855] (ur_dashboard_msgs) StdoutLine: {'line': b'-- Installing: /home/com9/uet_ws/install/ur_dashboard_msgs/include/ur_dashboard_msgs/ur_dashboard_msgs/srv/detail/get_user_role__struct.hpp\n'}
[61.531886] (ur_dashboard_msgs) StdoutLine: {'line': b'-- Installing: /home/com9/uet_ws/install/ur_dashboard_msgs/include/ur_dashboard_msgs/ur_dashboard_msgs/srv/detail/download_program__traits.hpp\n'}
[61.531924] (ur_dashboard_msgs) StdoutLine: {'line': b'-- Installing: /home/com9/uet_ws/install/ur_dashboard_msgs/include/ur_dashboard_msgs/ur_dashboard_msgs/srv/detail/get_serial_number__struct.hpp\n'}
[61.531955] (ur_dashboard_msgs) StdoutLine: {'line': b'-- Installing: /home/com9/uet_ws/install/ur_dashboard_msgs/include/ur_dashboard_msgs/ur_dashboard_msgs/srv/detail/raw_request__traits.hpp\n'}
[61.531985] (ur_dashboard_msgs) StdoutLine: {'line': b'-- Installing: /home/com9/uet_ws/install/ur_dashboard_msgs/include/ur_dashboard_msgs/ur_dashboard_msgs/srv/detail/get_serial_number__builder.hpp\n'}
[61.532014] (ur_dashboard_msgs) StdoutLine: {'line': b'-- Installing: /home/com9/uet_ws/install/ur_dashboard_msgs/include/ur_dashboard_msgs/ur_dashboard_msgs/srv/detail/add_to_log__builder.hpp\n'}
[61.532053] (ur_dashboard_msgs) StdoutLine: {'line': b'-- Installing: /home/com9/uet_ws/install/ur_dashboard_msgs/include/ur_dashboard_msgs/ur_dashboard_msgs/srv/detail/get_loaded_program__type_support.hpp\n'}
[61.532085] (ur_dashboard_msgs) StdoutLine: {'line': b'-- Installing: /home/com9/uet_ws/install/ur_dashboard_msgs/include/ur_dashboard_msgs/ur_dashboard_msgs/srv/detail/is_program_saved__traits.hpp\n'}
[61.532124] (ur_dashboard_msgs) StdoutLine: {'line': b'-- Installing: /home/com9/uet_ws/install/ur_dashboard_msgs/include/ur_dashboard_msgs/ur_dashboard_msgs/srv/detail/get_loaded_program__struct.hpp\n'}
[61.532153] (ur_dashboard_msgs) StdoutLine: {'line': b'-- Installing: /home/com9/uet_ws/install/ur_dashboard_msgs/include/ur_dashboard_msgs/ur_dashboard_msgs/srv/get_safety_status.hpp\n'}
[61.532191] (ur_dashboard_msgs) StdoutLine: {'line': b'-- Installing: /home/com9/uet_ws/install/ur_dashboard_msgs/include/ur_dashboard_msgs/ur_dashboard_msgs/srv/get_operational_mode.hpp\n'}
[61.532244] (ur_dashboard_msgs) StdoutLine: {'line': b'-- Installing: /home/com9/uet_ws/install/ur_dashboard_msgs/include/ur_dashboard_msgs/ur_dashboard_msgs/srv/set_operational_mode.hpp\n'}
[61.532272] (ur_dashboard_msgs) StdoutLine: {'line': b'-- Installing: /home/com9/uet_ws/install/ur_dashboard_msgs/include/ur_dashboard_msgs/ur_dashboard_msgs/srv/get_programs.hpp\n'}
[61.532309] (ur_dashboard_msgs) StdoutLine: {'line': b'-- Installing: /home/com9/uet_ws/install/ur_dashboard_msgs/include/ur_dashboard_msgs/ur_dashboard_msgs/srv/is_in_remote_control.hpp\n'}
[61.532343] (ur_dashboard_msgs) StdoutLine: {'line': b'-- Installing: /home/com9/uet_ws/install/ur_dashboard_msgs/include/ur_dashboard_msgs/ur_dashboard_msgs/srv/add_to_log.hpp\n'}
[61.532369] (ur_dashboard_msgs) StdoutLine: {'line': b'-- Up-to-date: /home/com9/uet_ws/install/ur_dashboard_msgs/include/ur_dashboard_msgs/ur_dashboard_msgs/action\n'}
[61.532404] (ur_dashboard_msgs) StdoutLine: {'line': b'-- Up-to-date: /home/com9/uet_ws/install/ur_dashboard_msgs/include/ur_dashboard_msgs/ur_dashboard_msgs/action/detail\n'}
[61.532432] (ur_dashboard_msgs) StdoutLine: {'line': b'-- Installing: /home/com9/uet_ws/install/ur_dashboard_msgs/include/ur_dashboard_msgs/ur_dashboard_msgs/action/detail/set_mode__traits.hpp\n'}
[61.532472] (ur_dashboard_msgs) StdoutLine: {'line': b'-- Installing: /home/com9/uet_ws/install/ur_dashboard_msgs/include/ur_dashboard_msgs/ur_dashboard_msgs/action/detail/set_mode__builder.hpp\n'}
[61.532500] (ur_dashboard_msgs) StdoutLine: {'line': b'-- Installing: /home/com9/uet_ws/install/ur_dashboard_msgs/include/ur_dashboard_msgs/ur_dashboard_msgs/action/detail/set_mode__struct.hpp\n'}
[61.532544] (ur_dashboard_msgs) StdoutLine: {'line': b'-- Installing: /home/com9/uet_ws/install/ur_dashboard_msgs/include/ur_dashboard_msgs/ur_dashboard_msgs/action/detail/set_mode__type_support.hpp\n'}
[61.532579] (ur_dashboard_msgs) StdoutLine: {'line': b'-- Installing: /home/com9/uet_ws/install/ur_dashboard_msgs/include/ur_dashboard_msgs/ur_dashboard_msgs/action/set_mode.hpp\n'}
[61.532617] (ur_dashboard_msgs) StdoutLine: {'line': b'-- Up-to-date: /home/com9/uet_ws/install/ur_dashboard_msgs/include/ur_dashboard_msgs/ur_dashboard_msgs\n'}
[61.532653] (ur_dashboard_msgs) StdoutLine: {'line': b'-- Up-to-date: /home/com9/uet_ws/install/ur_dashboard_msgs/include/ur_dashboard_msgs/ur_dashboard_msgs/msg\n'}
[61.532681] (ur_dashboard_msgs) StdoutLine: {'line': b'-- Up-to-date: /home/com9/uet_ws/install/ur_dashboard_msgs/include/ur_dashboard_msgs/ur_dashboard_msgs/msg/detail\n'}
[61.532711] (ur_dashboard_msgs) StdoutLine: {'line': b'-- Installing: /home/com9/uet_ws/install/ur_dashboard_msgs/include/ur_dashboard_msgs/ur_dashboard_msgs/msg/detail/version_information__rosidl_typesupport_fastrtps_cpp.hpp\n'}
[61.532743] (ur_dashboard_msgs) StdoutLine: {'line': b'-- Installing: /home/com9/uet_ws/install/ur_dashboard_msgs/include/ur_dashboard_msgs/ur_dashboard_msgs/msg/detail/program_information__rosidl_typesupport_fastrtps_cpp.hpp\n'}
[61.532786] (ur_dashboard_msgs) StdoutLine: {'line': b'-- Installing: /home/com9/uet_ws/install/ur_dashboard_msgs/include/ur_dashboard_msgs/ur_dashboard_msgs/msg/detail/program_state__rosidl_typesupport_fastrtps_cpp.hpp\n'}
[61.532823] (ur_dashboard_msgs) StdoutLine: {'line': b'-- Installing: /home/com9/uet_ws/install/ur_dashboard_msgs/include/ur_dashboard_msgs/ur_dashboard_msgs/msg/detail/safety_mode__rosidl_typesupport_fastrtps_cpp.hpp\n'}
[61.532861] (ur_dashboard_msgs) StdoutLine: {'line': b'-- Installing: /home/com9/uet_ws/install/ur_dashboard_msgs/include/ur_dashboard_msgs/ur_dashboard_msgs/msg/detail/dds_fastrtps\n'}
[61.532889] (ur_dashboard_msgs) StdoutLine: {'line': b'-- Installing: /home/com9/uet_ws/install/ur_dashboard_msgs/include/ur_dashboard_msgs/ur_dashboard_msgs/msg/detail/safety_status__rosidl_typesupport_fastrtps_cpp.hpp\n'}
[61.532925] (ur_dashboard_msgs) StdoutLine: {'line': b'-- Installing: /home/com9/uet_ws/install/ur_dashboard_msgs/include/ur_dashboard_msgs/ur_dashboard_msgs/msg/detail/robot_mode__rosidl_typesupport_fastrtps_cpp.hpp\n'}
[61.532960] (ur_dashboard_msgs) StdoutLine: {'line': b'-- Installing: /home/com9/uet_ws/install/ur_dashboard_msgs/include/ur_dashboard_msgs/ur_dashboard_msgs/msg/detail/user_role__rosidl_typesupport_fastrtps_cpp.hpp\n'}
[61.532990] (ur_dashboard_msgs) StdoutLine: {'line': b'-- Installing: /home/com9/uet_ws/install/ur_dashboard_msgs/include/ur_dashboard_msgs/ur_dashboard_msgs/msg/detail/operational_mode__rosidl_typesupport_fastrtps_cpp.hpp\n'}
[61.533032] (ur_dashboard_msgs) StdoutLine: {'line': b'-- Installing: /home/com9/uet_ws/install/ur_dashboard_msgs/include/ur_dashboard_msgs/ur_dashboard_msgs/msg/rosidl_typesupport_fastrtps_cpp__visibility_control.h\n'}
[61.533063] (ur_dashboard_msgs) StdoutLine: {'line': b'-- Up-to-date: /home/com9/uet_ws/install/ur_dashboard_msgs/include/ur_dashboard_msgs/ur_dashboard_msgs/srv\n'}
[61.533100] (ur_dashboard_msgs) StdoutLine: {'line': b'-- Up-to-date: /home/com9/uet_ws/install/ur_dashboard_msgs/include/ur_dashboard_msgs/ur_dashboard_msgs/srv/detail\n'}
[61.533128] (ur_dashboard_msgs) StdoutLine: {'line': b'-- Installing: /home/com9/uet_ws/install/ur_dashboard_msgs/include/ur_dashboard_msgs/ur_dashboard_msgs/srv/detail/is_program_saved__rosidl_typesupport_fastrtps_cpp.hpp\n'}
[61.533157] (ur_dashboard_msgs) StdoutLine: {'line': b'-- Installing: /home/com9/uet_ws/install/ur_dashboard_msgs/include/ur_dashboard_msgs/ur_dashboard_msgs/srv/detail/get_program_state__rosidl_typesupport_fastrtps_cpp.hpp\n'}
[61.533196] (ur_dashboard_msgs) StdoutLine: {'line': b'-- Installing: /home/com9/uet_ws/install/ur_dashboard_msgs/include/ur_dashboard_msgs/ur_dashboard_msgs/srv/detail/get_serial_number__rosidl_typesupport_fastrtps_cpp.hpp\n'}
[61.533240] (ur_dashboard_msgs) StdoutLine: {'line': b'-- Installing: /home/com9/uet_ws/install/ur_dashboard_msgs/include/ur_dashboard_msgs/ur_dashboard_msgs/srv/detail/is_in_remote_control__rosidl_typesupport_fastrtps_cpp.hpp\n'}
[61.533271] (ur_dashboard_msgs) StdoutLine: {'line': b'-- Installing: /home/com9/uet_ws/install/ur_dashboard_msgs/include/ur_dashboard_msgs/ur_dashboard_msgs/srv/detail/get_robot_model__rosidl_typesupport_fastrtps_cpp.hpp\n'}
[61.533307] (ur_dashboard_msgs) StdoutLine: {'line': b'-- Installing: /home/com9/uet_ws/install/ur_dashboard_msgs/include/ur_dashboard_msgs/ur_dashboard_msgs/srv/detail/raw_request__rosidl_typesupport_fastrtps_cpp.hpp\n'}
[61.533342] (ur_dashboard_msgs) StdoutLine: {'line': b'-- Installing: /home/com9/uet_ws/install/ur_dashboard_msgs/include/ur_dashboard_msgs/ur_dashboard_msgs/srv/detail/dds_fastrtps\n'}
[61.533374] (ur_dashboard_msgs) StdoutLine: {'line': b'-- Installing: /home/com9/uet_ws/install/ur_dashboard_msgs/include/ur_dashboard_msgs/ur_dashboard_msgs/srv/detail/get_safety_mode__rosidl_typesupport_fastrtps_cpp.hpp\n'}
[61.533412] (ur_dashboard_msgs) StdoutLine: {'line': b'-- Installing: /home/com9/uet_ws/install/ur_dashboard_msgs/include/ur_dashboard_msgs/ur_dashboard_msgs/srv/detail/get_poly_scope_version__rosidl_typesupport_fastrtps_cpp.hpp\n'}
[61.533440] (ur_dashboard_msgs) StdoutLine: {'line': b'-- Installing: /home/com9/uet_ws/install/ur_dashboard_msgs/include/ur_dashboard_msgs/ur_dashboard_msgs/srv/detail/get_user_role__rosidl_typesupport_fastrtps_cpp.hpp\n'}
[61.533477] (ur_dashboard_msgs) StdoutLine: {'line': b'-- Installing: /home/com9/uet_ws/install/ur_dashboard_msgs/include/ur_dashboard_msgs/ur_dashboard_msgs/srv/detail/generate_flight_report__rosidl_typesupport_fastrtps_cpp.hpp\n'}
[61.533523] (ur_dashboard_msgs) StdoutLine: {'line': b'-- Installing: /home/com9/uet_ws/install/ur_dashboard_msgs/include/ur_dashboard_msgs/ur_dashboard_msgs/srv/detail/is_program_running__rosidl_typesupport_fastrtps_cpp.hpp\n'}
[61.533557] (-) TimerEvent: {}
[61.533632] (ur_dashboard_msgs) StdoutLine: {'line': b'-- Installing: /home/com9/uet_ws/install/ur_dashboard_msgs/include/ur_dashboard_msgs/ur_dashboard_msgs/srv/detail/generate_support_file__rosidl_typesupport_fastrtps_cpp.hpp\n'}
[61.533674] (ur_dashboard_msgs) StdoutLine: {'line': b'-- Installing: /home/com9/uet_ws/install/ur_dashboard_msgs/include/ur_dashboard_msgs/ur_dashboard_msgs/srv/detail/get_safety_status__rosidl_typesupport_fastrtps_cpp.hpp\n'}
[61.533706] (ur_dashboard_msgs) StdoutLine: {'line': b'-- Installing: /home/com9/uet_ws/install/ur_dashboard_msgs/include/ur_dashboard_msgs/ur_dashboard_msgs/srv/detail/set_operational_mode__rosidl_typesupport_fastrtps_cpp.hpp\n'}
[61.533748] (ur_dashboard_msgs) StdoutLine: {'line': b'-- Installing: /home/com9/uet_ws/install/ur_dashboard_msgs/include/ur_dashboard_msgs/ur_dashboard_msgs/srv/detail/get_robot_mode__rosidl_typesupport_fastrtps_cpp.hpp\n'}
[61.533779] (ur_dashboard_msgs) StdoutLine: {'line': b'-- Installing: /home/com9/uet_ws/install/ur_dashboard_msgs/include/ur_dashboard_msgs/ur_dashboard_msgs/srv/detail/get_operational_mode__rosidl_typesupport_fastrtps_cpp.hpp\n'}
[61.533810] (ur_dashboard_msgs) StdoutLine: {'line': b'-- Installing: /home/com9/uet_ws/install/ur_dashboard_msgs/include/ur_dashboard_msgs/ur_dashboard_msgs/srv/detail/get_loaded_program__rosidl_typesupport_fastrtps_cpp.hpp\n'}
[61.533852] (ur_dashboard_msgs) StdoutLine: {'line': b'-- Installing: /home/com9/uet_ws/install/ur_dashboard_msgs/include/ur_dashboard_msgs/ur_dashboard_msgs/srv/detail/add_to_log__rosidl_typesupport_fastrtps_cpp.hpp\n'}
[61.533890] (ur_dashboard_msgs) StdoutLine: {'line': b'-- Installing: /home/com9/uet_ws/install/ur_dashboard_msgs/include/ur_dashboard_msgs/ur_dashboard_msgs/srv/detail/load__rosidl_typesupport_fastrtps_cpp.hpp\n'}
[61.533921] (ur_dashboard_msgs) StdoutLine: {'line': b'-- Installing: /home/com9/uet_ws/install/ur_dashboard_msgs/include/ur_dashboard_msgs/ur_dashboard_msgs/srv/detail/popup__rosidl_typesupport_fastrtps_cpp.hpp\n'}
[61.533961] (ur_dashboard_msgs) StdoutLine: {'line': b'-- Installing: /home/com9/uet_ws/install/ur_dashboard_msgs/include/ur_dashboard_msgs/ur_dashboard_msgs/srv/detail/download_program__rosidl_typesupport_fastrtps_cpp.hpp\n'}
[61.533997] (ur_dashboard_msgs) StdoutLine: {'line': b'-- Installing: /home/com9/uet_ws/install/ur_dashboard_msgs/include/ur_dashboard_msgs/ur_dashboard_msgs/srv/detail/upload_program__rosidl_typesupport_fastrtps_cpp.hpp\n'}
[61.534025] (ur_dashboard_msgs) StdoutLine: {'line': b'-- Installing: /home/com9/uet_ws/install/ur_dashboard_msgs/include/ur_dashboard_msgs/ur_dashboard_msgs/srv/detail/get_programs__rosidl_typesupport_fastrtps_cpp.hpp\n'}
[61.534102] (ur_dashboard_msgs) StdoutLine: {'line': b'-- Installing: /home/com9/uet_ws/install/ur_dashboard_msgs/include/ur_dashboard_msgs/ur_dashboard_msgs/srv/detail/set_user_role__rosidl_typesupport_fastrtps_cpp.hpp\n'}
[61.534229] (ur_dashboard_msgs) StdoutLine: {'line': b'-- Up-to-date: /home/com9/uet_ws/install/ur_dashboard_msgs/include/ur_dashboard_msgs/ur_dashboard_msgs/action\n'}
[61.534304] (ur_dashboard_msgs) StdoutLine: {'line': b'-- Up-to-date: /home/com9/uet_ws/install/ur_dashboard_msgs/include/ur_dashboard_msgs/ur_dashboard_msgs/action/detail\n'}
[61.534334] (ur_dashboard_msgs) StdoutLine: {'line': b'-- Installing: /home/com9/uet_ws/install/ur_dashboard_msgs/include/ur_dashboard_msgs/ur_dashboard_msgs/action/detail/set_mode__rosidl_typesupport_fastrtps_cpp.hpp\n'}
[61.534362] (ur_dashboard_msgs) StdoutLine: {'line': b'-- Installing: /home/com9/uet_ws/install/ur_dashboard_msgs/include/ur_dashboard_msgs/ur_dashboard_msgs/action/detail/dds_fastrtps\n'}
[61.534394] (ur_dashboard_msgs) StdoutLine: {'line': b'-- Installing: /home/com9/uet_ws/install/ur_dashboard_msgs/lib/libur_dashboard_msgs__rosidl_typesupport_fastrtps_cpp.so\n'}
[61.534639] (ur_dashboard_msgs) StdoutLine: {'line': b'-- Set runtime path of "/home/com9/uet_ws/install/ur_dashboard_msgs/lib/libur_dashboard_msgs__rosidl_typesupport_fastrtps_cpp.so" to ""\n'}
[61.534694] (ur_dashboard_msgs) StdoutLine: {'line': b'-- Up-to-date: /home/com9/uet_ws/install/ur_dashboard_msgs/include/ur_dashboard_msgs/ur_dashboard_msgs\n'}
[61.534725] (ur_dashboard_msgs) StdoutLine: {'line': b'-- Up-to-date: /home/com9/uet_ws/install/ur_dashboard_msgs/include/ur_dashboard_msgs/ur_dashboard_msgs/msg\n'}
[61.534756] (ur_dashboard_msgs) StdoutLine: {'line': b'-- Up-to-date: /home/com9/uet_ws/install/ur_dashboard_msgs/include/ur_dashboard_msgs/ur_dashboard_msgs/msg/detail\n'}
[61.534797] (ur_dashboard_msgs) StdoutLine: {'line': b'-- Installing: /home/com9/uet_ws/install/ur_dashboard_msgs/include/ur_dashboard_msgs/ur_dashboard_msgs/msg/detail/safety_status__type_support.cpp\n'}
[61.534830] (ur_dashboard_msgs) StdoutLine: {'line': b'-- Installing: /home/com9/uet_ws/install/ur_dashboard_msgs/include/ur_dashboard_msgs/ur_dashboard_msgs/msg/detail/version_information__type_support.cpp\n'}
[61.534871] (ur_dashboard_msgs) StdoutLine: {'line': b'-- Installing: /home/com9/uet_ws/install/ur_dashboard_msgs/include/ur_dashboard_msgs/ur_dashboard_msgs/msg/detail/safety_status__rosidl_typesupport_introspection_cpp.hpp\n'}
[61.534911] (ur_dashboard_msgs) StdoutLine: {'line': b'-- Installing: /home/com9/uet_ws/install/ur_dashboard_msgs/include/ur_dashboard_msgs/ur_dashboard_msgs/msg/detail/program_state__rosidl_typesupport_introspection_cpp.hpp\n'}
[61.534957] (ur_dashboard_msgs) StdoutLine: {'line': b'-- Installing: /home/com9/uet_ws/install/ur_dashboard_msgs/include/ur_dashboard_msgs/ur_dashboard_msgs/msg/detail/operational_mode__type_support.cpp\n'}
[61.535007] (ur_dashboard_msgs) StdoutLine: {'line': b'-- Installing: /home/com9/uet_ws/install/ur_dashboard_msgs/include/ur_dashboard_msgs/ur_dashboard_msgs/msg/detail/robot_mode__rosidl_typesupport_introspection_cpp.hpp\n'}
[61.535064] (ur_dashboard_msgs) StdoutLine: {'line': b'-- Installing: /home/com9/uet_ws/install/ur_dashboard_msgs/include/ur_dashboard_msgs/ur_dashboard_msgs/msg/detail/safety_mode__type_support.cpp\n'}
[61.535123] (ur_dashboard_msgs) StdoutLine: {'line': b'-- Installing: /home/com9/uet_ws/install/ur_dashboard_msgs/include/ur_dashboard_msgs/ur_dashboard_msgs/msg/detail/version_information__rosidl_typesupport_introspection_cpp.hpp\n'}
[61.535183] (ur_dashboard_msgs) StdoutLine: {'line': b'-- Installing: /home/com9/uet_ws/install/ur_dashboard_msgs/include/ur_dashboard_msgs/ur_dashboard_msgs/msg/detail/program_information__type_support.cpp\n'}
[61.535246] (ur_dashboard_msgs) StdoutLine: {'line': b'-- Installing: /home/com9/uet_ws/install/ur_dashboard_msgs/include/ur_dashboard_msgs/ur_dashboard_msgs/msg/detail/program_state__type_support.cpp\n'}
[61.535313] (ur_dashboard_msgs) StdoutLine: {'line': b'-- Installing: /home/com9/uet_ws/install/ur_dashboard_msgs/include/ur_dashboard_msgs/ur_dashboard_msgs/msg/detail/safety_mode__rosidl_typesupport_introspection_cpp.hpp\n'}
[61.535379] (ur_dashboard_msgs) StdoutLine: {'line': b'-- Installing: /home/com9/uet_ws/install/ur_dashboard_msgs/include/ur_dashboard_msgs/ur_dashboard_msgs/msg/detail/user_role__type_support.cpp\n'}
[61.535439] (ur_dashboard_msgs) StdoutLine: {'line': b'-- Installing: /home/com9/uet_ws/install/ur_dashboard_msgs/include/ur_dashboard_msgs/ur_dashboard_msgs/msg/detail/robot_mode__type_support.cpp\n'}
[61.535500] (ur_dashboard_msgs) StdoutLine: {'line': b'-- Installing: /home/com9/uet_ws/install/ur_dashboard_msgs/include/ur_dashboard_msgs/ur_dashboard_msgs/msg/detail/user_role__rosidl_typesupport_introspection_cpp.hpp\n'}
[61.535556] (ur_dashboard_msgs) StdoutLine: {'line': b'-- Installing: /home/com9/uet_ws/install/ur_dashboard_msgs/include/ur_dashboard_msgs/ur_dashboard_msgs/msg/detail/program_information__rosidl_typesupport_introspection_cpp.hpp\n'}
[61.535614] (ur_dashboard_msgs) StdoutLine: {'line': b'-- Installing: /home/com9/uet_ws/install/ur_dashboard_msgs/include/ur_dashboard_msgs/ur_dashboard_msgs/msg/detail/operational_mode__rosidl_typesupport_introspection_cpp.hpp\n'}
[61.535665] (ur_dashboard_msgs) StdoutLine: {'line': b'-- Up-to-date: /home/com9/uet_ws/install/ur_dashboard_msgs/include/ur_dashboard_msgs/ur_dashboard_msgs/srv\n'}
[61.535708] (ur_dashboard_msgs) StdoutLine: {'line': b'-- Up-to-date: /home/com9/uet_ws/install/ur_dashboard_msgs/include/ur_dashboard_msgs/ur_dashboard_msgs/srv/detail\n'}
[61.535739] (ur_dashboard_msgs) StdoutLine: {'line': b'-- Installing: /home/com9/uet_ws/install/ur_dashboard_msgs/include/ur_dashboard_msgs/ur_dashboard_msgs/srv/detail/get_safety_mode__type_support.cpp\n'}
[61.535797] (ur_dashboard_msgs) StdoutLine: {'line': b'-- Installing: /home/com9/uet_ws/install/ur_dashboard_msgs/include/ur_dashboard_msgs/ur_dashboard_msgs/srv/detail/raw_request__rosidl_typesupport_introspection_cpp.hpp\n'}
[61.535847] (ur_dashboard_msgs) StdoutLine: {'line': b'-- Installing: /home/com9/uet_ws/install/ur_dashboard_msgs/include/ur_dashboard_msgs/ur_dashboard_msgs/srv/detail/get_operational_mode__rosidl_typesupport_introspection_cpp.hpp\n'}
[61.535878] (ur_dashboard_msgs) StdoutLine: {'line': b'-- Installing: /home/com9/uet_ws/install/ur_dashboard_msgs/include/ur_dashboard_msgs/ur_dashboard_msgs/srv/detail/download_program__type_support.cpp\n'}
[61.535913] (ur_dashboard_msgs) StdoutLine: {'line': b'-- Installing: /home/com9/uet_ws/install/ur_dashboard_msgs/include/ur_dashboard_msgs/ur_dashboard_msgs/srv/detail/get_loaded_program__type_support.cpp\n'}
[61.535944] (ur_dashboard_msgs) StdoutLine: {'line': b'-- Installing: /home/com9/uet_ws/install/ur_dashboard_msgs/include/ur_dashboard_msgs/ur_dashboard_msgs/srv/detail/get_serial_number__rosidl_typesupport_introspection_cpp.hpp\n'}
[61.535975] (ur_dashboard_msgs) StdoutLine: {'line': b'-- Installing: /home/com9/uet_ws/install/ur_dashboard_msgs/include/ur_dashboard_msgs/ur_dashboard_msgs/srv/detail/get_robot_model__rosidl_typesupport_introspection_cpp.hpp\n'}
[61.536015] (ur_dashboard_msgs) StdoutLine: {'line': b'-- Installing: /home/com9/uet_ws/install/ur_dashboard_msgs/include/ur_dashboard_msgs/ur_dashboard_msgs/srv/detail/is_in_remote_control__type_support.cpp\n'}
[61.536042] (ur_dashboard_msgs) StdoutLine: {'line': b'-- Installing: /home/com9/uet_ws/install/ur_dashboard_msgs/include/ur_dashboard_msgs/ur_dashboard_msgs/srv/detail/get_user_role__type_support.cpp\n'}
[61.536071] (ur_dashboard_msgs) StdoutLine: {'line': b'-- Installing: /home/com9/uet_ws/install/ur_dashboard_msgs/include/ur_dashboard_msgs/ur_dashboard_msgs/srv/detail/is_program_saved__type_support.cpp\n'}
[61.536107] (ur_dashboard_msgs) StdoutLine: {'line': b'-- Installing: /home/com9/uet_ws/install/ur_dashboard_msgs/include/ur_dashboard_msgs/ur_dashboard_msgs/srv/detail/popup__rosidl_typesupport_introspection_cpp.hpp\n'}
[61.536135] (ur_dashboard_msgs) StdoutLine: {'line': b'-- Installing: /home/com9/uet_ws/install/ur_dashboard_msgs/include/ur_dashboard_msgs/ur_dashboard_msgs/srv/detail/get_programs__type_support.cpp\n'}
[61.536168] (ur_dashboard_msgs) StdoutLine: {'line': b'-- Installing: /home/com9/uet_ws/install/ur_dashboard_msgs/include/ur_dashboard_msgs/ur_dashboard_msgs/srv/detail/upload_program__rosidl_typesupport_introspection_cpp.hpp\n'}
[61.536195] (ur_dashboard_msgs) StdoutLine: {'line': b'-- Installing: /home/com9/uet_ws/install/ur_dashboard_msgs/include/ur_dashboard_msgs/ur_dashboard_msgs/srv/detail/generate_support_file__type_support.cpp\n'}
[61.536231] (ur_dashboard_msgs) StdoutLine: {'line': b'-- Installing: /home/com9/uet_ws/install/ur_dashboard_msgs/include/ur_dashboard_msgs/ur_dashboard_msgs/srv/detail/get_user_role__rosidl_typesupport_introspection_cpp.hpp\n'}
[61.536269] (ur_dashboard_msgs) StdoutLine: {'line': b'-- Installing: /home/com9/uet_ws/install/ur_dashboard_msgs/include/ur_dashboard_msgs/ur_dashboard_msgs/srv/detail/get_poly_scope_version__rosidl_typesupport_introspection_cpp.hpp\n'}
[61.536305] (ur_dashboard_msgs) StdoutLine: {'line': b'-- Installing: /home/com9/uet_ws/install/ur_dashboard_msgs/include/ur_dashboard_msgs/ur_dashboard_msgs/srv/detail/is_in_remote_control__rosidl_typesupport_introspection_cpp.hpp\n'}
[61.536336] (ur_dashboard_msgs) StdoutLine: {'line': b'-- Installing: /home/com9/uet_ws/install/ur_dashboard_msgs/include/ur_dashboard_msgs/ur_dashboard_msgs/srv/detail/set_user_role__type_support.cpp\n'}
[61.536380] (ur_dashboard_msgs) StdoutLine: {'line': b'-- Installing: /home/com9/uet_ws/install/ur_dashboard_msgs/include/ur_dashboard_msgs/ur_dashboard_msgs/srv/detail/get_robot_model__type_support.cpp\n'}
[61.536407] (ur_dashboard_msgs) StdoutLine: {'line': b'-- Installing: /home/com9/uet_ws/install/ur_dashboard_msgs/include/ur_dashboard_msgs/ur_dashboard_msgs/srv/detail/get_robot_mode__type_support.cpp\n'}
[61.536447] (ur_dashboard_msgs) StdoutLine: {'line': b'-- Installing: /home/com9/uet_ws/install/ur_dashboard_msgs/include/ur_dashboard_msgs/ur_dashboard_msgs/srv/detail/generate_flight_report__rosidl_typesupport_introspection_cpp.hpp\n'}
[61.536482] (ur_dashboard_msgs) StdoutLine: {'line': b'-- Installing: /home/com9/uet_ws/install/ur_dashboard_msgs/include/ur_dashboard_msgs/ur_dashboard_msgs/srv/detail/get_operational_mode__type_support.cpp\n'}
[61.536520] (ur_dashboard_msgs) StdoutLine: {'line': b'-- Installing: /home/com9/uet_ws/install/ur_dashboard_msgs/include/ur_dashboard_msgs/ur_dashboard_msgs/srv/detail/is_program_running__rosidl_typesupport_introspection_cpp.hpp\n'}
[61.536560] (ur_dashboard_msgs) StdoutLine: {'line': b'-- Installing: /home/com9/uet_ws/install/ur_dashboard_msgs/include/ur_dashboard_msgs/ur_dashboard_msgs/srv/detail/set_operational_mode__type_support.cpp\n'}
[61.536603] (ur_dashboard_msgs) StdoutLine: {'line': b'-- Installing: /home/com9/uet_ws/install/ur_dashboard_msgs/include/ur_dashboard_msgs/ur_dashboard_msgs/srv/detail/get_programs__rosidl_typesupport_introspection_cpp.hpp\n'}
[61.536645] (ur_dashboard_msgs) StdoutLine: {'line': b'-- Installing: /home/com9/uet_ws/install/ur_dashboard_msgs/include/ur_dashboard_msgs/ur_dashboard_msgs/srv/detail/get_program_state__type_support.cpp\n'}
[61.536693] (ur_dashboard_msgs) StdoutLine: {'line': b'-- Installing: /home/com9/uet_ws/install/ur_dashboard_msgs/include/ur_dashboard_msgs/ur_dashboard_msgs/srv/detail/get_safety_mode__rosidl_typesupport_introspection_cpp.hpp\n'}
[61.536730] (ur_dashboard_msgs) StdoutLine: {'line': b'-- Installing: /home/com9/uet_ws/install/ur_dashboard_msgs/include/ur_dashboard_msgs/ur_dashboard_msgs/srv/detail/get_safety_status__rosidl_typesupport_introspection_cpp.hpp\n'}
[61.536765] (ur_dashboard_msgs) StdoutLine: {'line': b'-- Installing: /home/com9/uet_ws/install/ur_dashboard_msgs/include/ur_dashboard_msgs/ur_dashboard_msgs/srv/detail/get_loaded_program__rosidl_typesupport_introspection_cpp.hpp\n'}
[61.536799] (ur_dashboard_msgs) StdoutLine: {'line': b'-- Installing: /home/com9/uet_ws/install/ur_dashboard_msgs/include/ur_dashboard_msgs/ur_dashboard_msgs/srv/detail/get_poly_scope_version__type_support.cpp\n'}
[61.536837] (ur_dashboard_msgs) StdoutLine: {'line': b'-- Installing: /home/com9/uet_ws/install/ur_dashboard_msgs/include/ur_dashboard_msgs/ur_dashboard_msgs/srv/detail/add_to_log__type_support.cpp\n'}
[61.536877] (ur_dashboard_msgs) StdoutLine: {'line': b'-- Installing: /home/com9/uet_ws/install/ur_dashboard_msgs/include/ur_dashboard_msgs/ur_dashboard_msgs/srv/detail/get_serial_number__type_support.cpp\n'}
[61.536918] (ur_dashboard_msgs) StdoutLine: {'line': b'-- Installing: /home/com9/uet_ws/install/ur_dashboard_msgs/include/ur_dashboard_msgs/ur_dashboard_msgs/srv/detail/get_safety_status__type_support.cpp\n'}
[61.536962] (ur_dashboard_msgs) StdoutLine: {'line': b'-- Installing: /home/com9/uet_ws/install/ur_dashboard_msgs/include/ur_dashboard_msgs/ur_dashboard_msgs/srv/detail/generate_flight_report__type_support.cpp\n'}
[61.537007] (ur_dashboard_msgs) StdoutLine: {'line': b'-- Installing: /home/com9/uet_ws/install/ur_dashboard_msgs/include/ur_dashboard_msgs/ur_dashboard_msgs/srv/detail/add_to_log__rosidl_typesupport_introspection_cpp.hpp\n'}
[61.537050] (ur_dashboard_msgs) StdoutLine: {'line': b'-- Installing: /home/com9/uet_ws/install/ur_dashboard_msgs/include/ur_dashboard_msgs/ur_dashboard_msgs/srv/detail/generate_support_file__rosidl_typesupport_introspection_cpp.hpp\n'}
[61.537090] (ur_dashboard_msgs) StdoutLine: {'line': b'-- Installing: /home/com9/uet_ws/install/ur_dashboard_msgs/include/ur_dashboard_msgs/ur_dashboard_msgs/srv/detail/get_robot_mode__rosidl_typesupport_introspection_cpp.hpp\n'}
[61.537131] (ur_dashboard_msgs) StdoutLine: {'line': b'-- Installing: /home/com9/uet_ws/install/ur_dashboard_msgs/include/ur_dashboard_msgs/ur_dashboard_msgs/srv/detail/popup__type_support.cpp\n'}
[61.537176] (ur_dashboard_msgs) StdoutLine: {'line': b'-- Installing: /home/com9/uet_ws/install/ur_dashboard_msgs/include/ur_dashboard_msgs/ur_dashboard_msgs/srv/detail/load__rosidl_typesupport_introspection_cpp.hpp\n'}
[61.537220] (ur_dashboard_msgs) StdoutLine: {'line': b'-- Installing: /home/com9/uet_ws/install/ur_dashboard_msgs/include/ur_dashboard_msgs/ur_dashboard_msgs/srv/detail/upload_program__type_support.cpp\n'}
[61.537266] (ur_dashboard_msgs) StdoutLine: {'line': b'-- Installing: /home/com9/uet_ws/install/ur_dashboard_msgs/include/ur_dashboard_msgs/ur_dashboard_msgs/srv/detail/download_program__rosidl_typesupport_introspection_cpp.hpp\n'}
[61.537324] (ur_dashboard_msgs) StdoutLine: {'line': b'-- Installing: /home/com9/uet_ws/install/ur_dashboard_msgs/include/ur_dashboard_msgs/ur_dashboard_msgs/srv/detail/is_program_saved__rosidl_typesupport_introspection_cpp.hpp\n'}
[61.537363] (ur_dashboard_msgs) StdoutLine: {'line': b'-- Installing: /home/com9/uet_ws/install/ur_dashboard_msgs/include/ur_dashboard_msgs/ur_dashboard_msgs/srv/detail/set_user_role__rosidl_typesupport_introspection_cpp.hpp\n'}
[61.537402] (ur_dashboard_msgs) StdoutLine: {'line': b'-- Installing: /home/com9/uet_ws/install/ur_dashboard_msgs/include/ur_dashboard_msgs/ur_dashboard_msgs/srv/detail/set_operational_mode__rosidl_typesupport_introspection_cpp.hpp\n'}
[61.537440] (ur_dashboard_msgs) StdoutLine: {'line': b'-- Installing: /home/com9/uet_ws/install/ur_dashboard_msgs/include/ur_dashboard_msgs/ur_dashboard_msgs/srv/detail/raw_request__type_support.cpp\n'}
[61.537481] (ur_dashboard_msgs) StdoutLine: {'line': b'-- Installing: /home/com9/uet_ws/install/ur_dashboard_msgs/include/ur_dashboard_msgs/ur_dashboard_msgs/srv/detail/load__type_support.cpp\n'}
[61.537521] (ur_dashboard_msgs) StdoutLine: {'line': b'-- Installing: /home/com9/uet_ws/install/ur_dashboard_msgs/include/ur_dashboard_msgs/ur_dashboard_msgs/srv/detail/get_program_state__rosidl_typesupport_introspection_cpp.hpp\n'}
[61.537558] (ur_dashboard_msgs) StdoutLine: {'line': b'-- Installing: /home/com9/uet_ws/install/ur_dashboard_msgs/include/ur_dashboard_msgs/ur_dashboard_msgs/srv/detail/is_program_running__type_support.cpp\n'}
[61.537600] (ur_dashboard_msgs) StdoutLine: {'line': b'-- Up-to-date: /home/com9/uet_ws/install/ur_dashboard_msgs/include/ur_dashboard_msgs/ur_dashboard_msgs/action\n'}
[61.537645] (ur_dashboard_msgs) StdoutLine: {'line': b'-- Up-to-date: /home/com9/uet_ws/install/ur_dashboard_msgs/include/ur_dashboard_msgs/ur_dashboard_msgs/action/detail\n'}
[61.537677] (ur_dashboard_msgs) StdoutLine: {'line': b'-- Installing: /home/com9/uet_ws/install/ur_dashboard_msgs/include/ur_dashboard_msgs/ur_dashboard_msgs/action/detail/set_mode__rosidl_typesupport_introspection_cpp.hpp\n'}
[61.537717] (ur_dashboard_msgs) StdoutLine: {'line': b'-- Installing: /home/com9/uet_ws/install/ur_dashboard_msgs/include/ur_dashboard_msgs/ur_dashboard_msgs/action/detail/set_mode__type_support.cpp\n'}
[61.537789] (ur_dashboard_msgs) StdoutLine: {'line': b'-- Installing: /home/com9/uet_ws/install/ur_dashboard_msgs/lib/libur_dashboard_msgs__rosidl_typesupport_introspection_cpp.so\n'}
[61.538180] (ur_dashboard_msgs) StdoutLine: {'line': b'-- Set runtime path of "/home/com9/uet_ws/install/ur_dashboard_msgs/lib/libur_dashboard_msgs__rosidl_typesupport_introspection_cpp.so" to ""\n'}
[61.538243] (ur_dashboard_msgs) StdoutLine: {'line': b'-- Installing: /home/com9/uet_ws/install/ur_dashboard_msgs/lib/libur_dashboard_msgs__rosidl_typesupport_cpp.so\n'}
[61.538474] (ur_dashboard_msgs) StdoutLine: {'line': b'-- Set runtime path of "/home/com9/uet_ws/install/ur_dashboard_msgs/lib/libur_dashboard_msgs__rosidl_typesupport_cpp.so" to ""\n'}
[61.538515] (ur_dashboard_msgs) StdoutLine: {'line': b'-- Installing: /home/com9/uet_ws/install/ur_dashboard_msgs/share/ur_dashboard_msgs/environment/pythonpath.sh\n'}
[61.538573] (ur_dashboard_msgs) StdoutLine: {'line': b'-- Installing: /home/com9/uet_ws/install/ur_dashboard_msgs/share/ur_dashboard_msgs/environment/pythonpath.dsv\n'}
[61.538637] (ur_dashboard_msgs) StdoutLine: {'line': b'-- Installing: /home/com9/uet_ws/install/ur_dashboard_msgs/local/lib/python3.10/dist-packages/ur_dashboard_msgs-2.13.1-py3.10.egg-info\n'}
[61.538702] (ur_dashboard_msgs) StdoutLine: {'line': b'-- Installing: /home/com9/uet_ws/install/ur_dashboard_msgs/local/lib/python3.10/dist-packages/ur_dashboard_msgs-2.13.1-py3.10.egg-info/dependency_links.txt\n'}
[61.538739] (ur_dashboard_msgs) StdoutLine: {'line': b'-- Installing: /home/com9/uet_ws/install/ur_dashboard_msgs/local/lib/python3.10/dist-packages/ur_dashboard_msgs-2.13.1-py3.10.egg-info/top_level.txt\n'}
[61.538776] (ur_dashboard_msgs) StdoutLine: {'line': b'-- Installing: /home/com9/uet_ws/install/ur_dashboard_msgs/local/lib/python3.10/dist-packages/ur_dashboard_msgs-2.13.1-py3.10.egg-info/SOURCES.txt\n'}
[61.538815] (ur_dashboard_msgs) StdoutLine: {'line': b'-- Installing: /home/com9/uet_ws/install/ur_dashboard_msgs/local/lib/python3.10/dist-packages/ur_dashboard_msgs-2.13.1-py3.10.egg-info/PKG-INFO\n'}
[61.538876] (ur_dashboard_msgs) StdoutLine: {'line': b'-- Installing: /home/com9/uet_ws/install/ur_dashboard_msgs/local/lib/python3.10/dist-packages/ur_dashboard_msgs\n'}
[61.538915] (ur_dashboard_msgs) StdoutLine: {'line': b'-- Installing: /home/com9/uet_ws/install/ur_dashboard_msgs/local/lib/python3.10/dist-packages/ur_dashboard_msgs/ur_dashboard_msgs_s__rosidl_typesupport_c.cpython-310-x86_64-linux-gnu.so\n'}
[61.539060] (ur_dashboard_msgs) StdoutLine: {'line': b'-- Installing: /home/com9/uet_ws/install/ur_dashboard_msgs/local/lib/python3.10/dist-packages/ur_dashboard_msgs/libur_dashboard_msgs__rosidl_generator_py.so\n'}
[61.539259] (ur_dashboard_msgs) StdoutLine: {'line': b'-- Installing: /home/com9/uet_ws/install/ur_dashboard_msgs/local/lib/python3.10/dist-packages/ur_dashboard_msgs/msg\n'}
[61.539367] (ur_dashboard_msgs) StdoutLine: {'line': b'-- Installing: /home/com9/uet_ws/install/ur_dashboard_msgs/local/lib/python3.10/dist-packages/ur_dashboard_msgs/msg/_safety_mode_s.c\n'}
[61.539402] (ur_dashboard_msgs) StdoutLine: {'line': b'-- Installing: /home/com9/uet_ws/install/ur_dashboard_msgs/local/lib/python3.10/dist-packages/ur_dashboard_msgs/msg/_robot_mode.py\n'}
[61.539434] (ur_dashboard_msgs) StdoutLine: {'line': b'-- Installing: /home/com9/uet_ws/install/ur_dashboard_msgs/local/lib/python3.10/dist-packages/ur_dashboard_msgs/msg/_program_state_s.c\n'}
[61.539476] (ur_dashboard_msgs) StdoutLine: {'line': b'-- Installing: /home/com9/uet_ws/install/ur_dashboard_msgs/local/lib/python3.10/dist-packages/ur_dashboard_msgs/msg/_operational_mode_s.c\n'}
[61.539513] (ur_dashboard_msgs) StdoutLine: {'line': b'-- Installing: /home/com9/uet_ws/install/ur_dashboard_msgs/local/lib/python3.10/dist-packages/ur_dashboard_msgs/msg/_program_information.py\n'}
[61.539542] (ur_dashboard_msgs) StdoutLine: {'line': b'-- Installing: /home/com9/uet_ws/install/ur_dashboard_msgs/local/lib/python3.10/dist-packages/ur_dashboard_msgs/msg/_safety_status.py\n'}
[61.539581] (ur_dashboard_msgs) StdoutLine: {'line': b'-- Installing: /home/com9/uet_ws/install/ur_dashboard_msgs/local/lib/python3.10/dist-packages/ur_dashboard_msgs/msg/_user_role.py\n'}
[61.539610] (ur_dashboard_msgs) StdoutLine: {'line': b'-- Installing: /home/com9/uet_ws/install/ur_dashboard_msgs/local/lib/python3.10/dist-packages/ur_dashboard_msgs/msg/_safety_status_s.c\n'}
[61.539647] (ur_dashboard_msgs) StdoutLine: {'line': b'-- Installing: /home/com9/uet_ws/install/ur_dashboard_msgs/local/lib/python3.10/dist-packages/ur_dashboard_msgs/msg/__init__.py\n'}
[61.539685] (ur_dashboard_msgs) StdoutLine: {'line': b'-- Installing: /home/com9/uet_ws/install/ur_dashboard_msgs/local/lib/python3.10/dist-packages/ur_dashboard_msgs/msg/_version_information_s.c\n'}
[61.539713] (ur_dashboard_msgs) StdoutLine: {'line': b'-- Installing: /home/com9/uet_ws/install/ur_dashboard_msgs/local/lib/python3.10/dist-packages/ur_dashboard_msgs/msg/_version_information.py\n'}
[61.539748] (ur_dashboard_msgs) StdoutLine: {'line': b'-- Installing: /home/com9/uet_ws/install/ur_dashboard_msgs/local/lib/python3.10/dist-packages/ur_dashboard_msgs/msg/_program_information_s.c\n'}
[61.539783] (ur_dashboard_msgs) StdoutLine: {'line': b'-- Installing: /home/com9/uet_ws/install/ur_dashboard_msgs/local/lib/python3.10/dist-packages/ur_dashboard_msgs/msg/_safety_mode.py\n'}
[61.539823] (ur_dashboard_msgs) StdoutLine: {'line': b'-- Installing: /home/com9/uet_ws/install/ur_dashboard_msgs/local/lib/python3.10/dist-packages/ur_dashboard_msgs/msg/_program_state.py\n'}
[61.539850] (ur_dashboard_msgs) StdoutLine: {'line': b'-- Installing: /home/com9/uet_ws/install/ur_dashboard_msgs/local/lib/python3.10/dist-packages/ur_dashboard_msgs/msg/_user_role_s.c\n'}
[61.539884] (ur_dashboard_msgs) StdoutLine: {'line': b'-- Installing: /home/com9/uet_ws/install/ur_dashboard_msgs/local/lib/python3.10/dist-packages/ur_dashboard_msgs/msg/_robot_mode_s.c\n'}
[61.539910] (ur_dashboard_msgs) StdoutLine: {'line': b'-- Installing: /home/com9/uet_ws/install/ur_dashboard_msgs/local/lib/python3.10/dist-packages/ur_dashboard_msgs/msg/_operational_mode.py\n'}
[61.539936] (ur_dashboard_msgs) StdoutLine: {'line': b'-- Installing: /home/com9/uet_ws/install/ur_dashboard_msgs/local/lib/python3.10/dist-packages/ur_dashboard_msgs/_ur_dashboard_msgs_s.ep.rosidl_typesupport_c.c\n'}
[61.540060] (ur_dashboard_msgs) StdoutLine: {'line': b'-- Installing: /home/com9/uet_ws/install/ur_dashboard_msgs/local/lib/python3.10/dist-packages/ur_dashboard_msgs/__init__.py\n'}
[61.540100] (ur_dashboard_msgs) StdoutLine: {'line': b'-- Installing: /home/com9/uet_ws/install/ur_dashboard_msgs/local/lib/python3.10/dist-packages/ur_dashboard_msgs/_ur_dashboard_msgs_s.ep.rosidl_typesupport_introspection_c.c\n'}
[61.540290] (ur_dashboard_msgs) StdoutLine: {'line': b'-- Installing: /home/com9/uet_ws/install/ur_dashboard_msgs/local/lib/python3.10/dist-packages/ur_dashboard_msgs/srv\n'}
[61.540334] (ur_dashboard_msgs) StdoutLine: {'line': b'-- Installing: /home/com9/uet_ws/install/ur_dashboard_msgs/local/lib/python3.10/dist-packages/ur_dashboard_msgs/srv/_is_program_running.py\n'}
[61.540374] (ur_dashboard_msgs) StdoutLine: {'line': b'-- Installing: /home/com9/uet_ws/install/ur_dashboard_msgs/local/lib/python3.10/dist-packages/ur_dashboard_msgs/srv/_get_serial_number_s.c\n'}
[61.540416] (ur_dashboard_msgs) StdoutLine: {'line': b'-- Installing: /home/com9/uet_ws/install/ur_dashboard_msgs/local/lib/python3.10/dist-packages/ur_dashboard_msgs/srv/_get_safety_mode_s.c\n'}
[61.540457] (ur_dashboard_msgs) StdoutLine: {'line': b'-- Installing: /home/com9/uet_ws/install/ur_dashboard_msgs/local/lib/python3.10/dist-packages/ur_dashboard_msgs/srv/_generate_support_file.py\n'}
[61.540493] (ur_dashboard_msgs) StdoutLine: {'line': b'-- Installing: /home/com9/uet_ws/install/ur_dashboard_msgs/local/lib/python3.10/dist-packages/ur_dashboard_msgs/srv/_set_operational_mode_s.c\n'}
[61.540533] (ur_dashboard_msgs) StdoutLine: {'line': b'-- Installing: /home/com9/uet_ws/install/ur_dashboard_msgs/local/lib/python3.10/dist-packages/ur_dashboard_msgs/srv/_get_loaded_program.py\n'}
[61.540571] (ur_dashboard_msgs) StdoutLine: {'line': b'-- Installing: /home/com9/uet_ws/install/ur_dashboard_msgs/local/lib/python3.10/dist-packages/ur_dashboard_msgs/srv/_get_user_role.py\n'}
[61.540611] (ur_dashboard_msgs) StdoutLine: {'line': b'-- Installing: /home/com9/uet_ws/install/ur_dashboard_msgs/local/lib/python3.10/dist-packages/ur_dashboard_msgs/srv/_get_safety_mode.py\n'}
[61.540653] (ur_dashboard_msgs) StdoutLine: {'line': b'-- Installing: /home/com9/uet_ws/install/ur_dashboard_msgs/local/lib/python3.10/dist-packages/ur_dashboard_msgs/srv/_set_user_role_s.c\n'}
[61.540694] (ur_dashboard_msgs) StdoutLine: {'line': b'-- Installing: /home/com9/uet_ws/install/ur_dashboard_msgs/local/lib/python3.10/dist-packages/ur_dashboard_msgs/srv/_get_program_state_s.c\n'}
[61.540734] (ur_dashboard_msgs) StdoutLine: {'line': b'-- Installing: /home/com9/uet_ws/install/ur_dashboard_msgs/local/lib/python3.10/dist-packages/ur_dashboard_msgs/srv/_get_operational_mode_s.c\n'}
[61.540770] (ur_dashboard_msgs) StdoutLine: {'line': b'-- Installing: /home/com9/uet_ws/install/ur_dashboard_msgs/local/lib/python3.10/dist-packages/ur_dashboard_msgs/srv/_get_robot_model_s.c\n'}
[61.540806] (ur_dashboard_msgs) StdoutLine: {'line': b'-- Installing: /home/com9/uet_ws/install/ur_dashboard_msgs/local/lib/python3.10/dist-packages/ur_dashboard_msgs/srv/_download_program_s.c\n'}
[61.540841] (ur_dashboard_msgs) StdoutLine: {'line': b'-- Installing: /home/com9/uet_ws/install/ur_dashboard_msgs/local/lib/python3.10/dist-packages/ur_dashboard_msgs/srv/_is_program_running_s.c\n'}
[61.540883] (ur_dashboard_msgs) StdoutLine: {'line': b'-- Installing: /home/com9/uet_ws/install/ur_dashboard_msgs/local/lib/python3.10/dist-packages/ur_dashboard_msgs/srv/__init__.py\n'}
[61.540919] (ur_dashboard_msgs) StdoutLine: {'line': b'-- Installing: /home/com9/uet_ws/install/ur_dashboard_msgs/local/lib/python3.10/dist-packages/ur_dashboard_msgs/srv/_generate_flight_report.py\n'}
[61.540954] (ur_dashboard_msgs) StdoutLine: {'line': b'-- Installing: /home/com9/uet_ws/install/ur_dashboard_msgs/local/lib/python3.10/dist-packages/ur_dashboard_msgs/srv/_get_programs.py\n'}
[61.540994] (ur_dashboard_msgs) StdoutLine: {'line': b'-- Installing: /home/com9/uet_ws/install/ur_dashboard_msgs/local/lib/python3.10/dist-packages/ur_dashboard_msgs/srv/_get_operational_mode.py\n'}
[61.541396] (ur_dashboard_msgs) StdoutLine: {'line': b'-- Installing: /home/com9/uet_ws/install/ur_dashboard_msgs/local/lib/python3.10/dist-packages/ur_dashboard_msgs/srv/_get_robot_mode.py\n'}
[61.541437] (ur_dashboard_msgs) StdoutLine: {'line': b'-- Installing: /home/com9/uet_ws/install/ur_dashboard_msgs/local/lib/python3.10/dist-packages/ur_dashboard_msgs/srv/_set_user_role.py\n'}
[61.541473] (ur_dashboard_msgs) StdoutLine: {'line': b'-- Installing: /home/com9/uet_ws/install/ur_dashboard_msgs/local/lib/python3.10/dist-packages/ur_dashboard_msgs/srv/_upload_program.py\n'}
[61.541535] (ur_dashboard_msgs) StdoutLine: {'line': b'-- Installing: /home/com9/uet_ws/install/ur_dashboard_msgs/local/lib/python3.10/dist-packages/ur_dashboard_msgs/srv/_popup.py\n'}
[61.541571] (ur_dashboard_msgs) StdoutLine: {'line': b'-- Installing: /home/com9/uet_ws/install/ur_dashboard_msgs/local/lib/python3.10/dist-packages/ur_dashboard_msgs/srv/_load.py\n'}
[61.541606] (ur_dashboard_msgs) StdoutLine: {'line': b'-- Installing: /home/com9/uet_ws/install/ur_dashboard_msgs/local/lib/python3.10/dist-packages/ur_dashboard_msgs/srv/_generate_flight_report_s.c\n'}
[61.541645] (ur_dashboard_msgs) StdoutLine: {'line': b'-- Installing: /home/com9/uet_ws/install/ur_dashboard_msgs/local/lib/python3.10/dist-packages/ur_dashboard_msgs/srv/_get_robot_model.py\n'}
[61.541686] (ur_dashboard_msgs) StdoutLine: {'line': b'-- Installing: /home/com9/uet_ws/install/ur_dashboard_msgs/local/lib/python3.10/dist-packages/ur_dashboard_msgs/srv/_get_programs_s.c\n'}
[61.541727] (ur_dashboard_msgs) StdoutLine: {'line': b'-- Installing: /home/com9/uet_ws/install/ur_dashboard_msgs/local/lib/python3.10/dist-packages/ur_dashboard_msgs/srv/_get_user_role_s.c\n'}
[61.541764] (ur_dashboard_msgs) StdoutLine: {'line': b'-- Installing: /home/com9/uet_ws/install/ur_dashboard_msgs/local/lib/python3.10/dist-packages/ur_dashboard_msgs/srv/_download_program.py\n'}
[61.541800] (ur_dashboard_msgs) StdoutLine: {'line': b'-- Installing: /home/com9/uet_ws/install/ur_dashboard_msgs/local/lib/python3.10/dist-packages/ur_dashboard_msgs/srv/_is_program_saved_s.c\n'}
[61.541842] (ur_dashboard_msgs) StdoutLine: {'line': b'-- Installing: /home/com9/uet_ws/install/ur_dashboard_msgs/local/lib/python3.10/dist-packages/ur_dashboard_msgs/srv/_raw_request_s.c\n'}
[61.541883] (ur_dashboard_msgs) StdoutLine: {'line': b'-- Installing: /home/com9/uet_ws/install/ur_dashboard_msgs/local/lib/python3.10/dist-packages/ur_dashboard_msgs/srv/_is_in_remote_control_s.c\n'}
[61.541924] (ur_dashboard_msgs) StdoutLine: {'line': b'-- Installing: /home/com9/uet_ws/install/ur_dashboard_msgs/local/lib/python3.10/dist-packages/ur_dashboard_msgs/srv/_get_serial_number.py\n'}
[61.541964] (ur_dashboard_msgs) StdoutLine: {'line': b'-- Installing: /home/com9/uet_ws/install/ur_dashboard_msgs/local/lib/python3.10/dist-packages/ur_dashboard_msgs/srv/_is_in_remote_control.py\n'}
[61.542005] (ur_dashboard_msgs) StdoutLine: {'line': b'-- Installing: /home/com9/uet_ws/install/ur_dashboard_msgs/local/lib/python3.10/dist-packages/ur_dashboard_msgs/srv/_get_poly_scope_version_s.c\n'}
[61.542046] (ur_dashboard_msgs) StdoutLine: {'line': b'-- Installing: /home/com9/uet_ws/install/ur_dashboard_msgs/local/lib/python3.10/dist-packages/ur_dashboard_msgs/srv/_get_poly_scope_version.py\n'}
[61.542087] (ur_dashboard_msgs) StdoutLine: {'line': b'-- Installing: /home/com9/uet_ws/install/ur_dashboard_msgs/local/lib/python3.10/dist-packages/ur_dashboard_msgs/srv/_add_to_log.py\n'}
[61.542122] (ur_dashboard_msgs) StdoutLine: {'line': b'-- Installing: /home/com9/uet_ws/install/ur_dashboard_msgs/local/lib/python3.10/dist-packages/ur_dashboard_msgs/srv/_add_to_log_s.c\n'}
[61.542157] (ur_dashboard_msgs) StdoutLine: {'line': b'-- Installing: /home/com9/uet_ws/install/ur_dashboard_msgs/local/lib/python3.10/dist-packages/ur_dashboard_msgs/srv/_raw_request.py\n'}
[61.542191] (ur_dashboard_msgs) StdoutLine: {'line': b'-- Installing: /home/com9/uet_ws/install/ur_dashboard_msgs/local/lib/python3.10/dist-packages/ur_dashboard_msgs/srv/_is_program_saved.py\n'}
[61.542235] (ur_dashboard_msgs) StdoutLine: {'line': b'-- Installing: /home/com9/uet_ws/install/ur_dashboard_msgs/local/lib/python3.10/dist-packages/ur_dashboard_msgs/srv/_generate_support_file_s.c\n'}
[61.542271] (ur_dashboard_msgs) StdoutLine: {'line': b'-- Installing: /home/com9/uet_ws/install/ur_dashboard_msgs/local/lib/python3.10/dist-packages/ur_dashboard_msgs/srv/_get_robot_mode_s.c\n'}
[61.542305] (ur_dashboard_msgs) StdoutLine: {'line': b'-- Installing: /home/com9/uet_ws/install/ur_dashboard_msgs/local/lib/python3.10/dist-packages/ur_dashboard_msgs/srv/_get_safety_status.py\n'}
[61.542341] (ur_dashboard_msgs) StdoutLine: {'line': b'-- Installing: /home/com9/uet_ws/install/ur_dashboard_msgs/local/lib/python3.10/dist-packages/ur_dashboard_msgs/srv/_load_s.c\n'}
[61.542382] (ur_dashboard_msgs) StdoutLine: {'line': b'-- Installing: /home/com9/uet_ws/install/ur_dashboard_msgs/local/lib/python3.10/dist-packages/ur_dashboard_msgs/srv/_popup_s.c\n'}
[61.542419] (ur_dashboard_msgs) StdoutLine: {'line': b'-- Installing: /home/com9/uet_ws/install/ur_dashboard_msgs/local/lib/python3.10/dist-packages/ur_dashboard_msgs/srv/_set_operational_mode.py\n'}
[61.542458] (ur_dashboard_msgs) StdoutLine: {'line': b'-- Installing: /home/com9/uet_ws/install/ur_dashboard_msgs/local/lib/python3.10/dist-packages/ur_dashboard_msgs/srv/_get_safety_status_s.c\n'}
[61.542498] (ur_dashboard_msgs) StdoutLine: {'line': b'-- Installing: /home/com9/uet_ws/install/ur_dashboard_msgs/local/lib/python3.10/dist-packages/ur_dashboard_msgs/srv/_get_program_state.py\n'}
[61.542537] (ur_dashboard_msgs) StdoutLine: {'line': b'-- Installing: /home/com9/uet_ws/install/ur_dashboard_msgs/local/lib/python3.10/dist-packages/ur_dashboard_msgs/srv/_get_loaded_program_s.c\n'}
[61.542577] (ur_dashboard_msgs) StdoutLine: {'line': b'-- Installing: /home/com9/uet_ws/install/ur_dashboard_msgs/local/lib/python3.10/dist-packages/ur_dashboard_msgs/srv/_upload_program_s.c\n'}
[61.542619] (ur_dashboard_msgs) StdoutLine: {'line': b'-- Installing: /home/com9/uet_ws/install/ur_dashboard_msgs/local/lib/python3.10/dist-packages/ur_dashboard_msgs/_ur_dashboard_msgs_s.ep.rosidl_typesupport_fastrtps_c.c\n'}
[61.542840] (ur_dashboard_msgs) StdoutLine: {'line': b'-- Installing: /home/com9/uet_ws/install/ur_dashboard_msgs/local/lib/python3.10/dist-packages/ur_dashboard_msgs/ur_dashboard_msgs_s__rosidl_typesupport_fastrtps_c.cpython-310-x86_64-linux-gnu.so\n'}
[61.542968] (ur_dashboard_msgs) StdoutLine: {'line': b'-- Installing: /home/com9/uet_ws/install/ur_dashboard_msgs/local/lib/python3.10/dist-packages/ur_dashboard_msgs/ur_dashboard_msgs_s__rosidl_typesupport_introspection_c.cpython-310-x86_64-linux-gnu.so\n'}
[61.543096] (ur_dashboard_msgs) StdoutLine: {'line': b'-- Installing: /home/com9/uet_ws/install/ur_dashboard_msgs/local/lib/python3.10/dist-packages/ur_dashboard_msgs/action\n'}
[61.543139] (ur_dashboard_msgs) StdoutLine: {'line': b'-- Installing: /home/com9/uet_ws/install/ur_dashboard_msgs/local/lib/python3.10/dist-packages/ur_dashboard_msgs/action/_set_mode_s.c\n'}
[61.543179] (ur_dashboard_msgs) StdoutLine: {'line': b'-- Installing: /home/com9/uet_ws/install/ur_dashboard_msgs/local/lib/python3.10/dist-packages/ur_dashboard_msgs/action/__init__.py\n'}
[61.543220] (ur_dashboard_msgs) StdoutLine: {'line': b'-- Installing: /home/com9/uet_ws/install/ur_dashboard_msgs/local/lib/python3.10/dist-packages/ur_dashboard_msgs/action/_set_mode.py\n'}
[61.595325] (ur_dashboard_msgs) StdoutLine: {'line': b"Listing '/home/com9/uet_ws/install/ur_dashboard_msgs/local/lib/python3.10/dist-packages/ur_dashboard_msgs'...\n"}
[61.595409] (ur_dashboard_msgs) StdoutLine: {'line': b"Compiling '/home/com9/uet_ws/install/ur_dashboard_msgs/local/lib/python3.10/dist-packages/ur_dashboard_msgs/__init__.py'...\n"}
[61.595441] (ur_dashboard_msgs) StdoutLine: {'line': b"Listing '/home/com9/uet_ws/install/ur_dashboard_msgs/local/lib/python3.10/dist-packages/ur_dashboard_msgs/action'...\n"}
[61.595465] (ur_dashboard_msgs) StdoutLine: {'line': b"Compiling '/home/com9/uet_ws/install/ur_dashboard_msgs/local/lib/python3.10/dist-packages/ur_dashboard_msgs/action/__init__.py'...\n"}
[61.595491] (ur_dashboard_msgs) StdoutLine: {'line': b"Compiling '/home/com9/uet_ws/install/ur_dashboard_msgs/local/lib/python3.10/dist-packages/ur_dashboard_msgs/action/_set_mode.py'...\n"}
[61.595517] (ur_dashboard_msgs) StdoutLine: {'line': b"Listing '/home/com9/uet_ws/install/ur_dashboard_msgs/local/lib/python3.10/dist-packages/ur_dashboard_msgs/msg'...\n"}
[61.595541] (ur_dashboard_msgs) StdoutLine: {'line': b"Compiling '/home/com9/uet_ws/install/ur_dashboard_msgs/local/lib/python3.10/dist-packages/ur_dashboard_msgs/msg/__init__.py'...\n"}
[61.595565] (ur_dashboard_msgs) StdoutLine: {'line': b"Compiling '/home/com9/uet_ws/install/ur_dashboard_msgs/local/lib/python3.10/dist-packages/ur_dashboard_msgs/msg/_operational_mode.py'...\n"}
[61.595622] (ur_dashboard_msgs) StdoutLine: {'line': b"Compiling '/home/com9/uet_ws/install/ur_dashboard_msgs/local/lib/python3.10/dist-packages/ur_dashboard_msgs/msg/_program_information.py'...\n"}
[61.595646] (ur_dashboard_msgs) StdoutLine: {'line': b"Compiling '/home/com9/uet_ws/install/ur_dashboard_msgs/local/lib/python3.10/dist-packages/ur_dashboard_msgs/msg/_program_state.py'...\n"}
[61.595668] (ur_dashboard_msgs) StdoutLine: {'line': b"Compiling '/home/com9/uet_ws/install/ur_dashboard_msgs/local/lib/python3.10/dist-packages/ur_dashboard_msgs/msg/_robot_mode.py'...\n"}
[61.595693] (ur_dashboard_msgs) StdoutLine: {'line': b"Compiling '/home/com9/uet_ws/install/ur_dashboard_msgs/local/lib/python3.10/dist-packages/ur_dashboard_msgs/msg/_safety_mode.py'...\n"}
[61.595715] (ur_dashboard_msgs) StdoutLine: {'line': b"Compiling '/home/com9/uet_ws/install/ur_dashboard_msgs/local/lib/python3.10/dist-packages/ur_dashboard_msgs/msg/_safety_status.py'...\n"}
[61.595739] (ur_dashboard_msgs) StdoutLine: {'line': b"Compiling '/home/com9/uet_ws/install/ur_dashboard_msgs/local/lib/python3.10/dist-packages/ur_dashboard_msgs/msg/_user_role.py'...\n"}
[61.595764] (ur_dashboard_msgs) StdoutLine: {'line': b"Compiling '/home/com9/uet_ws/install/ur_dashboard_msgs/local/lib/python3.10/dist-packages/ur_dashboard_msgs/msg/_version_information.py'...\n"}
[61.595791] (ur_dashboard_msgs) StdoutLine: {'line': b"Listing '/home/com9/uet_ws/install/ur_dashboard_msgs/local/lib/python3.10/dist-packages/ur_dashboard_msgs/srv'...\n"}
[61.595814] (ur_dashboard_msgs) StdoutLine: {'line': b"Compiling '/home/com9/uet_ws/install/ur_dashboard_msgs/local/lib/python3.10/dist-packages/ur_dashboard_msgs/srv/__init__.py'...\n"}
[61.595839] (ur_dashboard_msgs) StdoutLine: {'line': b"Compiling '/home/com9/uet_ws/install/ur_dashboard_msgs/local/lib/python3.10/dist-packages/ur_dashboard_msgs/srv/_add_to_log.py'...\n"}
[61.595862] (ur_dashboard_msgs) StdoutLine: {'line': b"Compiling '/home/com9/uet_ws/install/ur_dashboard_msgs/local/lib/python3.10/dist-packages/ur_dashboard_msgs/srv/_download_program.py'...\n"}
[61.595885] (ur_dashboard_msgs) StdoutLine: {'line': b"Compiling '/home/com9/uet_ws/install/ur_dashboard_msgs/local/lib/python3.10/dist-packages/ur_dashboard_msgs/srv/_generate_flight_report.py'...\n"}
[61.595908] (ur_dashboard_msgs) StdoutLine: {'line': b"Compiling '/home/com9/uet_ws/install/ur_dashboard_msgs/local/lib/python3.10/dist-packages/ur_dashboard_msgs/srv/_generate_support_file.py'...\n"}
[61.595934] (ur_dashboard_msgs) StdoutLine: {'line': b"Compiling '/home/com9/uet_ws/install/ur_dashboard_msgs/local/lib/python3.10/dist-packages/ur_dashboard_msgs/srv/_get_loaded_program.py'...\n"}
[61.595957] (ur_dashboard_msgs) StdoutLine: {'line': b"Compiling '/home/com9/uet_ws/install/ur_dashboard_msgs/local/lib/python3.10/dist-packages/ur_dashboard_msgs/srv/_get_operational_mode.py'...\n"}
[61.595980] (ur_dashboard_msgs) StdoutLine: {'line': b"Compiling '/home/com9/uet_ws/install/ur_dashboard_msgs/local/lib/python3.10/dist-packages/ur_dashboard_msgs/srv/_get_poly_scope_version.py'...\n"}
[61.596004] (ur_dashboard_msgs) StdoutLine: {'line': b"Compiling '/home/com9/uet_ws/install/ur_dashboard_msgs/local/lib/python3.10/dist-packages/ur_dashboard_msgs/srv/_get_program_state.py'...\n"}
[61.596027] (ur_dashboard_msgs) StdoutLine: {'line': b"Compiling '/home/com9/uet_ws/install/ur_dashboard_msgs/local/lib/python3.10/dist-packages/ur_dashboard_msgs/srv/_get_programs.py'...\n"}
[61.596051] (ur_dashboard_msgs) StdoutLine: {'line': b"Compiling '/home/com9/uet_ws/install/ur_dashboard_msgs/local/lib/python3.10/dist-packages/ur_dashboard_msgs/srv/_get_robot_mode.py'...\n"}
[61.596074] (ur_dashboard_msgs) StdoutLine: {'line': b"Compiling '/home/com9/uet_ws/install/ur_dashboard_msgs/local/lib/python3.10/dist-packages/ur_dashboard_msgs/srv/_get_robot_model.py'...\n"}
[61.596097] (ur_dashboard_msgs) StdoutLine: {'line': b"Compiling '/home/com9/uet_ws/install/ur_dashboard_msgs/local/lib/python3.10/dist-packages/ur_dashboard_msgs/srv/_get_safety_mode.py'...\n"}
[61.596120] (ur_dashboard_msgs) StdoutLine: {'line': b"Compiling '/home/com9/uet_ws/install/ur_dashboard_msgs/local/lib/python3.10/dist-packages/ur_dashboard_msgs/srv/_get_safety_status.py'...\n"}
[61.596142] (ur_dashboard_msgs) StdoutLine: {'line': b"Compiling '/home/com9/uet_ws/install/ur_dashboard_msgs/local/lib/python3.10/dist-packages/ur_dashboard_msgs/srv/_get_serial_number.py'...\n"}
[61.596164] (ur_dashboard_msgs) StdoutLine: {'line': b"Compiling '/home/com9/uet_ws/install/ur_dashboard_msgs/local/lib/python3.10/dist-packages/ur_dashboard_msgs/srv/_get_user_role.py'...\n"}
[61.596187] (ur_dashboard_msgs) StdoutLine: {'line': b"Compiling '/home/com9/uet_ws/install/ur_dashboard_msgs/local/lib/python3.10/dist-packages/ur_dashboard_msgs/srv/_is_in_remote_control.py'...\n"}
[61.596216] (ur_dashboard_msgs) StdoutLine: {'line': b"Compiling '/home/com9/uet_ws/install/ur_dashboard_msgs/local/lib/python3.10/dist-packages/ur_dashboard_msgs/srv/_is_program_running.py'...\n"}
[61.596241] (ur_dashboard_msgs) StdoutLine: {'line': b"Compiling '/home/com9/uet_ws/install/ur_dashboard_msgs/local/lib/python3.10/dist-packages/ur_dashboard_msgs/srv/_is_program_saved.py'...\n"}
[61.596264] (ur_dashboard_msgs) StdoutLine: {'line': b"Compiling '/home/com9/uet_ws/install/ur_dashboard_msgs/local/lib/python3.10/dist-packages/ur_dashboard_msgs/srv/_load.py'...\n"}
[61.596288] (ur_dashboard_msgs) StdoutLine: {'line': b"Compiling '/home/com9/uet_ws/install/ur_dashboard_msgs/local/lib/python3.10/dist-packages/ur_dashboard_msgs/srv/_popup.py'...\n"}
[61.596311] (ur_dashboard_msgs) StdoutLine: {'line': b"Compiling '/home/com9/uet_ws/install/ur_dashboard_msgs/local/lib/python3.10/dist-packages/ur_dashboard_msgs/srv/_raw_request.py'...\n"}
[61.596334] (ur_dashboard_msgs) StdoutLine: {'line': b"Compiling '/home/com9/uet_ws/install/ur_dashboard_msgs/local/lib/python3.10/dist-packages/ur_dashboard_msgs/srv/_set_operational_mode.py'...\n"}
[61.596356] (ur_dashboard_msgs) StdoutLine: {'line': b"Compiling '/home/com9/uet_ws/install/ur_dashboard_msgs/local/lib/python3.10/dist-packages/ur_dashboard_msgs/srv/_set_user_role.py'...\n"}
[61.596378] (ur_dashboard_msgs) StdoutLine: {'line': b"Compiling '/home/com9/uet_ws/install/ur_dashboard_msgs/local/lib/python3.10/dist-packages/ur_dashboard_msgs/srv/_upload_program.py'...\n"}
[61.598060] (ur_dashboard_msgs) StdoutLine: {'line': b'-- Installing: /home/com9/uet_ws/install/ur_dashboard_msgs/local/lib/python3.10/dist-packages/ur_dashboard_msgs/ur_dashboard_msgs_s__rosidl_typesupport_fastrtps_c.cpython-310-x86_64-linux-gnu.so\n'}
[61.598184] (ur_dashboard_msgs) StdoutLine: {'line': b'-- Set runtime path of "/home/com9/uet_ws/install/ur_dashboard_msgs/local/lib/python3.10/dist-packages/ur_dashboard_msgs/ur_dashboard_msgs_s__rosidl_typesupport_fastrtps_c.cpython-310-x86_64-linux-gnu.so" to ""\n'}
[61.598374] (ur_dashboard_msgs) StdoutLine: {'line': b'-- Installing: /home/com9/uet_ws/install/ur_dashboard_msgs/local/lib/python3.10/dist-packages/ur_dashboard_msgs/ur_dashboard_msgs_s__rosidl_typesupport_introspection_c.cpython-310-x86_64-linux-gnu.so\n'}
[61.598529] (ur_dashboard_msgs) StdoutLine: {'line': b'-- Set runtime path of "/home/com9/uet_ws/install/ur_dashboard_msgs/local/lib/python3.10/dist-packages/ur_dashboard_msgs/ur_dashboard_msgs_s__rosidl_typesupport_introspection_c.cpython-310-x86_64-linux-gnu.so" to ""\n'}
[61.598633] (ur_dashboard_msgs) StdoutLine: {'line': b'-- Installing: /home/com9/uet_ws/install/ur_dashboard_msgs/local/lib/python3.10/dist-packages/ur_dashboard_msgs/ur_dashboard_msgs_s__rosidl_typesupport_c.cpython-310-x86_64-linux-gnu.so\n'}
[61.598851] (ur_dashboard_msgs) StdoutLine: {'line': b'-- Set runtime path of "/home/com9/uet_ws/install/ur_dashboard_msgs/local/lib/python3.10/dist-packages/ur_dashboard_msgs/ur_dashboard_msgs_s__rosidl_typesupport_c.cpython-310-x86_64-linux-gnu.so" to ""\n'}
[61.598887] (ur_dashboard_msgs) StdoutLine: {'line': b'-- Installing: /home/com9/uet_ws/install/ur_dashboard_msgs/lib/libur_dashboard_msgs__rosidl_generator_py.so\n'}
[61.599129] (ur_dashboard_msgs) StdoutLine: {'line': b'-- Set runtime path of "/home/com9/uet_ws/install/ur_dashboard_msgs/lib/libur_dashboard_msgs__rosidl_generator_py.so" to ""\n'}
[61.599178] (ur_dashboard_msgs) StdoutLine: {'line': b'-- Installing: /home/com9/uet_ws/install/ur_dashboard_msgs/share/ament_index/resource_index/rust_packages/ur_dashboard_msgs\n'}
[61.599250] (ur_dashboard_msgs) StdoutLine: {'line': b'-- Installing: /home/com9/uet_ws/install/ur_dashboard_msgs/share/ur_dashboard_msgs/rust\n'}
[61.599290] (ur_dashboard_msgs) StdoutLine: {'line': b'-- Installing: /home/com9/uet_ws/install/ur_dashboard_msgs/share/ur_dashboard_msgs/rust/Cargo.toml\n'}
[61.599327] (ur_dashboard_msgs) StdoutLine: {'line': b'-- Installing: /home/com9/uet_ws/install/ur_dashboard_msgs/share/ur_dashboard_msgs/rust/src\n'}
[61.599365] (ur_dashboard_msgs) StdoutLine: {'line': b'-- Installing: /home/com9/uet_ws/install/ur_dashboard_msgs/share/ur_dashboard_msgs/rust/src/msg\n'}
[61.599389] (ur_dashboard_msgs) StdoutLine: {'line': b'-- Installing: /home/com9/uet_ws/install/ur_dashboard_msgs/share/ur_dashboard_msgs/rust/src/msg/rmw.rs\n'}
[61.599427] (ur_dashboard_msgs) StdoutLine: {'line': b'-- Installing: /home/com9/uet_ws/install/ur_dashboard_msgs/share/ur_dashboard_msgs/rust/src/srv\n'}
[61.599452] (ur_dashboard_msgs) StdoutLine: {'line': b'-- Installing: /home/com9/uet_ws/install/ur_dashboard_msgs/share/ur_dashboard_msgs/rust/src/srv/rmw.rs\n'}
[61.599523] (ur_dashboard_msgs) StdoutLine: {'line': b'-- Installing: /home/com9/uet_ws/install/ur_dashboard_msgs/share/ur_dashboard_msgs/rust/src/lib.rs\n'}
[61.599558] (ur_dashboard_msgs) StdoutLine: {'line': b'-- Installing: /home/com9/uet_ws/install/ur_dashboard_msgs/share/ur_dashboard_msgs/rust/src/msg.rs\n'}
[61.599594] (ur_dashboard_msgs) StdoutLine: {'line': b'-- Installing: /home/com9/uet_ws/install/ur_dashboard_msgs/share/ur_dashboard_msgs/rust/src/action.rs\n'}
[61.599627] (ur_dashboard_msgs) StdoutLine: {'line': b'-- Installing: /home/com9/uet_ws/install/ur_dashboard_msgs/share/ur_dashboard_msgs/rust/src/srv.rs\n'}
[61.599694] (ur_dashboard_msgs) StdoutLine: {'line': b'-- Installing: /home/com9/uet_ws/install/ur_dashboard_msgs/share/ur_dashboard_msgs/rust/src/action\n'}
[61.599726] (ur_dashboard_msgs) StdoutLine: {'line': b'-- Installing: /home/com9/uet_ws/install/ur_dashboard_msgs/share/ur_dashboard_msgs/rust/src/action/rmw.rs\n'}
[61.599761] (ur_dashboard_msgs) StdoutLine: {'line': b'-- Installing: /home/com9/uet_ws/install/ur_dashboard_msgs/share/ur_dashboard_msgs/rust/build.rs\n'}
[61.599842] (ur_dashboard_msgs) StdoutLine: {'line': b'-- Installing: /home/com9/uet_ws/install/ur_dashboard_msgs/share/ur_dashboard_msgs/msg/ProgramInformation.idl\n'}
[61.599915] (ur_dashboard_msgs) StdoutLine: {'line': b'-- Installing: /home/com9/uet_ws/install/ur_dashboard_msgs/share/ur_dashboard_msgs/msg/ProgramState.idl\n'}
[61.599975] (ur_dashboard_msgs) StdoutLine: {'line': b'-- Installing: /home/com9/uet_ws/install/ur_dashboard_msgs/share/ur_dashboard_msgs/msg/RobotMode.idl\n'}
[61.600036] (ur_dashboard_msgs) StdoutLine: {'line': b'-- Installing: /home/com9/uet_ws/install/ur_dashboard_msgs/share/ur_dashboard_msgs/msg/SafetyMode.idl\n'}
[61.600090] (ur_dashboard_msgs) StdoutLine: {'line': b'-- Installing: /home/com9/uet_ws/install/ur_dashboard_msgs/share/ur_dashboard_msgs/msg/OperationalMode.idl\n'}
[61.600156] (ur_dashboard_msgs) StdoutLine: {'line': b'-- Installing: /home/com9/uet_ws/install/ur_dashboard_msgs/share/ur_dashboard_msgs/msg/UserRole.idl\n'}
[61.600217] (ur_dashboard_msgs) StdoutLine: {'line': b'-- Installing: /home/com9/uet_ws/install/ur_dashboard_msgs/share/ur_dashboard_msgs/msg/VersionInformation.idl\n'}
[61.600275] (ur_dashboard_msgs) StdoutLine: {'line': b'-- Installing: /home/com9/uet_ws/install/ur_dashboard_msgs/share/ur_dashboard_msgs/msg/SafetyStatus.idl\n'}
[61.600341] (ur_dashboard_msgs) StdoutLine: {'line': b'-- Installing: /home/com9/uet_ws/install/ur_dashboard_msgs/share/ur_dashboard_msgs/srv/AddToLog.idl\n'}
[61.600417] (ur_dashboard_msgs) StdoutLine: {'line': b'-- Installing: /home/com9/uet_ws/install/ur_dashboard_msgs/share/ur_dashboard_msgs/srv/DownloadProgram.idl\n'}
[61.600491] (ur_dashboard_msgs) StdoutLine: {'line': b'-- Installing: /home/com9/uet_ws/install/ur_dashboard_msgs/share/ur_dashboard_msgs/srv/GetLoadedProgram.idl\n'}
[61.600532] (ur_dashboard_msgs) StdoutLine: {'line': b'-- Installing: /home/com9/uet_ws/install/ur_dashboard_msgs/share/ur_dashboard_msgs/srv/GetPrograms.idl\n'}
[61.600600] (ur_dashboard_msgs) StdoutLine: {'line': b'-- Installing: /home/com9/uet_ws/install/ur_dashboard_msgs/share/ur_dashboard_msgs/srv/GetProgramState.idl\n'}
[61.600669] (ur_dashboard_msgs) StdoutLine: {'line': b'-- Installing: /home/com9/uet_ws/install/ur_dashboard_msgs/share/ur_dashboard_msgs/srv/GetRobotMode.idl\n'}
[61.600725] (ur_dashboard_msgs) StdoutLine: {'line': b'-- Installing: /home/com9/uet_ws/install/ur_dashboard_msgs/share/ur_dashboard_msgs/srv/GetSafetyMode.idl\n'}
[61.600784] (ur_dashboard_msgs) StdoutLine: {'line': b'-- Installing: /home/com9/uet_ws/install/ur_dashboard_msgs/share/ur_dashboard_msgs/srv/IsProgramRunning.idl\n'}
[61.600838] (ur_dashboard_msgs) StdoutLine: {'line': b'-- Installing: /home/com9/uet_ws/install/ur_dashboard_msgs/share/ur_dashboard_msgs/srv/IsProgramSaved.idl\n'}
[61.600905] (ur_dashboard_msgs) StdoutLine: {'line': b'-- Installing: /home/com9/uet_ws/install/ur_dashboard_msgs/share/ur_dashboard_msgs/srv/Load.idl\n'}
[61.600963] (ur_dashboard_msgs) StdoutLine: {'line': b'-- Installing: /home/com9/uet_ws/install/ur_dashboard_msgs/share/ur_dashboard_msgs/srv/Popup.idl\n'}
[61.601023] (ur_dashboard_msgs) StdoutLine: {'line': b'-- Installing: /home/com9/uet_ws/install/ur_dashboard_msgs/share/ur_dashboard_msgs/srv/RawRequest.idl\n'}
[61.601075] (ur_dashboard_msgs) StdoutLine: {'line': b'-- Installing: /home/com9/uet_ws/install/ur_dashboard_msgs/share/ur_dashboard_msgs/srv/IsInRemoteControl.idl\n'}
[61.601143] (ur_dashboard_msgs) StdoutLine: {'line': b'-- Installing: /home/com9/uet_ws/install/ur_dashboard_msgs/share/ur_dashboard_msgs/srv/UploadProgram.idl\n'}
[61.601206] (ur_dashboard_msgs) StdoutLine: {'line': b'-- Installing: /home/com9/uet_ws/install/ur_dashboard_msgs/share/ur_dashboard_msgs/srv/GetPolyScopeVersion.idl\n'}
[61.601263] (ur_dashboard_msgs) StdoutLine: {'line': b'-- Installing: /home/com9/uet_ws/install/ur_dashboard_msgs/share/ur_dashboard_msgs/srv/GetSerialNumber.idl\n'}
[61.601318] (ur_dashboard_msgs) StdoutLine: {'line': b'-- Installing: /home/com9/uet_ws/install/ur_dashboard_msgs/share/ur_dashboard_msgs/srv/GetUserRole.idl\n'}
[61.601389] (ur_dashboard_msgs) StdoutLine: {'line': b'-- Installing: /home/com9/uet_ws/install/ur_dashboard_msgs/share/ur_dashboard_msgs/srv/SetUserRole.idl\n'}
[61.601446] (ur_dashboard_msgs) StdoutLine: {'line': b'-- Installing: /home/com9/uet_ws/install/ur_dashboard_msgs/share/ur_dashboard_msgs/srv/SetOperationalMode.idl\n'}
[61.601505] (ur_dashboard_msgs) StdoutLine: {'line': b'-- Installing: /home/com9/uet_ws/install/ur_dashboard_msgs/share/ur_dashboard_msgs/srv/GetOperationalMode.idl\n'}
[61.601557] (ur_dashboard_msgs) StdoutLine: {'line': b'-- Installing: /home/com9/uet_ws/install/ur_dashboard_msgs/share/ur_dashboard_msgs/srv/GetRobotModel.idl\n'}
[61.601635] (ur_dashboard_msgs) StdoutLine: {'line': b'-- Installing: /home/com9/uet_ws/install/ur_dashboard_msgs/share/ur_dashboard_msgs/srv/GetSafetyStatus.idl\n'}
[61.601713] (ur_dashboard_msgs) StdoutLine: {'line': b'-- Installing: /home/com9/uet_ws/install/ur_dashboard_msgs/share/ur_dashboard_msgs/srv/GenerateFlightReport.idl\n'}
[61.601755] (ur_dashboard_msgs) StdoutLine: {'line': b'-- Installing: /home/com9/uet_ws/install/ur_dashboard_msgs/share/ur_dashboard_msgs/srv/GenerateSupportFile.idl\n'}
[61.601837] (ur_dashboard_msgs) StdoutLine: {'line': b'-- Installing: /home/com9/uet_ws/install/ur_dashboard_msgs/share/ur_dashboard_msgs/action/SetMode.idl\n'}
[61.601908] (ur_dashboard_msgs) StdoutLine: {'line': b'-- Installing: /home/com9/uet_ws/install/ur_dashboard_msgs/share/ur_dashboard_msgs/msg/ProgramInformation.msg\n'}
[61.601965] (ur_dashboard_msgs) StdoutLine: {'line': b'-- Installing: /home/com9/uet_ws/install/ur_dashboard_msgs/share/ur_dashboard_msgs/msg/ProgramState.msg\n'}
[61.602025] (ur_dashboard_msgs) StdoutLine: {'line': b'-- Installing: /home/com9/uet_ws/install/ur_dashboard_msgs/share/ur_dashboard_msgs/msg/RobotMode.msg\n'}
[61.602078] (ur_dashboard_msgs) StdoutLine: {'line': b'-- Installing: /home/com9/uet_ws/install/ur_dashboard_msgs/share/ur_dashboard_msgs/msg/SafetyMode.msg\n'}
[61.602146] (ur_dashboard_msgs) StdoutLine: {'line': b'-- Installing: /home/com9/uet_ws/install/ur_dashboard_msgs/share/ur_dashboard_msgs/msg/OperationalMode.msg\n'}
[61.602206] (ur_dashboard_msgs) StdoutLine: {'line': b'-- Installing: /home/com9/uet_ws/install/ur_dashboard_msgs/share/ur_dashboard_msgs/msg/UserRole.msg\n'}
[61.602268] (ur_dashboard_msgs) StdoutLine: {'line': b'-- Installing: /home/com9/uet_ws/install/ur_dashboard_msgs/share/ur_dashboard_msgs/msg/VersionInformation.msg\n'}
[61.602320] (ur_dashboard_msgs) StdoutLine: {'line': b'-- Installing: /home/com9/uet_ws/install/ur_dashboard_msgs/share/ur_dashboard_msgs/msg/SafetyStatus.msg\n'}
[61.602389] (ur_dashboard_msgs) StdoutLine: {'line': b'-- Installing: /home/com9/uet_ws/install/ur_dashboard_msgs/share/ur_dashboard_msgs/srv/AddToLog.srv\n'}
[61.602449] (ur_dashboard_msgs) StdoutLine: {'line': b'-- Installing: /home/com9/uet_ws/install/ur_dashboard_msgs/share/ur_dashboard_msgs/srv/AddToLog_Request.msg\n'}
[61.602510] (ur_dashboard_msgs) StdoutLine: {'line': b'-- Installing: /home/com9/uet_ws/install/ur_dashboard_msgs/share/ur_dashboard_msgs/srv/AddToLog_Response.msg\n'}
[61.602566] (ur_dashboard_msgs) StdoutLine: {'line': b'-- Installing: /home/com9/uet_ws/install/ur_dashboard_msgs/share/ur_dashboard_msgs/srv/DownloadProgram.srv\n'}
[61.602636] (ur_dashboard_msgs) StdoutLine: {'line': b'-- Installing: /home/com9/uet_ws/install/ur_dashboard_msgs/share/ur_dashboard_msgs/srv/DownloadProgram_Request.msg\n'}
[61.602694] (ur_dashboard_msgs) StdoutLine: {'line': b'-- Installing: /home/com9/uet_ws/install/ur_dashboard_msgs/share/ur_dashboard_msgs/srv/DownloadProgram_Response.msg\n'}
[61.602754] (ur_dashboard_msgs) StdoutLine: {'line': b'-- Installing: /home/com9/uet_ws/install/ur_dashboard_msgs/share/ur_dashboard_msgs/srv/GetLoadedProgram.srv\n'}
[61.602808] (ur_dashboard_msgs) StdoutLine: {'line': b'-- Installing: /home/com9/uet_ws/install/ur_dashboard_msgs/share/ur_dashboard_msgs/srv/GetLoadedProgram_Request.msg\n'}
[61.602875] (ur_dashboard_msgs) StdoutLine: {'line': b'-- Installing: /home/com9/uet_ws/install/ur_dashboard_msgs/share/ur_dashboard_msgs/srv/GetLoadedProgram_Response.msg\n'}
[61.602936] (ur_dashboard_msgs) StdoutLine: {'line': b'-- Installing: /home/com9/uet_ws/install/ur_dashboard_msgs/share/ur_dashboard_msgs/srv/GetPrograms.srv\n'}
[61.602996] (ur_dashboard_msgs) StdoutLine: {'line': b'-- Installing: /home/com9/uet_ws/install/ur_dashboard_msgs/share/ur_dashboard_msgs/srv/GetPrograms_Request.msg\n'}
[61.603048] (ur_dashboard_msgs) StdoutLine: {'line': b'-- Installing: /home/com9/uet_ws/install/ur_dashboard_msgs/share/ur_dashboard_msgs/srv/GetPrograms_Response.msg\n'}
[61.603125] (ur_dashboard_msgs) StdoutLine: {'line': b'-- Installing: /home/com9/uet_ws/install/ur_dashboard_msgs/share/ur_dashboard_msgs/srv/GetProgramState.srv\n'}
[61.603203] (ur_dashboard_msgs) StdoutLine: {'line': b'-- Installing: /home/com9/uet_ws/install/ur_dashboard_msgs/share/ur_dashboard_msgs/srv/GetProgramState_Request.msg\n'}
[61.603246] (ur_dashboard_msgs) StdoutLine: {'line': b'-- Installing: /home/com9/uet_ws/install/ur_dashboard_msgs/share/ur_dashboard_msgs/srv/GetProgramState_Response.msg\n'}
[61.603318] (ur_dashboard_msgs) StdoutLine: {'line': b'-- Installing: /home/com9/uet_ws/install/ur_dashboard_msgs/share/ur_dashboard_msgs/srv/GetRobotMode.srv\n'}
[61.603388] (ur_dashboard_msgs) StdoutLine: {'line': b'-- Installing: /home/com9/uet_ws/install/ur_dashboard_msgs/share/ur_dashboard_msgs/srv/GetRobotMode_Request.msg\n'}
[61.603446] (ur_dashboard_msgs) StdoutLine: {'line': b'-- Installing: /home/com9/uet_ws/install/ur_dashboard_msgs/share/ur_dashboard_msgs/srv/GetRobotMode_Response.msg\n'}
[61.603507] (ur_dashboard_msgs) StdoutLine: {'line': b'-- Installing: /home/com9/uet_ws/install/ur_dashboard_msgs/share/ur_dashboard_msgs/srv/GetSafetyMode.srv\n'}
[61.603564] (ur_dashboard_msgs) StdoutLine: {'line': b'-- Installing: /home/com9/uet_ws/install/ur_dashboard_msgs/share/ur_dashboard_msgs/srv/GetSafetyMode_Request.msg\n'}
[61.603633] (ur_dashboard_msgs) StdoutLine: {'line': b'-- Installing: /home/com9/uet_ws/install/ur_dashboard_msgs/share/ur_dashboard_msgs/srv/GetSafetyMode_Response.msg\n'}
[61.603696] (ur_dashboard_msgs) StdoutLine: {'line': b'-- Installing: /home/com9/uet_ws/install/ur_dashboard_msgs/share/ur_dashboard_msgs/srv/IsProgramRunning.srv\n'}
[61.603757] (ur_dashboard_msgs) StdoutLine: {'line': b'-- Installing: /home/com9/uet_ws/install/ur_dashboard_msgs/share/ur_dashboard_msgs/srv/IsProgramRunning_Request.msg\n'}
[61.603809] (ur_dashboard_msgs) StdoutLine: {'line': b'-- Installing: /home/com9/uet_ws/install/ur_dashboard_msgs/share/ur_dashboard_msgs/srv/IsProgramRunning_Response.msg\n'}
[61.603881] (ur_dashboard_msgs) StdoutLine: {'line': b'-- Installing: /home/com9/uet_ws/install/ur_dashboard_msgs/share/ur_dashboard_msgs/srv/IsProgramSaved.srv\n'}
[61.603941] (ur_dashboard_msgs) StdoutLine: {'line': b'-- Installing: /home/com9/uet_ws/install/ur_dashboard_msgs/share/ur_dashboard_msgs/srv/IsProgramSaved_Request.msg\n'}
[61.604000] (ur_dashboard_msgs) StdoutLine: {'line': b'-- Installing: /home/com9/uet_ws/install/ur_dashboard_msgs/share/ur_dashboard_msgs/srv/IsProgramSaved_Response.msg\n'}
[61.604056] (ur_dashboard_msgs) StdoutLine: {'line': b'-- Installing: /home/com9/uet_ws/install/ur_dashboard_msgs/share/ur_dashboard_msgs/srv/Load.srv\n'}
[61.604127] (ur_dashboard_msgs) StdoutLine: {'line': b'-- Installing: /home/com9/uet_ws/install/ur_dashboard_msgs/share/ur_dashboard_msgs/srv/Load_Request.msg\n'}
[61.604189] (ur_dashboard_msgs) StdoutLine: {'line': b'-- Installing: /home/com9/uet_ws/install/ur_dashboard_msgs/share/ur_dashboard_msgs/srv/Load_Response.msg\n'}
[61.604254] (ur_dashboard_msgs) StdoutLine: {'line': b'-- Installing: /home/com9/uet_ws/install/ur_dashboard_msgs/share/ur_dashboard_msgs/srv/Popup.srv\n'}
[61.604309] (ur_dashboard_msgs) StdoutLine: {'line': b'-- Installing: /home/com9/uet_ws/install/ur_dashboard_msgs/share/ur_dashboard_msgs/srv/Popup_Request.msg\n'}
[61.604389] (ur_dashboard_msgs) StdoutLine: {'line': b'-- Installing: /home/com9/uet_ws/install/ur_dashboard_msgs/share/ur_dashboard_msgs/srv/Popup_Response.msg\n'}
[61.604468] (ur_dashboard_msgs) StdoutLine: {'line': b'-- Installing: /home/com9/uet_ws/install/ur_dashboard_msgs/share/ur_dashboard_msgs/srv/RawRequest.srv\n'}
[61.604513] (ur_dashboard_msgs) StdoutLine: {'line': b'-- Installing: /home/com9/uet_ws/install/ur_dashboard_msgs/share/ur_dashboard_msgs/srv/RawRequest_Request.msg\n'}
[61.604588] (ur_dashboard_msgs) StdoutLine: {'line': b'-- Installing: /home/com9/uet_ws/install/ur_dashboard_msgs/share/ur_dashboard_msgs/srv/RawRequest_Response.msg\n'}
[61.604666] (ur_dashboard_msgs) StdoutLine: {'line': b'-- Installing: /home/com9/uet_ws/install/ur_dashboard_msgs/share/ur_dashboard_msgs/srv/IsInRemoteControl.srv\n'}
[61.604728] (ur_dashboard_msgs) StdoutLine: {'line': b'-- Installing: /home/com9/uet_ws/install/ur_dashboard_msgs/share/ur_dashboard_msgs/srv/IsInRemoteControl_Request.msg\n'}
[61.604796] (ur_dashboard_msgs) StdoutLine: {'line': b'-- Installing: /home/com9/uet_ws/install/ur_dashboard_msgs/share/ur_dashboard_msgs/srv/IsInRemoteControl_Response.msg\n'}
[61.604855] (ur_dashboard_msgs) StdoutLine: {'line': b'-- Installing: /home/com9/uet_ws/install/ur_dashboard_msgs/share/ur_dashboard_msgs/srv/UploadProgram.srv\n'}
[61.604927] (ur_dashboard_msgs) StdoutLine: {'line': b'-- Installing: /home/com9/uet_ws/install/ur_dashboard_msgs/share/ur_dashboard_msgs/srv/UploadProgram_Request.msg\n'}
[61.604989] (ur_dashboard_msgs) StdoutLine: {'line': b'-- Installing: /home/com9/uet_ws/install/ur_dashboard_msgs/share/ur_dashboard_msgs/srv/UploadProgram_Response.msg\n'}
[61.605051] (ur_dashboard_msgs) StdoutLine: {'line': b'-- Installing: /home/com9/uet_ws/install/ur_dashboard_msgs/share/ur_dashboard_msgs/srv/GetPolyScopeVersion.srv\n'}
[61.605107] (ur_dashboard_msgs) StdoutLine: {'line': b'-- Installing: /home/com9/uet_ws/install/ur_dashboard_msgs/share/ur_dashboard_msgs/srv/GetPolyScopeVersion_Request.msg\n'}
[61.605180] (ur_dashboard_msgs) StdoutLine: {'line': b'-- Installing: /home/com9/uet_ws/install/ur_dashboard_msgs/share/ur_dashboard_msgs/srv/GetPolyScopeVersion_Response.msg\n'}
[61.605249] (ur_dashboard_msgs) StdoutLine: {'line': b'-- Installing: /home/com9/uet_ws/install/ur_dashboard_msgs/share/ur_dashboard_msgs/srv/GetSerialNumber.srv\n'}
[61.605319] (ur_dashboard_msgs) StdoutLine: {'line': b'-- Installing: /home/com9/uet_ws/install/ur_dashboard_msgs/share/ur_dashboard_msgs/srv/GetSerialNumber_Request.msg\n'}
[61.605379] (ur_dashboard_msgs) StdoutLine: {'line': b'-- Installing: /home/com9/uet_ws/install/ur_dashboard_msgs/share/ur_dashboard_msgs/srv/GetSerialNumber_Response.msg\n'}
[61.605462] (ur_dashboard_msgs) StdoutLine: {'line': b'-- Installing: /home/com9/uet_ws/install/ur_dashboard_msgs/share/ur_dashboard_msgs/srv/GetUserRole.srv\n'}
[61.605527] (ur_dashboard_msgs) StdoutLine: {'line': b'-- Installing: /home/com9/uet_ws/install/ur_dashboard_msgs/share/ur_dashboard_msgs/srv/GetUserRole_Request.msg\n'}
[61.605595] (ur_dashboard_msgs) StdoutLine: {'line': b'-- Installing: /home/com9/uet_ws/install/ur_dashboard_msgs/share/ur_dashboard_msgs/srv/GetUserRole_Response.msg\n'}
[61.605660] (ur_dashboard_msgs) StdoutLine: {'line': b'-- Installing: /home/com9/uet_ws/install/ur_dashboard_msgs/share/ur_dashboard_msgs/srv/SetUserRole.srv\n'}
[61.605744] (ur_dashboard_msgs) StdoutLine: {'line': b'-- Installing: /home/com9/uet_ws/install/ur_dashboard_msgs/share/ur_dashboard_msgs/srv/SetUserRole_Request.msg\n'}
[61.605814] (ur_dashboard_msgs) StdoutLine: {'line': b'-- Installing: /home/com9/uet_ws/install/ur_dashboard_msgs/share/ur_dashboard_msgs/srv/SetUserRole_Response.msg\n'}
[61.605885] (ur_dashboard_msgs) StdoutLine: {'line': b'-- Installing: /home/com9/uet_ws/install/ur_dashboard_msgs/share/ur_dashboard_msgs/srv/SetOperationalMode.srv\n'}
[61.605948] (ur_dashboard_msgs) StdoutLine: {'line': b'-- Installing: /home/com9/uet_ws/install/ur_dashboard_msgs/share/ur_dashboard_msgs/srv/SetOperationalMode_Request.msg\n'}
[61.606039] (ur_dashboard_msgs) StdoutLine: {'line': b'-- Installing: /home/com9/uet_ws/install/ur_dashboard_msgs/share/ur_dashboard_msgs/srv/SetOperationalMode_Response.msg\n'}
[61.606130] (ur_dashboard_msgs) StdoutLine: {'line': b'-- Installing: /home/com9/uet_ws/install/ur_dashboard_msgs/share/ur_dashboard_msgs/srv/GetOperationalMode.srv\n'}
[61.606182] (ur_dashboard_msgs) StdoutLine: {'line': b'-- Installing: /home/com9/uet_ws/install/ur_dashboard_msgs/share/ur_dashboard_msgs/srv/GetOperationalMode_Request.msg\n'}
[61.606267] (ur_dashboard_msgs) StdoutLine: {'line': b'-- Installing: /home/com9/uet_ws/install/ur_dashboard_msgs/share/ur_dashboard_msgs/srv/GetOperationalMode_Response.msg\n'}
[61.606363] (ur_dashboard_msgs) StdoutLine: {'line': b'-- Installing: /home/com9/uet_ws/install/ur_dashboard_msgs/share/ur_dashboard_msgs/srv/GetRobotModel.srv\n'}
[61.606437] (ur_dashboard_msgs) StdoutLine: {'line': b'-- Installing: /home/com9/uet_ws/install/ur_dashboard_msgs/share/ur_dashboard_msgs/srv/GetRobotModel_Request.msg\n'}
[61.606507] (ur_dashboard_msgs) StdoutLine: {'line': b'-- Installing: /home/com9/uet_ws/install/ur_dashboard_msgs/share/ur_dashboard_msgs/srv/GetRobotModel_Response.msg\n'}
[61.606566] (ur_dashboard_msgs) StdoutLine: {'line': b'-- Installing: /home/com9/uet_ws/install/ur_dashboard_msgs/share/ur_dashboard_msgs/srv/GetSafetyStatus.srv\n'}
[61.606643] (ur_dashboard_msgs) StdoutLine: {'line': b'-- Installing: /home/com9/uet_ws/install/ur_dashboard_msgs/share/ur_dashboard_msgs/srv/GetSafetyStatus_Request.msg\n'}
[61.606708] (ur_dashboard_msgs) StdoutLine: {'line': b'-- Installing: /home/com9/uet_ws/install/ur_dashboard_msgs/share/ur_dashboard_msgs/srv/GetSafetyStatus_Response.msg\n'}
[61.606773] (ur_dashboard_msgs) StdoutLine: {'line': b'-- Installing: /home/com9/uet_ws/install/ur_dashboard_msgs/share/ur_dashboard_msgs/srv/GenerateFlightReport.srv\n'}
[61.606833] (ur_dashboard_msgs) StdoutLine: {'line': b'-- Installing: /home/com9/uet_ws/install/ur_dashboard_msgs/share/ur_dashboard_msgs/srv/GenerateFlightReport_Request.msg\n'}
[61.606911] (ur_dashboard_msgs) StdoutLine: {'line': b'-- Installing: /home/com9/uet_ws/install/ur_dashboard_msgs/share/ur_dashboard_msgs/srv/GenerateFlightReport_Response.msg\n'}
[61.606977] (ur_dashboard_msgs) StdoutLine: {'line': b'-- Installing: /home/com9/uet_ws/install/ur_dashboard_msgs/share/ur_dashboard_msgs/srv/GenerateSupportFile.srv\n'}
[61.607040] (ur_dashboard_msgs) StdoutLine: {'line': b'-- Installing: /home/com9/uet_ws/install/ur_dashboard_msgs/share/ur_dashboard_msgs/srv/GenerateSupportFile_Request.msg\n'}
[61.607101] (ur_dashboard_msgs) StdoutLine: {'line': b'-- Installing: /home/com9/uet_ws/install/ur_dashboard_msgs/share/ur_dashboard_msgs/srv/GenerateSupportFile_Response.msg\n'}
[61.607294] (ur_dashboard_msgs) StdoutLine: {'line': b'-- Installing: /home/com9/uet_ws/install/ur_dashboard_msgs/share/ur_dashboard_msgs/action/SetMode.action\n'}
[61.607325] (ur_dashboard_msgs) StdoutLine: {'line': b'-- Installing: /home/com9/uet_ws/install/ur_dashboard_msgs/share/ament_index/resource_index/package_run_dependencies/ur_dashboard_msgs\n'}
[61.607424] (ur_dashboard_msgs) StdoutLine: {'line': b'-- Installing: /home/com9/uet_ws/install/ur_dashboard_msgs/share/ament_index/resource_index/parent_prefix_path/ur_dashboard_msgs\n'}
[61.607453] (ur_dashboard_msgs) StdoutLine: {'line': b'-- Installing: /home/com9/uet_ws/install/ur_dashboard_msgs/share/ur_dashboard_msgs/environment/ament_prefix_path.sh\n'}
[61.607568] (ur_dashboard_msgs) StdoutLine: {'line': b'-- Installing: /home/com9/uet_ws/install/ur_dashboard_msgs/share/ur_dashboard_msgs/environment/ament_prefix_path.dsv\n'}
[61.607685] (ur_dashboard_msgs) StdoutLine: {'line': b'-- Installing: /home/com9/uet_ws/install/ur_dashboard_msgs/share/ur_dashboard_msgs/environment/path.sh\n'}
[61.607712] (ur_dashboard_msgs) StdoutLine: {'line': b'-- Installing: /home/com9/uet_ws/install/ur_dashboard_msgs/share/ur_dashboard_msgs/environment/path.dsv\n'}
[61.607797] (ur_dashboard_msgs) StdoutLine: {'line': b'-- Installing: /home/com9/uet_ws/install/ur_dashboard_msgs/share/ur_dashboard_msgs/local_setup.bash\n'}
[61.607834] (ur_dashboard_msgs) StdoutLine: {'line': b'-- Installing: /home/com9/uet_ws/install/ur_dashboard_msgs/share/ur_dashboard_msgs/local_setup.sh\n'}
[61.607935] (ur_dashboard_msgs) StdoutLine: {'line': b'-- Installing: /home/com9/uet_ws/install/ur_dashboard_msgs/share/ur_dashboard_msgs/local_setup.zsh\n'}
[61.608058] (ur_dashboard_msgs) StdoutLine: {'line': b'-- Installing: /home/com9/uet_ws/install/ur_dashboard_msgs/share/ur_dashboard_msgs/local_setup.dsv\n'}
[61.608100] (ur_dashboard_msgs) StdoutLine: {'line': b'-- Installing: /home/com9/uet_ws/install/ur_dashboard_msgs/share/ur_dashboard_msgs/package.dsv\n'}
[61.608127] (ur_dashboard_msgs) StdoutLine: {'line': b'-- Installing: /home/com9/uet_ws/install/ur_dashboard_msgs/share/ament_index/resource_index/packages/ur_dashboard_msgs\n'}
[61.608191] (ur_dashboard_msgs) StdoutLine: {'line': b'-- Installing: /home/com9/uet_ws/install/ur_dashboard_msgs/share/ur_dashboard_msgs/cmake/export_ur_dashboard_msgs__rosidl_generator_cExport.cmake\n'}
[61.608273] (ur_dashboard_msgs) StdoutLine: {'line': b'-- Installing: /home/com9/uet_ws/install/ur_dashboard_msgs/share/ur_dashboard_msgs/cmake/export_ur_dashboard_msgs__rosidl_generator_cExport-noconfig.cmake\n'}
[61.608347] (ur_dashboard_msgs) StdoutLine: {'line': b'-- Installing: /home/com9/uet_ws/install/ur_dashboard_msgs/share/ur_dashboard_msgs/cmake/export_ur_dashboard_msgs__rosidl_typesupport_fastrtps_cExport.cmake\n'}
[61.608434] (ur_dashboard_msgs) StdoutLine: {'line': b'-- Installing: /home/com9/uet_ws/install/ur_dashboard_msgs/share/ur_dashboard_msgs/cmake/export_ur_dashboard_msgs__rosidl_typesupport_fastrtps_cExport-noconfig.cmake\n'}
[61.608513] (ur_dashboard_msgs) StdoutLine: {'line': b'-- Installing: /home/com9/uet_ws/install/ur_dashboard_msgs/share/ur_dashboard_msgs/cmake/ur_dashboard_msgs__rosidl_typesupport_introspection_cExport.cmake\n'}
[61.608587] (ur_dashboard_msgs) StdoutLine: {'line': b'-- Installing: /home/com9/uet_ws/install/ur_dashboard_msgs/share/ur_dashboard_msgs/cmake/ur_dashboard_msgs__rosidl_typesupport_introspection_cExport-noconfig.cmake\n'}
[61.608659] (ur_dashboard_msgs) StdoutLine: {'line': b'-- Installing: /home/com9/uet_ws/install/ur_dashboard_msgs/share/ur_dashboard_msgs/cmake/ur_dashboard_msgs__rosidl_typesupport_cExport.cmake\n'}
[61.608753] (ur_dashboard_msgs) StdoutLine: {'line': b'-- Installing: /home/com9/uet_ws/install/ur_dashboard_msgs/share/ur_dashboard_msgs/cmake/ur_dashboard_msgs__rosidl_typesupport_cExport-noconfig.cmake\n'}
[61.608851] (ur_dashboard_msgs) StdoutLine: {'line': b'-- Installing: /home/com9/uet_ws/install/ur_dashboard_msgs/share/ur_dashboard_msgs/cmake/export_ur_dashboard_msgs__rosidl_generator_cppExport.cmake\n'}
[61.608906] (ur_dashboard_msgs) StdoutLine: {'line': b'-- Installing: /home/com9/uet_ws/install/ur_dashboard_msgs/share/ur_dashboard_msgs/cmake/export_ur_dashboard_msgs__rosidl_typesupport_fastrtps_cppExport.cmake\n'}
[61.608994] (ur_dashboard_msgs) StdoutLine: {'line': b'-- Installing: /home/com9/uet_ws/install/ur_dashboard_msgs/share/ur_dashboard_msgs/cmake/export_ur_dashboard_msgs__rosidl_typesupport_fastrtps_cppExport-noconfig.cmake\n'}
[61.609087] (ur_dashboard_msgs) StdoutLine: {'line': b'-- Installing: /home/com9/uet_ws/install/ur_dashboard_msgs/share/ur_dashboard_msgs/cmake/ur_dashboard_msgs__rosidl_typesupport_introspection_cppExport.cmake\n'}
[61.609161] (ur_dashboard_msgs) StdoutLine: {'line': b'-- Installing: /home/com9/uet_ws/install/ur_dashboard_msgs/share/ur_dashboard_msgs/cmake/ur_dashboard_msgs__rosidl_typesupport_introspection_cppExport-noconfig.cmake\n'}
[61.609240] (ur_dashboard_msgs) StdoutLine: {'line': b'-- Installing: /home/com9/uet_ws/install/ur_dashboard_msgs/share/ur_dashboard_msgs/cmake/ur_dashboard_msgs__rosidl_typesupport_cppExport.cmake\n'}
[61.609306] (ur_dashboard_msgs) StdoutLine: {'line': b'-- Installing: /home/com9/uet_ws/install/ur_dashboard_msgs/share/ur_dashboard_msgs/cmake/ur_dashboard_msgs__rosidl_typesupport_cppExport-noconfig.cmake\n'}
[61.609398] (ur_dashboard_msgs) StdoutLine: {'line': b'-- Installing: /home/com9/uet_ws/install/ur_dashboard_msgs/share/ur_dashboard_msgs/cmake/export_ur_dashboard_msgs__rosidl_generator_pyExport.cmake\n'}
[61.609472] (ur_dashboard_msgs) StdoutLine: {'line': b'-- Installing: /home/com9/uet_ws/install/ur_dashboard_msgs/share/ur_dashboard_msgs/cmake/export_ur_dashboard_msgs__rosidl_generator_pyExport-noconfig.cmake\n'}
[61.609541] (ur_dashboard_msgs) StdoutLine: {'line': b'-- Installing: /home/com9/uet_ws/install/ur_dashboard_msgs/share/ur_dashboard_msgs/cmake/rosidl_cmake-extras.cmake\n'}
[61.609605] (ur_dashboard_msgs) StdoutLine: {'line': b'-- Installing: /home/com9/uet_ws/install/ur_dashboard_msgs/share/ur_dashboard_msgs/cmake/ament_cmake_export_dependencies-extras.cmake\n'}
[61.609696] (ur_dashboard_msgs) StdoutLine: {'line': b'-- Installing: /home/com9/uet_ws/install/ur_dashboard_msgs/share/ur_dashboard_msgs/cmake/ament_cmake_export_include_directories-extras.cmake\n'}
[61.609777] (ur_dashboard_msgs) StdoutLine: {'line': b'-- Installing: /home/com9/uet_ws/install/ur_dashboard_msgs/share/ur_dashboard_msgs/cmake/ament_cmake_export_libraries-extras.cmake\n'}
[61.609838] (ur_dashboard_msgs) StdoutLine: {'line': b'-- Installing: /home/com9/uet_ws/install/ur_dashboard_msgs/share/ur_dashboard_msgs/cmake/ament_cmake_export_targets-extras.cmake\n'}
[61.609899] (ur_dashboard_msgs) StdoutLine: {'line': b'-- Installing: /home/com9/uet_ws/install/ur_dashboard_msgs/share/ur_dashboard_msgs/cmake/rosidl_cmake_export_typesupport_targets-extras.cmake\n'}
[61.609990] (ur_dashboard_msgs) StdoutLine: {'line': b'-- Installing: /home/com9/uet_ws/install/ur_dashboard_msgs/share/ur_dashboard_msgs/cmake/rosidl_cmake_export_typesupport_libraries-extras.cmake\n'}
[61.610083] (ur_dashboard_msgs) StdoutLine: {'line': b'-- Installing: /home/com9/uet_ws/install/ur_dashboard_msgs/share/ur_dashboard_msgs/cmake/ur_dashboard_msgsConfig.cmake\n'}
[61.610120] (ur_dashboard_msgs) StdoutLine: {'line': b'-- Installing: /home/com9/uet_ws/install/ur_dashboard_msgs/share/ur_dashboard_msgs/cmake/ur_dashboard_msgsConfig-version.cmake\n'}
[61.610170] (ur_dashboard_msgs) StdoutLine: {'line': b'-- Installing: /home/com9/uet_ws/install/ur_dashboard_msgs/share/ur_dashboard_msgs/package.xml\n'}
[61.611987] (ur_dashboard_msgs) CommandEnded: {'returncode': 0}
[61.621603] (ur_dashboard_msgs) JobEnded: {'identifier': 'ur_dashboard_msgs', 'rc': 0}
[61.621951] (ur_moveit_config) JobStarted: {'identifier': 'ur_moveit_config'}
[61.624586] (ur_moveit_config) JobProgress: {'identifier': 'ur_moveit_config', 'progress': 'cmake'}
[61.624854] (ur_moveit_config) Command: {'cmd': ['/usr/bin/cmake', '/home/com9/uet_ws/src/Universal_Robots_ROS2_Driver/ur_moveit_config', '-DCMAKE_INSTALL_PREFIX=/home/com9/uet_ws/install/ur_moveit_config'], 'cwd': '/home/com9/uet_ws/build/ur_moveit_config', 'env': OrderedDict([('LESSOPEN', '| /usr/bin/lesspipe %s'), ('CMAKE_BUILD_PARALLEL_LEVEL', '1'), ('USER', 'com9'), ('XDG_SESSION_TYPE', 'wayland'), ('SHLVL', '1'), ('LD_LIBRARY_PATH', '/opt/ros/humble/opt/rviz_ogre_vendor/lib:/opt/ros/humble/lib/x86_64-linux-gnu:/opt/ros/humble/lib'), ('HOME', '/home/com9'), ('CONDA_SHLVL', '0'), ('CYCLONEDDS_URI', '<CycloneDDS><Domain><General><DontRoute>true</></></></>'), ('OLDPWD', '/home/com9/uet_ws'), ('DESKTOP_SESSION', 'ubuntu'), ('ROS_PYTHON_VERSION', '3'), ('GNOME_SHELL_SESSION_MODE', 'ubuntu'), ('GTK_MODULES', 'gail:atk-bridge'), ('MAKEFLAGS', '-j1'), ('SYSTEMD_EXEC_PID', '17504'), ('IM_CONFIG_CHECK_ENV', '1'), ('DBUS_SESSION_BUS_ADDRESS', 'unix:path=/run/user/1000/bus'), ('COLORTERM', 'truecolor'), ('_CE_M', ''), ('_CONDA_ROOT', '/home/com9/miniconda3'), ('IM_CONFIG_PHASE', '1'), ('WAYLAND_DISPLAY', 'wayland-0'), ('ROS_DISTRO', 'humble'), ('LOGNAME', 'com9'), ('_', '/usr/bin/colcon'), ('ROS_VERSION', '2'), ('XDG_SESSION_CLASS', 'user'), ('USERNAME', 'com9'), ('TERM', 'xterm-256color'), ('GNOME_DESKTOP_SESSION_ID', 'this-is-deprecated'), ('_CE_CONDA', ''), ('ROS_LOCALHOST_ONLY', '0'), ('PATH', '/opt/ros/humble/bin:/home/com9/.local/bin:/home/com9/miniconda3/condabin:/home/com9/.local/bin:/home/com9/.local/bin:/home/com9/.local/bin:/home/com9/.local/bin:/usr/local/sbin:/usr/local/bin:/usr/sbin:/usr/bin:/sbin:/bin:/usr/games:/usr/local/games:/snap/bin:/snap/bin'), ('SESSION_MANAGER', 'local/com9:@/tmp/.ICE-unix/17475,unix/com9:/tmp/.ICE-unix/17475'), ('XDG_MENU_PREFIX', 'gnome-'), ('GNOME_TERMINAL_SCREEN', '/org/gnome/Terminal/screen/082c707b_1b9d_480a_9979_2cd556cf1a94'), ('GNOME_SETUP_DISPLAY', ':1'), ('XDG_RUNTIME_DIR', '/run/user/1000'), ('DISPLAY', ':0'), ('LANG', 'en_US.UTF-8'), ('XDG_CURRENT_DESKTOP', 'ubuntu:GNOME'), ('XMODIFIERS', '@im=ibus'), ('XDG_SESSION_DESKTOP', 'ubuntu'), ('XAUTHORITY', '/run/user/1000/.mutter-Xwaylandauth.W7ZTS3'), ('LS_COLORS', 'rs=0:di=01;34:ln=01;36:mh=00:pi=40;33:so=01;35:do=01;35:bd=40;33;01:cd=40;33;01:or=40;31;01:mi=00:su=37;41:sg=30;43:ca=30;41:tw=30;42:ow=34;42:st=37;44:ex=01;32:*.tar=01;31:*.tgz=01;31:*.arc=01;31:*.arj=01;31:*.taz=01;31:*.lha=01;31:*.lz4=01;31:*.lzh=01;31:*.lzma=01;31:*.tlz=01;31:*.txz=01;31:*.tzo=01;31:*.t7z=01;31:*.zip=01;31:*.z=01;31:*.dz=01;31:*.gz=01;31:*.lrz=01;31:*.lz=01;31:*.lzo=01;31:*.xz=01;31:*.zst=01;31:*.tzst=01;31:*.bz2=01;31:*.bz=01;31:*.tbz=01;31:*.tbz2=01;31:*.tz=01;31:*.deb=01;31:*.rpm=01;31:*.jar=01;31:*.war=01;31:*.ear=01;31:*.sar=01;31:*.rar=01;31:*.alz=01;31:*.ace=01;31:*.zoo=01;31:*.cpio=01;31:*.7z=01;31:*.rz=01;31:*.cab=01;31:*.wim=01;31:*.swm=01;31:*.dwm=01;31:*.esd=01;31:*.jpg=01;35:*.jpeg=01;35:*.mjpg=01;35:*.mjpeg=01;35:*.gif=01;35:*.bmp=01;35:*.pbm=01;35:*.pgm=01;35:*.ppm=01;35:*.tga=01;35:*.xbm=01;35:*.xpm=01;35:*.tif=01;35:*.tiff=01;35:*.png=01;35:*.svg=01;35:*.svgz=01;35:*.mng=01;35:*.pcx=01;35:*.mov=01;35:*.mpg=01;35:*.mpeg=01;35:*.m2v=01;35:*.mkv=01;35:*.webm=01;35:*.webp=01;35:*.ogm=01;35:*.mp4=01;35:*.m4v=01;35:*.mp4v=01;35:*.vob=01;35:*.qt=01;35:*.nuv=01;35:*.wmv=01;35:*.asf=01;35:*.rm=01;35:*.rmvb=01;35:*.flc=01;35:*.avi=01;35:*.fli=01;35:*.flv=01;35:*.gl=01;35:*.dl=01;35:*.xcf=01;35:*.xwd=01;35:*.yuv=01;35:*.cgm=01;35:*.emf=01;35:*.ogv=01;35:*.ogx=01;35:*.aac=00;36:*.au=00;36:*.flac=00;36:*.m4a=00;36:*.mid=00;36:*.midi=00;36:*.mka=00;36:*.mp3=00;36:*.mpc=00;36:*.ogg=00;36:*.ra=00;36:*.wav=00;36:*.oga=00;36:*.opus=00;36:*.spx=00;36:*.xspf=00;36:'), ('GNOME_TERMINAL_SERVICE', ':1.294'), ('SSH_AGENT_LAUNCHER', 'gnome-keyring'), ('SSH_AUTH_SOCK', '/run/user/1000/keyring/ssh'), ('AMENT_PREFIX_PATH', '/opt/ros/humble'), ('CONDA_PYTHON_EXE', '/home/com9/miniconda3/bin/python'), ('SHELL', '/bin/bash'), ('QT_ACCESSIBILITY', '1'), ('GDMSESSION', 'ubuntu'), ('LESSCLOSE', '/usr/bin/lesspipe %s %s'), ('_CONDA_EXE', '/home/com9/miniconda3/bin/conda'), ('QT_IM_MODULE', 'ibus'), ('PWD', '/home/com9/uet_ws/build/ur_moveit_config'), ('LC_ALL', 'en_US.UTF-8'), ('XDG_CONFIG_DIRS', '/etc/xdg/xdg-ubuntu:/etc/xdg'), ('CONDA_EXE', '/home/com9/miniconda3/bin/conda'), ('XDG_DATA_DIRS', '/usr/share/ubuntu:/usr/local/share/:/usr/share/:/var/lib/snapd/desktop'), ('PYTHONPATH', '/opt/ros/humble/lib/python3.10/site-packages:/opt/ros/humble/local/lib/python3.10/dist-packages'), ('COLCON', '1'), ('VTE_VERSION', '6800'), ('CMAKE_PREFIX_PATH', '/opt/ros/humble')]), 'shell': False}
[61.633666] (-) TimerEvent: {}
[61.661591] (ur_moveit_config) StdoutLine: {'line': b'-- The C compiler identification is GNU 11.4.0\n'}
[61.696695] (ur_moveit_config) StdoutLine: {'line': b'-- The CXX compiler identification is GNU 11.4.0\n'}
[61.701186] (ur_moveit_config) StdoutLine: {'line': b'-- Detecting C compiler ABI info\n'}
[61.733769] (-) TimerEvent: {}
[61.746883] (ur_moveit_config) StdoutLine: {'line': b'-- Detecting C compiler ABI info - done\n'}
[61.752053] (ur_moveit_config) StdoutLine: {'line': b'-- Check for working C compiler: /usr/bin/cc - skipped\n'}
[61.752179] (ur_moveit_config) StdoutLine: {'line': b'-- Detecting C compile features\n'}
[61.752422] (ur_moveit_config) StdoutLine: {'line': b'-- Detecting C compile features - done\n'}
[61.754285] (ur_moveit_config) StdoutLine: {'line': b'-- Detecting CXX compiler ABI info\n'}
[61.803828] (ur_moveit_config) StdoutLine: {'line': b'-- Detecting CXX compiler ABI info - done\n'}
[61.808124] (ur_moveit_config) StdoutLine: {'line': b'-- Check for working CXX compiler: /usr/bin/c++ - skipped\n'}
[61.808231] (ur_moveit_config) StdoutLine: {'line': b'-- Detecting CXX compile features\n'}
[61.808553] (ur_moveit_config) StdoutLine: {'line': b'-- Detecting CXX compile features - done\n'}
[61.809729] (ur_moveit_config) StdoutLine: {'line': b'-- Found ament_cmake: 1.3.14 (/opt/ros/humble/share/ament_cmake/cmake)\n'}
[61.833852] (-) TimerEvent: {}
[61.899462] (ur_moveit_config) StdoutLine: {'line': b'-- Found Python3: /usr/bin/python3 (found version "3.10.12") found components: Interpreter \n'}
[61.934012] (-) TimerEvent: {}
[62.031796] (ur_moveit_config) StdoutLine: {'line': b'-- Configuring done\n'}
[62.033340] (ur_moveit_config) StdoutLine: {'line': b'-- Generating done\n'}
[62.034155] (-) TimerEvent: {}
[62.034398] (ur_moveit_config) StdoutLine: {'line': b'-- Build files have been written to: /home/com9/uet_ws/build/ur_moveit_config\n'}
[62.036843] (ur_moveit_config) CommandEnded: {'returncode': 0}
[62.037152] (ur_moveit_config) JobProgress: {'identifier': 'ur_moveit_config', 'progress': 'build'}
[62.037376] (ur_moveit_config) Command: {'cmd': ['/usr/bin/cmake', '--build', '/home/com9/uet_ws/build/ur_moveit_config'], 'cwd': '/home/com9/uet_ws/build/ur_moveit_config', 'env': OrderedDict([('LESSOPEN', '| /usr/bin/lesspipe %s'), ('CMAKE_BUILD_PARALLEL_LEVEL', '1'), ('USER', 'com9'), ('XDG_SESSION_TYPE', 'wayland'), ('SHLVL', '1'), ('LD_LIBRARY_PATH', '/opt/ros/humble/opt/rviz_ogre_vendor/lib:/opt/ros/humble/lib/x86_64-linux-gnu:/opt/ros/humble/lib'), ('HOME', '/home/com9'), ('CONDA_SHLVL', '0'), ('CYCLONEDDS_URI', '<CycloneDDS><Domain><General><DontRoute>true</></></></>'), ('OLDPWD', '/home/com9/uet_ws'), ('DESKTOP_SESSION', 'ubuntu'), ('ROS_PYTHON_VERSION', '3'), ('GNOME_SHELL_SESSION_MODE', 'ubuntu'), ('GTK_MODULES', 'gail:atk-bridge'), ('MAKEFLAGS', '-j1'), ('SYSTEMD_EXEC_PID', '17504'), ('IM_CONFIG_CHECK_ENV', '1'), ('DBUS_SESSION_BUS_ADDRESS', 'unix:path=/run/user/1000/bus'), ('COLORTERM', 'truecolor'), ('_CE_M', ''), ('_CONDA_ROOT', '/home/com9/miniconda3'), ('IM_CONFIG_PHASE', '1'), ('WAYLAND_DISPLAY', 'wayland-0'), ('ROS_DISTRO', 'humble'), ('LOGNAME', 'com9'), ('_', '/usr/bin/colcon'), ('ROS_VERSION', '2'), ('XDG_SESSION_CLASS', 'user'), ('USERNAME', 'com9'), ('TERM', 'xterm-256color'), ('GNOME_DESKTOP_SESSION_ID', 'this-is-deprecated'), ('_CE_CONDA', ''), ('ROS_LOCALHOST_ONLY', '0'), ('PATH', '/opt/ros/humble/bin:/home/com9/.local/bin:/home/com9/miniconda3/condabin:/home/com9/.local/bin:/home/com9/.local/bin:/home/com9/.local/bin:/home/com9/.local/bin:/usr/local/sbin:/usr/local/bin:/usr/sbin:/usr/bin:/sbin:/bin:/usr/games:/usr/local/games:/snap/bin:/snap/bin'), ('SESSION_MANAGER', 'local/com9:@/tmp/.ICE-unix/17475,unix/com9:/tmp/.ICE-unix/17475'), ('XDG_MENU_PREFIX', 'gnome-'), ('GNOME_TERMINAL_SCREEN', '/org/gnome/Terminal/screen/082c707b_1b9d_480a_9979_2cd556cf1a94'), ('GNOME_SETUP_DISPLAY', ':1'), ('XDG_RUNTIME_DIR', '/run/user/1000'), ('DISPLAY', ':0'), ('LANG', 'en_US.UTF-8'), ('XDG_CURRENT_DESKTOP', 'ubuntu:GNOME'), ('XMODIFIERS', '@im=ibus'), ('XDG_SESSION_DESKTOP', 'ubuntu'), ('XAUTHORITY', '/run/user/1000/.mutter-Xwaylandauth.W7ZTS3'), ('LS_COLORS', 'rs=0:di=01;34:ln=01;36:mh=00:pi=40;33:so=01;35:do=01;35:bd=40;33;01:cd=40;33;01:or=40;31;01:mi=00:su=37;41:sg=30;43:ca=30;41:tw=30;42:ow=34;42:st=37;44:ex=01;32:*.tar=01;31:*.tgz=01;31:*.arc=01;31:*.arj=01;31:*.taz=01;31:*.lha=01;31:*.lz4=01;31:*.lzh=01;31:*.lzma=01;31:*.tlz=01;31:*.txz=01;31:*.tzo=01;31:*.t7z=01;31:*.zip=01;31:*.z=01;31:*.dz=01;31:*.gz=01;31:*.lrz=01;31:*.lz=01;31:*.lzo=01;31:*.xz=01;31:*.zst=01;31:*.tzst=01;31:*.bz2=01;31:*.bz=01;31:*.tbz=01;31:*.tbz2=01;31:*.tz=01;31:*.deb=01;31:*.rpm=01;31:*.jar=01;31:*.war=01;31:*.ear=01;31:*.sar=01;31:*.rar=01;31:*.alz=01;31:*.ace=01;31:*.zoo=01;31:*.cpio=01;31:*.7z=01;31:*.rz=01;31:*.cab=01;31:*.wim=01;31:*.swm=01;31:*.dwm=01;31:*.esd=01;31:*.jpg=01;35:*.jpeg=01;35:*.mjpg=01;35:*.mjpeg=01;35:*.gif=01;35:*.bmp=01;35:*.pbm=01;35:*.pgm=01;35:*.ppm=01;35:*.tga=01;35:*.xbm=01;35:*.xpm=01;35:*.tif=01;35:*.tiff=01;35:*.png=01;35:*.svg=01;35:*.svgz=01;35:*.mng=01;35:*.pcx=01;35:*.mov=01;35:*.mpg=01;35:*.mpeg=01;35:*.m2v=01;35:*.mkv=01;35:*.webm=01;35:*.webp=01;35:*.ogm=01;35:*.mp4=01;35:*.m4v=01;35:*.mp4v=01;35:*.vob=01;35:*.qt=01;35:*.nuv=01;35:*.wmv=01;35:*.asf=01;35:*.rm=01;35:*.rmvb=01;35:*.flc=01;35:*.avi=01;35:*.fli=01;35:*.flv=01;35:*.gl=01;35:*.dl=01;35:*.xcf=01;35:*.xwd=01;35:*.yuv=01;35:*.cgm=01;35:*.emf=01;35:*.ogv=01;35:*.ogx=01;35:*.aac=00;36:*.au=00;36:*.flac=00;36:*.m4a=00;36:*.mid=00;36:*.midi=00;36:*.mka=00;36:*.mp3=00;36:*.mpc=00;36:*.ogg=00;36:*.ra=00;36:*.wav=00;36:*.oga=00;36:*.opus=00;36:*.spx=00;36:*.xspf=00;36:'), ('GNOME_TERMINAL_SERVICE', ':1.294'), ('SSH_AGENT_LAUNCHER', 'gnome-keyring'), ('SSH_AUTH_SOCK', '/run/user/1000/keyring/ssh'), ('AMENT_PREFIX_PATH', '/opt/ros/humble'), ('CONDA_PYTHON_EXE', '/home/com9/miniconda3/bin/python'), ('SHELL', '/bin/bash'), ('QT_ACCESSIBILITY', '1'), ('GDMSESSION', 'ubuntu'), ('LESSCLOSE', '/usr/bin/lesspipe %s %s'), ('_CONDA_EXE', '/home/com9/miniconda3/bin/conda'), ('QT_IM_MODULE', 'ibus'), ('PWD', '/home/com9/uet_ws/build/ur_moveit_config'), ('LC_ALL', 'en_US.UTF-8'), ('XDG_CONFIG_DIRS', '/etc/xdg/xdg-ubuntu:/etc/xdg'), ('CONDA_EXE', '/home/com9/miniconda3/bin/conda'), ('XDG_DATA_DIRS', '/usr/share/ubuntu:/usr/local/share/:/usr/share/:/var/lib/snapd/desktop'), ('PYTHONPATH', '/opt/ros/humble/lib/python3.10/site-packages:/opt/ros/humble/local/lib/python3.10/dist-packages'), ('COLCON', '1'), ('VTE_VERSION', '6800'), ('CMAKE_PREFIX_PATH', '/opt/ros/humble')]), 'shell': False}
[62.071246] (ur_moveit_config) StdoutLine: {'line': b'Built target ament_cmake_python_copy_ur_moveit_config\n'}
[62.134261] (-) TimerEvent: {}
[62.192642] (ur_moveit_config) StdoutLine: {'line': b'running egg_info\n'}
[62.192844] (ur_moveit_config) StdoutLine: {'line': b'creating ur_moveit_config.egg-info\n'}
[62.192961] (ur_moveit_config) StdoutLine: {'line': b'writing ur_moveit_config.egg-info/PKG-INFO\n'}
[62.192995] (ur_moveit_config) StdoutLine: {'line': b'writing dependency_links to ur_moveit_config.egg-info/dependency_links.txt\n'}
[62.193079] (ur_moveit_config) StdoutLine: {'line': b'writing top-level names to ur_moveit_config.egg-info/top_level.txt\n'}
[62.193193] (ur_moveit_config) StdoutLine: {'line': b"writing manifest file 'ur_moveit_config.egg-info/SOURCES.txt'\n"}
[62.194156] (ur_moveit_config) StdoutLine: {'line': b"reading manifest file 'ur_moveit_config.egg-info/SOURCES.txt'\n"}
[62.194378] (ur_moveit_config) StdoutLine: {'line': b"writing manifest file 'ur_moveit_config.egg-info/SOURCES.txt'\n"}
[62.210567] (ur_moveit_config) StdoutLine: {'line': b'Built target ament_cmake_python_build_ur_moveit_config_egg\n'}
[62.218519] (ur_moveit_config) CommandEnded: {'returncode': 0}
[62.218961] (ur_moveit_config) JobProgress: {'identifier': 'ur_moveit_config', 'progress': 'install'}
[62.219135] (ur_moveit_config) Command: {'cmd': ['/usr/bin/cmake', '--install', '/home/com9/uet_ws/build/ur_moveit_config'], 'cwd': '/home/com9/uet_ws/build/ur_moveit_config', 'env': OrderedDict([('LESSOPEN', '| /usr/bin/lesspipe %s'), ('CMAKE_BUILD_PARALLEL_LEVEL', '1'), ('USER', 'com9'), ('XDG_SESSION_TYPE', 'wayland'), ('SHLVL', '1'), ('LD_LIBRARY_PATH', '/opt/ros/humble/opt/rviz_ogre_vendor/lib:/opt/ros/humble/lib/x86_64-linux-gnu:/opt/ros/humble/lib'), ('HOME', '/home/com9'), ('CONDA_SHLVL', '0'), ('CYCLONEDDS_URI', '<CycloneDDS><Domain><General><DontRoute>true</></></></>'), ('OLDPWD', '/home/com9/uet_ws'), ('DESKTOP_SESSION', 'ubuntu'), ('ROS_PYTHON_VERSION', '3'), ('GNOME_SHELL_SESSION_MODE', 'ubuntu'), ('GTK_MODULES', 'gail:atk-bridge'), ('MAKEFLAGS', '-j1'), ('SYSTEMD_EXEC_PID', '17504'), ('IM_CONFIG_CHECK_ENV', '1'), ('DBUS_SESSION_BUS_ADDRESS', 'unix:path=/run/user/1000/bus'), ('COLORTERM', 'truecolor'), ('_CE_M', ''), ('_CONDA_ROOT', '/home/com9/miniconda3'), ('IM_CONFIG_PHASE', '1'), ('WAYLAND_DISPLAY', 'wayland-0'), ('ROS_DISTRO', 'humble'), ('LOGNAME', 'com9'), ('_', '/usr/bin/colcon'), ('ROS_VERSION', '2'), ('XDG_SESSION_CLASS', 'user'), ('USERNAME', 'com9'), ('TERM', 'xterm-256color'), ('GNOME_DESKTOP_SESSION_ID', 'this-is-deprecated'), ('_CE_CONDA', ''), ('ROS_LOCALHOST_ONLY', '0'), ('PATH', '/opt/ros/humble/bin:/home/com9/.local/bin:/home/com9/miniconda3/condabin:/home/com9/.local/bin:/home/com9/.local/bin:/home/com9/.local/bin:/home/com9/.local/bin:/usr/local/sbin:/usr/local/bin:/usr/sbin:/usr/bin:/sbin:/bin:/usr/games:/usr/local/games:/snap/bin:/snap/bin'), ('SESSION_MANAGER', 'local/com9:@/tmp/.ICE-unix/17475,unix/com9:/tmp/.ICE-unix/17475'), ('XDG_MENU_PREFIX', 'gnome-'), ('GNOME_TERMINAL_SCREEN', '/org/gnome/Terminal/screen/082c707b_1b9d_480a_9979_2cd556cf1a94'), ('GNOME_SETUP_DISPLAY', ':1'), ('XDG_RUNTIME_DIR', '/run/user/1000'), ('DISPLAY', ':0'), ('LANG', 'en_US.UTF-8'), ('XDG_CURRENT_DESKTOP', 'ubuntu:GNOME'), ('XMODIFIERS', '@im=ibus'), ('XDG_SESSION_DESKTOP', 'ubuntu'), ('XAUTHORITY', '/run/user/1000/.mutter-Xwaylandauth.W7ZTS3'), ('LS_COLORS', 'rs=0:di=01;34:ln=01;36:mh=00:pi=40;33:so=01;35:do=01;35:bd=40;33;01:cd=40;33;01:or=40;31;01:mi=00:su=37;41:sg=30;43:ca=30;41:tw=30;42:ow=34;42:st=37;44:ex=01;32:*.tar=01;31:*.tgz=01;31:*.arc=01;31:*.arj=01;31:*.taz=01;31:*.lha=01;31:*.lz4=01;31:*.lzh=01;31:*.lzma=01;31:*.tlz=01;31:*.txz=01;31:*.tzo=01;31:*.t7z=01;31:*.zip=01;31:*.z=01;31:*.dz=01;31:*.gz=01;31:*.lrz=01;31:*.lz=01;31:*.lzo=01;31:*.xz=01;31:*.zst=01;31:*.tzst=01;31:*.bz2=01;31:*.bz=01;31:*.tbz=01;31:*.tbz2=01;31:*.tz=01;31:*.deb=01;31:*.rpm=01;31:*.jar=01;31:*.war=01;31:*.ear=01;31:*.sar=01;31:*.rar=01;31:*.alz=01;31:*.ace=01;31:*.zoo=01;31:*.cpio=01;31:*.7z=01;31:*.rz=01;31:*.cab=01;31:*.wim=01;31:*.swm=01;31:*.dwm=01;31:*.esd=01;31:*.jpg=01;35:*.jpeg=01;35:*.mjpg=01;35:*.mjpeg=01;35:*.gif=01;35:*.bmp=01;35:*.pbm=01;35:*.pgm=01;35:*.ppm=01;35:*.tga=01;35:*.xbm=01;35:*.xpm=01;35:*.tif=01;35:*.tiff=01;35:*.png=01;35:*.svg=01;35:*.svgz=01;35:*.mng=01;35:*.pcx=01;35:*.mov=01;35:*.mpg=01;35:*.mpeg=01;35:*.m2v=01;35:*.mkv=01;35:*.webm=01;35:*.webp=01;35:*.ogm=01;35:*.mp4=01;35:*.m4v=01;35:*.mp4v=01;35:*.vob=01;35:*.qt=01;35:*.nuv=01;35:*.wmv=01;35:*.asf=01;35:*.rm=01;35:*.rmvb=01;35:*.flc=01;35:*.avi=01;35:*.fli=01;35:*.flv=01;35:*.gl=01;35:*.dl=01;35:*.xcf=01;35:*.xwd=01;35:*.yuv=01;35:*.cgm=01;35:*.emf=01;35:*.ogv=01;35:*.ogx=01;35:*.aac=00;36:*.au=00;36:*.flac=00;36:*.m4a=00;36:*.mid=00;36:*.midi=00;36:*.mka=00;36:*.mp3=00;36:*.mpc=00;36:*.ogg=00;36:*.ra=00;36:*.wav=00;36:*.oga=00;36:*.opus=00;36:*.spx=00;36:*.xspf=00;36:'), ('GNOME_TERMINAL_SERVICE', ':1.294'), ('SSH_AGENT_LAUNCHER', 'gnome-keyring'), ('SSH_AUTH_SOCK', '/run/user/1000/keyring/ssh'), ('AMENT_PREFIX_PATH', '/opt/ros/humble'), ('CONDA_PYTHON_EXE', '/home/com9/miniconda3/bin/python'), ('SHELL', '/bin/bash'), ('QT_ACCESSIBILITY', '1'), ('GDMSESSION', 'ubuntu'), ('LESSCLOSE', '/usr/bin/lesspipe %s %s'), ('_CONDA_EXE', '/home/com9/miniconda3/bin/conda'), ('QT_IM_MODULE', 'ibus'), ('PWD', '/home/com9/uet_ws/build/ur_moveit_config'), ('LC_ALL', 'en_US.UTF-8'), ('XDG_CONFIG_DIRS', '/etc/xdg/xdg-ubuntu:/etc/xdg'), ('CONDA_EXE', '/home/com9/miniconda3/bin/conda'), ('XDG_DATA_DIRS', '/usr/share/ubuntu:/usr/local/share/:/usr/share/:/var/lib/snapd/desktop'), ('PYTHONPATH', '/opt/ros/humble/lib/python3.10/site-packages:/opt/ros/humble/local/lib/python3.10/dist-packages'), ('COLCON', '1'), ('VTE_VERSION', '6800'), ('CMAKE_PREFIX_PATH', '/opt/ros/humble')]), 'shell': False}
[62.224289] (ur_moveit_config) StdoutLine: {'line': b'-- Install configuration: ""\n'}
[62.224342] (ur_moveit_config) StdoutLine: {'line': b'-- Installing: /home/com9/uet_ws/install/ur_moveit_config/share/ur_moveit_config/config\n'}
[62.224697] (ur_moveit_config) StdoutLine: {'line': b'-- Installing: /home/com9/uet_ws/install/ur_moveit_config/share/ur_moveit_config/config/ompl_planning.yaml\n'}
[62.224802] (ur_moveit_config) StdoutLine: {'line': b'-- Installing: /home/com9/uet_ws/install/ur_moveit_config/share/ur_moveit_config/config/ur_servo.yaml\n'}
[62.224890] (ur_moveit_config) StdoutLine: {'line': b'-- Installing: /home/com9/uet_ws/install/ur_moveit_config/share/ur_moveit_config/config/joint_limits.yaml\n'}
[62.225003] (ur_moveit_config) StdoutLine: {'line': b'-- Installing: /home/com9/uet_ws/install/ur_moveit_config/share/ur_moveit_config/config/controllers.yaml\n'}
[62.225071] (ur_moveit_config) StdoutLine: {'line': b'-- Installing: /home/com9/uet_ws/install/ur_moveit_config/share/ur_moveit_config/config/kinematics.yaml\n'}
[62.225139] (ur_moveit_config) StdoutLine: {'line': b'-- Installing: /home/com9/uet_ws/install/ur_moveit_config/share/ur_moveit_config/launch\n'}
[62.225313] (ur_moveit_config) StdoutLine: {'line': b'-- Installing: /home/com9/uet_ws/install/ur_moveit_config/share/ur_moveit_config/launch/ur_moveit.launch.py\n'}
[62.225484] (ur_moveit_config) StdoutLine: {'line': b'-- Installing: /home/com9/uet_ws/install/ur_moveit_config/share/ur_moveit_config/rviz\n'}
[62.225653] (ur_moveit_config) StdoutLine: {'line': b'-- Installing: /home/com9/uet_ws/install/ur_moveit_config/share/ur_moveit_config/rviz/view_robot.rviz\n'}
[62.225830] (ur_moveit_config) StdoutLine: {'line': b'-- Installing: /home/com9/uet_ws/install/ur_moveit_config/share/ur_moveit_config/srdf\n'}
[62.225894] (ur_moveit_config) StdoutLine: {'line': b'-- Installing: /home/com9/uet_ws/install/ur_moveit_config/share/ur_moveit_config/srdf/ur3_with_susgrip.srdf.xacro\n'}
[62.226060] (ur_moveit_config) StdoutLine: {'line': b'-- Installing: /home/com9/uet_ws/install/ur_moveit_config/share/ur_moveit_config/srdf/ur.srdf.xacro\n'}
[62.226135] (ur_moveit_config) StdoutLine: {'line': b'-- Installing: /home/com9/uet_ws/install/ur_moveit_config/share/ur_moveit_config/srdf/ur_macro.srdf.xacro\n'}
[62.226274] (ur_moveit_config) StdoutLine: {'line': b'-- Installing: /home/com9/uet_ws/install/ur_moveit_config/share/ur_moveit_config/environment/pythonpath.sh\n'}
[62.226321] (ur_moveit_config) StdoutLine: {'line': b'-- Installing: /home/com9/uet_ws/install/ur_moveit_config/share/ur_moveit_config/environment/pythonpath.dsv\n'}
[62.226371] (ur_moveit_config) StdoutLine: {'line': b'-- Installing: /home/com9/uet_ws/install/ur_moveit_config/local/lib/python3.10/dist-packages/ur_moveit_config-2.13.1-py3.10.egg-info\n'}
[62.226426] (ur_moveit_config) StdoutLine: {'line': b'-- Installing: /home/com9/uet_ws/install/ur_moveit_config/local/lib/python3.10/dist-packages/ur_moveit_config-2.13.1-py3.10.egg-info/dependency_links.txt\n'}
[62.226464] (ur_moveit_config) StdoutLine: {'line': b'-- Installing: /home/com9/uet_ws/install/ur_moveit_config/local/lib/python3.10/dist-packages/ur_moveit_config-2.13.1-py3.10.egg-info/top_level.txt\n'}
[62.226503] (ur_moveit_config) StdoutLine: {'line': b'-- Installing: /home/com9/uet_ws/install/ur_moveit_config/local/lib/python3.10/dist-packages/ur_moveit_config-2.13.1-py3.10.egg-info/SOURCES.txt\n'}
[62.226544] (ur_moveit_config) StdoutLine: {'line': b'-- Installing: /home/com9/uet_ws/install/ur_moveit_config/local/lib/python3.10/dist-packages/ur_moveit_config-2.13.1-py3.10.egg-info/PKG-INFO\n'}
[62.226585] (ur_moveit_config) StdoutLine: {'line': b'-- Installing: /home/com9/uet_ws/install/ur_moveit_config/local/lib/python3.10/dist-packages/ur_moveit_config\n'}
[62.226630] (ur_moveit_config) StdoutLine: {'line': b'-- Installing: /home/com9/uet_ws/install/ur_moveit_config/local/lib/python3.10/dist-packages/ur_moveit_config/__init__.py\n'}
[62.226667] (ur_moveit_config) StdoutLine: {'line': b'-- Installing: /home/com9/uet_ws/install/ur_moveit_config/local/lib/python3.10/dist-packages/ur_moveit_config/launch_common.py\n'}
[62.234315] (-) TimerEvent: {}
[62.247825] (ur_moveit_config) StdoutLine: {'line': b"Listing '/home/com9/uet_ws/install/ur_moveit_config/local/lib/python3.10/dist-packages/ur_moveit_config'...\n"}
[62.247893] (ur_moveit_config) StdoutLine: {'line': b"Compiling '/home/com9/uet_ws/install/ur_moveit_config/local/lib/python3.10/dist-packages/ur_moveit_config/__init__.py'...\n"}
[62.247922] (ur_moveit_config) StdoutLine: {'line': b"Compiling '/home/com9/uet_ws/install/ur_moveit_config/local/lib/python3.10/dist-packages/ur_moveit_config/launch_common.py'...\n"}
[62.250796] (ur_moveit_config) StdoutLine: {'line': b'-- Installing: /home/com9/uet_ws/install/ur_moveit_config/local/lib/python3.10/dist-packages/launch_common.py\n'}
[62.272166] (ur_moveit_config) StdoutLine: {'line': b"Compiling '/home/com9/uet_ws/install/ur_moveit_config/local/lib/python3.10/dist-packages/launch_common.py'...\n"}
[62.275055] (ur_moveit_config) StdoutLine: {'line': b'-- Installing: /home/com9/uet_ws/install/ur_moveit_config/share/ament_index/resource_index/package_run_dependencies/ur_moveit_config\n'}
[62.275123] (ur_moveit_config) StdoutLine: {'line': b'-- Installing: /home/com9/uet_ws/install/ur_moveit_config/share/ament_index/resource_index/parent_prefix_path/ur_moveit_config\n'}
[62.275166] (ur_moveit_config) StdoutLine: {'line': b'-- Installing: /home/com9/uet_ws/install/ur_moveit_config/share/ur_moveit_config/environment/ament_prefix_path.sh\n'}
[62.275201] (ur_moveit_config) StdoutLine: {'line': b'-- Installing: /home/com9/uet_ws/install/ur_moveit_config/share/ur_moveit_config/environment/ament_prefix_path.dsv\n'}
[62.275247] (ur_moveit_config) StdoutLine: {'line': b'-- Installing: /home/com9/uet_ws/install/ur_moveit_config/share/ur_moveit_config/environment/path.sh\n'}
[62.275282] (ur_moveit_config) StdoutLine: {'line': b'-- Installing: /home/com9/uet_ws/install/ur_moveit_config/share/ur_moveit_config/environment/path.dsv\n'}
[62.275310] (ur_moveit_config) StdoutLine: {'line': b'-- Installing: /home/com9/uet_ws/install/ur_moveit_config/share/ur_moveit_config/local_setup.bash\n'}
[62.275345] (ur_moveit_config) StdoutLine: {'line': b'-- Installing: /home/com9/uet_ws/install/ur_moveit_config/share/ur_moveit_config/local_setup.sh\n'}
[62.275379] (ur_moveit_config) StdoutLine: {'line': b'-- Installing: /home/com9/uet_ws/install/ur_moveit_config/share/ur_moveit_config/local_setup.zsh\n'}
[62.275414] (ur_moveit_config) StdoutLine: {'line': b'-- Installing: /home/com9/uet_ws/install/ur_moveit_config/share/ur_moveit_config/local_setup.dsv\n'}
[62.275454] (ur_moveit_config) StdoutLine: {'line': b'-- Installing: /home/com9/uet_ws/install/ur_moveit_config/share/ur_moveit_config/package.dsv\n'}
[62.275552] (ur_moveit_config) StdoutLine: {'line': b'-- Installing: /home/com9/uet_ws/install/ur_moveit_config/share/ament_index/resource_index/packages/ur_moveit_config\n'}
[62.275627] (ur_moveit_config) StdoutLine: {'line': b'-- Installing: /home/com9/uet_ws/install/ur_moveit_config/share/ur_moveit_config/cmake/ur_moveit_configConfig.cmake\n'}
[62.275655] (ur_moveit_config) StdoutLine: {'line': b'-- Installing: /home/com9/uet_ws/install/ur_moveit_config/share/ur_moveit_config/cmake/ur_moveit_configConfig-version.cmake\n'}
[62.275689] (ur_moveit_config) StdoutLine: {'line': b'-- Installing: /home/com9/uet_ws/install/ur_moveit_config/share/ur_moveit_config/package.xml\n'}
[62.276975] (ur_moveit_config) CommandEnded: {'returncode': 0}
[62.283701] (ur_moveit_config) JobEnded: {'identifier': 'ur_moveit_config', 'rc': 0}
[62.283963] (susgrip_2f_gazebo) JobStarted: {'identifier': 'susgrip_2f_gazebo'}
[62.334390] (-) TimerEvent: {}
[62.434564] (-) TimerEvent: {}
[62.534724] (-) TimerEvent: {}
[62.603678] (susgrip_2f_gazebo) Command: {'cmd': ['/usr/bin/python3', '-W', 'ignore:setup.py install is deprecated', '-W', 'ignore:easy_install command is deprecated', 'setup.py', 'egg_info', '--egg-base', '../../../build/susgrip_2f_gazebo', 'build', '--build-base', '/home/com9/uet_ws/build/susgrip_2f_gazebo/build', 'install', '--record', '/home/com9/uet_ws/build/susgrip_2f_gazebo/install.log', '--install-scripts', '$base/lib/susgrip_2f_gazebo', '--single-version-externally-managed', 'install_data'], 'cwd': '/home/com9/uet_ws/src/susgrip_2f/susgrip_2f_gazebo', 'env': {'LESSOPEN': '| /usr/bin/lesspipe %s', 'CMAKE_BUILD_PARALLEL_LEVEL': '1', 'USER': 'com9', 'XDG_SESSION_TYPE': 'wayland', 'SHLVL': '1', 'LD_LIBRARY_PATH': '/opt/ros/humble/opt/rviz_ogre_vendor/lib:/opt/ros/humble/lib/x86_64-linux-gnu:/opt/ros/humble/lib', 'HOME': '/home/com9', 'CONDA_SHLVL': '0', 'CYCLONEDDS_URI': '<CycloneDDS><Domain><General><DontRoute>true</></></></>', 'OLDPWD': '/home/com9/uet_ws', 'DESKTOP_SESSION': 'ubuntu', 'ROS_PYTHON_VERSION': '3', 'GNOME_SHELL_SESSION_MODE': 'ubuntu', 'GTK_MODULES': 'gail:atk-bridge', 'MAKEFLAGS': '-j1', 'SYSTEMD_EXEC_PID': '17504', 'IM_CONFIG_CHECK_ENV': '1', 'DBUS_SESSION_BUS_ADDRESS': 'unix:path=/run/user/1000/bus', 'COLORTERM': 'truecolor', '_CE_M': '', '_CONDA_ROOT': '/home/com9/miniconda3', 'IM_CONFIG_PHASE': '1', 'WAYLAND_DISPLAY': 'wayland-0', 'ROS_DISTRO': 'humble', 'LOGNAME': 'com9', '_': '/usr/bin/colcon', 'ROS_VERSION': '2', 'XDG_SESSION_CLASS': 'user', 'USERNAME': 'com9', 'TERM': 'xterm-256color', 'GNOME_DESKTOP_SESSION_ID': 'this-is-deprecated', '_CE_CONDA': '', 'ROS_LOCALHOST_ONLY': '0', 'PATH': '/opt/ros/humble/bin:/home/com9/.local/bin:/home/com9/miniconda3/condabin:/home/com9/.local/bin:/home/com9/.local/bin:/home/com9/.local/bin:/home/com9/.local/bin:/usr/local/sbin:/usr/local/bin:/usr/sbin:/usr/bin:/sbin:/bin:/usr/games:/usr/local/games:/snap/bin:/snap/bin', 'SESSION_MANAGER': 'local/com9:@/tmp/.ICE-unix/17475,unix/com9:/tmp/.ICE-unix/17475', 'XDG_MENU_PREFIX': 'gnome-', 'GNOME_TERMINAL_SCREEN': '/org/gnome/Terminal/screen/082c707b_1b9d_480a_9979_2cd556cf1a94', 'GNOME_SETUP_DISPLAY': ':1', 'XDG_RUNTIME_DIR': '/run/user/1000', 'DISPLAY': ':0', 'LANG': 'en_US.UTF-8', 'XDG_CURRENT_DESKTOP': 'ubuntu:GNOME', 'XMODIFIERS': '@im=ibus', 'XDG_SESSION_DESKTOP': 'ubuntu', 'XAUTHORITY': '/run/user/1000/.mutter-Xwaylandauth.W7ZTS3', 'LS_COLORS': 'rs=0:di=01;34:ln=01;36:mh=00:pi=40;33:so=01;35:do=01;35:bd=40;33;01:cd=40;33;01:or=40;31;01:mi=00:su=37;41:sg=30;43:ca=30;41:tw=30;42:ow=34;42:st=37;44:ex=01;32:*.tar=01;31:*.tgz=01;31:*.arc=01;31:*.arj=01;31:*.taz=01;31:*.lha=01;31:*.lz4=01;31:*.lzh=01;31:*.lzma=01;31:*.tlz=01;31:*.txz=01;31:*.tzo=01;31:*.t7z=01;31:*.zip=01;31:*.z=01;31:*.dz=01;31:*.gz=01;31:*.lrz=01;31:*.lz=01;31:*.lzo=01;31:*.xz=01;31:*.zst=01;31:*.tzst=01;31:*.bz2=01;31:*.bz=01;31:*.tbz=01;31:*.tbz2=01;31:*.tz=01;31:*.deb=01;31:*.rpm=01;31:*.jar=01;31:*.war=01;31:*.ear=01;31:*.sar=01;31:*.rar=01;31:*.alz=01;31:*.ace=01;31:*.zoo=01;31:*.cpio=01;31:*.7z=01;31:*.rz=01;31:*.cab=01;31:*.wim=01;31:*.swm=01;31:*.dwm=01;31:*.esd=01;31:*.jpg=01;35:*.jpeg=01;35:*.mjpg=01;35:*.mjpeg=01;35:*.gif=01;35:*.bmp=01;35:*.pbm=01;35:*.pgm=01;35:*.ppm=01;35:*.tga=01;35:*.xbm=01;35:*.xpm=01;35:*.tif=01;35:*.tiff=01;35:*.png=01;35:*.svg=01;35:*.svgz=01;35:*.mng=01;35:*.pcx=01;35:*.mov=01;35:*.mpg=01;35:*.mpeg=01;35:*.m2v=01;35:*.mkv=01;35:*.webm=01;35:*.webp=01;35:*.ogm=01;35:*.mp4=01;35:*.m4v=01;35:*.mp4v=01;35:*.vob=01;35:*.qt=01;35:*.nuv=01;35:*.wmv=01;35:*.asf=01;35:*.rm=01;35:*.rmvb=01;35:*.flc=01;35:*.avi=01;35:*.fli=01;35:*.flv=01;35:*.gl=01;35:*.dl=01;35:*.xcf=01;35:*.xwd=01;35:*.yuv=01;35:*.cgm=01;35:*.emf=01;35:*.ogv=01;35:*.ogx=01;35:*.aac=00;36:*.au=00;36:*.flac=00;36:*.m4a=00;36:*.mid=00;36:*.midi=00;36:*.mka=00;36:*.mp3=00;36:*.mpc=00;36:*.ogg=00;36:*.ra=00;36:*.wav=00;36:*.oga=00;36:*.opus=00;36:*.spx=00;36:*.xspf=00;36:', 'GNOME_TERMINAL_SERVICE': ':1.294', 'SSH_AGENT_LAUNCHER': 'gnome-keyring', 'SSH_AUTH_SOCK': '/run/user/1000/keyring/ssh', 'AMENT_PREFIX_PATH': '/home/com9/uet_ws/install/susgrip_2f_description:/opt/ros/humble', 'CONDA_PYTHON_EXE': '/home/com9/miniconda3/bin/python', 'SHELL': '/bin/bash', 'QT_ACCESSIBILITY': '1', 'GDMSESSION': 'ubuntu', 'LESSCLOSE': '/usr/bin/lesspipe %s %s', '_CONDA_EXE': '/home/com9/miniconda3/bin/conda', 'QT_IM_MODULE': 'ibus', 'PWD': '/home/com9/uet_ws/build/susgrip_2f_gazebo', 'LC_ALL': 'en_US.UTF-8', 'XDG_CONFIG_DIRS': '/etc/xdg/xdg-ubuntu:/etc/xdg', 'CONDA_EXE': '/home/com9/miniconda3/bin/conda', 'XDG_DATA_DIRS': '/usr/share/ubuntu:/usr/local/share/:/usr/share/:/var/lib/snapd/desktop', 'PYTHONPATH': '/home/com9/uet_ws/build/susgrip_2f_gazebo/prefix_override:/usr/lib/python3/dist-packages/colcon_core/task/python/colcon_distutils_commands:/home/com9/uet_ws/install/susgrip_2f_gazebo/lib/python3.10/site-packages:/home/com9/uet_ws/install/susgrip_2f_description/lib/python3.10/site-packages:/opt/ros/humble/lib/python3.10/site-packages:/opt/ros/humble/local/lib/python3.10/dist-packages', 'COLCON': '1', 'VTE_VERSION': '6800'}, 'shell': False}
[62.634898] (-) TimerEvent: {}
[62.726498] (susgrip_2f_gazebo) StdoutLine: {'line': b'running egg_info\n'}
[62.726808] (susgrip_2f_gazebo) StdoutLine: {'line': b'creating ../../../build/susgrip_2f_gazebo/susgrip_2f_gazebo.egg-info\n'}
[62.727021] (susgrip_2f_gazebo) StdoutLine: {'line': b'writing ../../../build/susgrip_2f_gazebo/susgrip_2f_gazebo.egg-info/PKG-INFO\n'}
[62.727098] (susgrip_2f_gazebo) StdoutLine: {'line': b'writing dependency_links to ../../../build/susgrip_2f_gazebo/susgrip_2f_gazebo.egg-info/dependency_links.txt\n'}
[62.727162] (susgrip_2f_gazebo) StdoutLine: {'line': b'writing entry points to ../../../build/susgrip_2f_gazebo/susgrip_2f_gazebo.egg-info/entry_points.txt\n'}
[62.727372] (susgrip_2f_gazebo) StdoutLine: {'line': b'writing top-level names to ../../../build/susgrip_2f_gazebo/susgrip_2f_gazebo.egg-info/top_level.txt\n'}
[62.727440] (susgrip_2f_gazebo) StdoutLine: {'line': b"writing manifest file '../../../build/susgrip_2f_gazebo/susgrip_2f_gazebo.egg-info/SOURCES.txt'\n"}
[62.727924] (susgrip_2f_gazebo) StdoutLine: {'line': b"reading manifest file '../../../build/susgrip_2f_gazebo/susgrip_2f_gazebo.egg-info/SOURCES.txt'\n"}
[62.728343] (susgrip_2f_gazebo) StdoutLine: {'line': b"writing manifest file '../../../build/susgrip_2f_gazebo/susgrip_2f_gazebo.egg-info/SOURCES.txt'\n"}
[62.728425] (susgrip_2f_gazebo) StdoutLine: {'line': b'running build\n'}
[62.728464] (susgrip_2f_gazebo) StdoutLine: {'line': b'running build_py\n'}
[62.728648] (susgrip_2f_gazebo) StdoutLine: {'line': b'creating /home/com9/uet_ws/build/susgrip_2f_gazebo/build\n'}
[62.728717] (susgrip_2f_gazebo) StdoutLine: {'line': b'creating /home/com9/uet_ws/build/susgrip_2f_gazebo/build/lib\n'}
[62.728748] (susgrip_2f_gazebo) StdoutLine: {'line': b'creating /home/com9/uet_ws/build/susgrip_2f_gazebo/build/lib/susgrip_2f_gazebo\n'}
[62.728776] (susgrip_2f_gazebo) StdoutLine: {'line': b'copying susgrip_2f_gazebo/__init__.py -> /home/com9/uet_ws/build/susgrip_2f_gazebo/build/lib/susgrip_2f_gazebo\n'}
[62.728804] (susgrip_2f_gazebo) StdoutLine: {'line': b'copying susgrip_2f_gazebo/gazebo_joint_publisher.py -> /home/com9/uet_ws/build/susgrip_2f_gazebo/build/lib/susgrip_2f_gazebo\n'}
[62.728842] (susgrip_2f_gazebo) StdoutLine: {'line': b'copying susgrip_2f_gazebo/integrated_gazebo_joint_publisher.py -> /home/com9/uet_ws/build/susgrip_2f_gazebo/build/lib/susgrip_2f_gazebo\n'}
[62.729021] (susgrip_2f_gazebo) StdoutLine: {'line': b'running install\n'}
[62.729208] (susgrip_2f_gazebo) StdoutLine: {'line': b'running install_lib\n'}
[62.729627] (susgrip_2f_gazebo) StdoutLine: {'line': b'creating /home/com9/uet_ws/install/susgrip_2f_gazebo/lib/python3.10/site-packages/susgrip_2f_gazebo\n'}
[62.729689] (susgrip_2f_gazebo) StdoutLine: {'line': b'copying /home/com9/uet_ws/build/susgrip_2f_gazebo/build/lib/susgrip_2f_gazebo/__init__.py -> /home/com9/uet_ws/install/susgrip_2f_gazebo/lib/python3.10/site-packages/susgrip_2f_gazebo\n'}
[62.729725] (susgrip_2f_gazebo) StdoutLine: {'line': b'copying /home/com9/uet_ws/build/susgrip_2f_gazebo/build/lib/susgrip_2f_gazebo/gazebo_joint_publisher.py -> /home/com9/uet_ws/install/susgrip_2f_gazebo/lib/python3.10/site-packages/susgrip_2f_gazebo\n'}
[62.729760] (susgrip_2f_gazebo) StdoutLine: {'line': b'copying /home/com9/uet_ws/build/susgrip_2f_gazebo/build/lib/susgrip_2f_gazebo/integrated_gazebo_joint_publisher.py -> /home/com9/uet_ws/install/susgrip_2f_gazebo/lib/python3.10/site-packages/susgrip_2f_gazebo\n'}
[62.729952] (susgrip_2f_gazebo) StdoutLine: {'line': b'byte-compiling /home/com9/uet_ws/install/susgrip_2f_gazebo/lib/python3.10/site-packages/susgrip_2f_gazebo/__init__.py to __init__.cpython-310.pyc\n'}
[62.730065] (susgrip_2f_gazebo) StdoutLine: {'line': b'byte-compiling /home/com9/uet_ws/install/susgrip_2f_gazebo/lib/python3.10/site-packages/susgrip_2f_gazebo/gazebo_joint_publisher.py to gazebo_joint_publisher.cpython-310.pyc\n'}
[62.730582] (susgrip_2f_gazebo) StdoutLine: {'line': b'byte-compiling /home/com9/uet_ws/install/susgrip_2f_gazebo/lib/python3.10/site-packages/susgrip_2f_gazebo/integrated_gazebo_joint_publisher.py to integrated_gazebo_joint_publisher.cpython-310.pyc\n'}
[62.730840] (susgrip_2f_gazebo) StdoutLine: {'line': b'running install_data\n'}
[62.730892] (susgrip_2f_gazebo) StdoutLine: {'line': b'creating /home/com9/uet_ws/install/susgrip_2f_gazebo/share/ament_index\n'}
[62.730940] (susgrip_2f_gazebo) StdoutLine: {'line': b'creating /home/com9/uet_ws/install/susgrip_2f_gazebo/share/ament_index/resource_index\n'}
[62.730973] (susgrip_2f_gazebo) StdoutLine: {'line': b'creating /home/com9/uet_ws/install/susgrip_2f_gazebo/share/ament_index/resource_index/packages\n'}
[62.731019] (susgrip_2f_gazebo) StdoutLine: {'line': b'copying resource/susgrip_2f_gazebo -> /home/com9/uet_ws/install/susgrip_2f_gazebo/share/ament_index/resource_index/packages\n'}
[62.731057] (susgrip_2f_gazebo) StdoutLine: {'line': b'copying package.xml -> /home/com9/uet_ws/install/susgrip_2f_gazebo/share/susgrip_2f_gazebo\n'}
[62.731095] (susgrip_2f_gazebo) StdoutLine: {'line': b'creating /home/com9/uet_ws/install/susgrip_2f_gazebo/share/susgrip_2f_gazebo/launch\n'}
[62.731122] (susgrip_2f_gazebo) StdoutLine: {'line': b'copying launch/susgrip_2f_gazebo.launch.py -> /home/com9/uet_ws/install/susgrip_2f_gazebo/share/susgrip_2f_gazebo/launch\n'}
[62.731260] (susgrip_2f_gazebo) StdoutLine: {'line': b'creating /home/com9/uet_ws/install/susgrip_2f_gazebo/share/susgrip_2f_gazebo/config\n'}
[62.731303] (susgrip_2f_gazebo) StdoutLine: {'line': b'copying config/susgrip_2f.yaml -> /home/com9/uet_ws/install/susgrip_2f_gazebo/share/susgrip_2f_gazebo/config\n'}
[62.731458] (susgrip_2f_gazebo) StdoutLine: {'line': b'creating /home/com9/uet_ws/install/susgrip_2f_gazebo/share/susgrip_2f_gazebo/urdf\n'}
[62.731497] (susgrip_2f_gazebo) StdoutLine: {'line': b'copying urdf/susgrip_2f_gazebo.urdf -> /home/com9/uet_ws/install/susgrip_2f_gazebo/share/susgrip_2f_gazebo/urdf\n'}
[62.731586] (susgrip_2f_gazebo) StdoutLine: {'line': b'copying urdf/susgrip_2f_gazebo.urdf.xacro -> /home/com9/uet_ws/install/susgrip_2f_gazebo/share/susgrip_2f_gazebo/urdf\n'}
[62.731703] (susgrip_2f_gazebo) StdoutLine: {'line': b'running install_egg_info\n'}
[62.733428] (susgrip_2f_gazebo) StdoutLine: {'line': b'Copying ../../../build/susgrip_2f_gazebo/susgrip_2f_gazebo.egg-info to /home/com9/uet_ws/install/susgrip_2f_gazebo/lib/python3.10/site-packages/susgrip_2f_gazebo-0.0.0-py3.10.egg-info\n'}
[62.733692] (susgrip_2f_gazebo) StdoutLine: {'line': b'running install_scripts\n'}
[62.734977] (-) TimerEvent: {}
[62.745980] (susgrip_2f_gazebo) StdoutLine: {'line': b'Installing gazebo_joint_publisher script to /home/com9/uet_ws/install/susgrip_2f_gazebo/lib/susgrip_2f_gazebo\n'}
[62.746095] (susgrip_2f_gazebo) StdoutLine: {'line': b'Installing integrated_gazebo_joint_publisher script to /home/com9/uet_ws/install/susgrip_2f_gazebo/lib/susgrip_2f_gazebo\n'}
[62.746334] (susgrip_2f_gazebo) StdoutLine: {'line': b"writing list of installed files to '/home/com9/uet_ws/build/susgrip_2f_gazebo/install.log'\n"}
[62.761857] (susgrip_2f_gazebo) CommandEnded: {'returncode': 0}
[62.765359] (susgrip_2f_gazebo) JobEnded: {'identifier': 'susgrip_2f_gazebo', 'rc': 0}
[62.765915] (ur_controllers) JobStarted: {'identifier': 'ur_controllers'}
[62.770427] (ur_controllers) JobProgress: {'identifier': 'ur_controllers', 'progress': 'cmake'}
[62.770623] (ur_controllers) Command: {'cmd': ['/usr/bin/cmake', '/home/com9/uet_ws/src/Universal_Robots_ROS2_Driver/ur_controllers', '-DCMAKE_INSTALL_PREFIX=/home/com9/uet_ws/install/ur_controllers'], 'cwd': '/home/com9/uet_ws/build/ur_controllers', 'env': OrderedDict([('LESSOPEN', '| /usr/bin/lesspipe %s'), ('CMAKE_BUILD_PARALLEL_LEVEL', '1'), ('USER', 'com9'), ('XDG_SESSION_TYPE', 'wayland'), ('SHLVL', '1'), ('LD_LIBRARY_PATH', '/home/com9/uet_ws/install/ur_dashboard_msgs/lib:/opt/ros/humble/opt/rviz_ogre_vendor/lib:/opt/ros/humble/lib/x86_64-linux-gnu:/opt/ros/humble/lib'), ('HOME', '/home/com9'), ('CONDA_SHLVL', '0'), ('CYCLONEDDS_URI', '<CycloneDDS><Domain><General><DontRoute>true</></></></>'), ('OLDPWD', '/home/com9/uet_ws'), ('DESKTOP_SESSION', 'ubuntu'), ('ROS_PYTHON_VERSION', '3'), ('GNOME_SHELL_SESSION_MODE', 'ubuntu'), ('GTK_MODULES', 'gail:atk-bridge'), ('MAKEFLAGS', '-j1'), ('SYSTEMD_EXEC_PID', '17504'), ('IM_CONFIG_CHECK_ENV', '1'), ('DBUS_SESSION_BUS_ADDRESS', 'unix:path=/run/user/1000/bus'), ('COLORTERM', 'truecolor'), ('_CE_M', ''), ('_CONDA_ROOT', '/home/com9/miniconda3'), ('IM_CONFIG_PHASE', '1'), ('WAYLAND_DISPLAY', 'wayland-0'), ('ROS_DISTRO', 'humble'), ('LOGNAME', 'com9'), ('_', '/usr/bin/colcon'), ('ROS_VERSION', '2'), ('XDG_SESSION_CLASS', 'user'), ('USERNAME', 'com9'), ('TERM', 'xterm-256color'), ('GNOME_DESKTOP_SESSION_ID', 'this-is-deprecated'), ('_CE_CONDA', ''), ('ROS_LOCALHOST_ONLY', '0'), ('PATH', '/opt/ros/humble/bin:/home/com9/.local/bin:/home/com9/miniconda3/condabin:/home/com9/.local/bin:/home/com9/.local/bin:/home/com9/.local/bin:/home/com9/.local/bin:/usr/local/sbin:/usr/local/bin:/usr/sbin:/usr/bin:/sbin:/bin:/usr/games:/usr/local/games:/snap/bin:/snap/bin'), ('SESSION_MANAGER', 'local/com9:@/tmp/.ICE-unix/17475,unix/com9:/tmp/.ICE-unix/17475'), ('XDG_MENU_PREFIX', 'gnome-'), ('GNOME_TERMINAL_SCREEN', '/org/gnome/Terminal/screen/082c707b_1b9d_480a_9979_2cd556cf1a94'), ('GNOME_SETUP_DISPLAY', ':1'), ('XDG_RUNTIME_DIR', '/run/user/1000'), ('DISPLAY', ':0'), ('LANG', 'en_US.UTF-8'), ('XDG_CURRENT_DESKTOP', 'ubuntu:GNOME'), ('XMODIFIERS', '@im=ibus'), ('XDG_SESSION_DESKTOP', 'ubuntu'), ('XAUTHORITY', '/run/user/1000/.mutter-Xwaylandauth.W7ZTS3'), ('LS_COLORS', 'rs=0:di=01;34:ln=01;36:mh=00:pi=40;33:so=01;35:do=01;35:bd=40;33;01:cd=40;33;01:or=40;31;01:mi=00:su=37;41:sg=30;43:ca=30;41:tw=30;42:ow=34;42:st=37;44:ex=01;32:*.tar=01;31:*.tgz=01;31:*.arc=01;31:*.arj=01;31:*.taz=01;31:*.lha=01;31:*.lz4=01;31:*.lzh=01;31:*.lzma=01;31:*.tlz=01;31:*.txz=01;31:*.tzo=01;31:*.t7z=01;31:*.zip=01;31:*.z=01;31:*.dz=01;31:*.gz=01;31:*.lrz=01;31:*.lz=01;31:*.lzo=01;31:*.xz=01;31:*.zst=01;31:*.tzst=01;31:*.bz2=01;31:*.bz=01;31:*.tbz=01;31:*.tbz2=01;31:*.tz=01;31:*.deb=01;31:*.rpm=01;31:*.jar=01;31:*.war=01;31:*.ear=01;31:*.sar=01;31:*.rar=01;31:*.alz=01;31:*.ace=01;31:*.zoo=01;31:*.cpio=01;31:*.7z=01;31:*.rz=01;31:*.cab=01;31:*.wim=01;31:*.swm=01;31:*.dwm=01;31:*.esd=01;31:*.jpg=01;35:*.jpeg=01;35:*.mjpg=01;35:*.mjpeg=01;35:*.gif=01;35:*.bmp=01;35:*.pbm=01;35:*.pgm=01;35:*.ppm=01;35:*.tga=01;35:*.xbm=01;35:*.xpm=01;35:*.tif=01;35:*.tiff=01;35:*.png=01;35:*.svg=01;35:*.svgz=01;35:*.mng=01;35:*.pcx=01;35:*.mov=01;35:*.mpg=01;35:*.mpeg=01;35:*.m2v=01;35:*.mkv=01;35:*.webm=01;35:*.webp=01;35:*.ogm=01;35:*.mp4=01;35:*.m4v=01;35:*.mp4v=01;35:*.vob=01;35:*.qt=01;35:*.nuv=01;35:*.wmv=01;35:*.asf=01;35:*.rm=01;35:*.rmvb=01;35:*.flc=01;35:*.avi=01;35:*.fli=01;35:*.flv=01;35:*.gl=01;35:*.dl=01;35:*.xcf=01;35:*.xwd=01;35:*.yuv=01;35:*.cgm=01;35:*.emf=01;35:*.ogv=01;35:*.ogx=01;35:*.aac=00;36:*.au=00;36:*.flac=00;36:*.m4a=00;36:*.mid=00;36:*.midi=00;36:*.mka=00;36:*.mp3=00;36:*.mpc=00;36:*.ogg=00;36:*.ra=00;36:*.wav=00;36:*.oga=00;36:*.opus=00;36:*.spx=00;36:*.xspf=00;36:'), ('GNOME_TERMINAL_SERVICE', ':1.294'), ('SSH_AGENT_LAUNCHER', 'gnome-keyring'), ('SSH_AUTH_SOCK', '/run/user/1000/keyring/ssh'), ('AMENT_PREFIX_PATH', '/home/com9/uet_ws/install/ur_dashboard_msgs:/opt/ros/humble'), ('CONDA_PYTHON_EXE', '/home/com9/miniconda3/bin/python'), ('SHELL', '/bin/bash'), ('QT_ACCESSIBILITY', '1'), ('GDMSESSION', 'ubuntu'), ('LESSCLOSE', '/usr/bin/lesspipe %s %s'), ('_CONDA_EXE', '/home/com9/miniconda3/bin/conda'), ('QT_IM_MODULE', 'ibus'), ('PWD', '/home/com9/uet_ws/build/ur_controllers'), ('LC_ALL', 'en_US.UTF-8'), ('XDG_CONFIG_DIRS', '/etc/xdg/xdg-ubuntu:/etc/xdg'), ('CONDA_EXE', '/home/com9/miniconda3/bin/conda'), ('XDG_DATA_DIRS', '/usr/share/ubuntu:/usr/local/share/:/usr/share/:/var/lib/snapd/desktop'), ('PYTHONPATH', '/home/com9/uet_ws/install/ur_dashboard_msgs/local/lib/python3.10/dist-packages:/opt/ros/humble/lib/python3.10/site-packages:/opt/ros/humble/local/lib/python3.10/dist-packages'), ('COLCON', '1'), ('VTE_VERSION', '6800'), ('CMAKE_PREFIX_PATH', '/home/com9/uet_ws/install/ur_dashboard_msgs:/opt/ros/humble')]), 'shell': False}
[62.806582] (ur_controllers) StdoutLine: {'line': b'-- The C compiler identification is GNU 11.4.0\n'}
[62.835169] (-) TimerEvent: {}
[62.842958] (ur_controllers) StdoutLine: {'line': b'-- The CXX compiler identification is GNU 11.4.0\n'}
[62.847861] (ur_controllers) StdoutLine: {'line': b'-- Detecting C compiler ABI info\n'}
[62.893713] (ur_controllers) StdoutLine: {'line': b'-- Detecting C compiler ABI info - done\n'}
[62.898154] (ur_controllers) StdoutLine: {'line': b'-- Check for working C compiler: /usr/bin/cc - skipped\n'}
[62.898316] (ur_controllers) StdoutLine: {'line': b'-- Detecting C compile features\n'}
[62.898565] (ur_controllers) StdoutLine: {'line': b'-- Detecting C compile features - done\n'}
[62.900414] (ur_controllers) StdoutLine: {'line': b'-- Detecting CXX compiler ABI info\n'}
[62.935286] (-) TimerEvent: {}
[62.956010] (ur_controllers) StdoutLine: {'line': b'-- Detecting CXX compiler ABI info - done\n'}
[62.960458] (ur_controllers) StdoutLine: {'line': b'-- Check for working CXX compiler: /usr/bin/c++ - skipped\n'}
[62.960659] (ur_controllers) StdoutLine: {'line': b'-- Detecting CXX compile features\n'}
[62.960808] (ur_controllers) StdoutLine: {'line': b'-- Detecting CXX compile features - done\n'}
[62.962171] (ur_controllers) StdoutLine: {'line': b'-- Found ament_cmake: 1.3.14 (/opt/ros/humble/share/ament_cmake/cmake)\n'}
[63.035435] (-) TimerEvent: {}
[63.064035] (ur_controllers) StdoutLine: {'line': b'-- Found Python3: /usr/bin/python3 (found version "3.10.12") found components: Interpreter \n'}
[63.122624] (ur_controllers) StdoutLine: {'line': b'-- Found angles: 1.15.0 (/opt/ros/humble/share/angles/cmake)\n'}
[63.124748] (ur_controllers) StdoutLine: {'line': b'-- Found controller_interface: 2.54.0 (/opt/ros/humble/share/controller_interface/cmake)\n'}
[63.135629] (-) TimerEvent: {}
[63.151516] (ur_controllers) StdoutLine: {'line': b'-- Found rosidl_generator_c: 3.1.8 (/opt/ros/humble/share/rosidl_generator_c/cmake)\n'}
[63.154338] (ur_controllers) StdoutLine: {'line': b'-- Found rosidl_adapter: 3.1.8 (/opt/ros/humble/share/rosidl_adapter/cmake)\n'}
[63.159453] (ur_controllers) StdoutLine: {'line': b'-- Found rosidl_generator_cpp: 3.1.8 (/opt/ros/humble/share/rosidl_generator_cpp/cmake)\n'}
[63.167131] (ur_controllers) StdoutLine: {'line': b'-- Using all available rosidl_typesupport_c: rosidl_typesupport_fastrtps_c;rosidl_typesupport_introspection_c\n'}
[63.177004] (ur_controllers) StdoutLine: {'line': b'-- Using all available rosidl_typesupport_cpp: rosidl_typesupport_fastrtps_cpp;rosidl_typesupport_introspection_cpp\n'}
[63.235759] (-) TimerEvent: {}
[63.296481] (ur_controllers) StdoutLine: {'line': b'-- Found rmw_implementation_cmake: 6.1.2 (/opt/ros/humble/share/rmw_implementation_cmake/cmake)\n'}
[63.298009] (ur_controllers) StdoutLine: {'line': b'-- Found rmw_fastrtps_cpp: 6.2.10 (/opt/ros/humble/share/rmw_fastrtps_cpp/cmake)\n'}
[63.311594] (ur_controllers) StdoutLine: {'line': b'-- Found TinyXML2 via Config file: TinyXML2_DIR-NOTFOUND\n'}
[63.335902] (-) TimerEvent: {}
[63.348171] (ur_controllers) StdoutLine: {'line': b'-- Found OpenSSL: /usr/lib/x86_64-linux-gnu/libcrypto.so (found version "3.0.2")  \n'}
[63.349894] (ur_controllers) StdoutLine: {'line': b'-- Found TinyXML2 via Config file: TinyXML2_DIR-NOTFOUND\n'}
[63.358899] (ur_controllers) StdoutLine: {'line': b'-- Found FastRTPS: /opt/ros/humble/include  \n'}
[63.360913] (ur_controllers) StdoutLine: {'line': b'-- Found TinyXML2 via Config file: TinyXML2_DIR-NOTFOUND\n'}
[63.366996] (ur_controllers) StdoutLine: {'line': b'-- Found TinyXML2 via Config file: TinyXML2_DIR-NOTFOUND\n'}
[63.373472] (ur_controllers) StdoutLine: {'line': b"-- Using RMW implementation 'rmw_fastrtps_cpp' as default\n"}
[63.378443] (ur_controllers) StdoutLine: {'line': b'-- Looking for pthread.h\n'}
[63.423572] (ur_controllers) StdoutLine: {'line': b'-- Looking for pthread.h - found\n'}
[63.423760] (ur_controllers) StdoutLine: {'line': b'-- Performing Test CMAKE_HAVE_LIBC_PTHREAD\n'}
[63.436000] (-) TimerEvent: {}
[63.471861] (ur_controllers) StdoutLine: {'line': b'-- Performing Test CMAKE_HAVE_LIBC_PTHREAD - Success\n'}
[63.472605] (ur_controllers) StdoutLine: {'line': b'-- Found Threads: TRUE  \n'}
[63.502130] (ur_controllers) StdoutLine: {'line': b'-- Found joint_trajectory_controller: 2.53.1 (/opt/ros/humble/share/joint_trajectory_controller/cmake)\n'}
[63.536192] (-) TimerEvent: {}
[63.548593] (ur_controllers) StdoutLine: {'line': b'-- Found std_srvs: 4.9.1 (/opt/ros/humble/share/std_srvs/cmake)\n'}
[63.553913] (ur_controllers) StdoutLine: {'line': b'-- Found tf2_geometry_msgs: 0.25.20 (/opt/ros/humble/share/tf2_geometry_msgs/cmake)\n'}
[63.558266] (ur_controllers) StdoutLine: {'line': b'-- Found eigen3_cmake_module: 0.1.1 (/opt/ros/humble/share/eigen3_cmake_module/cmake)\n'}
[63.559065] (ur_controllers) StdoutLine: {'line': b'-- Found Eigen3: TRUE (found version "3.4.0") \n'}
[63.559130] (ur_controllers) StdoutLine: {'line': b'-- Ensuring Eigen3 include directory is part of orocos-kdl CMake target\n'}
[63.591428] (ur_controllers) StdoutLine: {'line': b'-- Found ur_dashboard_msgs: 2.13.1 (/home/com9/uet_ws/install/ur_dashboard_msgs/share/ur_dashboard_msgs/cmake)\n'}
[63.601060] (ur_controllers) StdoutLine: {'line': b'-- Found ur_msgs: 2.5.0 (/opt/ros/humble/share/ur_msgs/cmake)\n'}
[63.625186] (ur_controllers) StdoutLine: {'line': b'-- Found ament_cmake_gmock: 1.3.14 (/opt/ros/humble/share/ament_cmake_gmock/cmake)\n'}
[63.626573] (ur_controllers) StdoutLine: {'line': b'-- Found controller_manager: 2.54.0 (/opt/ros/humble/share/controller_manager/cmake)\n'}
[63.636355] (-) TimerEvent: {}
[63.641279] (ur_controllers) StdoutLine: {'line': b'-- Found ros2_control_test_assets: 2.54.0 (/opt/ros/humble/share/ros2_control_test_assets/cmake)\n'}
[63.643441] (ur_controllers) StdoutLine: {'line': b"-- Found gmock sources under '/opt/ros/humble/src/gmock_vendor': C++ tests using 'Google Mock' will be built\n"}
[63.646469] (ur_controllers) StdoutLine: {'line': b'-- Found ament_cmake_gtest: 1.3.14 (/opt/ros/humble/share/ament_cmake_gtest/cmake)\n'}
[63.647467] (ur_controllers) StdoutLine: {'line': b"-- Found gtest sources under '/opt/ros/humble/src/gtest_vendor': C++ tests using 'Google Test' will be built\n"}
[63.691579] (ur_controllers) StdoutLine: {'line': b'-- Configuring done\n'}
[63.723146] (ur_controllers) StdoutLine: {'line': b'-- Generating done\n'}
[63.735889] (ur_controllers) StdoutLine: {'line': b'-- Build files have been written to: /home/com9/uet_ws/build/ur_controllers\n'}
[63.736414] (-) TimerEvent: {}
[63.745122] (ur_controllers) CommandEnded: {'returncode': 0}
[63.745789] (ur_controllers) JobProgress: {'identifier': 'ur_controllers', 'progress': 'build'}
[63.745816] (ur_controllers) Command: {'cmd': ['/usr/bin/cmake', '--build', '/home/com9/uet_ws/build/ur_controllers'], 'cwd': '/home/com9/uet_ws/build/ur_controllers', 'env': OrderedDict([('LESSOPEN', '| /usr/bin/lesspipe %s'), ('CMAKE_BUILD_PARALLEL_LEVEL', '1'), ('USER', 'com9'), ('XDG_SESSION_TYPE', 'wayland'), ('SHLVL', '1'), ('LD_LIBRARY_PATH', '/home/com9/uet_ws/install/ur_dashboard_msgs/lib:/opt/ros/humble/opt/rviz_ogre_vendor/lib:/opt/ros/humble/lib/x86_64-linux-gnu:/opt/ros/humble/lib'), ('HOME', '/home/com9'), ('CONDA_SHLVL', '0'), ('CYCLONEDDS_URI', '<CycloneDDS><Domain><General><DontRoute>true</></></></>'), ('OLDPWD', '/home/com9/uet_ws'), ('DESKTOP_SESSION', 'ubuntu'), ('ROS_PYTHON_VERSION', '3'), ('GNOME_SHELL_SESSION_MODE', 'ubuntu'), ('GTK_MODULES', 'gail:atk-bridge'), ('MAKEFLAGS', '-j1'), ('SYSTEMD_EXEC_PID', '17504'), ('IM_CONFIG_CHECK_ENV', '1'), ('DBUS_SESSION_BUS_ADDRESS', 'unix:path=/run/user/1000/bus'), ('COLORTERM', 'truecolor'), ('_CE_M', ''), ('_CONDA_ROOT', '/home/com9/miniconda3'), ('IM_CONFIG_PHASE', '1'), ('WAYLAND_DISPLAY', 'wayland-0'), ('ROS_DISTRO', 'humble'), ('LOGNAME', 'com9'), ('_', '/usr/bin/colcon'), ('ROS_VERSION', '2'), ('XDG_SESSION_CLASS', 'user'), ('USERNAME', 'com9'), ('TERM', 'xterm-256color'), ('GNOME_DESKTOP_SESSION_ID', 'this-is-deprecated'), ('_CE_CONDA', ''), ('ROS_LOCALHOST_ONLY', '0'), ('PATH', '/opt/ros/humble/bin:/home/com9/.local/bin:/home/com9/miniconda3/condabin:/home/com9/.local/bin:/home/com9/.local/bin:/home/com9/.local/bin:/home/com9/.local/bin:/usr/local/sbin:/usr/local/bin:/usr/sbin:/usr/bin:/sbin:/bin:/usr/games:/usr/local/games:/snap/bin:/snap/bin'), ('SESSION_MANAGER', 'local/com9:@/tmp/.ICE-unix/17475,unix/com9:/tmp/.ICE-unix/17475'), ('XDG_MENU_PREFIX', 'gnome-'), ('GNOME_TERMINAL_SCREEN', '/org/gnome/Terminal/screen/082c707b_1b9d_480a_9979_2cd556cf1a94'), ('GNOME_SETUP_DISPLAY', ':1'), ('XDG_RUNTIME_DIR', '/run/user/1000'), ('DISPLAY', ':0'), ('LANG', 'en_US.UTF-8'), ('XDG_CURRENT_DESKTOP', 'ubuntu:GNOME'), ('XMODIFIERS', '@im=ibus'), ('XDG_SESSION_DESKTOP', 'ubuntu'), ('XAUTHORITY', '/run/user/1000/.mutter-Xwaylandauth.W7ZTS3'), ('LS_COLORS', 'rs=0:di=01;34:ln=01;36:mh=00:pi=40;33:so=01;35:do=01;35:bd=40;33;01:cd=40;33;01:or=40;31;01:mi=00:su=37;41:sg=30;43:ca=30;41:tw=30;42:ow=34;42:st=37;44:ex=01;32:*.tar=01;31:*.tgz=01;31:*.arc=01;31:*.arj=01;31:*.taz=01;31:*.lha=01;31:*.lz4=01;31:*.lzh=01;31:*.lzma=01;31:*.tlz=01;31:*.txz=01;31:*.tzo=01;31:*.t7z=01;31:*.zip=01;31:*.z=01;31:*.dz=01;31:*.gz=01;31:*.lrz=01;31:*.lz=01;31:*.lzo=01;31:*.xz=01;31:*.zst=01;31:*.tzst=01;31:*.bz2=01;31:*.bz=01;31:*.tbz=01;31:*.tbz2=01;31:*.tz=01;31:*.deb=01;31:*.rpm=01;31:*.jar=01;31:*.war=01;31:*.ear=01;31:*.sar=01;31:*.rar=01;31:*.alz=01;31:*.ace=01;31:*.zoo=01;31:*.cpio=01;31:*.7z=01;31:*.rz=01;31:*.cab=01;31:*.wim=01;31:*.swm=01;31:*.dwm=01;31:*.esd=01;31:*.jpg=01;35:*.jpeg=01;35:*.mjpg=01;35:*.mjpeg=01;35:*.gif=01;35:*.bmp=01;35:*.pbm=01;35:*.pgm=01;35:*.ppm=01;35:*.tga=01;35:*.xbm=01;35:*.xpm=01;35:*.tif=01;35:*.tiff=01;35:*.png=01;35:*.svg=01;35:*.svgz=01;35:*.mng=01;35:*.pcx=01;35:*.mov=01;35:*.mpg=01;35:*.mpeg=01;35:*.m2v=01;35:*.mkv=01;35:*.webm=01;35:*.webp=01;35:*.ogm=01;35:*.mp4=01;35:*.m4v=01;35:*.mp4v=01;35:*.vob=01;35:*.qt=01;35:*.nuv=01;35:*.wmv=01;35:*.asf=01;35:*.rm=01;35:*.rmvb=01;35:*.flc=01;35:*.avi=01;35:*.fli=01;35:*.flv=01;35:*.gl=01;35:*.dl=01;35:*.xcf=01;35:*.xwd=01;35:*.yuv=01;35:*.cgm=01;35:*.emf=01;35:*.ogv=01;35:*.ogx=01;35:*.aac=00;36:*.au=00;36:*.flac=00;36:*.m4a=00;36:*.mid=00;36:*.midi=00;36:*.mka=00;36:*.mp3=00;36:*.mpc=00;36:*.ogg=00;36:*.ra=00;36:*.wav=00;36:*.oga=00;36:*.opus=00;36:*.spx=00;36:*.xspf=00;36:'), ('GNOME_TERMINAL_SERVICE', ':1.294'), ('SSH_AGENT_LAUNCHER', 'gnome-keyring'), ('SSH_AUTH_SOCK', '/run/user/1000/keyring/ssh'), ('AMENT_PREFIX_PATH', '/home/com9/uet_ws/install/ur_dashboard_msgs:/opt/ros/humble'), ('CONDA_PYTHON_EXE', '/home/com9/miniconda3/bin/python'), ('SHELL', '/bin/bash'), ('QT_ACCESSIBILITY', '1'), ('GDMSESSION', 'ubuntu'), ('LESSCLOSE', '/usr/bin/lesspipe %s %s'), ('_CONDA_EXE', '/home/com9/miniconda3/bin/conda'), ('QT_IM_MODULE', 'ibus'), ('PWD', '/home/com9/uet_ws/build/ur_controllers'), ('LC_ALL', 'en_US.UTF-8'), ('XDG_CONFIG_DIRS', '/etc/xdg/xdg-ubuntu:/etc/xdg'), ('CONDA_EXE', '/home/com9/miniconda3/bin/conda'), ('XDG_DATA_DIRS', '/usr/share/ubuntu:/usr/local/share/:/usr/share/:/var/lib/snapd/desktop'), ('PYTHONPATH', '/home/com9/uet_ws/install/ur_dashboard_msgs/local/lib/python3.10/dist-packages:/opt/ros/humble/lib/python3.10/site-packages:/opt/ros/humble/local/lib/python3.10/dist-packages'), ('COLCON', '1'), ('VTE_VERSION', '6800'), ('CMAKE_PREFIX_PATH', '/home/com9/uet_ws/install/ur_dashboard_msgs:/opt/ros/humble')]), 'shell': False}
[63.781354] (ur_controllers) StdoutLine: {'line': b'[  2%] \x1b[34m\x1b[1mRunning `/opt/ros/humble/bin/generate_parameter_library_cpp /home/com9/uet_ws/build/ur_controllers/include/ur_controllers/tool_contact_controller_parameters.hpp /home/com9/uet_ws/src/Universal_Robots_ROS2_Driver/ur_controllers/src/tool_contact_controller_parameters.yaml `\x1b[0m\n'}
[63.836590] (-) TimerEvent: {}
[63.887751] (ur_controllers) StdoutLine: {'line': b'[  4%] \x1b[34m\x1b[1mCreating deprecated header file /home/com9/uet_ws/build/ur_controllers/include/tool_contact_controller_parameters.hpp\x1b[0m\n'}
[63.898978] (ur_controllers) StdoutLine: {'line': b'[  4%] Built target tool_contact_controller_parameters\n'}
[63.911467] (ur_controllers) StdoutLine: {'line': b'[  6%] \x1b[34m\x1b[1mRunning `/opt/ros/humble/bin/generate_parameter_library_cpp /home/com9/uet_ws/build/ur_controllers/include/ur_controllers/force_mode_controller_parameters.hpp /home/com9/uet_ws/src/Universal_Robots_ROS2_Driver/ur_controllers/src/force_mode_controller_parameters.yaml `\x1b[0m\n'}
[63.936697] (-) TimerEvent: {}
[64.016816] (ur_controllers) StdoutLine: {'line': b'[  9%] \x1b[34m\x1b[1mCreating deprecated header file /home/com9/uet_ws/build/ur_controllers/include/force_mode_controller_parameters.hpp\x1b[0m\n'}
[64.029454] (ur_controllers) StdoutLine: {'line': b'[  9%] Built target force_mode_controller_parameters\n'}
[64.036779] (-) TimerEvent: {}
[64.043335] (ur_controllers) StdoutLine: {'line': b'[ 11%] \x1b[34m\x1b[1mRunning `/opt/ros/humble/bin/generate_parameter_library_cpp /home/com9/uet_ws/build/ur_controllers/include/ur_controllers/friction_model_controller_parameters.hpp /home/com9/uet_ws/src/Universal_Robots_ROS2_Driver/ur_controllers/src/friction_model_controller_parameters.yaml `\x1b[0m\n'}
[64.136948] (-) TimerEvent: {}
[64.140008] (ur_controllers) StdoutLine: {'line': b'[ 13%] \x1b[34m\x1b[1mCreating deprecated header file /home/com9/uet_ws/build/ur_controllers/include/friction_model_controller_parameters.hpp\x1b[0m\n'}
[64.152054] (ur_controllers) StdoutLine: {'line': b'[ 13%] Built target friction_model_controller_parameters\n'}
[64.166536] (ur_controllers) StdoutLine: {'line': b'[ 16%] \x1b[34m\x1b[1mRunning `/opt/ros/humble/bin/generate_parameter_library_cpp /home/com9/uet_ws/build/ur_controllers/include/ur_controllers/gpio_controller_parameters.hpp /home/com9/uet_ws/src/Universal_Robots_ROS2_Driver/ur_controllers/src/gpio_controller_parameters.yaml `\x1b[0m\n'}
[64.237118] (-) TimerEvent: {}
[64.279457] (ur_controllers) StdoutLine: {'line': b'[ 18%] \x1b[34m\x1b[1mCreating deprecated header file /home/com9/uet_ws/build/ur_controllers/include/gpio_controller_parameters.hpp\x1b[0m\n'}
[64.290613] (ur_controllers) StdoutLine: {'line': b'[ 18%] Built target gpio_controller_parameters\n'}
[64.303279] (ur_controllers) StdoutLine: {'line': b'[ 20%] \x1b[34m\x1b[1mRunning `/opt/ros/humble/bin/generate_parameter_library_cpp /home/com9/uet_ws/build/ur_controllers/include/ur_controllers/speed_scaling_state_broadcaster_parameters.hpp /home/com9/uet_ws/src/Universal_Robots_ROS2_Driver/ur_controllers/src/speed_scaling_state_broadcaster_parameters.yaml `\x1b[0m\n'}
[64.337230] (-) TimerEvent: {}
[64.399409] (ur_controllers) StdoutLine: {'line': b'[ 23%] \x1b[34m\x1b[1mCreating deprecated header file /home/com9/uet_ws/build/ur_controllers/include/speed_scaling_state_broadcaster_parameters.hpp\x1b[0m\n'}
[64.411901] (ur_controllers) StdoutLine: {'line': b'[ 23%] Built target speed_scaling_state_broadcaster_parameters\n'}
[64.425853] (ur_controllers) StdoutLine: {'line': b'[ 25%] \x1b[34m\x1b[1mRunning `/opt/ros/humble/bin/generate_parameter_library_cpp /home/com9/uet_ws/build/ur_controllers/include/ur_controllers/scaled_joint_trajectory_controller_parameters.hpp /home/com9/uet_ws/src/Universal_Robots_ROS2_Driver/ur_controllers/src/scaled_joint_trajectory_controller_parameters.yaml `\x1b[0m\n'}
[64.437329] (-) TimerEvent: {}
[64.513111] (ur_controllers) StdoutLine: {'line': b'[ 27%] \x1b[34m\x1b[1mCreating deprecated header file /home/com9/uet_ws/build/ur_controllers/include/scaled_joint_trajectory_controller_parameters.hpp\x1b[0m\n'}
[64.524189] (ur_controllers) StdoutLine: {'line': b'[ 27%] Built target scaled_joint_trajectory_controller_parameters\n'}
[64.537287] (ur_controllers) StdoutLine: {'line': b'[ 30%] \x1b[34m\x1b[1mRunning `/opt/ros/humble/bin/generate_parameter_library_cpp /home/com9/uet_ws/build/ur_controllers/include/ur_controllers/freedrive_mode_controller_parameters.hpp /home/com9/uet_ws/src/Universal_Robots_ROS2_Driver/ur_controllers/src/freedrive_mode_controller_parameters.yaml `\x1b[0m\n'}
[64.537406] (-) TimerEvent: {}
[64.637558] (-) TimerEvent: {}
[64.647337] (ur_controllers) StdoutLine: {'line': b'[ 32%] \x1b[34m\x1b[1mCreating deprecated header file /home/com9/uet_ws/build/ur_controllers/include/freedrive_mode_controller_parameters.hpp\x1b[0m\n'}
[64.659766] (ur_controllers) StdoutLine: {'line': b'[ 32%] Built target freedrive_mode_controller_parameters\n'}
[64.672525] (ur_controllers) StdoutLine: {'line': b'[ 34%] \x1b[34m\x1b[1mRunning `/opt/ros/humble/bin/generate_parameter_library_cpp /home/com9/uet_ws/build/ur_controllers/include/ur_controllers/passthrough_trajectory_controller_parameters.hpp /home/com9/uet_ws/src/Universal_Robots_ROS2_Driver/ur_controllers/src/passthrough_trajectory_controller_parameters.yaml `\x1b[0m\n'}
[64.737729] (-) TimerEvent: {}
[64.801131] (ur_controllers) StdoutLine: {'line': b'[ 37%] \x1b[34m\x1b[1mCreating deprecated header file /home/com9/uet_ws/build/ur_controllers/include/passthrough_trajectory_controller_parameters.hpp\x1b[0m\n'}
[64.810396] (ur_controllers) StdoutLine: {'line': b'[ 37%] Built target passthrough_trajectory_controller_parameters\n'}
[64.822120] (ur_controllers) StdoutLine: {'line': b'[ 39%] \x1b[34m\x1b[1mRunning `/opt/ros/humble/bin/generate_parameter_library_cpp /home/com9/uet_ws/build/ur_controllers/include/ur_controllers/ur_configuration_controller_parameters.hpp /home/com9/uet_ws/src/Universal_Robots_ROS2_Driver/ur_controllers/src/ur_configuration_controller_parameters.yaml `\x1b[0m\n'}
[64.837833] (-) TimerEvent: {}
[64.908622] (ur_controllers) StdoutLine: {'line': b'[ 41%] \x1b[34m\x1b[1mCreating deprecated header file /home/com9/uet_ws/build/ur_controllers/include/ur_configuration_controller_parameters.hpp\x1b[0m\n'}
[64.921145] (ur_controllers) StdoutLine: {'line': b'[ 41%] Built target ur_configuration_controller_parameters\n'}
[64.933354] (ur_controllers) StdoutLine: {'line': b'[ 44%] \x1b[32mBuilding CXX object CMakeFiles/ur_controllers.dir/src/tool_contact_controller.cpp.o\x1b[0m\n'}
[64.937930] (-) TimerEvent: {}
[65.038191] (-) TimerEvent: {}
[65.138422] (-) TimerEvent: {}
[65.238665] (-) TimerEvent: {}
[65.338965] (-) TimerEvent: {}
[65.439289] (-) TimerEvent: {}
[65.539512] (-) TimerEvent: {}
[65.639755] (-) TimerEvent: {}
[65.740053] (-) TimerEvent: {}
[65.840368] (-) TimerEvent: {}
[65.940683] (-) TimerEvent: {}
[66.040984] (-) TimerEvent: {}
[66.141291] (-) TimerEvent: {}
[66.241535] (-) TimerEvent: {}
[66.341834] (-) TimerEvent: {}
[66.442139] (-) TimerEvent: {}
[66.542376] (-) TimerEvent: {}
[66.642620] (-) TimerEvent: {}
[66.742951] (-) TimerEvent: {}
[66.843287] (-) TimerEvent: {}
[66.943584] (-) TimerEvent: {}
[67.043872] (-) TimerEvent: {}
[67.144194] (-) TimerEvent: {}
[67.244413] (-) TimerEvent: {}
[67.309656] (ur_controllers) StdoutLine: {'line': b'[ 46%] \x1b[32mBuilding CXX object CMakeFiles/ur_controllers.dir/src/force_mode_controller.cpp.o\x1b[0m\n'}
[67.344496] (-) TimerEvent: {}
[67.444719] (-) TimerEvent: {}
[67.545011] (-) TimerEvent: {}
[67.645311] (-) TimerEvent: {}
[67.745617] (-) TimerEvent: {}
[67.845946] (-) TimerEvent: {}
[67.946263] (-) TimerEvent: {}
[68.046577] (-) TimerEvent: {}
[68.146881] (-) TimerEvent: {}
[68.247189] (-) TimerEvent: {}
[68.347556] (-) TimerEvent: {}
[68.447875] (-) TimerEvent: {}
[68.548193] (-) TimerEvent: {}
[68.648505] (-) TimerEvent: {}
[68.748822] (-) TimerEvent: {}
[68.849155] (-) TimerEvent: {}
[68.949498] (-) TimerEvent: {}
[69.049711] (-) TimerEvent: {}
[69.150037] (-) TimerEvent: {}
[69.250282] (-) TimerEvent: {}
[69.350600] (-) TimerEvent: {}
[69.450942] (-) TimerEvent: {}
[69.551274] (-) TimerEvent: {}
[69.651556] (-) TimerEvent: {}
[69.751872] (-) TimerEvent: {}
[69.852208] (-) TimerEvent: {}
[69.952549] (-) TimerEvent: {}
[70.004829] (ur_controllers) StdoutLine: {'line': b'[ 48%] \x1b[32mBuilding CXX object CMakeFiles/ur_controllers.dir/src/friction_model_controller.cpp.o\x1b[0m\n'}
[70.052660] (-) TimerEvent: {}
[70.152893] (-) TimerEvent: {}
[70.253123] (-) TimerEvent: {}
[70.353357] (-) TimerEvent: {}
[70.453602] (-) TimerEvent: {}
[70.553838] (-) TimerEvent: {}
[70.654073] (-) TimerEvent: {}
[70.754265] (-) TimerEvent: {}
[70.854475] (-) TimerEvent: {}
[70.954712] (-) TimerEvent: {}
[71.054947] (-) TimerEvent: {}
[71.155181] (-) TimerEvent: {}
[71.255422] (-) TimerEvent: {}
[71.355676] (-) TimerEvent: {}
[71.455918] (-) TimerEvent: {}
[71.556245] (-) TimerEvent: {}
[71.656573] (-) TimerEvent: {}
[71.756876] (-) TimerEvent: {}
[71.857172] (-) TimerEvent: {}
[71.957502] (-) TimerEvent: {}
[72.057806] (-) TimerEvent: {}
[72.104834] (ur_controllers) StdoutLine: {'line': b'[ 51%] \x1b[32mBuilding CXX object CMakeFiles/ur_controllers.dir/src/scaled_joint_trajectory_controller.cpp.o\x1b[0m\n'}
[72.157988] (-) TimerEvent: {}
[72.258290] (-) TimerEvent: {}
[72.358590] (-) TimerEvent: {}
[72.458827] (-) TimerEvent: {}
[72.559120] (-) TimerEvent: {}
[72.659431] (-) TimerEvent: {}
[72.759736] (-) TimerEvent: {}
[72.860038] (-) TimerEvent: {}
[72.960366] (-) TimerEvent: {}
[73.060605] (-) TimerEvent: {}
[73.160912] (-) TimerEvent: {}
[73.261220] (-) TimerEvent: {}
[73.361520] (-) TimerEvent: {}
[73.461770] (-) TimerEvent: {}
[73.562006] (-) TimerEvent: {}
[73.662298] (-) TimerEvent: {}
[73.762607] (-) TimerEvent: {}
[73.862908] (-) TimerEvent: {}
[73.963213] (-) TimerEvent: {}
[74.063433] (-) TimerEvent: {}
[74.163669] (-) TimerEvent: {}
[74.263966] (-) TimerEvent: {}
[74.364292] (-) TimerEvent: {}
[74.464506] (-) TimerEvent: {}
[74.563958] (ur_controllers) StdoutLine: {'line': b'[ 53%] \x1b[32mBuilding CXX object CMakeFiles/ur_controllers.dir/src/speed_scaling_state_broadcaster.cpp.o\x1b[0m\n'}
[74.564594] (-) TimerEvent: {}
[74.664757] (-) TimerEvent: {}
[74.764965] (-) TimerEvent: {}
[74.865223] (-) TimerEvent: {}
[74.965491] (-) TimerEvent: {}
[75.065805] (-) TimerEvent: {}
[75.166150] (-) TimerEvent: {}
[75.266431] (-) TimerEvent: {}
[75.366687] (-) TimerEvent: {}
[75.467027] (-) TimerEvent: {}
[75.567347] (-) TimerEvent: {}
[75.667640] (-) TimerEvent: {}
[75.767991] (-) TimerEvent: {}
[75.868330] (-) TimerEvent: {}
[75.968579] (-) TimerEvent: {}
[76.068909] (-) TimerEvent: {}
[76.169240] (-) TimerEvent: {}
[76.269457] (-) TimerEvent: {}
[76.369722] (-) TimerEvent: {}
[76.470058] (-) TimerEvent: {}
[76.570341] (-) TimerEvent: {}
[76.670642] (-) TimerEvent: {}
[76.770940] (-) TimerEvent: {}
[76.871236] (-) TimerEvent: {}
[76.971556] (-) TimerEvent: {}
[77.027140] (ur_controllers) StdoutLine: {'line': b'[ 55%] \x1b[32mBuilding CXX object CMakeFiles/ur_controllers.dir/src/freedrive_mode_controller.cpp.o\x1b[0m\n'}
[77.071722] (-) TimerEvent: {}
[77.172014] (-) TimerEvent: {}
[77.272350] (-) TimerEvent: {}
[77.372650] (-) TimerEvent: {}
[77.472978] (-) TimerEvent: {}
[77.573280] (-) TimerEvent: {}
[77.673608] (-) TimerEvent: {}
[77.773940] (-) TimerEvent: {}
[77.874265] (-) TimerEvent: {}
[77.974568] (-) TimerEvent: {}
[78.074902] (-) TimerEvent: {}
[78.175221] (-) TimerEvent: {}
[78.275526] (-) TimerEvent: {}
[78.375820] (-) TimerEvent: {}
[78.476145] (-) TimerEvent: {}
[78.576473] (-) TimerEvent: {}
[78.676780] (-) TimerEvent: {}
[78.777110] (-) TimerEvent: {}
[78.877420] (-) TimerEvent: {}
[78.977746] (-) TimerEvent: {}
[79.078085] (-) TimerEvent: {}
[79.178448] (-) TimerEvent: {}
[79.278801] (-) TimerEvent: {}
[79.379126] (-) TimerEvent: {}
[79.479438] (-) TimerEvent: {}
[79.579771] (-) TimerEvent: {}
[79.680109] (-) TimerEvent: {}
[79.780378] (-) TimerEvent: {}
[79.880588] (-) TimerEvent: {}
[79.980924] (-) TimerEvent: {}
[80.081164] (-) TimerEvent: {}
[80.181383] (-) TimerEvent: {}
[80.281610] (-) TimerEvent: {}
[80.381862] (-) TimerEvent: {}
[80.482091] (-) TimerEvent: {}
[80.582333] (-) TimerEvent: {}
[80.682564] (-) TimerEvent: {}
[80.782788] (-) TimerEvent: {}
[80.883076] (-) TimerEvent: {}
[80.983326] (-) TimerEvent: {}
[81.083535] (-) TimerEvent: {}
[81.183791] (-) TimerEvent: {}
[81.284062] (-) TimerEvent: {}
[81.384322] (-) TimerEvent: {}
[81.484568] (-) TimerEvent: {}
[81.559227] (ur_controllers) StdoutLine: {'line': b'[ 58%] \x1b[32mBuilding CXX object CMakeFiles/ur_controllers.dir/src/gpio_controller.cpp.o\x1b[0m\n'}
[81.584730] (-) TimerEvent: {}
[81.685017] (-) TimerEvent: {}
[81.785319] (-) TimerEvent: {}
[81.885635] (-) TimerEvent: {}
[81.985986] (-) TimerEvent: {}
[82.086346] (-) TimerEvent: {}
[82.186708] (-) TimerEvent: {}
[82.286995] (-) TimerEvent: {}
[82.387357] (-) TimerEvent: {}
[82.487727] (-) TimerEvent: {}
[82.588092] (-) TimerEvent: {}
[82.688333] (-) TimerEvent: {}
[82.788667] (-) TimerEvent: {}
[82.888966] (-) TimerEvent: {}
[82.989271] (-) TimerEvent: {}
[83.089586] (-) TimerEvent: {}
[83.189889] (-) TimerEvent: {}
[83.290195] (-) TimerEvent: {}
[83.390524] (-) TimerEvent: {}
[83.490773] (-) TimerEvent: {}
[83.591082] (-) TimerEvent: {}
[83.691333] (-) TimerEvent: {}
[83.791636] (-) TimerEvent: {}
[83.891959] (-) TimerEvent: {}
[83.992319] (-) TimerEvent: {}
[84.092648] (-) TimerEvent: {}
[84.192979] (-) TimerEvent: {}
[84.293324] (-) TimerEvent: {}
[84.393633] (-) TimerEvent: {}
[84.493943] (-) TimerEvent: {}
[84.594259] (-) TimerEvent: {}
[84.694469] (-) TimerEvent: {}
[84.794765] (-) TimerEvent: {}
[84.895061] (-) TimerEvent: {}
[84.995343] (-) TimerEvent: {}
[85.095663] (-) TimerEvent: {}
[85.195954] (-) TimerEvent: {}
[85.296253] (-) TimerEvent: {}
[85.396555] (-) TimerEvent: {}
[85.496786] (-) TimerEvent: {}
[85.597013] (-) TimerEvent: {}
[85.697305] (-) TimerEvent: {}
[85.797607] (-) TimerEvent: {}
[85.897945] (-) TimerEvent: {}
[85.998215] (-) TimerEvent: {}
[86.098469] (-) TimerEvent: {}
[86.198734] (-) TimerEvent: {}
[86.299029] (-) TimerEvent: {}
[86.399334] (-) TimerEvent: {}
[86.499562] (-) TimerEvent: {}
[86.599878] (-) TimerEvent: {}
[86.603536] (ur_controllers) StdoutLine: {'line': b'[ 60%] \x1b[32mBuilding CXX object CMakeFiles/ur_controllers.dir/src/passthrough_trajectory_controller.cpp.o\x1b[0m\n'}
[86.700046] (-) TimerEvent: {}
[86.800326] (-) TimerEvent: {}
[86.900543] (-) TimerEvent: {}
[87.000837] (-) TimerEvent: {}
[87.101163] (-) TimerEvent: {}
[87.201387] (-) TimerEvent: {}
[87.301637] (-) TimerEvent: {}
[87.401965] (-) TimerEvent: {}
[87.502274] (-) TimerEvent: {}
[87.602492] (-) TimerEvent: {}
[87.702739] (-) TimerEvent: {}
[87.803041] (-) TimerEvent: {}
[87.903361] (-) TimerEvent: {}
[88.003662] (-) TimerEvent: {}
[88.103965] (-) TimerEvent: {}
[88.204283] (-) TimerEvent: {}
[88.304504] (-) TimerEvent: {}
[88.404754] (-) TimerEvent: {}
[88.505056] (-) TimerEvent: {}
[88.605374] (-) TimerEvent: {}
[88.705689] (-) TimerEvent: {}
[88.806005] (-) TimerEvent: {}
[88.906326] (-) TimerEvent: {}
[89.006650] (-) TimerEvent: {}
[89.106952] (-) TimerEvent: {}
[89.207272] (-) TimerEvent: {}
[89.307592] (-) TimerEvent: {}
[89.407905] (-) TimerEvent: {}
[89.508226] (-) TimerEvent: {}
[89.608560] (-) TimerEvent: {}
[89.708896] (-) TimerEvent: {}
[89.752872] (ur_controllers) StdoutLine: {'line': b'[ 62%] \x1b[32mBuilding CXX object CMakeFiles/ur_controllers.dir/src/ur_configuration_controller.cpp.o\x1b[0m\n'}
[89.809069] (-) TimerEvent: {}
[89.909374] (-) TimerEvent: {}
[90.009699] (-) TimerEvent: {}
[90.109995] (-) TimerEvent: {}
[90.210306] (-) TimerEvent: {}
[90.310609] (-) TimerEvent: {}
[90.410908] (-) TimerEvent: {}
[90.511216] (-) TimerEvent: {}
[90.611545] (-) TimerEvent: {}
[90.711847] (-) TimerEvent: {}
[90.812162] (-) TimerEvent: {}
[90.912477] (-) TimerEvent: {}
[91.012742] (-) TimerEvent: {}
[91.112968] (-) TimerEvent: {}
[91.213195] (-) TimerEvent: {}
[91.313431] (-) TimerEvent: {}
[91.413670] (-) TimerEvent: {}
[91.513897] (-) TimerEvent: {}
[91.614146] (-) TimerEvent: {}
[91.714476] (-) TimerEvent: {}
[91.798915] (ur_controllers) StdoutLine: {'line': b'[ 65%] \x1b[32m\x1b[1mLinking CXX shared library libur_controllers.so\x1b[0m\n'}
[91.814577] (-) TimerEvent: {}
[91.914835] (-) TimerEvent: {}
[92.015146] (-) TimerEvent: {}
[92.115408] (-) TimerEvent: {}
[92.215641] (-) TimerEvent: {}
[92.315953] (-) TimerEvent: {}
[92.416262] (-) TimerEvent: {}
[92.516489] (-) TimerEvent: {}
[92.616742] (-) TimerEvent: {}
[92.655366] (ur_controllers) StdoutLine: {'line': b'[ 65%] Built target ur_controllers\n'}
[92.667451] (ur_controllers) StdoutLine: {'line': b'[ 67%] \x1b[32mBuilding CXX object gmock/CMakeFiles/gmock_main.dir/src/gmock_main.cc.o\x1b[0m\n'}
[92.716922] (-) TimerEvent: {}
[92.817222] (-) TimerEvent: {}
[92.917438] (-) TimerEvent: {}
[93.017681] (-) TimerEvent: {}
[93.118007] (-) TimerEvent: {}
[93.218354] (-) TimerEvent: {}
[93.267428] (ur_controllers) StdoutLine: {'line': b'[ 69%] \x1b[32m\x1b[1mLinking CXX static library libgmock_main.a\x1b[0m\n'}
[93.288804] (ur_controllers) StdoutLine: {'line': b'[ 69%] Built target gmock_main\n'}
[93.301316] (ur_controllers) StdoutLine: {'line': b'[ 72%] \x1b[32mBuilding CXX object gmock/CMakeFiles/gmock.dir/opt/ros/humble/src/gtest_vendor/src/gtest-all.cc.o\x1b[0m\n'}
[93.318434] (-) TimerEvent: {}
[93.418672] (-) TimerEvent: {}
[93.518972] (-) TimerEvent: {}
[93.619297] (-) TimerEvent: {}
[93.719603] (-) TimerEvent: {}
[93.819900] (-) TimerEvent: {}
[93.920211] (-) TimerEvent: {}
[94.020520] (-) TimerEvent: {}
[94.120838] (-) TimerEvent: {}
[94.221148] (-) TimerEvent: {}
[94.321444] (-) TimerEvent: {}
[94.421733] (-) TimerEvent: {}
[94.522024] (-) TimerEvent: {}
[94.622311] (-) TimerEvent: {}
[94.722631] (-) TimerEvent: {}
[94.822920] (-) TimerEvent: {}
[94.923223] (-) TimerEvent: {}
[94.935253] (ur_controllers) StdoutLine: {'line': b'[ 74%] \x1b[32mBuilding CXX object gmock/CMakeFiles/gmock.dir/src/gmock-all.cc.o\x1b[0m\n'}
[95.023337] (-) TimerEvent: {}
[95.123635] (-) TimerEvent: {}
[95.223930] (-) TimerEvent: {}
[95.324233] (-) TimerEvent: {}
[95.424536] (-) TimerEvent: {}
[95.524837] (-) TimerEvent: {}
[95.625173] (-) TimerEvent: {}
[95.725511] (-) TimerEvent: {}
[95.825826] (-) TimerEvent: {}
[95.926166] (-) TimerEvent: {}
[95.931681] (ur_controllers) StdoutLine: {'line': b'[ 76%] \x1b[32m\x1b[1mLinking CXX static library libgmock.a\x1b[0m\n'}
[95.972166] (ur_controllers) StdoutLine: {'line': b'[ 76%] Built target gmock\n'}
[95.986575] (ur_controllers) StdoutLine: {'line': b'[ 79%] \x1b[32mBuilding CXX object CMakeFiles/test_load_force_mode_controller.dir/test/test_load_force_mode_controller.cpp.o\x1b[0m\n'}
[96.026281] (-) TimerEvent: {}
[96.126675] (-) TimerEvent: {}
[96.227037] (-) TimerEvent: {}
[96.327427] (-) TimerEvent: {}
[96.427892] (-) TimerEvent: {}
[96.528275] (-) TimerEvent: {}
[96.628563] (-) TimerEvent: {}
[96.728945] (-) TimerEvent: {}
[96.829321] (-) TimerEvent: {}
[96.929698] (-) TimerEvent: {}
[97.030082] (-) TimerEvent: {}
[97.130406] (-) TimerEvent: {}
[97.230799] (-) TimerEvent: {}
[97.331081] (-) TimerEvent: {}
[97.431371] (-) TimerEvent: {}
[97.531716] (-) TimerEvent: {}
[97.632110] (-) TimerEvent: {}
[97.732503] (-) TimerEvent: {}
[97.832884] (-) TimerEvent: {}
[97.933293] (-) TimerEvent: {}
[98.033525] (-) TimerEvent: {}
[98.133756] (-) TimerEvent: {}
[98.233988] (-) TimerEvent: {}
[98.334227] (-) TimerEvent: {}
[98.434436] (-) TimerEvent: {}
[98.534729] (-) TimerEvent: {}
[98.635065] (-) TimerEvent: {}
[98.662826] (ur_controllers) StdoutLine: {'line': b'[ 81%] \x1b[32m\x1b[1mLinking CXX executable test_load_force_mode_controller\x1b[0m\n'}
[98.735175] (-) TimerEvent: {}
[98.835494] (-) TimerEvent: {}
[98.847434] (ur_controllers) StdoutLine: {'line': b'[ 81%] Built target test_load_force_mode_controller\n'}
[98.861224] (ur_controllers) StdoutLine: {'line': b'[ 83%] \x1b[32mBuilding CXX object CMakeFiles/test_load_freedrive_mode_controller.dir/test/test_load_freedrive_mode_controller.cpp.o\x1b[0m\n'}
[98.935606] (-) TimerEvent: {}
[99.035828] (-) TimerEvent: {}
[99.136119] (-) TimerEvent: {}
[99.236458] (-) TimerEvent: {}
[99.336692] (-) TimerEvent: {}
[99.436985] (-) TimerEvent: {}
[99.537290] (-) TimerEvent: {}
[99.637513] (-) TimerEvent: {}
[99.737778] (-) TimerEvent: {}
[99.838009] (-) TimerEvent: {}
[99.938252] (-) TimerEvent: {}
[100.038467] (-) TimerEvent: {}
[100.138703] (-) TimerEvent: {}
[100.239013] (-) TimerEvent: {}
[100.339368] (-) TimerEvent: {}
[100.439679] (-) TimerEvent: {}
[100.539985] (-) TimerEvent: {}
[100.640284] (-) TimerEvent: {}
[100.740592] (-) TimerEvent: {}
[100.840899] (-) TimerEvent: {}
[100.941209] (-) TimerEvent: {}
[101.041506] (-) TimerEvent: {}
[101.141814] (-) TimerEvent: {}
[101.242113] (-) TimerEvent: {}
[101.342357] (-) TimerEvent: {}
[101.442583] (-) TimerEvent: {}
[101.485639] (ur_controllers) StdoutLine: {'line': b'[ 86%] \x1b[32m\x1b[1mLinking CXX executable test_load_freedrive_mode_controller\x1b[0m\n'}
[101.542688] (-) TimerEvent: {}
[101.642908] (-) TimerEvent: {}
[101.663218] (ur_controllers) StdoutLine: {'line': b'[ 86%] Built target test_load_freedrive_mode_controller\n'}
[101.677219] (ur_controllers) StdoutLine: {'line': b'[ 88%] \x1b[32mBuilding CXX object CMakeFiles/test_load_scaled_joint_trajectory_controller.dir/test/test_load_scaled_joint_trajectory_controller.cpp.o\x1b[0m\n'}
[101.743083] (-) TimerEvent: {}
[101.843326] (-) TimerEvent: {}
[101.943549] (-) TimerEvent: {}
[102.043848] (-) TimerEvent: {}
[102.144148] (-) TimerEvent: {}
[102.244394] (-) TimerEvent: {}
[102.344634] (-) TimerEvent: {}
[102.444908] (-) TimerEvent: {}
[102.545241] (-) TimerEvent: {}
[102.645619] (-) TimerEvent: {}
[102.745955] (-) TimerEvent: {}
[102.846213] (-) TimerEvent: {}
[102.946567] (-) TimerEvent: {}
[103.046896] (-) TimerEvent: {}
[103.147222] (-) TimerEvent: {}
[103.247548] (-) TimerEvent: {}
[103.347856] (-) TimerEvent: {}
[103.448155] (-) TimerEvent: {}
[103.548414] (-) TimerEvent: {}
[103.648715] (-) TimerEvent: {}
[103.749021] (-) TimerEvent: {}
[103.849334] (-) TimerEvent: {}
[103.949557] (-) TimerEvent: {}
[104.049805] (-) TimerEvent: {}
[104.150120] (-) TimerEvent: {}
[104.250354] (-) TimerEvent: {}
[104.350591] (-) TimerEvent: {}
[104.385418] (ur_controllers) StdoutLine: {'line': b'[ 90%] \x1b[32m\x1b[1mLinking CXX executable test_load_scaled_joint_trajectory_controller\x1b[0m\n'}
[104.450691] (-) TimerEvent: {}
[104.550928] (-) TimerEvent: {}
[104.565310] (ur_controllers) StdoutLine: {'line': b'[ 90%] Built target test_load_scaled_joint_trajectory_controller\n'}
[104.579462] (ur_controllers) StdoutLine: {'line': b'[ 93%] \x1b[32mBuilding CXX object CMakeFiles/test_scaled_joint_trajectory_controller_sampling.dir/test/test_scaled_joint_trajectory_controller_sampling.cpp.o\x1b[0m\n'}
[104.651102] (-) TimerEvent: {}
[104.751338] (-) TimerEvent: {}
[104.851580] (-) TimerEvent: {}
[104.951877] (-) TimerEvent: {}
[105.052110] (-) TimerEvent: {}
[105.152344] (-) TimerEvent: {}
[105.252652] (-) TimerEvent: {}
[105.352886] (-) TimerEvent: {}
[105.453117] (-) TimerEvent: {}
[105.553330] (-) TimerEvent: {}
[105.653567] (-) TimerEvent: {}
[105.753803] (-) TimerEvent: {}
[105.854031] (-) TimerEvent: {}
[105.954266] (-) TimerEvent: {}
[106.054481] (-) TimerEvent: {}
[106.154714] (-) TimerEvent: {}
[106.254948] (-) TimerEvent: {}
[106.355247] (-) TimerEvent: {}
[106.455461] (-) TimerEvent: {}
[106.555767] (-) TimerEvent: {}
[106.656074] (-) TimerEvent: {}
[106.756381] (-) TimerEvent: {}
[106.856688] (-) TimerEvent: {}
[106.956995] (-) TimerEvent: {}
[107.057292] (-) TimerEvent: {}
[107.157605] (-) TimerEvent: {}
[107.257910] (-) TimerEvent: {}
[107.358222] (-) TimerEvent: {}
[107.458445] (-) TimerEvent: {}
[107.558669] (-) TimerEvent: {}
[107.658963] (-) TimerEvent: {}
[107.759194] (-) TimerEvent: {}
[107.859445] (-) TimerEvent: {}
[107.959670] (-) TimerEvent: {}
[108.059893] (-) TimerEvent: {}
[108.160117] (-) TimerEvent: {}
[108.260346] (-) TimerEvent: {}
[108.320333] (ur_controllers) StdoutLine: {'line': b'[ 95%] \x1b[32m\x1b[1mLinking CXX executable test_scaled_joint_trajectory_controller_sampling\x1b[0m\n'}
[108.360526] (-) TimerEvent: {}
[108.460786] (-) TimerEvent: {}
[108.561107] (-) TimerEvent: {}
[108.661361] (-) TimerEvent: {}
[108.761574] (-) TimerEvent: {}
[108.819455] (ur_controllers) StdoutLine: {'line': b'[ 95%] Built target test_scaled_joint_trajectory_controller_sampling\n'}
[108.834110] (ur_controllers) StdoutLine: {'line': b'[ 97%] \x1b[32mBuilding CXX object CMakeFiles/test_load_friction_model_controller.dir/test/test_load_friction_model_controller.cpp.o\x1b[0m\n'}
[108.861667] (-) TimerEvent: {}
[108.961901] (-) TimerEvent: {}
[109.062144] (-) TimerEvent: {}
[109.162407] (-) TimerEvent: {}
[109.262664] (-) TimerEvent: {}
[109.362964] (-) TimerEvent: {}
[109.463283] (-) TimerEvent: {}
[109.563597] (-) TimerEvent: {}
[109.663934] (-) TimerEvent: {}
[109.764277] (-) TimerEvent: {}
[109.864633] (-) TimerEvent: {}
[109.964971] (-) TimerEvent: {}
[110.065236] (-) TimerEvent: {}
[110.165494] (-) TimerEvent: {}
[110.265735] (-) TimerEvent: {}
[110.366109] (-) TimerEvent: {}
[110.466334] (-) TimerEvent: {}
[110.566560] (-) TimerEvent: {}
[110.666807] (-) TimerEvent: {}
[110.767121] (-) TimerEvent: {}
[110.867438] (-) TimerEvent: {}
[110.967744] (-) TimerEvent: {}
[111.068045] (-) TimerEvent: {}
[111.168328] (-) TimerEvent: {}
[111.268547] (-) TimerEvent: {}
[111.368848] (-) TimerEvent: {}
[111.469091] (-) TimerEvent: {}
[111.556599] (ur_controllers) StdoutLine: {'line': b'[100%] \x1b[32m\x1b[1mLinking CXX executable test_load_friction_model_controller\x1b[0m\n'}
[111.569278] (-) TimerEvent: {}
[111.669547] (-) TimerEvent: {}
[111.736080] (ur_controllers) StdoutLine: {'line': b'[100%] Built target test_load_friction_model_controller\n'}
[111.742997] (ur_controllers) CommandEnded: {'returncode': 0}
[111.743570] (ur_controllers) JobProgress: {'identifier': 'ur_controllers', 'progress': 'install'}
[111.744137] (ur_controllers) Command: {'cmd': ['/usr/bin/cmake', '--install', '/home/com9/uet_ws/build/ur_controllers'], 'cwd': '/home/com9/uet_ws/build/ur_controllers', 'env': OrderedDict([('LESSOPEN', '| /usr/bin/lesspipe %s'), ('CMAKE_BUILD_PARALLEL_LEVEL', '1'), ('USER', 'com9'), ('XDG_SESSION_TYPE', 'wayland'), ('SHLVL', '1'), ('LD_LIBRARY_PATH', '/home/com9/uet_ws/install/ur_dashboard_msgs/lib:/opt/ros/humble/opt/rviz_ogre_vendor/lib:/opt/ros/humble/lib/x86_64-linux-gnu:/opt/ros/humble/lib'), ('HOME', '/home/com9'), ('CONDA_SHLVL', '0'), ('CYCLONEDDS_URI', '<CycloneDDS><Domain><General><DontRoute>true</></></></>'), ('OLDPWD', '/home/com9/uet_ws'), ('DESKTOP_SESSION', 'ubuntu'), ('ROS_PYTHON_VERSION', '3'), ('GNOME_SHELL_SESSION_MODE', 'ubuntu'), ('GTK_MODULES', 'gail:atk-bridge'), ('MAKEFLAGS', '-j1'), ('SYSTEMD_EXEC_PID', '17504'), ('IM_CONFIG_CHECK_ENV', '1'), ('DBUS_SESSION_BUS_ADDRESS', 'unix:path=/run/user/1000/bus'), ('COLORTERM', 'truecolor'), ('_CE_M', ''), ('_CONDA_ROOT', '/home/com9/miniconda3'), ('IM_CONFIG_PHASE', '1'), ('WAYLAND_DISPLAY', 'wayland-0'), ('ROS_DISTRO', 'humble'), ('LOGNAME', 'com9'), ('_', '/usr/bin/colcon'), ('ROS_VERSION', '2'), ('XDG_SESSION_CLASS', 'user'), ('USERNAME', 'com9'), ('TERM', 'xterm-256color'), ('GNOME_DESKTOP_SESSION_ID', 'this-is-deprecated'), ('_CE_CONDA', ''), ('ROS_LOCALHOST_ONLY', '0'), ('PATH', '/opt/ros/humble/bin:/home/com9/.local/bin:/home/com9/miniconda3/condabin:/home/com9/.local/bin:/home/com9/.local/bin:/home/com9/.local/bin:/home/com9/.local/bin:/usr/local/sbin:/usr/local/bin:/usr/sbin:/usr/bin:/sbin:/bin:/usr/games:/usr/local/games:/snap/bin:/snap/bin'), ('SESSION_MANAGER', 'local/com9:@/tmp/.ICE-unix/17475,unix/com9:/tmp/.ICE-unix/17475'), ('XDG_MENU_PREFIX', 'gnome-'), ('GNOME_TERMINAL_SCREEN', '/org/gnome/Terminal/screen/082c707b_1b9d_480a_9979_2cd556cf1a94'), ('GNOME_SETUP_DISPLAY', ':1'), ('XDG_RUNTIME_DIR', '/run/user/1000'), ('DISPLAY', ':0'), ('LANG', 'en_US.UTF-8'), ('XDG_CURRENT_DESKTOP', 'ubuntu:GNOME'), ('XMODIFIERS', '@im=ibus'), ('XDG_SESSION_DESKTOP', 'ubuntu'), ('XAUTHORITY', '/run/user/1000/.mutter-Xwaylandauth.W7ZTS3'), ('LS_COLORS', 'rs=0:di=01;34:ln=01;36:mh=00:pi=40;33:so=01;35:do=01;35:bd=40;33;01:cd=40;33;01:or=40;31;01:mi=00:su=37;41:sg=30;43:ca=30;41:tw=30;42:ow=34;42:st=37;44:ex=01;32:*.tar=01;31:*.tgz=01;31:*.arc=01;31:*.arj=01;31:*.taz=01;31:*.lha=01;31:*.lz4=01;31:*.lzh=01;31:*.lzma=01;31:*.tlz=01;31:*.txz=01;31:*.tzo=01;31:*.t7z=01;31:*.zip=01;31:*.z=01;31:*.dz=01;31:*.gz=01;31:*.lrz=01;31:*.lz=01;31:*.lzo=01;31:*.xz=01;31:*.zst=01;31:*.tzst=01;31:*.bz2=01;31:*.bz=01;31:*.tbz=01;31:*.tbz2=01;31:*.tz=01;31:*.deb=01;31:*.rpm=01;31:*.jar=01;31:*.war=01;31:*.ear=01;31:*.sar=01;31:*.rar=01;31:*.alz=01;31:*.ace=01;31:*.zoo=01;31:*.cpio=01;31:*.7z=01;31:*.rz=01;31:*.cab=01;31:*.wim=01;31:*.swm=01;31:*.dwm=01;31:*.esd=01;31:*.jpg=01;35:*.jpeg=01;35:*.mjpg=01;35:*.mjpeg=01;35:*.gif=01;35:*.bmp=01;35:*.pbm=01;35:*.pgm=01;35:*.ppm=01;35:*.tga=01;35:*.xbm=01;35:*.xpm=01;35:*.tif=01;35:*.tiff=01;35:*.png=01;35:*.svg=01;35:*.svgz=01;35:*.mng=01;35:*.pcx=01;35:*.mov=01;35:*.mpg=01;35:*.mpeg=01;35:*.m2v=01;35:*.mkv=01;35:*.webm=01;35:*.webp=01;35:*.ogm=01;35:*.mp4=01;35:*.m4v=01;35:*.mp4v=01;35:*.vob=01;35:*.qt=01;35:*.nuv=01;35:*.wmv=01;35:*.asf=01;35:*.rm=01;35:*.rmvb=01;35:*.flc=01;35:*.avi=01;35:*.fli=01;35:*.flv=01;35:*.gl=01;35:*.dl=01;35:*.xcf=01;35:*.xwd=01;35:*.yuv=01;35:*.cgm=01;35:*.emf=01;35:*.ogv=01;35:*.ogx=01;35:*.aac=00;36:*.au=00;36:*.flac=00;36:*.m4a=00;36:*.mid=00;36:*.midi=00;36:*.mka=00;36:*.mp3=00;36:*.mpc=00;36:*.ogg=00;36:*.ra=00;36:*.wav=00;36:*.oga=00;36:*.opus=00;36:*.spx=00;36:*.xspf=00;36:'), ('GNOME_TERMINAL_SERVICE', ':1.294'), ('SSH_AGENT_LAUNCHER', 'gnome-keyring'), ('SSH_AUTH_SOCK', '/run/user/1000/keyring/ssh'), ('AMENT_PREFIX_PATH', '/home/com9/uet_ws/install/ur_dashboard_msgs:/opt/ros/humble'), ('CONDA_PYTHON_EXE', '/home/com9/miniconda3/bin/python'), ('SHELL', '/bin/bash'), ('QT_ACCESSIBILITY', '1'), ('GDMSESSION', 'ubuntu'), ('LESSCLOSE', '/usr/bin/lesspipe %s %s'), ('_CONDA_EXE', '/home/com9/miniconda3/bin/conda'), ('QT_IM_MODULE', 'ibus'), ('PWD', '/home/com9/uet_ws/build/ur_controllers'), ('LC_ALL', 'en_US.UTF-8'), ('XDG_CONFIG_DIRS', '/etc/xdg/xdg-ubuntu:/etc/xdg'), ('CONDA_EXE', '/home/com9/miniconda3/bin/conda'), ('XDG_DATA_DIRS', '/usr/share/ubuntu:/usr/local/share/:/usr/share/:/var/lib/snapd/desktop'), ('PYTHONPATH', '/home/com9/uet_ws/install/ur_dashboard_msgs/local/lib/python3.10/dist-packages:/opt/ros/humble/lib/python3.10/site-packages:/opt/ros/humble/local/lib/python3.10/dist-packages'), ('COLCON', '1'), ('VTE_VERSION', '6800'), ('CMAKE_PREFIX_PATH', '/home/com9/uet_ws/install/ur_dashboard_msgs:/opt/ros/humble')]), 'shell': False}
[111.747880] (ur_controllers) StdoutLine: {'line': b'-- Install configuration: ""\n'}
[111.748023] (ur_controllers) StdoutLine: {'line': b'-- Installing: /home/com9/uet_ws/install/ur_controllers/include/ur_controllers\n'}
[111.748114] (ur_controllers) StdoutLine: {'line': b'-- Installing: /home/com9/uet_ws/install/ur_controllers/include/ur_controllers/scaled_joint_trajectory_controller_parameters.hpp\n'}
[111.748204] (ur_controllers) StdoutLine: {'line': b'-- Installing: /home/com9/uet_ws/install/ur_controllers/include/ur_controllers/gpio_controller_parameters.hpp\n'}
[111.748309] (ur_controllers) StdoutLine: {'line': b'-- Installing: /home/com9/uet_ws/install/ur_controllers/include/ur_controllers/tool_contact_controller_parameters.hpp\n'}
[111.748417] (ur_controllers) StdoutLine: {'line': b'-- Installing: /home/com9/uet_ws/install/ur_controllers/include/ur_controllers/ur_configuration_controller_parameters.hpp\n'}
[111.748524] (ur_controllers) StdoutLine: {'line': b'-- Installing: /home/com9/uet_ws/install/ur_controllers/include/ur_controllers/passthrough_trajectory_controller_parameters.hpp\n'}
[111.748631] (ur_controllers) StdoutLine: {'line': b'-- Installing: /home/com9/uet_ws/install/ur_controllers/include/ur_controllers/freedrive_mode_controller_parameters.hpp\n'}
[111.748736] (ur_controllers) StdoutLine: {'line': b'-- Installing: /home/com9/uet_ws/install/ur_controllers/include/ur_controllers/friction_model_controller_parameters.hpp\n'}
[111.748848] (ur_controllers) StdoutLine: {'line': b'-- Installing: /home/com9/uet_ws/install/ur_controllers/include/ur_controllers/speed_scaling_state_broadcaster_parameters.hpp\n'}
[111.748940] (ur_controllers) StdoutLine: {'line': b'-- Installing: /home/com9/uet_ws/install/ur_controllers/include/ur_controllers/force_mode_controller_parameters.hpp\n'}
[111.749001] (ur_controllers) StdoutLine: {'line': b'-- Up-to-date: /home/com9/uet_ws/install/ur_controllers/include/ur_controllers\n'}
[111.749061] (ur_controllers) StdoutLine: {'line': b'-- Up-to-date: /home/com9/uet_ws/install/ur_controllers/include/ur_controllers/scaled_joint_trajectory_controller_parameters.hpp\n'}
[111.749119] (ur_controllers) StdoutLine: {'line': b'-- Up-to-date: /home/com9/uet_ws/install/ur_controllers/include/ur_controllers/gpio_controller_parameters.hpp\n'}
[111.749178] (ur_controllers) StdoutLine: {'line': b'-- Up-to-date: /home/com9/uet_ws/install/ur_controllers/include/ur_controllers/tool_contact_controller_parameters.hpp\n'}
[111.749249] (ur_controllers) StdoutLine: {'line': b'-- Up-to-date: /home/com9/uet_ws/install/ur_controllers/include/ur_controllers/ur_configuration_controller_parameters.hpp\n'}
[111.749309] (ur_controllers) StdoutLine: {'line': b'-- Up-to-date: /home/com9/uet_ws/install/ur_controllers/include/ur_controllers/passthrough_trajectory_controller_parameters.hpp\n'}
[111.749383] (ur_controllers) StdoutLine: {'line': b'-- Up-to-date: /home/com9/uet_ws/install/ur_controllers/include/ur_controllers/freedrive_mode_controller_parameters.hpp\n'}
[111.749441] (ur_controllers) StdoutLine: {'line': b'-- Up-to-date: /home/com9/uet_ws/install/ur_controllers/include/ur_controllers/friction_model_controller_parameters.hpp\n'}
[111.749497] (ur_controllers) StdoutLine: {'line': b'-- Up-to-date: /home/com9/uet_ws/install/ur_controllers/include/ur_controllers/speed_scaling_state_broadcaster_parameters.hpp\n'}
[111.749553] (ur_controllers) StdoutLine: {'line': b'-- Up-to-date: /home/com9/uet_ws/install/ur_controllers/include/ur_controllers/force_mode_controller_parameters.hpp\n'}
[111.749609] (ur_controllers) StdoutLine: {'line': b'-- Up-to-date: /home/com9/uet_ws/install/ur_controllers/include/ur_controllers\n'}
[111.749665] (ur_controllers) StdoutLine: {'line': b'-- Up-to-date: /home/com9/uet_ws/install/ur_controllers/include/ur_controllers/scaled_joint_trajectory_controller_parameters.hpp\n'}
[111.749721] (ur_controllers) StdoutLine: {'line': b'-- Up-to-date: /home/com9/uet_ws/install/ur_controllers/include/ur_controllers/gpio_controller_parameters.hpp\n'}
[111.749778] (ur_controllers) StdoutLine: {'line': b'-- Up-to-date: /home/com9/uet_ws/install/ur_controllers/include/ur_controllers/tool_contact_controller_parameters.hpp\n'}
[111.749835] (ur_controllers) StdoutLine: {'line': b'-- Up-to-date: /home/com9/uet_ws/install/ur_controllers/include/ur_controllers/ur_configuration_controller_parameters.hpp\n'}
[111.749892] (ur_controllers) StdoutLine: {'line': b'-- Up-to-date: /home/com9/uet_ws/install/ur_controllers/include/ur_controllers/passthrough_trajectory_controller_parameters.hpp\n'}
[111.749948] (ur_controllers) StdoutLine: {'line': b'-- Up-to-date: /home/com9/uet_ws/install/ur_controllers/include/ur_controllers/freedrive_mode_controller_parameters.hpp\n'}
[111.750004] (ur_controllers) StdoutLine: {'line': b'-- Up-to-date: /home/com9/uet_ws/install/ur_controllers/include/ur_controllers/friction_model_controller_parameters.hpp\n'}
[111.750060] (ur_controllers) StdoutLine: {'line': b'-- Up-to-date: /home/com9/uet_ws/install/ur_controllers/include/ur_controllers/speed_scaling_state_broadcaster_parameters.hpp\n'}
[111.750116] (ur_controllers) StdoutLine: {'line': b'-- Up-to-date: /home/com9/uet_ws/install/ur_controllers/include/ur_controllers/force_mode_controller_parameters.hpp\n'}
[111.750171] (ur_controllers) StdoutLine: {'line': b'-- Up-to-date: /home/com9/uet_ws/install/ur_controllers/include/ur_controllers\n'}
[111.750259] (ur_controllers) StdoutLine: {'line': b'-- Up-to-date: /home/com9/uet_ws/install/ur_controllers/include/ur_controllers/scaled_joint_trajectory_controller_parameters.hpp\n'}
[111.750368] (ur_controllers) StdoutLine: {'line': b'-- Up-to-date: /home/com9/uet_ws/install/ur_controllers/include/ur_controllers/gpio_controller_parameters.hpp\n'}
[111.750422] (ur_controllers) StdoutLine: {'line': b'-- Up-to-date: /home/com9/uet_ws/install/ur_controllers/include/ur_controllers/tool_contact_controller_parameters.hpp\n'}
[111.750455] (ur_controllers) StdoutLine: {'line': b'-- Up-to-date: /home/com9/uet_ws/install/ur_controllers/include/ur_controllers/ur_configuration_controller_parameters.hpp\n'}
[111.750485] (ur_controllers) StdoutLine: {'line': b'-- Up-to-date: /home/com9/uet_ws/install/ur_controllers/include/ur_controllers/passthrough_trajectory_controller_parameters.hpp\n'}
[111.750513] (ur_controllers) StdoutLine: {'line': b'-- Up-to-date: /home/com9/uet_ws/install/ur_controllers/include/ur_controllers/freedrive_mode_controller_parameters.hpp\n'}
[111.750541] (ur_controllers) StdoutLine: {'line': b'-- Up-to-date: /home/com9/uet_ws/install/ur_controllers/include/ur_controllers/friction_model_controller_parameters.hpp\n'}
[111.750567] (ur_controllers) StdoutLine: {'line': b'-- Up-to-date: /home/com9/uet_ws/install/ur_controllers/include/ur_controllers/speed_scaling_state_broadcaster_parameters.hpp\n'}
[111.750594] (ur_controllers) StdoutLine: {'line': b'-- Up-to-date: /home/com9/uet_ws/install/ur_controllers/include/ur_controllers/force_mode_controller_parameters.hpp\n'}
[111.750622] (ur_controllers) StdoutLine: {'line': b'-- Up-to-date: /home/com9/uet_ws/install/ur_controllers/include/ur_controllers\n'}
[111.750649] (ur_controllers) StdoutLine: {'line': b'-- Up-to-date: /home/com9/uet_ws/install/ur_controllers/include/ur_controllers/scaled_joint_trajectory_controller_parameters.hpp\n'}
[111.750677] (ur_controllers) StdoutLine: {'line': b'-- Up-to-date: /home/com9/uet_ws/install/ur_controllers/include/ur_controllers/gpio_controller_parameters.hpp\n'}
[111.750704] (ur_controllers) StdoutLine: {'line': b'-- Up-to-date: /home/com9/uet_ws/install/ur_controllers/include/ur_controllers/tool_contact_controller_parameters.hpp\n'}
[111.750731] (ur_controllers) StdoutLine: {'line': b'-- Up-to-date: /home/com9/uet_ws/install/ur_controllers/include/ur_controllers/ur_configuration_controller_parameters.hpp\n'}
[111.750758] (ur_controllers) StdoutLine: {'line': b'-- Up-to-date: /home/com9/uet_ws/install/ur_controllers/include/ur_controllers/passthrough_trajectory_controller_parameters.hpp\n'}
[111.750785] (ur_controllers) StdoutLine: {'line': b'-- Up-to-date: /home/com9/uet_ws/install/ur_controllers/include/ur_controllers/freedrive_mode_controller_parameters.hpp\n'}
[111.750810] (ur_controllers) StdoutLine: {'line': b'-- Up-to-date: /home/com9/uet_ws/install/ur_controllers/include/ur_controllers/friction_model_controller_parameters.hpp\n'}
[111.750843] (ur_controllers) StdoutLine: {'line': b'-- Up-to-date: /home/com9/uet_ws/install/ur_controllers/include/ur_controllers/speed_scaling_state_broadcaster_parameters.hpp\n'}
[111.750870] (ur_controllers) StdoutLine: {'line': b'-- Up-to-date: /home/com9/uet_ws/install/ur_controllers/include/ur_controllers/force_mode_controller_parameters.hpp\n'}
[111.750897] (ur_controllers) StdoutLine: {'line': b'-- Up-to-date: /home/com9/uet_ws/install/ur_controllers/include/ur_controllers\n'}
[111.750924] (ur_controllers) StdoutLine: {'line': b'-- Up-to-date: /home/com9/uet_ws/install/ur_controllers/include/ur_controllers/scaled_joint_trajectory_controller_parameters.hpp\n'}
[111.750952] (ur_controllers) StdoutLine: {'line': b'-- Up-to-date: /home/com9/uet_ws/install/ur_controllers/include/ur_controllers/gpio_controller_parameters.hpp\n'}
[111.750979] (ur_controllers) StdoutLine: {'line': b'-- Up-to-date: /home/com9/uet_ws/install/ur_controllers/include/ur_controllers/tool_contact_controller_parameters.hpp\n'}
[111.751006] (ur_controllers) StdoutLine: {'line': b'-- Up-to-date: /home/com9/uet_ws/install/ur_controllers/include/ur_controllers/ur_configuration_controller_parameters.hpp\n'}
[111.751032] (ur_controllers) StdoutLine: {'line': b'-- Up-to-date: /home/com9/uet_ws/install/ur_controllers/include/ur_controllers/passthrough_trajectory_controller_parameters.hpp\n'}
[111.751060] (ur_controllers) StdoutLine: {'line': b'-- Up-to-date: /home/com9/uet_ws/install/ur_controllers/include/ur_controllers/freedrive_mode_controller_parameters.hpp\n'}
[111.751086] (ur_controllers) StdoutLine: {'line': b'-- Up-to-date: /home/com9/uet_ws/install/ur_controllers/include/ur_controllers/friction_model_controller_parameters.hpp\n'}
[111.751112] (ur_controllers) StdoutLine: {'line': b'-- Up-to-date: /home/com9/uet_ws/install/ur_controllers/include/ur_controllers/speed_scaling_state_broadcaster_parameters.hpp\n'}
[111.751139] (ur_controllers) StdoutLine: {'line': b'-- Up-to-date: /home/com9/uet_ws/install/ur_controllers/include/ur_controllers/force_mode_controller_parameters.hpp\n'}
[111.751165] (ur_controllers) StdoutLine: {'line': b'-- Up-to-date: /home/com9/uet_ws/install/ur_controllers/include/ur_controllers\n'}
[111.751191] (ur_controllers) StdoutLine: {'line': b'-- Up-to-date: /home/com9/uet_ws/install/ur_controllers/include/ur_controllers/scaled_joint_trajectory_controller_parameters.hpp\n'}
[111.751232] (ur_controllers) StdoutLine: {'line': b'-- Up-to-date: /home/com9/uet_ws/install/ur_controllers/include/ur_controllers/gpio_controller_parameters.hpp\n'}
[111.751259] (ur_controllers) StdoutLine: {'line': b'-- Up-to-date: /home/com9/uet_ws/install/ur_controllers/include/ur_controllers/tool_contact_controller_parameters.hpp\n'}
[111.751284] (ur_controllers) StdoutLine: {'line': b'-- Up-to-date: /home/com9/uet_ws/install/ur_controllers/include/ur_controllers/ur_configuration_controller_parameters.hpp\n'}
[111.751310] (ur_controllers) StdoutLine: {'line': b'-- Up-to-date: /home/com9/uet_ws/install/ur_controllers/include/ur_controllers/passthrough_trajectory_controller_parameters.hpp\n'}
[111.751336] (ur_controllers) StdoutLine: {'line': b'-- Up-to-date: /home/com9/uet_ws/install/ur_controllers/include/ur_controllers/freedrive_mode_controller_parameters.hpp\n'}
[111.751362] (ur_controllers) StdoutLine: {'line': b'-- Up-to-date: /home/com9/uet_ws/install/ur_controllers/include/ur_controllers/friction_model_controller_parameters.hpp\n'}
[111.751388] (ur_controllers) StdoutLine: {'line': b'-- Up-to-date: /home/com9/uet_ws/install/ur_controllers/include/ur_controllers/speed_scaling_state_broadcaster_parameters.hpp\n'}
[111.751414] (ur_controllers) StdoutLine: {'line': b'-- Up-to-date: /home/com9/uet_ws/install/ur_controllers/include/ur_controllers/force_mode_controller_parameters.hpp\n'}
[111.751440] (ur_controllers) StdoutLine: {'line': b'-- Up-to-date: /home/com9/uet_ws/install/ur_controllers/include/ur_controllers\n'}
[111.751465] (ur_controllers) StdoutLine: {'line': b'-- Up-to-date: /home/com9/uet_ws/install/ur_controllers/include/ur_controllers/scaled_joint_trajectory_controller_parameters.hpp\n'}
[111.751491] (ur_controllers) StdoutLine: {'line': b'-- Up-to-date: /home/com9/uet_ws/install/ur_controllers/include/ur_controllers/gpio_controller_parameters.hpp\n'}
[111.751517] (ur_controllers) StdoutLine: {'line': b'-- Up-to-date: /home/com9/uet_ws/install/ur_controllers/include/ur_controllers/tool_contact_controller_parameters.hpp\n'}
[111.751542] (ur_controllers) StdoutLine: {'line': b'-- Up-to-date: /home/com9/uet_ws/install/ur_controllers/include/ur_controllers/ur_configuration_controller_parameters.hpp\n'}
[111.751566] (ur_controllers) StdoutLine: {'line': b'-- Up-to-date: /home/com9/uet_ws/install/ur_controllers/include/ur_controllers/passthrough_trajectory_controller_parameters.hpp\n'}
[111.751592] (ur_controllers) StdoutLine: {'line': b'-- Up-to-date: /home/com9/uet_ws/install/ur_controllers/include/ur_controllers/freedrive_mode_controller_parameters.hpp\n'}
[111.751617] (ur_controllers) StdoutLine: {'line': b'-- Up-to-date: /home/com9/uet_ws/install/ur_controllers/include/ur_controllers/friction_model_controller_parameters.hpp\n'}
[111.751642] (ur_controllers) StdoutLine: {'line': b'-- Up-to-date: /home/com9/uet_ws/install/ur_controllers/include/ur_controllers/speed_scaling_state_broadcaster_parameters.hpp\n'}
[111.751668] (ur_controllers) StdoutLine: {'line': b'-- Up-to-date: /home/com9/uet_ws/install/ur_controllers/include/ur_controllers/force_mode_controller_parameters.hpp\n'}
[111.751696] (ur_controllers) StdoutLine: {'line': b'-- Up-to-date: /home/com9/uet_ws/install/ur_controllers/include/ur_controllers\n'}
[111.751722] (ur_controllers) StdoutLine: {'line': b'-- Up-to-date: /home/com9/uet_ws/install/ur_controllers/include/ur_controllers/scaled_joint_trajectory_controller_parameters.hpp\n'}
[111.751749] (ur_controllers) StdoutLine: {'line': b'-- Up-to-date: /home/com9/uet_ws/install/ur_controllers/include/ur_controllers/gpio_controller_parameters.hpp\n'}
[111.751775] (ur_controllers) StdoutLine: {'line': b'-- Up-to-date: /home/com9/uet_ws/install/ur_controllers/include/ur_controllers/tool_contact_controller_parameters.hpp\n'}
[111.751804] (ur_controllers) StdoutLine: {'line': b'-- Up-to-date: /home/com9/uet_ws/install/ur_controllers/include/ur_controllers/ur_configuration_controller_parameters.hpp\n'}
[111.751829] (ur_controllers) StdoutLine: {'line': b'-- Up-to-date: /home/com9/uet_ws/install/ur_controllers/include/ur_controllers/passthrough_trajectory_controller_parameters.hpp\n'}
[111.751855] (ur_controllers) StdoutLine: {'line': b'-- Up-to-date: /home/com9/uet_ws/install/ur_controllers/include/ur_controllers/freedrive_mode_controller_parameters.hpp\n'}
[111.751880] (ur_controllers) StdoutLine: {'line': b'-- Up-to-date: /home/com9/uet_ws/install/ur_controllers/include/ur_controllers/friction_model_controller_parameters.hpp\n'}
[111.751904] (ur_controllers) StdoutLine: {'line': b'-- Up-to-date: /home/com9/uet_ws/install/ur_controllers/include/ur_controllers/speed_scaling_state_broadcaster_parameters.hpp\n'}
[111.751929] (ur_controllers) StdoutLine: {'line': b'-- Up-to-date: /home/com9/uet_ws/install/ur_controllers/include/ur_controllers/force_mode_controller_parameters.hpp\n'}
[111.751955] (ur_controllers) StdoutLine: {'line': b'-- Installing: /home/com9/uet_ws/install/ur_controllers/share/ur_controllers/controller_plugins.xml\n'}
[111.751981] (ur_controllers) StdoutLine: {'line': b'-- Installing: /home/com9/uet_ws/install/ur_controllers/lib/libur_controllers.so\n'}
[111.757365] (ur_controllers) StdoutLine: {'line': b'-- Set runtime path of "/home/com9/uet_ws/install/ur_controllers/lib/libur_controllers.so" to ""\n'}
[111.757425] (ur_controllers) StdoutLine: {'line': b'-- Up-to-date: /home/com9/uet_ws/install/ur_controllers/include\n'}
[111.757455] (ur_controllers) StdoutLine: {'line': b'-- Up-to-date: /home/com9/uet_ws/install/ur_controllers/include/ur_controllers\n'}
[111.757484] (ur_controllers) StdoutLine: {'line': b'-- Installing: /home/com9/uet_ws/install/ur_controllers/include/ur_controllers/tool_contact_controller.hpp\n'}
[111.757533] (ur_controllers) StdoutLine: {'line': b'-- Installing: /home/com9/uet_ws/install/ur_controllers/include/ur_controllers/force_mode_controller.hpp\n'}
[111.757562] (ur_controllers) StdoutLine: {'line': b'-- Installing: /home/com9/uet_ws/install/ur_controllers/include/ur_controllers/scaled_joint_trajectory_controller.hpp\n'}
[111.757595] (ur_controllers) StdoutLine: {'line': b'-- Installing: /home/com9/uet_ws/install/ur_controllers/include/ur_controllers/speed_scaling_state_broadcaster.hpp\n'}
[111.757644] (ur_controllers) StdoutLine: {'line': b'-- Installing: /home/com9/uet_ws/install/ur_controllers/include/ur_controllers/friction_model_controller.hpp\n'}
[111.757679] (ur_controllers) StdoutLine: {'line': b'-- Installing: /home/com9/uet_ws/install/ur_controllers/include/ur_controllers/freedrive_mode_controller.hpp\n'}
[111.757720] (ur_controllers) StdoutLine: {'line': b'-- Installing: /home/com9/uet_ws/install/ur_controllers/include/ur_controllers/passthrough_trajectory_controller.hpp\n'}
[111.757750] (ur_controllers) StdoutLine: {'line': b'-- Installing: /home/com9/uet_ws/install/ur_controllers/include/ur_controllers/ur_configuration_controller.hpp\n'}
[111.757787] (ur_controllers) StdoutLine: {'line': b'-- Installing: /home/com9/uet_ws/install/ur_controllers/include/ur_controllers/gpio_controller.hpp\n'}
[111.757818] (ur_controllers) StdoutLine: {'line': b'-- Up-to-date: /home/com9/uet_ws/install/ur_controllers/share/ur_controllers/controller_plugins.xml\n'}
[111.757860] (ur_controllers) StdoutLine: {'line': b'-- Installing: /home/com9/uet_ws/install/ur_controllers/share/ur_controllers/environment/library_path.sh\n'}
[111.757887] (ur_controllers) StdoutLine: {'line': b'-- Installing: /home/com9/uet_ws/install/ur_controllers/share/ur_controllers/environment/library_path.dsv\n'}
[111.757924] (ur_controllers) StdoutLine: {'line': b'-- Installing: /home/com9/uet_ws/install/ur_controllers/share/ament_index/resource_index/package_run_dependencies/ur_controllers\n'}
[111.757969] (ur_controllers) StdoutLine: {'line': b'-- Installing: /home/com9/uet_ws/install/ur_controllers/share/ament_index/resource_index/parent_prefix_path/ur_controllers\n'}
[111.758013] (ur_controllers) StdoutLine: {'line': b'-- Installing: /home/com9/uet_ws/install/ur_controllers/share/ur_controllers/environment/ament_prefix_path.sh\n'}
[111.758056] (ur_controllers) StdoutLine: {'line': b'-- Installing: /home/com9/uet_ws/install/ur_controllers/share/ur_controllers/environment/ament_prefix_path.dsv\n'}
[111.758098] (ur_controllers) StdoutLine: {'line': b'-- Installing: /home/com9/uet_ws/install/ur_controllers/share/ur_controllers/environment/path.sh\n'}
[111.758139] (ur_controllers) StdoutLine: {'line': b'-- Installing: /home/com9/uet_ws/install/ur_controllers/share/ur_controllers/environment/path.dsv\n'}
[111.758181] (ur_controllers) StdoutLine: {'line': b'-- Installing: /home/com9/uet_ws/install/ur_controllers/share/ur_controllers/local_setup.bash\n'}
[111.758317] (ur_controllers) StdoutLine: {'line': b'-- Installing: /home/com9/uet_ws/install/ur_controllers/share/ur_controllers/local_setup.sh\n'}
[111.758364] (ur_controllers) StdoutLine: {'line': b'-- Installing: /home/com9/uet_ws/install/ur_controllers/share/ur_controllers/local_setup.zsh\n'}
[111.758407] (ur_controllers) StdoutLine: {'line': b'-- Installing: /home/com9/uet_ws/install/ur_controllers/share/ur_controllers/local_setup.dsv\n'}
[111.758449] (ur_controllers) StdoutLine: {'line': b'-- Installing: /home/com9/uet_ws/install/ur_controllers/share/ur_controllers/package.dsv\n'}
[111.758505] (ur_controllers) StdoutLine: {'line': b'-- Installing: /home/com9/uet_ws/install/ur_controllers/share/ament_index/resource_index/packages/ur_controllers\n'}
[111.758560] (ur_controllers) StdoutLine: {'line': b'-- Installing: /home/com9/uet_ws/install/ur_controllers/share/ament_index/resource_index/controller_interface__pluginlib__plugin/ur_controllers\n'}
[111.758617] (ur_controllers) StdoutLine: {'line': b'-- Installing: /home/com9/uet_ws/install/ur_controllers/share/ur_controllers/cmake/ament_cmake_export_dependencies-extras.cmake\n'}
[111.758663] (ur_controllers) StdoutLine: {'line': b'-- Installing: /home/com9/uet_ws/install/ur_controllers/share/ur_controllers/cmake/ament_cmake_export_include_directories-extras.cmake\n'}
[111.758705] (ur_controllers) StdoutLine: {'line': b'-- Installing: /home/com9/uet_ws/install/ur_controllers/share/ur_controllers/cmake/ament_cmake_export_libraries-extras.cmake\n'}
[111.758755] (ur_controllers) StdoutLine: {'line': b'-- Installing: /home/com9/uet_ws/install/ur_controllers/share/ur_controllers/cmake/ur_controllersConfig.cmake\n'}
[111.758795] (ur_controllers) StdoutLine: {'line': b'-- Installing: /home/com9/uet_ws/install/ur_controllers/share/ur_controllers/cmake/ur_controllersConfig-version.cmake\n'}
[111.758836] (ur_controllers) StdoutLine: {'line': b'-- Installing: /home/com9/uet_ws/install/ur_controllers/share/ur_controllers/package.xml\n'}
[111.760205] (ur_controllers) CommandEnded: {'returncode': 0}
[111.768143] (ur_controllers) JobEnded: {'identifier': 'ur_controllers', 'rc': 0}
[111.768478] (ur_bringup) JobStarted: {'identifier': 'ur_bringup'}
[111.769794] (-) TimerEvent: {}
[111.773967] (ur_bringup) JobProgress: {'identifier': 'ur_bringup', 'progress': 'cmake'}
[111.774401] (ur_bringup) Command: {'cmd': ['/usr/bin/cmake', '/home/com9/uet_ws/src/Universal_Robots_ROS2_Driver/ur_bringup', '-DCMAKE_INSTALL_PREFIX=/home/com9/uet_ws/install/ur_bringup'], 'cwd': '/home/com9/uet_ws/build/ur_bringup', 'env': OrderedDict([('LESSOPEN', '| /usr/bin/lesspipe %s'), ('CMAKE_BUILD_PARALLEL_LEVEL', '1'), ('USER', 'com9'), ('XDG_SESSION_TYPE', 'wayland'), ('SHLVL', '1'), ('LD_LIBRARY_PATH', '/home/com9/uet_ws/install/ur_controllers/lib:/home/com9/uet_ws/install/ur_dashboard_msgs/lib:/opt/ros/humble/opt/rviz_ogre_vendor/lib:/opt/ros/humble/lib/x86_64-linux-gnu:/opt/ros/humble/lib'), ('HOME', '/home/com9'), ('CONDA_SHLVL', '0'), ('CYCLONEDDS_URI', '<CycloneDDS><Domain><General><DontRoute>true</></></></>'), ('OLDPWD', '/home/com9/uet_ws'), ('DESKTOP_SESSION', 'ubuntu'), ('ROS_PYTHON_VERSION', '3'), ('GNOME_SHELL_SESSION_MODE', 'ubuntu'), ('GTK_MODULES', 'gail:atk-bridge'), ('MAKEFLAGS', '-j1'), ('SYSTEMD_EXEC_PID', '17504'), ('IM_CONFIG_CHECK_ENV', '1'), ('DBUS_SESSION_BUS_ADDRESS', 'unix:path=/run/user/1000/bus'), ('COLORTERM', 'truecolor'), ('_CE_M', ''), ('_CONDA_ROOT', '/home/com9/miniconda3'), ('IM_CONFIG_PHASE', '1'), ('WAYLAND_DISPLAY', 'wayland-0'), ('ROS_DISTRO', 'humble'), ('LOGNAME', 'com9'), ('_', '/usr/bin/colcon'), ('ROS_VERSION', '2'), ('XDG_SESSION_CLASS', 'user'), ('USERNAME', 'com9'), ('TERM', 'xterm-256color'), ('GNOME_DESKTOP_SESSION_ID', 'this-is-deprecated'), ('_CE_CONDA', ''), ('ROS_LOCALHOST_ONLY', '0'), ('PATH', '/opt/ros/humble/bin:/home/com9/.local/bin:/home/com9/miniconda3/condabin:/home/com9/.local/bin:/home/com9/.local/bin:/home/com9/.local/bin:/home/com9/.local/bin:/usr/local/sbin:/usr/local/bin:/usr/sbin:/usr/bin:/sbin:/bin:/usr/games:/usr/local/games:/snap/bin:/snap/bin'), ('SESSION_MANAGER', 'local/com9:@/tmp/.ICE-unix/17475,unix/com9:/tmp/.ICE-unix/17475'), ('XDG_MENU_PREFIX', 'gnome-'), ('GNOME_TERMINAL_SCREEN', '/org/gnome/Terminal/screen/082c707b_1b9d_480a_9979_2cd556cf1a94'), ('GNOME_SETUP_DISPLAY', ':1'), ('XDG_RUNTIME_DIR', '/run/user/1000'), ('DISPLAY', ':0'), ('LANG', 'en_US.UTF-8'), ('XDG_CURRENT_DESKTOP', 'ubuntu:GNOME'), ('XMODIFIERS', '@im=ibus'), ('XDG_SESSION_DESKTOP', 'ubuntu'), ('XAUTHORITY', '/run/user/1000/.mutter-Xwaylandauth.W7ZTS3'), ('LS_COLORS', 'rs=0:di=01;34:ln=01;36:mh=00:pi=40;33:so=01;35:do=01;35:bd=40;33;01:cd=40;33;01:or=40;31;01:mi=00:su=37;41:sg=30;43:ca=30;41:tw=30;42:ow=34;42:st=37;44:ex=01;32:*.tar=01;31:*.tgz=01;31:*.arc=01;31:*.arj=01;31:*.taz=01;31:*.lha=01;31:*.lz4=01;31:*.lzh=01;31:*.lzma=01;31:*.tlz=01;31:*.txz=01;31:*.tzo=01;31:*.t7z=01;31:*.zip=01;31:*.z=01;31:*.dz=01;31:*.gz=01;31:*.lrz=01;31:*.lz=01;31:*.lzo=01;31:*.xz=01;31:*.zst=01;31:*.tzst=01;31:*.bz2=01;31:*.bz=01;31:*.tbz=01;31:*.tbz2=01;31:*.tz=01;31:*.deb=01;31:*.rpm=01;31:*.jar=01;31:*.war=01;31:*.ear=01;31:*.sar=01;31:*.rar=01;31:*.alz=01;31:*.ace=01;31:*.zoo=01;31:*.cpio=01;31:*.7z=01;31:*.rz=01;31:*.cab=01;31:*.wim=01;31:*.swm=01;31:*.dwm=01;31:*.esd=01;31:*.jpg=01;35:*.jpeg=01;35:*.mjpg=01;35:*.mjpeg=01;35:*.gif=01;35:*.bmp=01;35:*.pbm=01;35:*.pgm=01;35:*.ppm=01;35:*.tga=01;35:*.xbm=01;35:*.xpm=01;35:*.tif=01;35:*.tiff=01;35:*.png=01;35:*.svg=01;35:*.svgz=01;35:*.mng=01;35:*.pcx=01;35:*.mov=01;35:*.mpg=01;35:*.mpeg=01;35:*.m2v=01;35:*.mkv=01;35:*.webm=01;35:*.webp=01;35:*.ogm=01;35:*.mp4=01;35:*.m4v=01;35:*.mp4v=01;35:*.vob=01;35:*.qt=01;35:*.nuv=01;35:*.wmv=01;35:*.asf=01;35:*.rm=01;35:*.rmvb=01;35:*.flc=01;35:*.avi=01;35:*.fli=01;35:*.flv=01;35:*.gl=01;35:*.dl=01;35:*.xcf=01;35:*.xwd=01;35:*.yuv=01;35:*.cgm=01;35:*.emf=01;35:*.ogv=01;35:*.ogx=01;35:*.aac=00;36:*.au=00;36:*.flac=00;36:*.m4a=00;36:*.mid=00;36:*.midi=00;36:*.mka=00;36:*.mp3=00;36:*.mpc=00;36:*.ogg=00;36:*.ra=00;36:*.wav=00;36:*.oga=00;36:*.opus=00;36:*.spx=00;36:*.xspf=00;36:'), ('GNOME_TERMINAL_SERVICE', ':1.294'), ('SSH_AGENT_LAUNCHER', 'gnome-keyring'), ('SSH_AUTH_SOCK', '/run/user/1000/keyring/ssh'), ('AMENT_PREFIX_PATH', '/home/com9/uet_ws/install/ur_controllers:/home/com9/uet_ws/install/ur_dashboard_msgs:/opt/ros/humble'), ('CONDA_PYTHON_EXE', '/home/com9/miniconda3/bin/python'), ('SHELL', '/bin/bash'), ('QT_ACCESSIBILITY', '1'), ('GDMSESSION', 'ubuntu'), ('LESSCLOSE', '/usr/bin/lesspipe %s %s'), ('_CONDA_EXE', '/home/com9/miniconda3/bin/conda'), ('QT_IM_MODULE', 'ibus'), ('PWD', '/home/com9/uet_ws/build/ur_bringup'), ('LC_ALL', 'en_US.UTF-8'), ('XDG_CONFIG_DIRS', '/etc/xdg/xdg-ubuntu:/etc/xdg'), ('CONDA_EXE', '/home/com9/miniconda3/bin/conda'), ('XDG_DATA_DIRS', '/usr/share/ubuntu:/usr/local/share/:/usr/share/:/var/lib/snapd/desktop'), ('PYTHONPATH', '/home/com9/uet_ws/install/ur_dashboard_msgs/local/lib/python3.10/dist-packages:/opt/ros/humble/lib/python3.10/site-packages:/opt/ros/humble/local/lib/python3.10/dist-packages'), ('COLCON', '1'), ('VTE_VERSION', '6800'), ('CMAKE_PREFIX_PATH', '/home/com9/uet_ws/install/ur_controllers:/home/com9/uet_ws/install/ur_dashboard_msgs:/opt/ros/humble')]), 'shell': False}
[111.810954] (ur_bringup) StdoutLine: {'line': b'-- The C compiler identification is GNU 11.4.0\n'}
[111.847206] (ur_bringup) StdoutLine: {'line': b'-- The CXX compiler identification is GNU 11.4.0\n'}
[111.851773] (ur_bringup) StdoutLine: {'line': b'-- Detecting C compiler ABI info\n'}
[111.869910] (-) TimerEvent: {}
[111.896619] (ur_bringup) StdoutLine: {'line': b'-- Detecting C compiler ABI info - done\n'}
[111.901078] (ur_bringup) StdoutLine: {'line': b'-- Check for working C compiler: /usr/bin/cc - skipped\n'}
[111.901151] (ur_bringup) StdoutLine: {'line': b'-- Detecting C compile features\n'}
[111.901423] (ur_bringup) StdoutLine: {'line': b'-- Detecting C compile features - done\n'}
[111.903240] (ur_bringup) StdoutLine: {'line': b'-- Detecting CXX compiler ABI info\n'}
[111.954669] (ur_bringup) StdoutLine: {'line': b'-- Detecting CXX compiler ABI info - done\n'}
[111.960028] (ur_bringup) StdoutLine: {'line': b'-- Check for working CXX compiler: /usr/bin/c++ - skipped\n'}
[111.960195] (ur_bringup) StdoutLine: {'line': b'-- Detecting CXX compile features\n'}
[111.960520] (ur_bringup) StdoutLine: {'line': b'-- Detecting CXX compile features - done\n'}
[111.961786] (ur_bringup) StdoutLine: {'line': b'-- Found ament_cmake: 1.3.14 (/opt/ros/humble/share/ament_cmake/cmake)\n'}
[111.970003] (-) TimerEvent: {}
[112.054801] (ur_bringup) StdoutLine: {'line': b'-- Found Python3: /usr/bin/python3 (found version "3.10.12") found components: Interpreter \n'}
[112.070117] (-) TimerEvent: {}
[112.145466] (ur_bringup) StdoutLine: {'line': b'-- Configuring done\n'}
[112.146515] (ur_bringup) StdoutLine: {'line': b'-- Generating done\n'}
[112.147243] (ur_bringup) StdoutLine: {'line': b'-- Build files have been written to: /home/com9/uet_ws/build/ur_bringup\n'}
[112.150121] (ur_bringup) CommandEnded: {'returncode': 0}
[112.150435] (ur_bringup) JobProgress: {'identifier': 'ur_bringup', 'progress': 'build'}
[112.150612] (ur_bringup) Command: {'cmd': ['/usr/bin/cmake', '--build', '/home/com9/uet_ws/build/ur_bringup'], 'cwd': '/home/com9/uet_ws/build/ur_bringup', 'env': OrderedDict([('LESSOPEN', '| /usr/bin/lesspipe %s'), ('CMAKE_BUILD_PARALLEL_LEVEL', '1'), ('USER', 'com9'), ('XDG_SESSION_TYPE', 'wayland'), ('SHLVL', '1'), ('LD_LIBRARY_PATH', '/home/com9/uet_ws/install/ur_controllers/lib:/home/com9/uet_ws/install/ur_dashboard_msgs/lib:/opt/ros/humble/opt/rviz_ogre_vendor/lib:/opt/ros/humble/lib/x86_64-linux-gnu:/opt/ros/humble/lib'), ('HOME', '/home/com9'), ('CONDA_SHLVL', '0'), ('CYCLONEDDS_URI', '<CycloneDDS><Domain><General><DontRoute>true</></></></>'), ('OLDPWD', '/home/com9/uet_ws'), ('DESKTOP_SESSION', 'ubuntu'), ('ROS_PYTHON_VERSION', '3'), ('GNOME_SHELL_SESSION_MODE', 'ubuntu'), ('GTK_MODULES', 'gail:atk-bridge'), ('MAKEFLAGS', '-j1'), ('SYSTEMD_EXEC_PID', '17504'), ('IM_CONFIG_CHECK_ENV', '1'), ('DBUS_SESSION_BUS_ADDRESS', 'unix:path=/run/user/1000/bus'), ('COLORTERM', 'truecolor'), ('_CE_M', ''), ('_CONDA_ROOT', '/home/com9/miniconda3'), ('IM_CONFIG_PHASE', '1'), ('WAYLAND_DISPLAY', 'wayland-0'), ('ROS_DISTRO', 'humble'), ('LOGNAME', 'com9'), ('_', '/usr/bin/colcon'), ('ROS_VERSION', '2'), ('XDG_SESSION_CLASS', 'user'), ('USERNAME', 'com9'), ('TERM', 'xterm-256color'), ('GNOME_DESKTOP_SESSION_ID', 'this-is-deprecated'), ('_CE_CONDA', ''), ('ROS_LOCALHOST_ONLY', '0'), ('PATH', '/opt/ros/humble/bin:/home/com9/.local/bin:/home/com9/miniconda3/condabin:/home/com9/.local/bin:/home/com9/.local/bin:/home/com9/.local/bin:/home/com9/.local/bin:/usr/local/sbin:/usr/local/bin:/usr/sbin:/usr/bin:/sbin:/bin:/usr/games:/usr/local/games:/snap/bin:/snap/bin'), ('SESSION_MANAGER', 'local/com9:@/tmp/.ICE-unix/17475,unix/com9:/tmp/.ICE-unix/17475'), ('XDG_MENU_PREFIX', 'gnome-'), ('GNOME_TERMINAL_SCREEN', '/org/gnome/Terminal/screen/082c707b_1b9d_480a_9979_2cd556cf1a94'), ('GNOME_SETUP_DISPLAY', ':1'), ('XDG_RUNTIME_DIR', '/run/user/1000'), ('DISPLAY', ':0'), ('LANG', 'en_US.UTF-8'), ('XDG_CURRENT_DESKTOP', 'ubuntu:GNOME'), ('XMODIFIERS', '@im=ibus'), ('XDG_SESSION_DESKTOP', 'ubuntu'), ('XAUTHORITY', '/run/user/1000/.mutter-Xwaylandauth.W7ZTS3'), ('LS_COLORS', 'rs=0:di=01;34:ln=01;36:mh=00:pi=40;33:so=01;35:do=01;35:bd=40;33;01:cd=40;33;01:or=40;31;01:mi=00:su=37;41:sg=30;43:ca=30;41:tw=30;42:ow=34;42:st=37;44:ex=01;32:*.tar=01;31:*.tgz=01;31:*.arc=01;31:*.arj=01;31:*.taz=01;31:*.lha=01;31:*.lz4=01;31:*.lzh=01;31:*.lzma=01;31:*.tlz=01;31:*.txz=01;31:*.tzo=01;31:*.t7z=01;31:*.zip=01;31:*.z=01;31:*.dz=01;31:*.gz=01;31:*.lrz=01;31:*.lz=01;31:*.lzo=01;31:*.xz=01;31:*.zst=01;31:*.tzst=01;31:*.bz2=01;31:*.bz=01;31:*.tbz=01;31:*.tbz2=01;31:*.tz=01;31:*.deb=01;31:*.rpm=01;31:*.jar=01;31:*.war=01;31:*.ear=01;31:*.sar=01;31:*.rar=01;31:*.alz=01;31:*.ace=01;31:*.zoo=01;31:*.cpio=01;31:*.7z=01;31:*.rz=01;31:*.cab=01;31:*.wim=01;31:*.swm=01;31:*.dwm=01;31:*.esd=01;31:*.jpg=01;35:*.jpeg=01;35:*.mjpg=01;35:*.mjpeg=01;35:*.gif=01;35:*.bmp=01;35:*.pbm=01;35:*.pgm=01;35:*.ppm=01;35:*.tga=01;35:*.xbm=01;35:*.xpm=01;35:*.tif=01;35:*.tiff=01;35:*.png=01;35:*.svg=01;35:*.svgz=01;35:*.mng=01;35:*.pcx=01;35:*.mov=01;35:*.mpg=01;35:*.mpeg=01;35:*.m2v=01;35:*.mkv=01;35:*.webm=01;35:*.webp=01;35:*.ogm=01;35:*.mp4=01;35:*.m4v=01;35:*.mp4v=01;35:*.vob=01;35:*.qt=01;35:*.nuv=01;35:*.wmv=01;35:*.asf=01;35:*.rm=01;35:*.rmvb=01;35:*.flc=01;35:*.avi=01;35:*.fli=01;35:*.flv=01;35:*.gl=01;35:*.dl=01;35:*.xcf=01;35:*.xwd=01;35:*.yuv=01;35:*.cgm=01;35:*.emf=01;35:*.ogv=01;35:*.ogx=01;35:*.aac=00;36:*.au=00;36:*.flac=00;36:*.m4a=00;36:*.mid=00;36:*.midi=00;36:*.mka=00;36:*.mp3=00;36:*.mpc=00;36:*.ogg=00;36:*.ra=00;36:*.wav=00;36:*.oga=00;36:*.opus=00;36:*.spx=00;36:*.xspf=00;36:'), ('GNOME_TERMINAL_SERVICE', ':1.294'), ('SSH_AGENT_LAUNCHER', 'gnome-keyring'), ('SSH_AUTH_SOCK', '/run/user/1000/keyring/ssh'), ('AMENT_PREFIX_PATH', '/home/com9/uet_ws/install/ur_controllers:/home/com9/uet_ws/install/ur_dashboard_msgs:/opt/ros/humble'), ('CONDA_PYTHON_EXE', '/home/com9/miniconda3/bin/python'), ('SHELL', '/bin/bash'), ('QT_ACCESSIBILITY', '1'), ('GDMSESSION', 'ubuntu'), ('LESSCLOSE', '/usr/bin/lesspipe %s %s'), ('_CONDA_EXE', '/home/com9/miniconda3/bin/conda'), ('QT_IM_MODULE', 'ibus'), ('PWD', '/home/com9/uet_ws/build/ur_bringup'), ('LC_ALL', 'en_US.UTF-8'), ('XDG_CONFIG_DIRS', '/etc/xdg/xdg-ubuntu:/etc/xdg'), ('CONDA_EXE', '/home/com9/miniconda3/bin/conda'), ('XDG_DATA_DIRS', '/usr/share/ubuntu:/usr/local/share/:/usr/share/:/var/lib/snapd/desktop'), ('PYTHONPATH', '/home/com9/uet_ws/install/ur_dashboard_msgs/local/lib/python3.10/dist-packages:/opt/ros/humble/lib/python3.10/site-packages:/opt/ros/humble/local/lib/python3.10/dist-packages'), ('COLCON', '1'), ('VTE_VERSION', '6800'), ('CMAKE_PREFIX_PATH', '/home/com9/uet_ws/install/ur_controllers:/home/com9/uet_ws/install/ur_dashboard_msgs:/opt/ros/humble')]), 'shell': False}
[112.170237] (-) TimerEvent: {}
[112.176236] (ur_bringup) CommandEnded: {'returncode': 0}
[112.176596] (ur_bringup) JobProgress: {'identifier': 'ur_bringup', 'progress': 'install'}
[112.176777] (ur_bringup) Command: {'cmd': ['/usr/bin/cmake', '--install', '/home/com9/uet_ws/build/ur_bringup'], 'cwd': '/home/com9/uet_ws/build/ur_bringup', 'env': OrderedDict([('LESSOPEN', '| /usr/bin/lesspipe %s'), ('CMAKE_BUILD_PARALLEL_LEVEL', '1'), ('USER', 'com9'), ('XDG_SESSION_TYPE', 'wayland'), ('SHLVL', '1'), ('LD_LIBRARY_PATH', '/home/com9/uet_ws/install/ur_controllers/lib:/home/com9/uet_ws/install/ur_dashboard_msgs/lib:/opt/ros/humble/opt/rviz_ogre_vendor/lib:/opt/ros/humble/lib/x86_64-linux-gnu:/opt/ros/humble/lib'), ('HOME', '/home/com9'), ('CONDA_SHLVL', '0'), ('CYCLONEDDS_URI', '<CycloneDDS><Domain><General><DontRoute>true</></></></>'), ('OLDPWD', '/home/com9/uet_ws'), ('DESKTOP_SESSION', 'ubuntu'), ('ROS_PYTHON_VERSION', '3'), ('GNOME_SHELL_SESSION_MODE', 'ubuntu'), ('GTK_MODULES', 'gail:atk-bridge'), ('MAKEFLAGS', '-j1'), ('SYSTEMD_EXEC_PID', '17504'), ('IM_CONFIG_CHECK_ENV', '1'), ('DBUS_SESSION_BUS_ADDRESS', 'unix:path=/run/user/1000/bus'), ('COLORTERM', 'truecolor'), ('_CE_M', ''), ('_CONDA_ROOT', '/home/com9/miniconda3'), ('IM_CONFIG_PHASE', '1'), ('WAYLAND_DISPLAY', 'wayland-0'), ('ROS_DISTRO', 'humble'), ('LOGNAME', 'com9'), ('_', '/usr/bin/colcon'), ('ROS_VERSION', '2'), ('XDG_SESSION_CLASS', 'user'), ('USERNAME', 'com9'), ('TERM', 'xterm-256color'), ('GNOME_DESKTOP_SESSION_ID', 'this-is-deprecated'), ('_CE_CONDA', ''), ('ROS_LOCALHOST_ONLY', '0'), ('PATH', '/opt/ros/humble/bin:/home/com9/.local/bin:/home/com9/miniconda3/condabin:/home/com9/.local/bin:/home/com9/.local/bin:/home/com9/.local/bin:/home/com9/.local/bin:/usr/local/sbin:/usr/local/bin:/usr/sbin:/usr/bin:/sbin:/bin:/usr/games:/usr/local/games:/snap/bin:/snap/bin'), ('SESSION_MANAGER', 'local/com9:@/tmp/.ICE-unix/17475,unix/com9:/tmp/.ICE-unix/17475'), ('XDG_MENU_PREFIX', 'gnome-'), ('GNOME_TERMINAL_SCREEN', '/org/gnome/Terminal/screen/082c707b_1b9d_480a_9979_2cd556cf1a94'), ('GNOME_SETUP_DISPLAY', ':1'), ('XDG_RUNTIME_DIR', '/run/user/1000'), ('DISPLAY', ':0'), ('LANG', 'en_US.UTF-8'), ('XDG_CURRENT_DESKTOP', 'ubuntu:GNOME'), ('XMODIFIERS', '@im=ibus'), ('XDG_SESSION_DESKTOP', 'ubuntu'), ('XAUTHORITY', '/run/user/1000/.mutter-Xwaylandauth.W7ZTS3'), ('LS_COLORS', 'rs=0:di=01;34:ln=01;36:mh=00:pi=40;33:so=01;35:do=01;35:bd=40;33;01:cd=40;33;01:or=40;31;01:mi=00:su=37;41:sg=30;43:ca=30;41:tw=30;42:ow=34;42:st=37;44:ex=01;32:*.tar=01;31:*.tgz=01;31:*.arc=01;31:*.arj=01;31:*.taz=01;31:*.lha=01;31:*.lz4=01;31:*.lzh=01;31:*.lzma=01;31:*.tlz=01;31:*.txz=01;31:*.tzo=01;31:*.t7z=01;31:*.zip=01;31:*.z=01;31:*.dz=01;31:*.gz=01;31:*.lrz=01;31:*.lz=01;31:*.lzo=01;31:*.xz=01;31:*.zst=01;31:*.tzst=01;31:*.bz2=01;31:*.bz=01;31:*.tbz=01;31:*.tbz2=01;31:*.tz=01;31:*.deb=01;31:*.rpm=01;31:*.jar=01;31:*.war=01;31:*.ear=01;31:*.sar=01;31:*.rar=01;31:*.alz=01;31:*.ace=01;31:*.zoo=01;31:*.cpio=01;31:*.7z=01;31:*.rz=01;31:*.cab=01;31:*.wim=01;31:*.swm=01;31:*.dwm=01;31:*.esd=01;31:*.jpg=01;35:*.jpeg=01;35:*.mjpg=01;35:*.mjpeg=01;35:*.gif=01;35:*.bmp=01;35:*.pbm=01;35:*.pgm=01;35:*.ppm=01;35:*.tga=01;35:*.xbm=01;35:*.xpm=01;35:*.tif=01;35:*.tiff=01;35:*.png=01;35:*.svg=01;35:*.svgz=01;35:*.mng=01;35:*.pcx=01;35:*.mov=01;35:*.mpg=01;35:*.mpeg=01;35:*.m2v=01;35:*.mkv=01;35:*.webm=01;35:*.webp=01;35:*.ogm=01;35:*.mp4=01;35:*.m4v=01;35:*.mp4v=01;35:*.vob=01;35:*.qt=01;35:*.nuv=01;35:*.wmv=01;35:*.asf=01;35:*.rm=01;35:*.rmvb=01;35:*.flc=01;35:*.avi=01;35:*.fli=01;35:*.flv=01;35:*.gl=01;35:*.dl=01;35:*.xcf=01;35:*.xwd=01;35:*.yuv=01;35:*.cgm=01;35:*.emf=01;35:*.ogv=01;35:*.ogx=01;35:*.aac=00;36:*.au=00;36:*.flac=00;36:*.m4a=00;36:*.mid=00;36:*.midi=00;36:*.mka=00;36:*.mp3=00;36:*.mpc=00;36:*.ogg=00;36:*.ra=00;36:*.wav=00;36:*.oga=00;36:*.opus=00;36:*.spx=00;36:*.xspf=00;36:'), ('GNOME_TERMINAL_SERVICE', ':1.294'), ('SSH_AGENT_LAUNCHER', 'gnome-keyring'), ('SSH_AUTH_SOCK', '/run/user/1000/keyring/ssh'), ('AMENT_PREFIX_PATH', '/home/com9/uet_ws/install/ur_controllers:/home/com9/uet_ws/install/ur_dashboard_msgs:/opt/ros/humble'), ('CONDA_PYTHON_EXE', '/home/com9/miniconda3/bin/python'), ('SHELL', '/bin/bash'), ('QT_ACCESSIBILITY', '1'), ('GDMSESSION', 'ubuntu'), ('LESSCLOSE', '/usr/bin/lesspipe %s %s'), ('_CONDA_EXE', '/home/com9/miniconda3/bin/conda'), ('QT_IM_MODULE', 'ibus'), ('PWD', '/home/com9/uet_ws/build/ur_bringup'), ('LC_ALL', 'en_US.UTF-8'), ('XDG_CONFIG_DIRS', '/etc/xdg/xdg-ubuntu:/etc/xdg'), ('CONDA_EXE', '/home/com9/miniconda3/bin/conda'), ('XDG_DATA_DIRS', '/usr/share/ubuntu:/usr/local/share/:/usr/share/:/var/lib/snapd/desktop'), ('PYTHONPATH', '/home/com9/uet_ws/install/ur_dashboard_msgs/local/lib/python3.10/dist-packages:/opt/ros/humble/lib/python3.10/site-packages:/opt/ros/humble/local/lib/python3.10/dist-packages'), ('COLCON', '1'), ('VTE_VERSION', '6800'), ('CMAKE_PREFIX_PATH', '/home/com9/uet_ws/install/ur_controllers:/home/com9/uet_ws/install/ur_dashboard_msgs:/opt/ros/humble')]), 'shell': False}
[112.180711] (ur_bringup) StdoutLine: {'line': b'-- Install configuration: ""\n'}
[112.180771] (ur_bringup) StdoutLine: {'line': b'-- Installing: /home/com9/uet_ws/install/ur_bringup/share/ur_bringup/config\n'}
[112.181393] (ur_bringup) StdoutLine: {'line': b'-- Installing: /home/com9/uet_ws/install/ur_bringup/share/ur_bringup/config/test_goal_publishers_config.yaml\n'}
[112.181594] (ur_bringup) StdoutLine: {'line': b'-- Installing: /home/com9/uet_ws/install/ur_bringup/share/ur_bringup/config/ur18_update_rate.yaml\n'}
[112.181730] (ur_bringup) StdoutLine: {'line': b'-- Installing: /home/com9/uet_ws/install/ur_bringup/share/ur_bringup/config/ur10e_update_rate.yaml\n'}
[112.181798] (ur_bringup) StdoutLine: {'line': b'-- Installing: /home/com9/uet_ws/install/ur_bringup/share/ur_bringup/config/ur10_update_rate.yaml\n'}
[112.181868] (ur_bringup) StdoutLine: {'line': b'-- Installing: /home/com9/uet_ws/install/ur_bringup/share/ur_bringup/config/ur16e_update_rate.yaml\n'}
[112.181938] (ur_bringup) StdoutLine: {'line': b'-- Installing: /home/com9/uet_ws/install/ur_bringup/share/ur_bringup/config/ur3e_update_rate.yaml\n'}
[112.182107] (ur_bringup) StdoutLine: {'line': b'-- Installing: /home/com9/uet_ws/install/ur_bringup/share/ur_bringup/config/ur8long_update_rate.yaml\n'}
[112.182311] (ur_bringup) StdoutLine: {'line': b'-- Installing: /home/com9/uet_ws/install/ur_bringup/share/ur_bringup/config/test_velocity_goal_publishers_config.yaml\n'}
[112.182378] (ur_bringup) StdoutLine: {'line': b'-- Installing: /home/com9/uet_ws/install/ur_bringup/share/ur_bringup/config/ur5_update_rate.yaml\n'}
[112.182415] (ur_bringup) StdoutLine: {'line': b'-- Installing: /home/com9/uet_ws/install/ur_bringup/share/ur_bringup/config/ur3_update_rate.yaml\n'}
[112.182477] (ur_bringup) StdoutLine: {'line': b'-- Installing: /home/com9/uet_ws/install/ur_bringup/share/ur_bringup/config/ur_controllers.yaml\n'}
[112.182559] (ur_bringup) StdoutLine: {'line': b'-- Installing: /home/com9/uet_ws/install/ur_bringup/share/ur_bringup/config/ur5e_update_rate.yaml\n'}
[112.182627] (ur_bringup) StdoutLine: {'line': b'-- Installing: /home/com9/uet_ws/install/ur_bringup/share/ur_bringup/launch\n'}
[112.182762] (ur_bringup) StdoutLine: {'line': b'-- Installing: /home/com9/uet_ws/install/ur_bringup/share/ur_bringup/launch/ur8long.launch.py\n'}
[112.182933] (ur_bringup) StdoutLine: {'line': b'-- Installing: /home/com9/uet_ws/install/ur_bringup/share/ur_bringup/launch/test_forward_velocity_controller.launch.py\n'}
[112.183014] (ur_bringup) StdoutLine: {'line': b'-- Installing: /home/com9/uet_ws/install/ur_bringup/share/ur_bringup/launch/ur5.launch.py\n'}
[112.183181] (ur_bringup) StdoutLine: {'line': b'-- Installing: /home/com9/uet_ws/install/ur_bringup/share/ur_bringup/launch/ur15.launch.py\n'}
[112.183349] (ur_bringup) StdoutLine: {'line': b'-- Installing: /home/com9/uet_ws/install/ur_bringup/share/ur_bringup/launch/ur10.launch.py\n'}
[112.183516] (ur_bringup) StdoutLine: {'line': b'-- Installing: /home/com9/uet_ws/install/ur_bringup/share/ur_bringup/launch/ur7e.launch.py\n'}
[112.183702] (ur_bringup) StdoutLine: {'line': b'-- Installing: /home/com9/uet_ws/install/ur_bringup/share/ur_bringup/launch/ur16e.launch.py\n'}
[112.183750] (ur_bringup) StdoutLine: {'line': b'-- Installing: /home/com9/uet_ws/install/ur_bringup/share/ur_bringup/launch/test_scaled_joint_trajectory_controller.launch.py\n'}
[112.183822] (ur_bringup) StdoutLine: {'line': b'-- Installing: /home/com9/uet_ws/install/ur_bringup/share/ur_bringup/launch/ur_dashboard_client.launch.py\n'}
[112.183887] (ur_bringup) StdoutLine: {'line': b'-- Installing: /home/com9/uet_ws/install/ur_bringup/share/ur_bringup/launch/ur12e.launch.py\n'}
[112.184053] (ur_bringup) StdoutLine: {'line': b'-- Installing: /home/com9/uet_ws/install/ur_bringup/share/ur_bringup/launch/ur5e.launch.py\n'}
[112.184121] (ur_bringup) StdoutLine: {'line': b'-- Installing: /home/com9/uet_ws/install/ur_bringup/share/ur_bringup/launch/ur3e.launch.py\n'}
[112.184194] (ur_bringup) StdoutLine: {'line': b'-- Installing: /home/com9/uet_ws/install/ur_bringup/share/ur_bringup/launch/ur3.launch.py\n'}
[112.184367] (ur_bringup) StdoutLine: {'line': b'-- Installing: /home/com9/uet_ws/install/ur_bringup/share/ur_bringup/launch/ur30.launch.py\n'}
[112.184438] (ur_bringup) StdoutLine: {'line': b'-- Installing: /home/com9/uet_ws/install/ur_bringup/share/ur_bringup/launch/ur20.launch.py\n'}
[112.184608] (ur_bringup) StdoutLine: {'line': b'-- Installing: /home/com9/uet_ws/install/ur_bringup/share/ur_bringup/launch/test_joint_trajectory_controller.launch.py\n'}
[112.184677] (ur_bringup) StdoutLine: {'line': b'-- Installing: /home/com9/uet_ws/install/ur_bringup/share/ur_bringup/launch/ur10e.launch.py\n'}
[112.184754] (ur_bringup) StdoutLine: {'line': b'-- Installing: /home/com9/uet_ws/install/ur_bringup/share/ur_bringup/launch/ur_control.launch.py\n'}
[112.184827] (ur_bringup) StdoutLine: {'line': b'-- Installing: /home/com9/uet_ws/install/ur_bringup/share/ur_bringup/launch/ur18.launch.py\n'}
[112.184956] (ur_bringup) StdoutLine: {'line': b'-- Installing: /home/com9/uet_ws/install/ur_bringup/lib/ur_bringup/start_ursim.sh\n'}
[112.185165] (ur_bringup) StdoutLine: {'line': b'-- Installing: /home/com9/uet_ws/install/ur_bringup/share/ament_index/resource_index/package_run_dependencies/ur_bringup\n'}
[112.185234] (ur_bringup) StdoutLine: {'line': b'-- Installing: /home/com9/uet_ws/install/ur_bringup/share/ament_index/resource_index/parent_prefix_path/ur_bringup\n'}
[112.185296] (ur_bringup) StdoutLine: {'line': b'-- Installing: /home/com9/uet_ws/install/ur_bringup/share/ur_bringup/environment/ament_prefix_path.sh\n'}
[112.185337] (ur_bringup) StdoutLine: {'line': b'-- Installing: /home/com9/uet_ws/install/ur_bringup/share/ur_bringup/environment/ament_prefix_path.dsv\n'}
[112.185378] (ur_bringup) StdoutLine: {'line': b'-- Installing: /home/com9/uet_ws/install/ur_bringup/share/ur_bringup/environment/path.sh\n'}
[112.185419] (ur_bringup) StdoutLine: {'line': b'-- Installing: /home/com9/uet_ws/install/ur_bringup/share/ur_bringup/environment/path.dsv\n'}
[112.185459] (ur_bringup) StdoutLine: {'line': b'-- Installing: /home/com9/uet_ws/install/ur_bringup/share/ur_bringup/local_setup.bash\n'}
[112.185504] (ur_bringup) StdoutLine: {'line': b'-- Installing: /home/com9/uet_ws/install/ur_bringup/share/ur_bringup/local_setup.sh\n'}
[112.185551] (ur_bringup) StdoutLine: {'line': b'-- Installing: /home/com9/uet_ws/install/ur_bringup/share/ur_bringup/local_setup.zsh\n'}
[112.185591] (ur_bringup) StdoutLine: {'line': b'-- Installing: /home/com9/uet_ws/install/ur_bringup/share/ur_bringup/local_setup.dsv\n'}
[112.185631] (ur_bringup) StdoutLine: {'line': b'-- Installing: /home/com9/uet_ws/install/ur_bringup/share/ur_bringup/package.dsv\n'}
[112.185686] (ur_bringup) StdoutLine: {'line': b'-- Installing: /home/com9/uet_ws/install/ur_bringup/share/ament_index/resource_index/packages/ur_bringup\n'}
[112.185742] (ur_bringup) StdoutLine: {'line': b'-- Installing: /home/com9/uet_ws/install/ur_bringup/share/ur_bringup/cmake/ur_bringupConfig.cmake\n'}
[112.185780] (ur_bringup) StdoutLine: {'line': b'-- Installing: /home/com9/uet_ws/install/ur_bringup/share/ur_bringup/cmake/ur_bringupConfig-version.cmake\n'}
[112.185819] (ur_bringup) StdoutLine: {'line': b'-- Installing: /home/com9/uet_ws/install/ur_bringup/share/ur_bringup/package.xml\n'}
[112.186882] (ur_bringup) CommandEnded: {'returncode': 0}
[112.195271] (ur_bringup) JobEnded: {'identifier': 'ur_bringup', 'rc': 0}
[112.195941] (ur_robot_driver) JobStarted: {'identifier': 'ur_robot_driver'}
[112.201377] (ur_robot_driver) JobProgress: {'identifier': 'ur_robot_driver', 'progress': 'cmake'}
[112.201668] (ur_robot_driver) Command: {'cmd': ['/usr/bin/cmake', '/home/com9/uet_ws/src/Universal_Robots_ROS2_Driver/ur_robot_driver', '-DCMAKE_INSTALL_PREFIX=/home/com9/uet_ws/install/ur_robot_driver'], 'cwd': '/home/com9/uet_ws/build/ur_robot_driver', 'env': OrderedDict([('LESSOPEN', '| /usr/bin/lesspipe %s'), ('CMAKE_BUILD_PARALLEL_LEVEL', '1'), ('USER', 'com9'), ('XDG_SESSION_TYPE', 'wayland'), ('SHLVL', '1'), ('LD_LIBRARY_PATH', '/home/com9/uet_ws/install/ur_controllers/lib:/home/com9/uet_ws/install/ur_dashboard_msgs/lib:/opt/ros/humble/opt/rviz_ogre_vendor/lib:/opt/ros/humble/lib/x86_64-linux-gnu:/opt/ros/humble/lib'), ('HOME', '/home/com9'), ('CONDA_SHLVL', '0'), ('CYCLONEDDS_URI', '<CycloneDDS><Domain><General><DontRoute>true</></></></>'), ('OLDPWD', '/home/com9/uet_ws'), ('DESKTOP_SESSION', 'ubuntu'), ('ROS_PYTHON_VERSION', '3'), ('GNOME_SHELL_SESSION_MODE', 'ubuntu'), ('GTK_MODULES', 'gail:atk-bridge'), ('MAKEFLAGS', '-j1'), ('SYSTEMD_EXEC_PID', '17504'), ('IM_CONFIG_CHECK_ENV', '1'), ('DBUS_SESSION_BUS_ADDRESS', 'unix:path=/run/user/1000/bus'), ('COLORTERM', 'truecolor'), ('_CE_M', ''), ('_CONDA_ROOT', '/home/com9/miniconda3'), ('IM_CONFIG_PHASE', '1'), ('WAYLAND_DISPLAY', 'wayland-0'), ('ROS_DISTRO', 'humble'), ('LOGNAME', 'com9'), ('_', '/usr/bin/colcon'), ('ROS_VERSION', '2'), ('XDG_SESSION_CLASS', 'user'), ('USERNAME', 'com9'), ('TERM', 'xterm-256color'), ('GNOME_DESKTOP_SESSION_ID', 'this-is-deprecated'), ('_CE_CONDA', ''), ('ROS_LOCALHOST_ONLY', '0'), ('PATH', '/opt/ros/humble/bin:/home/com9/.local/bin:/home/com9/miniconda3/condabin:/home/com9/.local/bin:/home/com9/.local/bin:/home/com9/.local/bin:/home/com9/.local/bin:/usr/local/sbin:/usr/local/bin:/usr/sbin:/usr/bin:/sbin:/bin:/usr/games:/usr/local/games:/snap/bin:/snap/bin'), ('SESSION_MANAGER', 'local/com9:@/tmp/.ICE-unix/17475,unix/com9:/tmp/.ICE-unix/17475'), ('XDG_MENU_PREFIX', 'gnome-'), ('GNOME_TERMINAL_SCREEN', '/org/gnome/Terminal/screen/082c707b_1b9d_480a_9979_2cd556cf1a94'), ('GNOME_SETUP_DISPLAY', ':1'), ('XDG_RUNTIME_DIR', '/run/user/1000'), ('DISPLAY', ':0'), ('LANG', 'en_US.UTF-8'), ('XDG_CURRENT_DESKTOP', 'ubuntu:GNOME'), ('XMODIFIERS', '@im=ibus'), ('XDG_SESSION_DESKTOP', 'ubuntu'), ('XAUTHORITY', '/run/user/1000/.mutter-Xwaylandauth.W7ZTS3'), ('LS_COLORS', 'rs=0:di=01;34:ln=01;36:mh=00:pi=40;33:so=01;35:do=01;35:bd=40;33;01:cd=40;33;01:or=40;31;01:mi=00:su=37;41:sg=30;43:ca=30;41:tw=30;42:ow=34;42:st=37;44:ex=01;32:*.tar=01;31:*.tgz=01;31:*.arc=01;31:*.arj=01;31:*.taz=01;31:*.lha=01;31:*.lz4=01;31:*.lzh=01;31:*.lzma=01;31:*.tlz=01;31:*.txz=01;31:*.tzo=01;31:*.t7z=01;31:*.zip=01;31:*.z=01;31:*.dz=01;31:*.gz=01;31:*.lrz=01;31:*.lz=01;31:*.lzo=01;31:*.xz=01;31:*.zst=01;31:*.tzst=01;31:*.bz2=01;31:*.bz=01;31:*.tbz=01;31:*.tbz2=01;31:*.tz=01;31:*.deb=01;31:*.rpm=01;31:*.jar=01;31:*.war=01;31:*.ear=01;31:*.sar=01;31:*.rar=01;31:*.alz=01;31:*.ace=01;31:*.zoo=01;31:*.cpio=01;31:*.7z=01;31:*.rz=01;31:*.cab=01;31:*.wim=01;31:*.swm=01;31:*.dwm=01;31:*.esd=01;31:*.jpg=01;35:*.jpeg=01;35:*.mjpg=01;35:*.mjpeg=01;35:*.gif=01;35:*.bmp=01;35:*.pbm=01;35:*.pgm=01;35:*.ppm=01;35:*.tga=01;35:*.xbm=01;35:*.xpm=01;35:*.tif=01;35:*.tiff=01;35:*.png=01;35:*.svg=01;35:*.svgz=01;35:*.mng=01;35:*.pcx=01;35:*.mov=01;35:*.mpg=01;35:*.mpeg=01;35:*.m2v=01;35:*.mkv=01;35:*.webm=01;35:*.webp=01;35:*.ogm=01;35:*.mp4=01;35:*.m4v=01;35:*.mp4v=01;35:*.vob=01;35:*.qt=01;35:*.nuv=01;35:*.wmv=01;35:*.asf=01;35:*.rm=01;35:*.rmvb=01;35:*.flc=01;35:*.avi=01;35:*.fli=01;35:*.flv=01;35:*.gl=01;35:*.dl=01;35:*.xcf=01;35:*.xwd=01;35:*.yuv=01;35:*.cgm=01;35:*.emf=01;35:*.ogv=01;35:*.ogx=01;35:*.aac=00;36:*.au=00;36:*.flac=00;36:*.m4a=00;36:*.mid=00;36:*.midi=00;36:*.mka=00;36:*.mp3=00;36:*.mpc=00;36:*.ogg=00;36:*.ra=00;36:*.wav=00;36:*.oga=00;36:*.opus=00;36:*.spx=00;36:*.xspf=00;36:'), ('GNOME_TERMINAL_SERVICE', ':1.294'), ('SSH_AGENT_LAUNCHER', 'gnome-keyring'), ('SSH_AUTH_SOCK', '/run/user/1000/keyring/ssh'), ('AMENT_PREFIX_PATH', '/home/com9/uet_ws/install/ur_controllers:/home/com9/uet_ws/install/ur_dashboard_msgs:/opt/ros/humble'), ('CONDA_PYTHON_EXE', '/home/com9/miniconda3/bin/python'), ('SHELL', '/bin/bash'), ('QT_ACCESSIBILITY', '1'), ('GDMSESSION', 'ubuntu'), ('LESSCLOSE', '/usr/bin/lesspipe %s %s'), ('_CONDA_EXE', '/home/com9/miniconda3/bin/conda'), ('QT_IM_MODULE', 'ibus'), ('PWD', '/home/com9/uet_ws/build/ur_robot_driver'), ('LC_ALL', 'en_US.UTF-8'), ('XDG_CONFIG_DIRS', '/etc/xdg/xdg-ubuntu:/etc/xdg'), ('CONDA_EXE', '/home/com9/miniconda3/bin/conda'), ('XDG_DATA_DIRS', '/usr/share/ubuntu:/usr/local/share/:/usr/share/:/var/lib/snapd/desktop'), ('PYTHONPATH', '/home/com9/uet_ws/install/ur_dashboard_msgs/local/lib/python3.10/dist-packages:/opt/ros/humble/lib/python3.10/site-packages:/opt/ros/humble/local/lib/python3.10/dist-packages'), ('COLCON', '1'), ('VTE_VERSION', '6800'), ('CMAKE_PREFIX_PATH', '/home/com9/uet_ws/install/ur_controllers:/home/com9/uet_ws/install/ur_dashboard_msgs:/opt/ros/humble')]), 'shell': False}
[112.238180] (ur_robot_driver) StdoutLine: {'line': b'-- The C compiler identification is GNU 11.4.0\n'}
[112.270331] (-) TimerEvent: {}
[112.271916] (ur_robot_driver) StdoutLine: {'line': b'-- The CXX compiler identification is GNU 11.4.0\n'}
[112.276101] (ur_robot_driver) StdoutLine: {'line': b'-- Detecting C compiler ABI info\n'}
[112.321310] (ur_robot_driver) StdoutLine: {'line': b'-- Detecting C compiler ABI info - done\n'}
[112.325800] (ur_robot_driver) StdoutLine: {'line': b'-- Check for working C compiler: /usr/bin/cc - skipped\n'}
[112.325945] (ur_robot_driver) StdoutLine: {'line': b'-- Detecting C compile features\n'}
[112.326187] (ur_robot_driver) StdoutLine: {'line': b'-- Detecting C compile features - done\n'}
[112.328021] (ur_robot_driver) StdoutLine: {'line': b'-- Detecting CXX compiler ABI info\n'}
[112.370434] (-) TimerEvent: {}
[112.379693] (ur_robot_driver) StdoutLine: {'line': b'-- Detecting CXX compiler ABI info - done\n'}
[112.384310] (ur_robot_driver) StdoutLine: {'line': b'-- Check for working CXX compiler: /usr/bin/c++ - skipped\n'}
[112.384450] (ur_robot_driver) StdoutLine: {'line': b'-- Detecting CXX compile features\n'}
[112.384720] (ur_robot_driver) StdoutLine: {'line': b'-- Detecting CXX compile features - done\n'}
[112.385081] (ur_robot_driver) StderrLine: {'line': b"\x1b[0mur_robot_driver: You did not request a specific build type: selecting 'RelWithDebInfo'.\x1b[0m\n"}
[112.386163] (ur_robot_driver) StdoutLine: {'line': b'-- Found ament_cmake: 1.3.14 (/opt/ros/humble/share/ament_cmake/cmake)\n'}
[112.470524] (-) TimerEvent: {}
[112.477549] (ur_robot_driver) StdoutLine: {'line': b'-- Found Python3: /usr/bin/python3 (found version "3.10.12") found components: Interpreter \n'}
[112.529745] (ur_robot_driver) StdoutLine: {'line': b'-- Found controller_manager: 2.54.0 (/opt/ros/humble/share/controller_manager/cmake)\n'}
[112.554957] (ur_robot_driver) StdoutLine: {'line': b'-- Found rosidl_generator_c: 3.1.8 (/opt/ros/humble/share/rosidl_generator_c/cmake)\n'}
[112.557568] (ur_robot_driver) StdoutLine: {'line': b'-- Found rosidl_adapter: 3.1.8 (/opt/ros/humble/share/rosidl_adapter/cmake)\n'}
[112.562182] (ur_robot_driver) StdoutLine: {'line': b'-- Found rosidl_generator_cpp: 3.1.8 (/opt/ros/humble/share/rosidl_generator_cpp/cmake)\n'}
[112.568700] (ur_robot_driver) StdoutLine: {'line': b'-- Using all available rosidl_typesupport_c: rosidl_typesupport_fastrtps_c;rosidl_typesupport_introspection_c\n'}
[112.570607] (-) TimerEvent: {}
[112.577387] (ur_robot_driver) StdoutLine: {'line': b'-- Using all available rosidl_typesupport_cpp: rosidl_typesupport_fastrtps_cpp;rosidl_typesupport_introspection_cpp\n'}
[112.670727] (-) TimerEvent: {}
[112.683328] (ur_robot_driver) StdoutLine: {'line': b'-- Found rmw_implementation_cmake: 6.1.2 (/opt/ros/humble/share/rmw_implementation_cmake/cmake)\n'}
[112.684747] (ur_robot_driver) StdoutLine: {'line': b'-- Found rmw_fastrtps_cpp: 6.2.10 (/opt/ros/humble/share/rmw_fastrtps_cpp/cmake)\n'}
[112.698381] (ur_robot_driver) StdoutLine: {'line': b'-- Found TinyXML2 via Config file: TinyXML2_DIR-NOTFOUND\n'}
[112.734013] (ur_robot_driver) StdoutLine: {'line': b'-- Found OpenSSL: /usr/lib/x86_64-linux-gnu/libcrypto.so (found version "3.0.2")  \n'}
[112.735684] (ur_robot_driver) StdoutLine: {'line': b'-- Found TinyXML2 via Config file: TinyXML2_DIR-NOTFOUND\n'}
[112.744318] (ur_robot_driver) StdoutLine: {'line': b'-- Found FastRTPS: /opt/ros/humble/include  \n'}
[112.746193] (ur_robot_driver) StdoutLine: {'line': b'-- Found TinyXML2 via Config file: TinyXML2_DIR-NOTFOUND\n'}
[112.751187] (ur_robot_driver) StdoutLine: {'line': b'-- Found TinyXML2 via Config file: TinyXML2_DIR-NOTFOUND\n'}
[112.758899] (ur_robot_driver) StdoutLine: {'line': b"-- Using RMW implementation 'rmw_fastrtps_cpp' as default\n"}
[112.764128] (ur_robot_driver) StdoutLine: {'line': b'-- Looking for pthread.h\n'}
[112.770893] (-) TimerEvent: {}
[112.826088] (ur_robot_driver) StdoutLine: {'line': b'-- Looking for pthread.h - found\n'}
[112.826308] (ur_robot_driver) StdoutLine: {'line': b'-- Performing Test CMAKE_HAVE_LIBC_PTHREAD\n'}
[112.871006] (-) TimerEvent: {}
[112.886602] (ur_robot_driver) StdoutLine: {'line': b'-- Performing Test CMAKE_HAVE_LIBC_PTHREAD - Success\n'}
[112.887645] (ur_robot_driver) StdoutLine: {'line': b'-- Found Threads: TRUE  \n'}
[112.938859] (ur_robot_driver) StdoutLine: {'line': b'-- Found rclpy: 3.3.21 (/opt/ros/humble/share/rclpy/cmake)\n'}
[112.939712] (ur_robot_driver) StdoutLine: {'line': b'-- Found std_srvs: 4.9.1 (/opt/ros/humble/share/std_srvs/cmake)\n'}
[112.944979] (ur_robot_driver) StdoutLine: {'line': b'-- Found tf2_geometry_msgs: 0.25.20 (/opt/ros/humble/share/tf2_geometry_msgs/cmake)\n'}
[112.952452] (ur_robot_driver) StdoutLine: {'line': b'-- Found eigen3_cmake_module: 0.1.1 (/opt/ros/humble/share/eigen3_cmake_module/cmake)\n'}
[112.953345] (ur_robot_driver) StdoutLine: {'line': b'-- Found Eigen3: TRUE (found version "3.4.0") \n'}
[112.953411] (ur_robot_driver) StdoutLine: {'line': b'-- Ensuring Eigen3 include directory is part of orocos-kdl CMake target\n'}
[112.971161] (-) TimerEvent: {}
[112.985949] (ur_robot_driver) StdoutLine: {'line': b'-- Found ur_dashboard_msgs: 2.13.1 (/home/com9/uet_ws/install/ur_dashboard_msgs/share/ur_dashboard_msgs/cmake)\n'}
[112.994780] (ur_robot_driver) StdoutLine: {'line': b'-- Found ur_msgs: 2.5.0 (/opt/ros/humble/share/ur_msgs/cmake)\n'}
[113.071374] (-) TimerEvent: {}
[113.106585] (ur_robot_driver) StdoutLine: {'line': b'-- Found ur_controllers: 2.13.1 (/home/com9/uet_ws/install/ur_controllers/share/ur_controllers/cmake)\n'}
[113.163456] (ur_robot_driver) StdoutLine: {'line': b'-- Found ur_description: 2.11.0 (/opt/ros/humble/share/ur_description/cmake)\n'}
[113.164704] (ur_robot_driver) StdoutLine: {'line': b'-- Found launch_testing_ament_cmake: 1.0.14 (/opt/ros/humble/share/launch_testing_ament_cmake/cmake)\n'}
[113.165677] (ur_robot_driver) StdoutLine: {'line': b'-- Found python_cmake_module: 0.10.0 (/opt/ros/humble/share/python_cmake_module/cmake)\n'}
[113.171519] (-) TimerEvent: {}
[113.179289] (ur_robot_driver) StdoutLine: {'line': b'-- Found PythonInterp: /usr/bin/python3 (found suitable version "3.10.12", minimum required is "3.6") \n'}
[113.181959] (ur_robot_driver) StdoutLine: {'line': b'-- Found PythonLibs: /usr/lib/x86_64-linux-gnu/libpython3.10.so (found suitable version "3.10.12", minimum required is "3.5") \n'}
[113.182027] (ur_robot_driver) StdoutLine: {'line': b'-- Using PYTHON_EXECUTABLE: /usr/bin/python3\n'}
[113.182057] (ur_robot_driver) StdoutLine: {'line': b'-- Using PYTHON_INCLUDE_DIRS: /usr/include/python3.10\n'}
[113.182083] (ur_robot_driver) StdoutLine: {'line': b'-- Using PYTHON_LIBRARIES: /usr/lib/x86_64-linux-gnu/libpython3.10.so\n'}
[113.195017] (ur_robot_driver) StdoutLine: {'line': b'-- Found PythonExtra: .so  \n'}
[113.196238] (ur_robot_driver) StdoutLine: {'line': b'-- Configuring done\n'}
[113.222999] (ur_robot_driver) StdoutLine: {'line': b'-- Generating done\n'}
[113.234343] (ur_robot_driver) StdoutLine: {'line': b'-- Build files have been written to: /home/com9/uet_ws/build/ur_robot_driver\n'}
[113.243014] (ur_robot_driver) CommandEnded: {'returncode': 0}
[113.243419] (ur_robot_driver) JobProgress: {'identifier': 'ur_robot_driver', 'progress': 'build'}
[113.243434] (ur_robot_driver) Command: {'cmd': ['/usr/bin/cmake', '--build', '/home/com9/uet_ws/build/ur_robot_driver'], 'cwd': '/home/com9/uet_ws/build/ur_robot_driver', 'env': OrderedDict([('LESSOPEN', '| /usr/bin/lesspipe %s'), ('CMAKE_BUILD_PARALLEL_LEVEL', '1'), ('USER', 'com9'), ('XDG_SESSION_TYPE', 'wayland'), ('SHLVL', '1'), ('LD_LIBRARY_PATH', '/home/com9/uet_ws/install/ur_controllers/lib:/home/com9/uet_ws/install/ur_dashboard_msgs/lib:/opt/ros/humble/opt/rviz_ogre_vendor/lib:/opt/ros/humble/lib/x86_64-linux-gnu:/opt/ros/humble/lib'), ('HOME', '/home/com9'), ('CONDA_SHLVL', '0'), ('CYCLONEDDS_URI', '<CycloneDDS><Domain><General><DontRoute>true</></></></>'), ('OLDPWD', '/home/com9/uet_ws'), ('DESKTOP_SESSION', 'ubuntu'), ('ROS_PYTHON_VERSION', '3'), ('GNOME_SHELL_SESSION_MODE', 'ubuntu'), ('GTK_MODULES', 'gail:atk-bridge'), ('MAKEFLAGS', '-j1'), ('SYSTEMD_EXEC_PID', '17504'), ('IM_CONFIG_CHECK_ENV', '1'), ('DBUS_SESSION_BUS_ADDRESS', 'unix:path=/run/user/1000/bus'), ('COLORTERM', 'truecolor'), ('_CE_M', ''), ('_CONDA_ROOT', '/home/com9/miniconda3'), ('IM_CONFIG_PHASE', '1'), ('WAYLAND_DISPLAY', 'wayland-0'), ('ROS_DISTRO', 'humble'), ('LOGNAME', 'com9'), ('_', '/usr/bin/colcon'), ('ROS_VERSION', '2'), ('XDG_SESSION_CLASS', 'user'), ('USERNAME', 'com9'), ('TERM', 'xterm-256color'), ('GNOME_DESKTOP_SESSION_ID', 'this-is-deprecated'), ('_CE_CONDA', ''), ('ROS_LOCALHOST_ONLY', '0'), ('PATH', '/opt/ros/humble/bin:/home/com9/.local/bin:/home/com9/miniconda3/condabin:/home/com9/.local/bin:/home/com9/.local/bin:/home/com9/.local/bin:/home/com9/.local/bin:/usr/local/sbin:/usr/local/bin:/usr/sbin:/usr/bin:/sbin:/bin:/usr/games:/usr/local/games:/snap/bin:/snap/bin'), ('SESSION_MANAGER', 'local/com9:@/tmp/.ICE-unix/17475,unix/com9:/tmp/.ICE-unix/17475'), ('XDG_MENU_PREFIX', 'gnome-'), ('GNOME_TERMINAL_SCREEN', '/org/gnome/Terminal/screen/082c707b_1b9d_480a_9979_2cd556cf1a94'), ('GNOME_SETUP_DISPLAY', ':1'), ('XDG_RUNTIME_DIR', '/run/user/1000'), ('DISPLAY', ':0'), ('LANG', 'en_US.UTF-8'), ('XDG_CURRENT_DESKTOP', 'ubuntu:GNOME'), ('XMODIFIERS', '@im=ibus'), ('XDG_SESSION_DESKTOP', 'ubuntu'), ('XAUTHORITY', '/run/user/1000/.mutter-Xwaylandauth.W7ZTS3'), ('LS_COLORS', 'rs=0:di=01;34:ln=01;36:mh=00:pi=40;33:so=01;35:do=01;35:bd=40;33;01:cd=40;33;01:or=40;31;01:mi=00:su=37;41:sg=30;43:ca=30;41:tw=30;42:ow=34;42:st=37;44:ex=01;32:*.tar=01;31:*.tgz=01;31:*.arc=01;31:*.arj=01;31:*.taz=01;31:*.lha=01;31:*.lz4=01;31:*.lzh=01;31:*.lzma=01;31:*.tlz=01;31:*.txz=01;31:*.tzo=01;31:*.t7z=01;31:*.zip=01;31:*.z=01;31:*.dz=01;31:*.gz=01;31:*.lrz=01;31:*.lz=01;31:*.lzo=01;31:*.xz=01;31:*.zst=01;31:*.tzst=01;31:*.bz2=01;31:*.bz=01;31:*.tbz=01;31:*.tbz2=01;31:*.tz=01;31:*.deb=01;31:*.rpm=01;31:*.jar=01;31:*.war=01;31:*.ear=01;31:*.sar=01;31:*.rar=01;31:*.alz=01;31:*.ace=01;31:*.zoo=01;31:*.cpio=01;31:*.7z=01;31:*.rz=01;31:*.cab=01;31:*.wim=01;31:*.swm=01;31:*.dwm=01;31:*.esd=01;31:*.jpg=01;35:*.jpeg=01;35:*.mjpg=01;35:*.mjpeg=01;35:*.gif=01;35:*.bmp=01;35:*.pbm=01;35:*.pgm=01;35:*.ppm=01;35:*.tga=01;35:*.xbm=01;35:*.xpm=01;35:*.tif=01;35:*.tiff=01;35:*.png=01;35:*.svg=01;35:*.svgz=01;35:*.mng=01;35:*.pcx=01;35:*.mov=01;35:*.mpg=01;35:*.mpeg=01;35:*.m2v=01;35:*.mkv=01;35:*.webm=01;35:*.webp=01;35:*.ogm=01;35:*.mp4=01;35:*.m4v=01;35:*.mp4v=01;35:*.vob=01;35:*.qt=01;35:*.nuv=01;35:*.wmv=01;35:*.asf=01;35:*.rm=01;35:*.rmvb=01;35:*.flc=01;35:*.avi=01;35:*.fli=01;35:*.flv=01;35:*.gl=01;35:*.dl=01;35:*.xcf=01;35:*.xwd=01;35:*.yuv=01;35:*.cgm=01;35:*.emf=01;35:*.ogv=01;35:*.ogx=01;35:*.aac=00;36:*.au=00;36:*.flac=00;36:*.m4a=00;36:*.mid=00;36:*.midi=00;36:*.mka=00;36:*.mp3=00;36:*.mpc=00;36:*.ogg=00;36:*.ra=00;36:*.wav=00;36:*.oga=00;36:*.opus=00;36:*.spx=00;36:*.xspf=00;36:'), ('GNOME_TERMINAL_SERVICE', ':1.294'), ('SSH_AGENT_LAUNCHER', 'gnome-keyring'), ('SSH_AUTH_SOCK', '/run/user/1000/keyring/ssh'), ('AMENT_PREFIX_PATH', '/home/com9/uet_ws/install/ur_controllers:/home/com9/uet_ws/install/ur_dashboard_msgs:/opt/ros/humble'), ('CONDA_PYTHON_EXE', '/home/com9/miniconda3/bin/python'), ('SHELL', '/bin/bash'), ('QT_ACCESSIBILITY', '1'), ('GDMSESSION', 'ubuntu'), ('LESSCLOSE', '/usr/bin/lesspipe %s %s'), ('_CONDA_EXE', '/home/com9/miniconda3/bin/conda'), ('QT_IM_MODULE', 'ibus'), ('PWD', '/home/com9/uet_ws/build/ur_robot_driver'), ('LC_ALL', 'en_US.UTF-8'), ('XDG_CONFIG_DIRS', '/etc/xdg/xdg-ubuntu:/etc/xdg'), ('CONDA_EXE', '/home/com9/miniconda3/bin/conda'), ('XDG_DATA_DIRS', '/usr/share/ubuntu:/usr/local/share/:/usr/share/:/var/lib/snapd/desktop'), ('PYTHONPATH', '/home/com9/uet_ws/install/ur_dashboard_msgs/local/lib/python3.10/dist-packages:/opt/ros/humble/lib/python3.10/site-packages:/opt/ros/humble/local/lib/python3.10/dist-packages'), ('COLCON', '1'), ('VTE_VERSION', '6800'), ('CMAKE_PREFIX_PATH', '/home/com9/uet_ws/install/ur_controllers:/home/com9/uet_ws/install/ur_dashboard_msgs:/opt/ros/humble')]), 'shell': False}
[113.271656] (-) TimerEvent: {}
[113.275015] (ur_robot_driver) StdoutLine: {'line': b'[  4%] \x1b[32mBuilding CXX object CMakeFiles/ur_robot_driver_plugin.dir/src/dashboard_client_ros.cpp.o\x1b[0m\n'}
[113.371771] (-) TimerEvent: {}
[113.472071] (-) TimerEvent: {}
[113.572380] (-) TimerEvent: {}
[113.672680] (-) TimerEvent: {}
[113.772999] (-) TimerEvent: {}
[113.873314] (-) TimerEvent: {}
[113.973623] (-) TimerEvent: {}
[114.073926] (-) TimerEvent: {}
[114.174261] (-) TimerEvent: {}
[114.274568] (-) TimerEvent: {}
[114.374888] (-) TimerEvent: {}
[114.475212] (-) TimerEvent: {}
[114.575534] (-) TimerEvent: {}
[114.675840] (-) TimerEvent: {}
[114.776157] (-) TimerEvent: {}
[114.876476] (-) TimerEvent: {}
[114.976802] (-) TimerEvent: {}
[115.077114] (-) TimerEvent: {}
[115.177427] (-) TimerEvent: {}
[115.277741] (-) TimerEvent: {}
[115.378050] (-) TimerEvent: {}
[115.478376] (-) TimerEvent: {}
[115.578688] (-) TimerEvent: {}
[115.678992] (-) TimerEvent: {}
[115.779308] (-) TimerEvent: {}
[115.879616] (-) TimerEvent: {}
[115.979923] (-) TimerEvent: {}
[116.080244] (-) TimerEvent: {}
[116.180493] (-) TimerEvent: {}
[116.280847] (-) TimerEvent: {}
[116.381207] (-) TimerEvent: {}
[116.481486] (-) TimerEvent: {}
[116.581781] (-) TimerEvent: {}
[116.682073] (-) TimerEvent: {}
[116.782412] (-) TimerEvent: {}
[116.882743] (-) TimerEvent: {}
[116.983107] (-) TimerEvent: {}
[117.083428] (-) TimerEvent: {}
[117.183735] (-) TimerEvent: {}
[117.284034] (-) TimerEvent: {}
[117.384377] (-) TimerEvent: {}
[117.484685] (-) TimerEvent: {}
[117.584993] (-) TimerEvent: {}
[117.685342] (-) TimerEvent: {}
[117.785843] (-) TimerEvent: {}
[117.886156] (-) TimerEvent: {}
[117.986497] (-) TimerEvent: {}
[118.086803] (-) TimerEvent: {}
[118.187117] (-) TimerEvent: {}
[118.287351] (-) TimerEvent: {}
[118.387601] (-) TimerEvent: {}
[118.487900] (-) TimerEvent: {}
[118.588238] (-) TimerEvent: {}
[118.688557] (-) TimerEvent: {}
[118.788875] (-) TimerEvent: {}
[118.889268] (-) TimerEvent: {}
[118.989604] (-) TimerEvent: {}
[119.089926] (-) TimerEvent: {}
[119.190242] (-) TimerEvent: {}
[119.290551] (-) TimerEvent: {}
[119.390886] (-) TimerEvent: {}
[119.491209] (-) TimerEvent: {}
[119.591527] (-) TimerEvent: {}
[119.691867] (-) TimerEvent: {}
[119.792273] (-) TimerEvent: {}
[119.892588] (-) TimerEvent: {}
[119.992903] (-) TimerEvent: {}
[120.093212] (-) TimerEvent: {}
[120.193538] (-) TimerEvent: {}
[120.293840] (-) TimerEvent: {}
[120.394148] (-) TimerEvent: {}
[120.494469] (-) TimerEvent: {}
[120.594767] (-) TimerEvent: {}
[120.695067] (-) TimerEvent: {}
[120.795405] (-) TimerEvent: {}
[120.895713] (-) TimerEvent: {}
[120.996019] (-) TimerEvent: {}
[121.096323] (-) TimerEvent: {}
[121.196639] (-) TimerEvent: {}
[121.296943] (-) TimerEvent: {}
[121.397288] (-) TimerEvent: {}
[121.497592] (-) TimerEvent: {}
[121.597905] (-) TimerEvent: {}
[121.698230] (-) TimerEvent: {}
[121.798569] (-) TimerEvent: {}
[121.898881] (-) TimerEvent: {}
[121.999189] (-) TimerEvent: {}
[122.099506] (-) TimerEvent: {}
[122.199838] (-) TimerEvent: {}
[122.300142] (-) TimerEvent: {}
[122.400459] (-) TimerEvent: {}
[122.500734] (-) TimerEvent: {}
[122.601045] (-) TimerEvent: {}
[122.701366] (-) TimerEvent: {}
[122.801683] (-) TimerEvent: {}
[122.902008] (-) TimerEvent: {}
[123.002385] (-) TimerEvent: {}
[123.102721] (-) TimerEvent: {}
[123.203046] (-) TimerEvent: {}
[123.303370] (-) TimerEvent: {}
[123.403700] (-) TimerEvent: {}
[123.504055] (-) TimerEvent: {}
[123.604422] (-) TimerEvent: {}
[123.704748] (-) TimerEvent: {}
[123.805066] (-) TimerEvent: {}
[123.905364] (-) TimerEvent: {}
[124.005691] (-) TimerEvent: {}
[124.105989] (-) TimerEvent: {}
[124.206308] (-) TimerEvent: {}
[124.306632] (-) TimerEvent: {}
[124.406957] (-) TimerEvent: {}
[124.507281] (-) TimerEvent: {}
[124.607609] (-) TimerEvent: {}
[124.707928] (-) TimerEvent: {}
[124.808171] (-) TimerEvent: {}
[124.908472] (-) TimerEvent: {}
[125.008774] (-) TimerEvent: {}
[125.109071] (-) TimerEvent: {}
[125.209369] (-) TimerEvent: {}
[125.309588] (-) TimerEvent: {}
[125.409892] (-) TimerEvent: {}
[125.510220] (-) TimerEvent: {}
[125.610520] (-) TimerEvent: {}
[125.710817] (-) TimerEvent: {}
[125.811114] (-) TimerEvent: {}
[125.911458] (-) TimerEvent: {}
[126.011752] (-) TimerEvent: {}
[126.112048] (-) TimerEvent: {}
[126.212353] (-) TimerEvent: {}
[126.312597] (-) TimerEvent: {}
[126.412894] (-) TimerEvent: {}
[126.513215] (-) TimerEvent: {}
[126.613514] (-) TimerEvent: {}
[126.713814] (-) TimerEvent: {}
[126.814115] (-) TimerEvent: {}
[126.914460] (-) TimerEvent: {}
[127.014766] (-) TimerEvent: {}
[127.115006] (-) TimerEvent: {}
[127.215318] (-) TimerEvent: {}
[127.315541] (-) TimerEvent: {}
[127.415777] (-) TimerEvent: {}
[127.516065] (-) TimerEvent: {}
[127.616400] (-) TimerEvent: {}
[127.716725] (-) TimerEvent: {}
[127.817058] (-) TimerEvent: {}
[127.917365] (-) TimerEvent: {}
[128.017667] (-) TimerEvent: {}
[128.117969] (-) TimerEvent: {}
[128.218267] (-) TimerEvent: {}
[128.318564] (-) TimerEvent: {}
[128.418863] (-) TimerEvent: {}
[128.519158] (-) TimerEvent: {}
[128.619486] (-) TimerEvent: {}
[128.719793] (-) TimerEvent: {}
[128.820099] (-) TimerEvent: {}
[128.920418] (-) TimerEvent: {}
[129.020717] (-) TimerEvent: {}
[129.121023] (-) TimerEvent: {}
[129.221275] (-) TimerEvent: {}
[129.321513] (-) TimerEvent: {}
[129.421815] (-) TimerEvent: {}
[129.522111] (-) TimerEvent: {}
[129.622439] (-) TimerEvent: {}
[129.722739] (-) TimerEvent: {}
[129.823052] (-) TimerEvent: {}
[129.923384] (-) TimerEvent: {}
[130.023725] (-) TimerEvent: {}
[130.124047] (-) TimerEvent: {}
[130.224371] (-) TimerEvent: {}
[130.324702] (-) TimerEvent: {}
[130.425017] (-) TimerEvent: {}
[130.525328] (-) TimerEvent: {}
[130.625645] (-) TimerEvent: {}
[130.725951] (-) TimerEvent: {}
[130.826262] (-) TimerEvent: {}
[130.926560] (-) TimerEvent: {}
[131.026863] (-) TimerEvent: {}
[131.127156] (-) TimerEvent: {}
[131.227461] (-) TimerEvent: {}
[131.327761] (-) TimerEvent: {}
[131.428055] (-) TimerEvent: {}
[131.528355] (-) TimerEvent: {}
[131.628651] (-) TimerEvent: {}
[131.728950] (-) TimerEvent: {}
[131.829255] (-) TimerEvent: {}
[131.929559] (-) TimerEvent: {}
[132.029868] (-) TimerEvent: {}
[132.130169] (-) TimerEvent: {}
[132.230495] (-) TimerEvent: {}
[132.330798] (-) TimerEvent: {}
[132.431100] (-) TimerEvent: {}
[132.531413] (-) TimerEvent: {}
[132.631738] (-) TimerEvent: {}
[132.732058] (-) TimerEvent: {}
[132.832304] (-) TimerEvent: {}
[132.932715] (-) TimerEvent: {}
[133.033098] (-) TimerEvent: {}
[133.133445] (-) TimerEvent: {}
[133.233741] (-) TimerEvent: {}
[133.334039] (-) TimerEvent: {}
[133.434333] (-) TimerEvent: {}
[133.534652] (-) TimerEvent: {}
[133.634959] (-) TimerEvent: {}
[133.735278] (-) TimerEvent: {}
[133.835586] (-) TimerEvent: {}
[133.935903] (-) TimerEvent: {}
[134.036210] (-) TimerEvent: {}
[134.136532] (-) TimerEvent: {}
[134.236852] (-) TimerEvent: {}
[134.337171] (-) TimerEvent: {}
[134.437490] (-) TimerEvent: {}
[134.537820] (-) TimerEvent: {}
[134.638167] (-) TimerEvent: {}
[134.738501] (-) TimerEvent: {}
[134.838819] (-) TimerEvent: {}
[134.939131] (-) TimerEvent: {}
[135.039450] (-) TimerEvent: {}
[135.140167] (-) TimerEvent: {}
[135.240478] (-) TimerEvent: {}
[135.340788] (-) TimerEvent: {}
[135.441097] (-) TimerEvent: {}
[135.541418] (-) TimerEvent: {}
[135.641726] (-) TimerEvent: {}
[135.742034] (-) TimerEvent: {}
[135.842394] (-) TimerEvent: {}
[135.942746] (-) TimerEvent: {}
[136.043087] (-) TimerEvent: {}
[136.143366] (-) TimerEvent: {}
[136.243629] (-) TimerEvent: {}
[136.343911] (-) TimerEvent: {}
[136.444170] (-) TimerEvent: {}
[136.514866] (ur_robot_driver) StdoutLine: {'line': b'[  9%] \x1b[32mBuilding CXX object CMakeFiles/ur_robot_driver_plugin.dir/src/hardware_interface.cpp.o\x1b[0m\n'}
[136.544274] (-) TimerEvent: {}
[136.644526] (-) TimerEvent: {}
[136.744779] (-) TimerEvent: {}
[136.845122] (-) TimerEvent: {}
[136.945458] (-) TimerEvent: {}
[137.045778] (-) TimerEvent: {}
[137.146091] (-) TimerEvent: {}
[137.246409] (-) TimerEvent: {}
[137.346725] (-) TimerEvent: {}
[137.447055] (-) TimerEvent: {}
[137.547380] (-) TimerEvent: {}
[137.647686] (-) TimerEvent: {}
[137.748009] (-) TimerEvent: {}
[137.848314] (-) TimerEvent: {}
[137.948572] (-) TimerEvent: {}
[138.048838] (-) TimerEvent: {}
[138.149138] (-) TimerEvent: {}
[138.249450] (-) TimerEvent: {}
[138.349694] (-) TimerEvent: {}
[138.450069] (-) TimerEvent: {}
[138.550375] (-) TimerEvent: {}
[138.650687] (-) TimerEvent: {}
[138.750999] (-) TimerEvent: {}
[138.851304] (-) TimerEvent: {}
[138.951525] (-) TimerEvent: {}
[139.051761] (-) TimerEvent: {}
[139.152063] (-) TimerEvent: {}
[139.252384] (-) TimerEvent: {}
[139.352689] (-) TimerEvent: {}
[139.453013] (-) TimerEvent: {}
[139.553271] (-) TimerEvent: {}
[139.653497] (-) TimerEvent: {}
[139.753762] (-) TimerEvent: {}
[139.854070] (-) TimerEvent: {}
[139.954333] (-) TimerEvent: {}
[140.054586] (-) TimerEvent: {}
[140.154903] (-) TimerEvent: {}
[140.255229] (-) TimerEvent: {}
[140.355544] (-) TimerEvent: {}
[140.455845] (-) TimerEvent: {}
[140.556145] (-) TimerEvent: {}
[140.656453] (-) TimerEvent: {}
[140.756783] (-) TimerEvent: {}
[140.857113] (-) TimerEvent: {}
[140.957425] (-) TimerEvent: {}
[141.057723] (-) TimerEvent: {}
[141.158012] (-) TimerEvent: {}
[141.258305] (-) TimerEvent: {}
[141.358602] (-) TimerEvent: {}
[141.458895] (-) TimerEvent: {}
[141.559204] (-) TimerEvent: {}
[141.659496] (-) TimerEvent: {}
[141.759789] (-) TimerEvent: {}
[141.860086] (-) TimerEvent: {}
[141.960393] (-) TimerEvent: {}
[142.060692] (-) TimerEvent: {}
[142.160990] (-) TimerEvent: {}
[142.261298] (-) TimerEvent: {}
[142.361600] (-) TimerEvent: {}
[142.461900] (-) TimerEvent: {}
[142.562213] (-) TimerEvent: {}
[142.662490] (-) TimerEvent: {}
[142.762805] (-) TimerEvent: {}
[142.863115] (-) TimerEvent: {}
[142.963430] (-) TimerEvent: {}
[143.063729] (-) TimerEvent: {}
[143.164052] (-) TimerEvent: {}
[143.264362] (-) TimerEvent: {}
[143.364662] (-) TimerEvent: {}
[143.464991] (-) TimerEvent: {}
[143.565396] (-) TimerEvent: {}
[143.665658] (-) TimerEvent: {}
[143.765962] (-) TimerEvent: {}
[143.866277] (-) TimerEvent: {}
[143.966545] (-) TimerEvent: {}
[144.066798] (-) TimerEvent: {}
[144.167073] (-) TimerEvent: {}
[144.267322] (-) TimerEvent: {}
[144.367564] (-) TimerEvent: {}
[144.467854] (-) TimerEvent: {}
[144.472837] (ur_robot_driver) StdoutLine: {'line': b'[ 13%] \x1b[32mBuilding CXX object CMakeFiles/ur_robot_driver_plugin.dir/src/urcl_log_handler.cpp.o\x1b[0m\n'}
[144.567957] (-) TimerEvent: {}
[144.668263] (-) TimerEvent: {}
[144.768479] (-) TimerEvent: {}
[144.868711] (-) TimerEvent: {}
[144.875012] (ur_robot_driver) StdoutLine: {'line': b'[ 18%] \x1b[32mBuilding CXX object CMakeFiles/ur_robot_driver_plugin.dir/src/robot_state_helper.cpp.o\x1b[0m\n'}
[144.968821] (-) TimerEvent: {}
[145.069061] (-) TimerEvent: {}
[145.169317] (-) TimerEvent: {}
[145.269620] (-) TimerEvent: {}
[145.369875] (-) TimerEvent: {}
[145.470191] (-) TimerEvent: {}
[145.570447] (-) TimerEvent: {}
[145.670770] (-) TimerEvent: {}
[145.771026] (-) TimerEvent: {}
[145.871275] (-) TimerEvent: {}
[145.971586] (-) TimerEvent: {}
[146.071845] (-) TimerEvent: {}
[146.172163] (-) TimerEvent: {}
[146.272395] (-) TimerEvent: {}
[146.372657] (-) TimerEvent: {}
[146.472919] (-) TimerEvent: {}
[146.573177] (-) TimerEvent: {}
[146.673405] (-) TimerEvent: {}
[146.773645] (-) TimerEvent: {}
[146.873893] (-) TimerEvent: {}
[146.974148] (-) TimerEvent: {}
[147.074459] (-) TimerEvent: {}
[147.174707] (-) TimerEvent: {}
[147.274947] (-) TimerEvent: {}
[147.375270] (-) TimerEvent: {}
[147.475485] (-) TimerEvent: {}
[147.575723] (-) TimerEvent: {}
[147.675970] (-) TimerEvent: {}
[147.776228] (-) TimerEvent: {}
[147.876472] (-) TimerEvent: {}
[147.976774] (-) TimerEvent: {}
[148.077032] (-) TimerEvent: {}
[148.177249] (-) TimerEvent: {}
[148.277503] (-) TimerEvent: {}
[148.377799] (-) TimerEvent: {}
[148.478088] (-) TimerEvent: {}
[148.578322] (-) TimerEvent: {}
[148.678549] (-) TimerEvent: {}
[148.778789] (-) TimerEvent: {}
[148.879020] (-) TimerEvent: {}
[148.979262] (-) TimerEvent: {}
[149.079496] (-) TimerEvent: {}
[149.179738] (-) TimerEvent: {}
[149.280002] (-) TimerEvent: {}
[149.380249] (-) TimerEvent: {}
[149.480477] (-) TimerEvent: {}
[149.580723] (-) TimerEvent: {}
[149.680957] (-) TimerEvent: {}
[149.781173] (-) TimerEvent: {}
[149.881418] (-) TimerEvent: {}
[149.981681] (-) TimerEvent: {}
[150.081925] (-) TimerEvent: {}
[150.182172] (-) TimerEvent: {}
[150.282406] (-) TimerEvent: {}
[150.382671] (-) TimerEvent: {}
[150.482910] (-) TimerEvent: {}
[150.583151] (-) TimerEvent: {}
[150.683402] (-) TimerEvent: {}
[150.783644] (-) TimerEvent: {}
[150.883931] (-) TimerEvent: {}
[150.984186] (-) TimerEvent: {}
[151.084562] (-) TimerEvent: {}
[151.184828] (-) TimerEvent: {}
[151.285150] (-) TimerEvent: {}
[151.385409] (-) TimerEvent: {}
[151.485680] (-) TimerEvent: {}
[151.585942] (-) TimerEvent: {}
[151.686228] (-) TimerEvent: {}
[151.786457] (-) TimerEvent: {}
[151.886697] (-) TimerEvent: {}
[151.986948] (-) TimerEvent: {}
[152.087350] (-) TimerEvent: {}
[152.187639] (-) TimerEvent: {}
[152.287949] (-) TimerEvent: {}
[152.388426] (-) TimerEvent: {}
[152.488684] (-) TimerEvent: {}
[152.588905] (-) TimerEvent: {}
[152.689140] (-) TimerEvent: {}
[152.789370] (-) TimerEvent: {}
[152.889612] (-) TimerEvent: {}
[152.989843] (-) TimerEvent: {}
[153.090113] (-) TimerEvent: {}
[153.190336] (-) TimerEvent: {}
[153.290550] (-) TimerEvent: {}
[153.390791] (-) TimerEvent: {}
[153.491027] (-) TimerEvent: {}
[153.591326] (-) TimerEvent: {}
[153.691544] (-) TimerEvent: {}
[153.791792] (-) TimerEvent: {}
[153.892088] (-) TimerEvent: {}
[153.992334] (-) TimerEvent: {}
[154.092554] (-) TimerEvent: {}
[154.192796] (-) TimerEvent: {}
[154.293096] (-) TimerEvent: {}
[154.393322] (-) TimerEvent: {}
[154.493545] (-) TimerEvent: {}
[154.593787] (-) TimerEvent: {}
[154.694027] (-) TimerEvent: {}
[154.794250] (-) TimerEvent: {}
[154.894477] (-) TimerEvent: {}
[154.994721] (-) TimerEvent: {}
[155.094967] (-) TimerEvent: {}
[155.195230] (-) TimerEvent: {}
[155.295505] (-) TimerEvent: {}
[155.395769] (-) TimerEvent: {}
[155.496025] (-) TimerEvent: {}
[155.596366] (-) TimerEvent: {}
[155.696696] (-) TimerEvent: {}
[155.797024] (-) TimerEvent: {}
[155.897385] (-) TimerEvent: {}
[155.997651] (-) TimerEvent: {}
[156.097896] (-) TimerEvent: {}
[156.198140] (-) TimerEvent: {}
[156.298385] (-) TimerEvent: {}
[156.398596] (-) TimerEvent: {}
[156.498832] (-) TimerEvent: {}
[156.599076] (-) TimerEvent: {}
[156.699306] (-) TimerEvent: {}
[156.799523] (-) TimerEvent: {}
[156.899763] (-) TimerEvent: {}
[157.000078] (-) TimerEvent: {}
[157.100330] (-) TimerEvent: {}
[157.200549] (-) TimerEvent: {}
[157.300855] (-) TimerEvent: {}
[157.401157] (-) TimerEvent: {}
[157.501383] (-) TimerEvent: {}
[157.601624] (-) TimerEvent: {}
[157.701898] (-) TimerEvent: {}
[157.802330] (-) TimerEvent: {}
[157.902613] (-) TimerEvent: {}
[158.002838] (-) TimerEvent: {}
[158.103077] (-) TimerEvent: {}
[158.203307] (-) TimerEvent: {}
[158.303664] (-) TimerEvent: {}
[158.404147] (-) TimerEvent: {}
[158.504423] (-) TimerEvent: {}
[158.604686] (-) TimerEvent: {}
[158.704932] (-) TimerEvent: {}
[158.805248] (-) TimerEvent: {}
[158.905519] (-) TimerEvent: {}
[159.005831] (-) TimerEvent: {}
[159.106155] (-) TimerEvent: {}
[159.206427] (-) TimerEvent: {}
[159.306731] (-) TimerEvent: {}
[159.407025] (-) TimerEvent: {}
[159.507278] (-) TimerEvent: {}
[159.607586] (-) TimerEvent: {}
[159.707850] (-) TimerEvent: {}
[159.808109] (-) TimerEvent: {}
[159.908393] (-) TimerEvent: {}
[160.008663] (-) TimerEvent: {}
[160.108994] (-) TimerEvent: {}
[160.209285] (-) TimerEvent: {}
[160.309620] (-) TimerEvent: {}
[160.409857] (-) TimerEvent: {}
[160.510097] (-) TimerEvent: {}
[160.610337] (-) TimerEvent: {}
[160.710616] (-) TimerEvent: {}
[160.810881] (-) TimerEvent: {}
[160.911154] (-) TimerEvent: {}
[161.011429] (-) TimerEvent: {}
[161.111678] (-) TimerEvent: {}
[161.211927] (-) TimerEvent: {}
[161.312167] (-) TimerEvent: {}
[161.412413] (-) TimerEvent: {}
[161.512666] (-) TimerEvent: {}
[161.612933] (-) TimerEvent: {}
[161.713239] (-) TimerEvent: {}
[161.813561] (-) TimerEvent: {}
[161.913987] (-) TimerEvent: {}
[161.987668] (ur_robot_driver) StdoutLine: {'line': b'[ 22%] \x1b[32m\x1b[1mLinking CXX shared library libur_robot_driver_plugin.so\x1b[0m\n'}
[162.014179] (-) TimerEvent: {}
[162.114618] (-) TimerEvent: {}
[162.215046] (-) TimerEvent: {}
[162.315374] (-) TimerEvent: {}
[162.415762] (-) TimerEvent: {}
[162.516137] (-) TimerEvent: {}
[162.616542] (-) TimerEvent: {}
[162.666091] (ur_robot_driver) StdoutLine: {'line': b'[ 22%] Built target ur_robot_driver_plugin\n'}
[162.680650] (ur_robot_driver) StdoutLine: {'line': b'[ 27%] \x1b[32mBuilding CXX object CMakeFiles/dashboard_client.dir/src/dashboard_client_ros.cpp.o\x1b[0m\n'}
[162.716677] (-) TimerEvent: {}
[162.817073] (-) TimerEvent: {}
[162.917473] (-) TimerEvent: {}
[163.017762] (-) TimerEvent: {}
[163.118047] (-) TimerEvent: {}
[163.218270] (-) TimerEvent: {}
[163.318486] (-) TimerEvent: {}
[163.418726] (-) TimerEvent: {}
[163.519017] (-) TimerEvent: {}
[163.619310] (-) TimerEvent: {}
[163.719561] (-) TimerEvent: {}
[163.819813] (-) TimerEvent: {}
[163.920048] (-) TimerEvent: {}
[164.020315] (-) TimerEvent: {}
[164.120590] (-) TimerEvent: {}
[164.220827] (-) TimerEvent: {}
[164.321160] (-) TimerEvent: {}
[164.421513] (-) TimerEvent: {}
[164.521850] (-) TimerEvent: {}
[164.622182] (-) TimerEvent: {}
[164.722462] (-) TimerEvent: {}
[164.822796] (-) TimerEvent: {}
[164.923140] (-) TimerEvent: {}
[165.023523] (-) TimerEvent: {}
[165.123860] (-) TimerEvent: {}
[165.224205] (-) TimerEvent: {}
[165.324537] (-) TimerEvent: {}
[165.424859] (-) TimerEvent: {}
[165.525114] (-) TimerEvent: {}
[165.625353] (-) TimerEvent: {}
[165.725620] (-) TimerEvent: {}
[165.825992] (-) TimerEvent: {}
[165.926345] (-) TimerEvent: {}
[166.026600] (-) TimerEvent: {}
[166.126945] (-) TimerEvent: {}
[166.227348] (-) TimerEvent: {}
[166.327642] (-) TimerEvent: {}
[166.427937] (-) TimerEvent: {}
[166.528272] (-) TimerEvent: {}
[166.628644] (-) TimerEvent: {}
[166.728947] (-) TimerEvent: {}
[166.829318] (-) TimerEvent: {}
[166.929579] (-) TimerEvent: {}
[167.029843] (-) TimerEvent: {}
[167.130100] (-) TimerEvent: {}
[167.230373] (-) TimerEvent: {}
[167.330695] (-) TimerEvent: {}
[167.431013] (-) TimerEvent: {}
[167.531293] (-) TimerEvent: {}
[167.631545] (-) TimerEvent: {}
[167.731802] (-) TimerEvent: {}
[167.832052] (-) TimerEvent: {}
[167.932310] (-) TimerEvent: {}
[168.032567] (-) TimerEvent: {}
[168.132823] (-) TimerEvent: {}
[168.233079] (-) TimerEvent: {}
[168.333328] (-) TimerEvent: {}
[168.433578] (-) TimerEvent: {}
[168.533843] (-) TimerEvent: {}
[168.634154] (-) TimerEvent: {}
[168.734435] (-) TimerEvent: {}
[168.834721] (-) TimerEvent: {}
[168.935015] (-) TimerEvent: {}
[169.035371] (-) TimerEvent: {}
[169.135747] (-) TimerEvent: {}
[169.236132] (-) TimerEvent: {}
[169.336459] (-) TimerEvent: {}
[169.436824] (-) TimerEvent: {}
[169.537166] (-) TimerEvent: {}
[169.637418] (-) TimerEvent: {}
[169.737700] (-) TimerEvent: {}
[169.838029] (-) TimerEvent: {}
[169.938262] (-) TimerEvent: {}
[170.038537] (-) TimerEvent: {}
[170.138809] (-) TimerEvent: {}
[170.239092] (-) TimerEvent: {}
[170.339373] (-) TimerEvent: {}
[170.439765] (-) TimerEvent: {}
[170.540106] (-) TimerEvent: {}
[170.640451] (-) TimerEvent: {}
[170.740724] (-) TimerEvent: {}
[170.840976] (-) TimerEvent: {}
[170.941312] (-) TimerEvent: {}
[171.041604] (-) TimerEvent: {}
[171.141964] (-) TimerEvent: {}
[171.242324] (-) TimerEvent: {}
[171.342660] (-) TimerEvent: {}
[171.443016] (-) TimerEvent: {}
[171.543349] (-) TimerEvent: {}
[171.643711] (-) TimerEvent: {}
[171.744093] (-) TimerEvent: {}
[171.844347] (-) TimerEvent: {}
[171.944613] (-) TimerEvent: {}
[172.044922] (-) TimerEvent: {}
[172.145253] (-) TimerEvent: {}
[172.245517] (-) TimerEvent: {}
[172.345824] (-) TimerEvent: {}
[172.446174] (-) TimerEvent: {}
[172.546509] (-) TimerEvent: {}
[172.646842] (-) TimerEvent: {}
[172.747172] (-) TimerEvent: {}
[172.847525] (-) TimerEvent: {}
[172.947817] (-) TimerEvent: {}
[173.048156] (-) TimerEvent: {}
[173.148404] (-) TimerEvent: {}
[173.248658] (-) TimerEvent: {}
[173.348981] (-) TimerEvent: {}
[173.449254] (-) TimerEvent: {}
[173.549488] (-) TimerEvent: {}
[173.649732] (-) TimerEvent: {}
[173.750052] (-) TimerEvent: {}
[173.850341] (-) TimerEvent: {}
[173.950648] (-) TimerEvent: {}
[174.050880] (-) TimerEvent: {}
[174.151109] (-) TimerEvent: {}
[174.251344] (-) TimerEvent: {}
[174.351594] (-) TimerEvent: {}
[174.451838] (-) TimerEvent: {}
[174.552093] (-) TimerEvent: {}
[174.652437] (-) TimerEvent: {}
[174.752770] (-) TimerEvent: {}
[174.853087] (-) TimerEvent: {}
[174.953338] (-) TimerEvent: {}
[175.053608] (-) TimerEvent: {}
[175.154018] (-) TimerEvent: {}
[175.254369] (-) TimerEvent: {}
[175.354655] (-) TimerEvent: {}
[175.455050] (-) TimerEvent: {}
[175.555351] (-) TimerEvent: {}
[175.655677] (-) TimerEvent: {}
[175.756069] (-) TimerEvent: {}
[175.856382] (-) TimerEvent: {}
[175.956774] (-) TimerEvent: {}
[176.057173] (-) TimerEvent: {}
[176.157476] (-) TimerEvent: {}
[176.257808] (-) TimerEvent: {}
[176.358181] (-) TimerEvent: {}
[176.458577] (-) TimerEvent: {}
[176.558867] (-) TimerEvent: {}
[176.659135] (-) TimerEvent: {}
[176.759440] (-) TimerEvent: {}
[176.859723] (-) TimerEvent: {}
[176.959984] (-) TimerEvent: {}
[177.060270] (-) TimerEvent: {}
[177.160614] (-) TimerEvent: {}
[177.260905] (-) TimerEvent: {}
[177.361250] (-) TimerEvent: {}
[177.461540] (-) TimerEvent: {}
[177.561839] (-) TimerEvent: {}
[177.662083] (-) TimerEvent: {}
[177.762327] (-) TimerEvent: {}
[177.862564] (-) TimerEvent: {}
[177.962803] (-) TimerEvent: {}
[178.063041] (-) TimerEvent: {}
[178.163272] (-) TimerEvent: {}
[178.263561] (-) TimerEvent: {}
[178.363882] (-) TimerEvent: {}
[178.464226] (-) TimerEvent: {}
[178.564517] (-) TimerEvent: {}
[178.664808] (-) TimerEvent: {}
[178.765144] (-) TimerEvent: {}
[178.865444] (-) TimerEvent: {}
[178.965819] (-) TimerEvent: {}
[179.066182] (-) TimerEvent: {}
[179.166672] (-) TimerEvent: {}
[179.266984] (-) TimerEvent: {}
[179.367227] (-) TimerEvent: {}
[179.467536] (-) TimerEvent: {}
[179.567788] (-) TimerEvent: {}
[179.668083] (-) TimerEvent: {}
[179.768329] (-) TimerEvent: {}
[179.868628] (-) TimerEvent: {}
[179.968931] (-) TimerEvent: {}
[180.069183] (-) TimerEvent: {}
[180.169529] (-) TimerEvent: {}
[180.269832] (-) TimerEvent: {}
[180.370127] (-) TimerEvent: {}
[180.470352] (-) TimerEvent: {}
[180.570565] (-) TimerEvent: {}
[180.670767] (-) TimerEvent: {}
[180.771053] (-) TimerEvent: {}
[180.871285] (-) TimerEvent: {}
[180.971519] (-) TimerEvent: {}
[181.071773] (-) TimerEvent: {}
[181.172024] (-) TimerEvent: {}
[181.272257] (-) TimerEvent: {}
[181.372462] (-) TimerEvent: {}
[181.472693] (-) TimerEvent: {}
[181.572942] (-) TimerEvent: {}
[181.673274] (-) TimerEvent: {}
[181.773482] (-) TimerEvent: {}
[181.873709] (-) TimerEvent: {}
[181.973939] (-) TimerEvent: {}
[182.074162] (-) TimerEvent: {}
[182.174367] (-) TimerEvent: {}
[182.274573] (-) TimerEvent: {}
[182.374769] (-) TimerEvent: {}
[182.474988] (-) TimerEvent: {}
[182.575230] (-) TimerEvent: {}
[182.675454] (-) TimerEvent: {}
[182.775661] (-) TimerEvent: {}
[182.875897] (-) TimerEvent: {}
[182.976194] (-) TimerEvent: {}
[183.076424] (-) TimerEvent: {}
[183.176722] (-) TimerEvent: {}
[183.277018] (-) TimerEvent: {}
[183.377318] (-) TimerEvent: {}
[183.477601] (-) TimerEvent: {}
[183.577913] (-) TimerEvent: {}
[183.678151] (-) TimerEvent: {}
[183.778367] (-) TimerEvent: {}
[183.878599] (-) TimerEvent: {}
[183.978903] (-) TimerEvent: {}
[184.079203] (-) TimerEvent: {}
[184.179503] (-) TimerEvent: {}
[184.279757] (-) TimerEvent: {}
[184.380061] (-) TimerEvent: {}
[184.480337] (-) TimerEvent: {}
[184.580656] (-) TimerEvent: {}
[184.680968] (-) TimerEvent: {}
[184.781281] (-) TimerEvent: {}
[184.881585] (-) TimerEvent: {}
[184.981907] (-) TimerEvent: {}
[185.082225] (-) TimerEvent: {}
[185.182544] (-) TimerEvent: {}
[185.282878] (-) TimerEvent: {}
[185.383237] (-) TimerEvent: {}
[185.483466] (-) TimerEvent: {}
[185.583782] (-) TimerEvent: {}
[185.684106] (-) TimerEvent: {}
[185.784427] (-) TimerEvent: {}
[185.884762] (-) TimerEvent: {}
[185.985085] (-) TimerEvent: {}
[186.085407] (-) TimerEvent: {}
[186.185799] (-) TimerEvent: {}
[186.286113] (-) TimerEvent: {}
[186.386356] (-) TimerEvent: {}
[186.486581] (-) TimerEvent: {}
[186.586849] (-) TimerEvent: {}
[186.687072] (-) TimerEvent: {}
[186.787365] (-) TimerEvent: {}
[186.887683] (-) TimerEvent: {}
[186.988050] (-) TimerEvent: {}
[187.088331] (-) TimerEvent: {}
[187.188570] (-) TimerEvent: {}
[187.288855] (-) TimerEvent: {}
[187.389158] (-) TimerEvent: {}
[187.489396] (-) TimerEvent: {}
[187.589612] (-) TimerEvent: {}
[187.689910] (-) TimerEvent: {}
[187.790196] (-) TimerEvent: {}
[187.890457] (-) TimerEvent: {}
[187.990727] (-) TimerEvent: {}
[188.091063] (-) TimerEvent: {}
[188.191339] (-) TimerEvent: {}
[188.263408] (ur_robot_driver) StdoutLine: {'line': b'[ 31%] \x1b[32mBuilding CXX object CMakeFiles/dashboard_client.dir/src/dashboard_client_node.cpp.o\x1b[0m\n'}
[188.291421] (-) TimerEvent: {}
[188.391704] (-) TimerEvent: {}
[188.491979] (-) TimerEvent: {}
[188.592291] (-) TimerEvent: {}
[188.692630] (-) TimerEvent: {}
[188.792967] (-) TimerEvent: {}
[188.893306] (-) TimerEvent: {}
[188.993633] (-) TimerEvent: {}
[189.093947] (-) TimerEvent: {}
[189.194257] (-) TimerEvent: {}
[189.294483] (-) TimerEvent: {}
[189.394820] (-) TimerEvent: {}
[189.495127] (-) TimerEvent: {}
[189.595520] (-) TimerEvent: {}
[189.695816] (-) TimerEvent: {}
[189.796189] (-) TimerEvent: {}
[189.896475] (-) TimerEvent: {}
[189.996785] (-) TimerEvent: {}
[190.097104] (-) TimerEvent: {}
[190.197421] (-) TimerEvent: {}
[190.297740] (-) TimerEvent: {}
[190.398043] (-) TimerEvent: {}
[190.498429] (-) TimerEvent: {}
[190.598733] (-) TimerEvent: {}
[190.699056] (-) TimerEvent: {}
[190.799353] (-) TimerEvent: {}
[190.899639] (-) TimerEvent: {}
[190.999942] (-) TimerEvent: {}
[191.100284] (-) TimerEvent: {}
[191.200536] (-) TimerEvent: {}
[191.300777] (-) TimerEvent: {}
[191.401071] (-) TimerEvent: {}
[191.501286] (-) TimerEvent: {}
[191.575973] (ur_robot_driver) StdoutLine: {'line': b'[ 36%] \x1b[32mBuilding CXX object CMakeFiles/dashboard_client.dir/src/urcl_log_handler.cpp.o\x1b[0m\n'}
[191.601427] (-) TimerEvent: {}
[191.701788] (-) TimerEvent: {}
[191.802061] (-) TimerEvent: {}
[191.902364] (-) TimerEvent: {}
[192.002682] (-) TimerEvent: {}
[192.005891] (ur_robot_driver) StdoutLine: {'line': b'[ 40%] \x1b[32m\x1b[1mLinking CXX executable dashboard_client\x1b[0m\n'}
[192.102808] (-) TimerEvent: {}
[192.203170] (-) TimerEvent: {}
[192.303503] (-) TimerEvent: {}
[192.383705] (ur_robot_driver) StdoutLine: {'line': b'[ 40%] Built target dashboard_client\n'}
[192.398090] (ur_robot_driver) StdoutLine: {'line': b'[ 45%] \x1b[32mBuilding CXX object CMakeFiles/ur_ros2_control_node.dir/src/ur_ros2_control_node.cpp.o\x1b[0m\n'}
[192.403589] (-) TimerEvent: {}
[192.503859] (-) TimerEvent: {}
[192.604252] (-) TimerEvent: {}
[192.704539] (-) TimerEvent: {}
[192.804899] (-) TimerEvent: {}
[192.905273] (-) TimerEvent: {}
[193.005612] (-) TimerEvent: {}
[193.105910] (-) TimerEvent: {}
[193.206305] (-) TimerEvent: {}
[193.306584] (-) TimerEvent: {}
[193.406855] (-) TimerEvent: {}
[193.507110] (-) TimerEvent: {}
[193.607319] (-) TimerEvent: {}
[193.707502] (-) TimerEvent: {}
[193.807708] (-) TimerEvent: {}
[193.907921] (-) TimerEvent: {}
[194.008097] (-) TimerEvent: {}
[194.108312] (-) TimerEvent: {}
[194.208547] (-) TimerEvent: {}
[194.308783] (-) TimerEvent: {}
[194.409019] (-) TimerEvent: {}
[194.509269] (-) TimerEvent: {}
[194.609487] (-) TimerEvent: {}
[194.709705] (-) TimerEvent: {}
[194.809941] (-) TimerEvent: {}
[194.910183] (-) TimerEvent: {}
[195.010421] (-) TimerEvent: {}
[195.110668] (-) TimerEvent: {}
[195.210911] (-) TimerEvent: {}
[195.279136] (ur_robot_driver) StdoutLine: {'line': b'[ 50%] \x1b[32m\x1b[1mLinking CXX executable ur_ros2_control_node\x1b[0m\n'}
[195.311031] (-) TimerEvent: {}
[195.378184] (ur_robot_driver) StdoutLine: {'line': b'[ 50%] Built target ur_ros2_control_node\n'}
[195.392573] (ur_robot_driver) StdoutLine: {'line': b'[ 54%] \x1b[32mBuilding CXX object CMakeFiles/controller_stopper_node.dir/src/controller_stopper.cpp.o\x1b[0m\n'}
[195.411149] (-) TimerEvent: {}
[195.511380] (-) TimerEvent: {}
[195.611605] (-) TimerEvent: {}
[195.711847] (-) TimerEvent: {}
[195.812176] (-) TimerEvent: {}
[195.912433] (-) TimerEvent: {}
[196.012685] (-) TimerEvent: {}
[196.112927] (-) TimerEvent: {}
[196.213172] (-) TimerEvent: {}
[196.313372] (-) TimerEvent: {}
[196.413576] (-) TimerEvent: {}
[196.513801] (-) TimerEvent: {}
[196.613988] (-) TimerEvent: {}
[196.714231] (-) TimerEvent: {}
[196.814453] (-) TimerEvent: {}
[196.914706] (-) TimerEvent: {}
[197.014948] (-) TimerEvent: {}
[197.115223] (-) TimerEvent: {}
[197.215452] (-) TimerEvent: {}
[197.315699] (-) TimerEvent: {}
[197.415935] (-) TimerEvent: {}
[197.516176] (-) TimerEvent: {}
[197.616400] (-) TimerEvent: {}
[197.716646] (-) TimerEvent: {}
[197.816895] (-) TimerEvent: {}
[197.917143] (-) TimerEvent: {}
[198.017399] (-) TimerEvent: {}
[198.117641] (-) TimerEvent: {}
[198.217882] (-) TimerEvent: {}
[198.318141] (-) TimerEvent: {}
[198.418397] (-) TimerEvent: {}
[198.518645] (-) TimerEvent: {}
[198.618904] (-) TimerEvent: {}
[198.719170] (-) TimerEvent: {}
[198.819498] (-) TimerEvent: {}
[198.919811] (-) TimerEvent: {}
[199.020168] (-) TimerEvent: {}
[199.120458] (-) TimerEvent: {}
[199.220813] (-) TimerEvent: {}
[199.321115] (-) TimerEvent: {}
[199.421351] (-) TimerEvent: {}
[199.521603] (-) TimerEvent: {}
[199.621841] (-) TimerEvent: {}
[199.722085] (-) TimerEvent: {}
[199.822323] (-) TimerEvent: {}
[199.922577] (-) TimerEvent: {}
[200.022841] (-) TimerEvent: {}
[200.123074] (-) TimerEvent: {}
[200.223276] (-) TimerEvent: {}
[200.323483] (-) TimerEvent: {}
[200.423720] (-) TimerEvent: {}
[200.523930] (-) TimerEvent: {}
[200.624178] (-) TimerEvent: {}
[200.724419] (-) TimerEvent: {}
[200.824673] (-) TimerEvent: {}
[200.924905] (-) TimerEvent: {}
[201.025125] (-) TimerEvent: {}
[201.125373] (-) TimerEvent: {}
[201.225629] (-) TimerEvent: {}
[201.325879] (-) TimerEvent: {}
[201.426124] (-) TimerEvent: {}
[201.526333] (-) TimerEvent: {}
[201.626547] (-) TimerEvent: {}
[201.726781] (-) TimerEvent: {}
[201.827023] (-) TimerEvent: {}
[201.927257] (-) TimerEvent: {}
[202.027473] (-) TimerEvent: {}
[202.127705] (-) TimerEvent: {}
[202.227949] (-) TimerEvent: {}
[202.328133] (-) TimerEvent: {}
[202.428345] (-) TimerEvent: {}
[202.528571] (-) TimerEvent: {}
[202.628756] (-) TimerEvent: {}
[202.728928] (-) TimerEvent: {}
[202.829101] (-) TimerEvent: {}
[202.929264] (-) TimerEvent: {}
[203.029434] (-) TimerEvent: {}
[203.129607] (-) TimerEvent: {}
[203.229761] (-) TimerEvent: {}
[203.329926] (-) TimerEvent: {}
[203.430126] (-) TimerEvent: {}
[203.530331] (-) TimerEvent: {}
[203.630556] (-) TimerEvent: {}
[203.730794] (-) TimerEvent: {}
[203.831021] (-) TimerEvent: {}
[203.931357] (-) TimerEvent: {}
[204.031610] (-) TimerEvent: {}
[204.131841] (-) TimerEvent: {}
[204.232046] (-) TimerEvent: {}
[204.332293] (-) TimerEvent: {}
[204.432534] (-) TimerEvent: {}
[204.532785] (-) TimerEvent: {}
[204.633037] (-) TimerEvent: {}
[204.733272] (-) TimerEvent: {}
[204.833574] (-) TimerEvent: {}
[204.933823] (-) TimerEvent: {}
[205.034050] (-) TimerEvent: {}
[205.134290] (-) TimerEvent: {}
[205.234545] (-) TimerEvent: {}
[205.334810] (-) TimerEvent: {}
[205.435098] (-) TimerEvent: {}
[205.447243] (ur_robot_driver) StdoutLine: {'line': b'[ 59%] \x1b[32mBuilding CXX object CMakeFiles/controller_stopper_node.dir/src/controller_stopper_node.cpp.o\x1b[0m\n'}
[205.535192] (-) TimerEvent: {}
[205.635448] (-) TimerEvent: {}
[205.735721] (-) TimerEvent: {}
[205.836003] (-) TimerEvent: {}
[205.936259] (-) TimerEvent: {}
[206.036540] (-) TimerEvent: {}
[206.136838] (-) TimerEvent: {}
[206.237113] (-) TimerEvent: {}
[206.337428] (-) TimerEvent: {}
[206.437683] (-) TimerEvent: {}
[206.537943] (-) TimerEvent: {}
[206.638232] (-) TimerEvent: {}
[206.738473] (-) TimerEvent: {}
[206.838708] (-) TimerEvent: {}
[206.938947] (-) TimerEvent: {}
[207.039191] (-) TimerEvent: {}
[207.139443] (-) TimerEvent: {}
[207.239688] (-) TimerEvent: {}
[207.339927] (-) TimerEvent: {}
[207.440169] (-) TimerEvent: {}
[207.540402] (-) TimerEvent: {}
[207.640659] (-) TimerEvent: {}
[207.740963] (-) TimerEvent: {}
[207.809434] (ur_robot_driver) StdoutLine: {'line': b'[ 63%] \x1b[32m\x1b[1mLinking CXX executable controller_stopper_node\x1b[0m\n'}
[207.841083] (-) TimerEvent: {}
[207.941323] (-) TimerEvent: {}
[208.015907] (ur_robot_driver) StdoutLine: {'line': b'[ 63%] Built target controller_stopper_node\n'}
[208.029108] (ur_robot_driver) StdoutLine: {'line': b'[ 68%] \x1b[32mBuilding CXX object CMakeFiles/robot_state_helper.dir/src/robot_state_helper.cpp.o\x1b[0m\n'}
[208.041437] (-) TimerEvent: {}
[208.141735] (-) TimerEvent: {}
[208.242048] (-) TimerEvent: {}
[208.342368] (-) TimerEvent: {}
[208.442692] (-) TimerEvent: {}
[208.543071] (-) TimerEvent: {}
[208.643366] (-) TimerEvent: {}
[208.743678] (-) TimerEvent: {}
[208.844065] (-) TimerEvent: {}
[208.944362] (-) TimerEvent: {}
[209.044680] (-) TimerEvent: {}
[209.145009] (-) TimerEvent: {}
[209.245297] (-) TimerEvent: {}
[209.345638] (-) TimerEvent: {}
[209.445991] (-) TimerEvent: {}
[209.546402] (-) TimerEvent: {}
[209.646784] (-) TimerEvent: {}
[209.747168] (-) TimerEvent: {}
[209.847465] (-) TimerEvent: {}
[209.947812] (-) TimerEvent: {}
[210.048177] (-) TimerEvent: {}
[210.148469] (-) TimerEvent: {}
[210.248707] (-) TimerEvent: {}
[210.349041] (-) TimerEvent: {}
[210.449265] (-) TimerEvent: {}
[210.549481] (-) TimerEvent: {}
[210.649717] (-) TimerEvent: {}
[210.749938] (-) TimerEvent: {}
[210.850228] (-) TimerEvent: {}
[210.950449] (-) TimerEvent: {}
[211.050670] (-) TimerEvent: {}
[211.150926] (-) TimerEvent: {}
[211.251190] (-) TimerEvent: {}
[211.351516] (-) TimerEvent: {}
[211.451780] (-) TimerEvent: {}
[211.552032] (-) TimerEvent: {}
[211.652277] (-) TimerEvent: {}
[211.752532] (-) TimerEvent: {}
[211.852865] (-) TimerEvent: {}
[211.953182] (-) TimerEvent: {}
[212.053475] (-) TimerEvent: {}
[212.153728] (-) TimerEvent: {}
[212.253990] (-) TimerEvent: {}
[212.354270] (-) TimerEvent: {}
[212.454484] (-) TimerEvent: {}
[212.554784] (-) TimerEvent: {}
[212.655093] (-) TimerEvent: {}
[212.755405] (-) TimerEvent: {}
[212.855660] (-) TimerEvent: {}
[212.955980] (-) TimerEvent: {}
[213.056325] (-) TimerEvent: {}
[213.156583] (-) TimerEvent: {}
[213.256856] (-) TimerEvent: {}
[213.357094] (-) TimerEvent: {}
[213.457316] (-) TimerEvent: {}
[213.557559] (-) TimerEvent: {}
[213.657878] (-) TimerEvent: {}
[213.758249] (-) TimerEvent: {}
[213.858503] (-) TimerEvent: {}
[213.958755] (-) TimerEvent: {}
[214.059028] (-) TimerEvent: {}
[214.159280] (-) TimerEvent: {}
[214.259522] (-) TimerEvent: {}
[214.359771] (-) TimerEvent: {}
[214.460023] (-) TimerEvent: {}
[214.560291] (-) TimerEvent: {}
[214.660535] (-) TimerEvent: {}
[214.760783] (-) TimerEvent: {}
[214.861021] (-) TimerEvent: {}
[214.961264] (-) TimerEvent: {}
[215.061478] (-) TimerEvent: {}
[215.161711] (-) TimerEvent: {}
[215.261952] (-) TimerEvent: {}
[215.362218] (-) TimerEvent: {}
[215.462484] (-) TimerEvent: {}
[215.562804] (-) TimerEvent: {}
[215.663088] (-) TimerEvent: {}
[215.763347] (-) TimerEvent: {}
[215.863597] (-) TimerEvent: {}
[215.964004] (-) TimerEvent: {}
[216.064298] (-) TimerEvent: {}
[216.164642] (-) TimerEvent: {}
[216.264931] (-) TimerEvent: {}
[216.365269] (-) TimerEvent: {}
[216.465615] (-) TimerEvent: {}
[216.565855] (-) TimerEvent: {}
[216.666118] (-) TimerEvent: {}
[216.766420] (-) TimerEvent: {}
[216.866672] (-) TimerEvent: {}
[216.966926] (-) TimerEvent: {}
[217.067172] (-) TimerEvent: {}
[217.167451] (-) TimerEvent: {}
[217.267731] (-) TimerEvent: {}
[217.368042] (-) TimerEvent: {}
[217.468290] (-) TimerEvent: {}
[217.568505] (-) TimerEvent: {}
[217.668731] (-) TimerEvent: {}
[217.768987] (-) TimerEvent: {}
[217.869253] (-) TimerEvent: {}
[217.969513] (-) TimerEvent: {}
[218.069780] (-) TimerEvent: {}
[218.170034] (-) TimerEvent: {}
[218.270288] (-) TimerEvent: {}
[218.370533] (-) TimerEvent: {}
[218.470799] (-) TimerEvent: {}
[218.571065] (-) TimerEvent: {}
[218.671341] (-) TimerEvent: {}
[218.771677] (-) TimerEvent: {}
[218.871989] (-) TimerEvent: {}
[218.972287] (-) TimerEvent: {}
[219.072637] (-) TimerEvent: {}
[219.172914] (-) TimerEvent: {}
[219.273189] (-) TimerEvent: {}
[219.373523] (-) TimerEvent: {}
[219.473777] (-) TimerEvent: {}
[219.574076] (-) TimerEvent: {}
[219.674356] (-) TimerEvent: {}
[219.774597] (-) TimerEvent: {}
[219.874831] (-) TimerEvent: {}
[219.975064] (-) TimerEvent: {}
[220.075331] (-) TimerEvent: {}
[220.175550] (-) TimerEvent: {}
[220.275784] (-) TimerEvent: {}
[220.376018] (-) TimerEvent: {}
[220.476226] (-) TimerEvent: {}
[220.576440] (-) TimerEvent: {}
[220.676683] (-) TimerEvent: {}
[220.776919] (-) TimerEvent: {}
[220.877229] (-) TimerEvent: {}
[220.977465] (-) TimerEvent: {}
[221.077767] (-) TimerEvent: {}
[221.178026] (-) TimerEvent: {}
[221.278354] (-) TimerEvent: {}
[221.378617] (-) TimerEvent: {}
[221.478928] (-) TimerEvent: {}
[221.579166] (-) TimerEvent: {}
[221.679387] (-) TimerEvent: {}
[221.779622] (-) TimerEvent: {}
[221.879864] (-) TimerEvent: {}
[221.980110] (-) TimerEvent: {}
[222.080386] (-) TimerEvent: {}
[222.180632] (-) TimerEvent: {}
[222.280886] (-) TimerEvent: {}
[222.381121] (-) TimerEvent: {}
[222.481341] (-) TimerEvent: {}
[222.581591] (-) TimerEvent: {}
[222.681848] (-) TimerEvent: {}
[222.782088] (-) TimerEvent: {}
[222.882348] (-) TimerEvent: {}
[222.982591] (-) TimerEvent: {}
[223.082834] (-) TimerEvent: {}
[223.183085] (-) TimerEvent: {}
[223.283317] (-) TimerEvent: {}
[223.383599] (-) TimerEvent: {}
[223.483845] (-) TimerEvent: {}
[223.584080] (-) TimerEvent: {}
[223.684332] (-) TimerEvent: {}
[223.784566] (-) TimerEvent: {}
[223.884807] (-) TimerEvent: {}
[223.985056] (-) TimerEvent: {}
[224.085259] (-) TimerEvent: {}
[224.185544] (-) TimerEvent: {}
[224.285918] (-) TimerEvent: {}
[224.386169] (-) TimerEvent: {}
[224.486430] (-) TimerEvent: {}
[224.586694] (-) TimerEvent: {}
[224.686956] (-) TimerEvent: {}
[224.787255] (-) TimerEvent: {}
[224.887563] (-) TimerEvent: {}
[224.987865] (-) TimerEvent: {}
[225.088154] (-) TimerEvent: {}
[225.147275] (ur_robot_driver) StdoutLine: {'line': b'[ 72%] \x1b[32mBuilding CXX object CMakeFiles/robot_state_helper.dir/src/robot_state_helper_node.cpp.o\x1b[0m\n'}
[225.188319] (-) TimerEvent: {}
[225.288793] (-) TimerEvent: {}
[225.389039] (-) TimerEvent: {}
[225.489306] (-) TimerEvent: {}
[225.589659] (-) TimerEvent: {}
[225.689937] (-) TimerEvent: {}
[225.790269] (-) TimerEvent: {}
[225.890507] (-) TimerEvent: {}
[225.990764] (-) TimerEvent: {}
[226.091049] (-) TimerEvent: {}
[226.191474] (-) TimerEvent: {}
[226.291780] (-) TimerEvent: {}
[226.392091] (-) TimerEvent: {}
[226.492349] (-) TimerEvent: {}
[226.592629] (-) TimerEvent: {}
[226.692954] (-) TimerEvent: {}
[226.793247] (-) TimerEvent: {}
[226.893478] (-) TimerEvent: {}
[226.993781] (-) TimerEvent: {}
[227.094140] (-) TimerEvent: {}
[227.194470] (-) TimerEvent: {}
[227.294807] (-) TimerEvent: {}
[227.395122] (-) TimerEvent: {}
[227.495436] (-) TimerEvent: {}
[227.595755] (-) TimerEvent: {}
[227.696147] (-) TimerEvent: {}
[227.796468] (-) TimerEvent: {}
[227.896759] (-) TimerEvent: {}
[227.997070] (-) TimerEvent: {}
[228.097373] (-) TimerEvent: {}
[228.197676] (-) TimerEvent: {}
[228.297974] (-) TimerEvent: {}
[228.398377] (-) TimerEvent: {}
[228.409452] (ur_robot_driver) StdoutLine: {'line': b'[ 77%] \x1b[32mBuilding CXX object CMakeFiles/robot_state_helper.dir/src/urcl_log_handler.cpp.o\x1b[0m\n'}
[228.498472] (-) TimerEvent: {}
[228.598723] (-) TimerEvent: {}
[228.698980] (-) TimerEvent: {}
[228.799292] (-) TimerEvent: {}
[228.875772] (ur_robot_driver) StdoutLine: {'line': b'[ 81%] \x1b[32m\x1b[1mLinking CXX executable robot_state_helper\x1b[0m\n'}
[228.899407] (-) TimerEvent: {}
[228.999692] (-) TimerEvent: {}
[229.099980] (-) TimerEvent: {}
[229.200262] (-) TimerEvent: {}
[229.268998] (ur_robot_driver) StdoutLine: {'line': b'[ 81%] Built target robot_state_helper\n'}
[229.286496] (ur_robot_driver) StdoutLine: {'line': b'[ 86%] \x1b[32mBuilding CXX object CMakeFiles/urscript_interface.dir/src/urscript_interface.cpp.o\x1b[0m\n'}
[229.300369] (-) TimerEvent: {}
[229.400656] (-) TimerEvent: {}
[229.500933] (-) TimerEvent: {}
[229.601234] (-) TimerEvent: {}
[229.701491] (-) TimerEvent: {}
[229.801747] (-) TimerEvent: {}
[229.902025] (-) TimerEvent: {}
[230.002264] (-) TimerEvent: {}
[230.102583] (-) TimerEvent: {}
[230.202933] (-) TimerEvent: {}
[230.303217] (-) TimerEvent: {}
[230.403540] (-) TimerEvent: {}
[230.503838] (-) TimerEvent: {}
[230.604118] (-) TimerEvent: {}
[230.704445] (-) TimerEvent: {}
[230.804749] (-) TimerEvent: {}
[230.905052] (-) TimerEvent: {}
[231.005344] (-) TimerEvent: {}
[231.105617] (-) TimerEvent: {}
[231.205892] (-) TimerEvent: {}
[231.306214] (-) TimerEvent: {}
[231.406484] (-) TimerEvent: {}
[231.506725] (-) TimerEvent: {}
[231.607092] (-) TimerEvent: {}
[231.707363] (-) TimerEvent: {}
[231.807625] (-) TimerEvent: {}
[231.907882] (-) TimerEvent: {}
[232.008205] (-) TimerEvent: {}
[232.108524] (-) TimerEvent: {}
[232.208784] (-) TimerEvent: {}
[232.309062] (-) TimerEvent: {}
[232.409313] (-) TimerEvent: {}
[232.509565] (-) TimerEvent: {}
[232.609806] (-) TimerEvent: {}
[232.710074] (-) TimerEvent: {}
[232.810310] (-) TimerEvent: {}
[232.910567] (-) TimerEvent: {}
[233.010846] (-) TimerEvent: {}
[233.111089] (-) TimerEvent: {}
[233.211362] (-) TimerEvent: {}
[233.311638] (-) TimerEvent: {}
[233.411897] (-) TimerEvent: {}
[233.512156] (-) TimerEvent: {}
[233.612387] (-) TimerEvent: {}
[233.712640] (-) TimerEvent: {}
[233.812880] (-) TimerEvent: {}
[233.913139] (-) TimerEvent: {}
[234.013384] (-) TimerEvent: {}
[234.113626] (-) TimerEvent: {}
[234.213873] (-) TimerEvent: {}
[234.314111] (-) TimerEvent: {}
[234.414339] (-) TimerEvent: {}
[234.514581] (-) TimerEvent: {}
[234.614861] (-) TimerEvent: {}
[234.715143] (-) TimerEvent: {}
[234.815365] (-) TimerEvent: {}
[234.915624] (-) TimerEvent: {}
[235.015865] (-) TimerEvent: {}
[235.116104] (-) TimerEvent: {}
[235.216362] (-) TimerEvent: {}
[235.316663] (-) TimerEvent: {}
[235.416908] (-) TimerEvent: {}
[235.517148] (-) TimerEvent: {}
[235.617407] (-) TimerEvent: {}
[235.717659] (-) TimerEvent: {}
[235.817928] (-) TimerEvent: {}
[235.918168] (-) TimerEvent: {}
[236.018394] (-) TimerEvent: {}
[236.118627] (-) TimerEvent: {}
[236.218858] (-) TimerEvent: {}
[236.319093] (-) TimerEvent: {}
[236.419330] (-) TimerEvent: {}
[236.519651] (-) TimerEvent: {}
[236.619987] (-) TimerEvent: {}
[236.720359] (-) TimerEvent: {}
[236.820646] (-) TimerEvent: {}
[236.921024] (-) TimerEvent: {}
[237.021429] (-) TimerEvent: {}
[237.122128] (-) TimerEvent: {}
[237.222512] (-) TimerEvent: {}
[237.322914] (-) TimerEvent: {}
[237.423336] (-) TimerEvent: {}
[237.523619] (-) TimerEvent: {}
[237.623934] (-) TimerEvent: {}
[237.724212] (-) TimerEvent: {}
[237.824439] (-) TimerEvent: {}
[237.924714] (-) TimerEvent: {}
[238.025001] (-) TimerEvent: {}
[238.123747] (ur_robot_driver) StdoutLine: {'line': b'[ 90%] \x1b[32m\x1b[1mLinking CXX executable urscript_interface\x1b[0m\n'}
[238.125057] (-) TimerEvent: {}
[238.225260] (-) TimerEvent: {}
[238.325517] (-) TimerEvent: {}
[238.379125] (ur_robot_driver) StdoutLine: {'line': b'[ 90%] Built target urscript_interface\n'}
[238.394890] (ur_robot_driver) StdoutLine: {'line': b'[ 95%] \x1b[32mBuilding CXX object CMakeFiles/trajectory_until_node.dir/src/trajectory_until_node.cpp.o\x1b[0m\n'}
[238.425607] (-) TimerEvent: {}
[238.525797] (-) TimerEvent: {}
[238.626007] (-) TimerEvent: {}
[238.726318] (-) TimerEvent: {}
[238.826572] (-) TimerEvent: {}
[238.926884] (-) TimerEvent: {}
[239.027214] (-) TimerEvent: {}
[239.127543] (-) TimerEvent: {}
[239.227867] (-) TimerEvent: {}
[239.328181] (-) TimerEvent: {}
[239.428501] (-) TimerEvent: {}
[239.528823] (-) TimerEvent: {}
[239.629146] (-) TimerEvent: {}
[239.729388] (-) TimerEvent: {}
[239.829710] (-) TimerEvent: {}
[239.930044] (-) TimerEvent: {}
[240.030362] (-) TimerEvent: {}
[240.130688] (-) TimerEvent: {}
[240.231005] (-) TimerEvent: {}
[240.331329] (-) TimerEvent: {}
[240.431648] (-) TimerEvent: {}
[240.531969] (-) TimerEvent: {}
[240.632309] (-) TimerEvent: {}
[240.733072] (-) TimerEvent: {}
[240.833354] (-) TimerEvent: {}
[240.933674] (-) TimerEvent: {}
[241.033994] (-) TimerEvent: {}
[241.134323] (-) TimerEvent: {}
[241.234644] (-) TimerEvent: {}
[241.334962] (-) TimerEvent: {}
[241.435281] (-) TimerEvent: {}
[241.535633] (-) TimerEvent: {}
[241.635948] (-) TimerEvent: {}
[241.736303] (-) TimerEvent: {}
[241.836650] (-) TimerEvent: {}
[241.936995] (-) TimerEvent: {}
[242.037321] (-) TimerEvent: {}
[242.137657] (-) TimerEvent: {}
[242.237985] (-) TimerEvent: {}
[242.338323] (-) TimerEvent: {}
[242.438588] (-) TimerEvent: {}
[242.538946] (-) TimerEvent: {}
[242.639298] (-) TimerEvent: {}
[242.739587] (-) TimerEvent: {}
[242.839986] (-) TimerEvent: {}
[242.940250] (-) TimerEvent: {}
[243.040461] (-) TimerEvent: {}
[243.140688] (-) TimerEvent: {}
[243.240907] (-) TimerEvent: {}
[243.341155] (-) TimerEvent: {}
[243.441394] (-) TimerEvent: {}
[243.541708] (-) TimerEvent: {}
[243.642048] (-) TimerEvent: {}
[243.742333] (-) TimerEvent: {}
[243.842558] (-) TimerEvent: {}
[243.942804] (-) TimerEvent: {}
[244.043107] (-) TimerEvent: {}
[244.143350] (-) TimerEvent: {}
[244.243649] (-) TimerEvent: {}
[244.343952] (-) TimerEvent: {}
[244.444278] (-) TimerEvent: {}
[244.544532] (-) TimerEvent: {}
[244.644856] (-) TimerEvent: {}
[244.745184] (-) TimerEvent: {}
[244.845521] (-) TimerEvent: {}
[244.945841] (-) TimerEvent: {}
[245.046177] (-) TimerEvent: {}
[245.146506] (-) TimerEvent: {}
[245.246835] (-) TimerEvent: {}
[245.347106] (-) TimerEvent: {}
[245.377510] (ur_robot_driver) StdoutLine: {'line': b'[100%] \x1b[32m\x1b[1mLinking CXX executable trajectory_until_node\x1b[0m\n'}
[245.447309] (-) TimerEvent: {}
[245.506943] (ur_robot_driver) StdoutLine: {'line': b'[100%] Built target trajectory_until_node\n'}
[245.523779] (ur_robot_driver) StdoutLine: {'line': b'[100%] Built target ament_cmake_python_copy_ur_robot_driver\n'}
[245.547389] (-) TimerEvent: {}
[245.647606] (-) TimerEvent: {}
[245.747827] (-) TimerEvent: {}
[245.836180] (ur_robot_driver) StdoutLine: {'line': b'running egg_info\n'}
[245.836416] (ur_robot_driver) StdoutLine: {'line': b'creating ur_robot_driver.egg-info\n'}
[245.836548] (ur_robot_driver) StdoutLine: {'line': b'writing ur_robot_driver.egg-info/PKG-INFO\n'}
[245.836637] (ur_robot_driver) StdoutLine: {'line': b'writing dependency_links to ur_robot_driver.egg-info/dependency_links.txt\n'}
[245.836697] (ur_robot_driver) StdoutLine: {'line': b'writing top-level names to ur_robot_driver.egg-info/top_level.txt\n'}
[245.836787] (ur_robot_driver) StdoutLine: {'line': b"writing manifest file 'ur_robot_driver.egg-info/SOURCES.txt'\n"}
[245.838220] (ur_robot_driver) StdoutLine: {'line': b"reading manifest file 'ur_robot_driver.egg-info/SOURCES.txt'\n"}
[245.838477] (ur_robot_driver) StdoutLine: {'line': b"writing manifest file 'ur_robot_driver.egg-info/SOURCES.txt'\n"}
[245.847918] (-) TimerEvent: {}
[245.856375] (ur_robot_driver) StdoutLine: {'line': b'[100%] Built target ament_cmake_python_build_ur_robot_driver_egg\n'}
[245.865791] (ur_robot_driver) CommandEnded: {'returncode': 0}
[245.866406] (ur_robot_driver) JobProgress: {'identifier': 'ur_robot_driver', 'progress': 'install'}
[245.866771] (ur_robot_driver) Command: {'cmd': ['/usr/bin/cmake', '--install', '/home/com9/uet_ws/build/ur_robot_driver'], 'cwd': '/home/com9/uet_ws/build/ur_robot_driver', 'env': OrderedDict([('LESSOPEN', '| /usr/bin/lesspipe %s'), ('CMAKE_BUILD_PARALLEL_LEVEL', '1'), ('USER', 'com9'), ('XDG_SESSION_TYPE', 'wayland'), ('SHLVL', '1'), ('LD_LIBRARY_PATH', '/home/com9/uet_ws/install/ur_controllers/lib:/home/com9/uet_ws/install/ur_dashboard_msgs/lib:/opt/ros/humble/opt/rviz_ogre_vendor/lib:/opt/ros/humble/lib/x86_64-linux-gnu:/opt/ros/humble/lib'), ('HOME', '/home/com9'), ('CONDA_SHLVL', '0'), ('CYCLONEDDS_URI', '<CycloneDDS><Domain><General><DontRoute>true</></></></>'), ('OLDPWD', '/home/com9/uet_ws'), ('DESKTOP_SESSION', 'ubuntu'), ('ROS_PYTHON_VERSION', '3'), ('GNOME_SHELL_SESSION_MODE', 'ubuntu'), ('GTK_MODULES', 'gail:atk-bridge'), ('MAKEFLAGS', '-j1'), ('SYSTEMD_EXEC_PID', '17504'), ('IM_CONFIG_CHECK_ENV', '1'), ('DBUS_SESSION_BUS_ADDRESS', 'unix:path=/run/user/1000/bus'), ('COLORTERM', 'truecolor'), ('_CE_M', ''), ('_CONDA_ROOT', '/home/com9/miniconda3'), ('IM_CONFIG_PHASE', '1'), ('WAYLAND_DISPLAY', 'wayland-0'), ('ROS_DISTRO', 'humble'), ('LOGNAME', 'com9'), ('_', '/usr/bin/colcon'), ('ROS_VERSION', '2'), ('XDG_SESSION_CLASS', 'user'), ('USERNAME', 'com9'), ('TERM', 'xterm-256color'), ('GNOME_DESKTOP_SESSION_ID', 'this-is-deprecated'), ('_CE_CONDA', ''), ('ROS_LOCALHOST_ONLY', '0'), ('PATH', '/opt/ros/humble/bin:/home/com9/.local/bin:/home/com9/miniconda3/condabin:/home/com9/.local/bin:/home/com9/.local/bin:/home/com9/.local/bin:/home/com9/.local/bin:/usr/local/sbin:/usr/local/bin:/usr/sbin:/usr/bin:/sbin:/bin:/usr/games:/usr/local/games:/snap/bin:/snap/bin'), ('SESSION_MANAGER', 'local/com9:@/tmp/.ICE-unix/17475,unix/com9:/tmp/.ICE-unix/17475'), ('XDG_MENU_PREFIX', 'gnome-'), ('GNOME_TERMINAL_SCREEN', '/org/gnome/Terminal/screen/082c707b_1b9d_480a_9979_2cd556cf1a94'), ('GNOME_SETUP_DISPLAY', ':1'), ('XDG_RUNTIME_DIR', '/run/user/1000'), ('DISPLAY', ':0'), ('LANG', 'en_US.UTF-8'), ('XDG_CURRENT_DESKTOP', 'ubuntu:GNOME'), ('XMODIFIERS', '@im=ibus'), ('XDG_SESSION_DESKTOP', 'ubuntu'), ('XAUTHORITY', '/run/user/1000/.mutter-Xwaylandauth.W7ZTS3'), ('LS_COLORS', 'rs=0:di=01;34:ln=01;36:mh=00:pi=40;33:so=01;35:do=01;35:bd=40;33;01:cd=40;33;01:or=40;31;01:mi=00:su=37;41:sg=30;43:ca=30;41:tw=30;42:ow=34;42:st=37;44:ex=01;32:*.tar=01;31:*.tgz=01;31:*.arc=01;31:*.arj=01;31:*.taz=01;31:*.lha=01;31:*.lz4=01;31:*.lzh=01;31:*.lzma=01;31:*.tlz=01;31:*.txz=01;31:*.tzo=01;31:*.t7z=01;31:*.zip=01;31:*.z=01;31:*.dz=01;31:*.gz=01;31:*.lrz=01;31:*.lz=01;31:*.lzo=01;31:*.xz=01;31:*.zst=01;31:*.tzst=01;31:*.bz2=01;31:*.bz=01;31:*.tbz=01;31:*.tbz2=01;31:*.tz=01;31:*.deb=01;31:*.rpm=01;31:*.jar=01;31:*.war=01;31:*.ear=01;31:*.sar=01;31:*.rar=01;31:*.alz=01;31:*.ace=01;31:*.zoo=01;31:*.cpio=01;31:*.7z=01;31:*.rz=01;31:*.cab=01;31:*.wim=01;31:*.swm=01;31:*.dwm=01;31:*.esd=01;31:*.jpg=01;35:*.jpeg=01;35:*.mjpg=01;35:*.mjpeg=01;35:*.gif=01;35:*.bmp=01;35:*.pbm=01;35:*.pgm=01;35:*.ppm=01;35:*.tga=01;35:*.xbm=01;35:*.xpm=01;35:*.tif=01;35:*.tiff=01;35:*.png=01;35:*.svg=01;35:*.svgz=01;35:*.mng=01;35:*.pcx=01;35:*.mov=01;35:*.mpg=01;35:*.mpeg=01;35:*.m2v=01;35:*.mkv=01;35:*.webm=01;35:*.webp=01;35:*.ogm=01;35:*.mp4=01;35:*.m4v=01;35:*.mp4v=01;35:*.vob=01;35:*.qt=01;35:*.nuv=01;35:*.wmv=01;35:*.asf=01;35:*.rm=01;35:*.rmvb=01;35:*.flc=01;35:*.avi=01;35:*.fli=01;35:*.flv=01;35:*.gl=01;35:*.dl=01;35:*.xcf=01;35:*.xwd=01;35:*.yuv=01;35:*.cgm=01;35:*.emf=01;35:*.ogv=01;35:*.ogx=01;35:*.aac=00;36:*.au=00;36:*.flac=00;36:*.m4a=00;36:*.mid=00;36:*.midi=00;36:*.mka=00;36:*.mp3=00;36:*.mpc=00;36:*.ogg=00;36:*.ra=00;36:*.wav=00;36:*.oga=00;36:*.opus=00;36:*.spx=00;36:*.xspf=00;36:'), ('GNOME_TERMINAL_SERVICE', ':1.294'), ('SSH_AGENT_LAUNCHER', 'gnome-keyring'), ('SSH_AUTH_SOCK', '/run/user/1000/keyring/ssh'), ('AMENT_PREFIX_PATH', '/home/com9/uet_ws/install/ur_controllers:/home/com9/uet_ws/install/ur_dashboard_msgs:/opt/ros/humble'), ('CONDA_PYTHON_EXE', '/home/com9/miniconda3/bin/python'), ('SHELL', '/bin/bash'), ('QT_ACCESSIBILITY', '1'), ('GDMSESSION', 'ubuntu'), ('LESSCLOSE', '/usr/bin/lesspipe %s %s'), ('_CONDA_EXE', '/home/com9/miniconda3/bin/conda'), ('QT_IM_MODULE', 'ibus'), ('PWD', '/home/com9/uet_ws/build/ur_robot_driver'), ('LC_ALL', 'en_US.UTF-8'), ('XDG_CONFIG_DIRS', '/etc/xdg/xdg-ubuntu:/etc/xdg'), ('CONDA_EXE', '/home/com9/miniconda3/bin/conda'), ('XDG_DATA_DIRS', '/usr/share/ubuntu:/usr/local/share/:/usr/share/:/var/lib/snapd/desktop'), ('PYTHONPATH', '/home/com9/uet_ws/install/ur_dashboard_msgs/local/lib/python3.10/dist-packages:/opt/ros/humble/lib/python3.10/site-packages:/opt/ros/humble/local/lib/python3.10/dist-packages'), ('COLCON', '1'), ('VTE_VERSION', '6800'), ('CMAKE_PREFIX_PATH', '/home/com9/uet_ws/install/ur_controllers:/home/com9/uet_ws/install/ur_dashboard_msgs:/opt/ros/humble')]), 'shell': False}
[245.873150] (ur_robot_driver) StdoutLine: {'line': b'-- Install configuration: "RelWithDebInfo"\n'}
[245.873458] (ur_robot_driver) StdoutLine: {'line': b'-- Installing: /home/com9/uet_ws/install/ur_robot_driver/share/ur_robot_driver/hardware_interface_plugin.xml\n'}
[245.873797] (ur_robot_driver) StdoutLine: {'line': b'-- Installing: /home/com9/uet_ws/install/ur_robot_driver/lib/ur_robot_driver/controller_stopper_node\n'}
[245.881127] (ur_robot_driver) StdoutLine: {'line': b'-- Set runtime path of "/home/com9/uet_ws/install/ur_robot_driver/lib/ur_robot_driver/controller_stopper_node" to ""\n'}
[245.881223] (ur_robot_driver) StdoutLine: {'line': b'-- Installing: /home/com9/uet_ws/install/ur_robot_driver/lib/ur_robot_driver/dashboard_client\n'}
[245.903608] (ur_robot_driver) StdoutLine: {'line': b'-- Set runtime path of "/home/com9/uet_ws/install/ur_robot_driver/lib/ur_robot_driver/dashboard_client" to ""\n'}
[245.903717] (ur_robot_driver) StdoutLine: {'line': b'-- Installing: /home/com9/uet_ws/install/ur_robot_driver/lib/ur_robot_driver/robot_state_helper\n'}
[245.917575] (ur_robot_driver) StdoutLine: {'line': b'-- Set runtime path of "/home/com9/uet_ws/install/ur_robot_driver/lib/ur_robot_driver/robot_state_helper" to ""\n'}
[245.917667] (ur_robot_driver) StdoutLine: {'line': b'-- Installing: /home/com9/uet_ws/install/ur_robot_driver/lib/ur_robot_driver/trajectory_until_node\n'}
[245.920461] (ur_robot_driver) StdoutLine: {'line': b'-- Set runtime path of "/home/com9/uet_ws/install/ur_robot_driver/lib/ur_robot_driver/trajectory_until_node" to ""\n'}
[245.920522] (ur_robot_driver) StdoutLine: {'line': b'-- Installing: /home/com9/uet_ws/install/ur_robot_driver/lib/ur_robot_driver/ur_ros2_control_node\n'}
[245.921892] (ur_robot_driver) StdoutLine: {'line': b'-- Set runtime path of "/home/com9/uet_ws/install/ur_robot_driver/lib/ur_robot_driver/ur_ros2_control_node" to ""\n'}
[245.921958] (ur_robot_driver) StdoutLine: {'line': b'-- Installing: /home/com9/uet_ws/install/ur_robot_driver/lib/ur_robot_driver/urscript_interface\n'}
[245.927393] (ur_robot_driver) StdoutLine: {'line': b'-- Set runtime path of "/home/com9/uet_ws/install/ur_robot_driver/lib/ur_robot_driver/urscript_interface" to ""\n'}
[245.927478] (ur_robot_driver) StdoutLine: {'line': b'-- Installing: /home/com9/uet_ws/install/ur_robot_driver/lib/libur_robot_driver_plugin.so\n'}
[245.947998] (-) TimerEvent: {}
[246.010919] (ur_robot_driver) StdoutLine: {'line': b'-- Set runtime path of "/home/com9/uet_ws/install/ur_robot_driver/lib/libur_robot_driver_plugin.so" to ""\n'}
[246.011078] (ur_robot_driver) StdoutLine: {'line': b'-- Installing: /home/com9/uet_ws/install/ur_robot_driver/include\n'}
[246.011134] (ur_robot_driver) StdoutLine: {'line': b'-- Installing: /home/com9/uet_ws/install/ur_robot_driver/include/ur_robot_driver\n'}
[246.011173] (ur_robot_driver) StdoutLine: {'line': b'-- Installing: /home/com9/uet_ws/install/ur_robot_driver/include/ur_robot_driver/controller_stopper.hpp\n'}
[246.011394] (ur_robot_driver) StdoutLine: {'line': b'-- Installing: /home/com9/uet_ws/install/ur_robot_driver/include/ur_robot_driver/trajectory_until_node.hpp\n'}
[246.011444] (ur_robot_driver) StdoutLine: {'line': b'-- Installing: /home/com9/uet_ws/install/ur_robot_driver/include/ur_robot_driver/urcl_log_handler.hpp\n'}
[246.011713] (ur_robot_driver) StdoutLine: {'line': b'-- Installing: /home/com9/uet_ws/install/ur_robot_driver/include/ur_robot_driver/hardware_interface.hpp\n'}
[246.012531] (ur_robot_driver) StdoutLine: {'line': b'-- Installing: /home/com9/uet_ws/install/ur_robot_driver/include/ur_robot_driver/dashboard_client_ros.hpp\n'}
[246.013617] (ur_robot_driver) StdoutLine: {'line': b'-- Installing: /home/com9/uet_ws/install/ur_robot_driver/include/ur_robot_driver/robot_state_helper.hpp\n'}
[246.014489] (ur_robot_driver) StdoutLine: {'line': b'-- Installing: /home/com9/uet_ws/install/ur_robot_driver/share/ur_robot_driver/environment/library_path.sh\n'}
[246.014713] (ur_robot_driver) StdoutLine: {'line': b'-- Installing: /home/com9/uet_ws/install/ur_robot_driver/share/ur_robot_driver/environment/library_path.dsv\n'}
[246.014905] (ur_robot_driver) StdoutLine: {'line': b'-- Installing: /home/com9/uet_ws/install/ur_robot_driver/share/ur_robot_driver/resources\n'}
[246.014956] (ur_robot_driver) StdoutLine: {'line': b'-- Installing: /home/com9/uet_ws/install/ur_robot_driver/share/ur_robot_driver/resources/rs485-1.0.urcap\n'}
[246.015776] (ur_robot_driver) StdoutLine: {'line': b'-- Installing: /home/com9/uet_ws/install/ur_robot_driver/share/ur_robot_driver/resources/rtde_input_recipe.txt\n'}
[246.016082] (ur_robot_driver) StdoutLine: {'line': b'-- Installing: /home/com9/uet_ws/install/ur_robot_driver/share/ur_robot_driver/resources/externalcontrol-1.0.5.urcap\n'}
[246.017066] (ur_robot_driver) StdoutLine: {'line': b'-- Installing: /home/com9/uet_ws/install/ur_robot_driver/share/ur_robot_driver/resources/ros_control.urscript\n'}
[246.017419] (ur_robot_driver) StdoutLine: {'line': b'-- Installing: /home/com9/uet_ws/install/ur_robot_driver/share/ur_robot_driver/resources/rtde_output_recipe.txt\n'}
[246.018004] (ur_robot_driver) StdoutLine: {'line': b'-- Up-to-date: /home/com9/uet_ws/install/ur_robot_driver/include\n'}
[246.018074] (ur_robot_driver) StdoutLine: {'line': b'-- Up-to-date: /home/com9/uet_ws/install/ur_robot_driver/include/ur_robot_driver\n'}
[246.018130] (ur_robot_driver) StdoutLine: {'line': b'-- Up-to-date: /home/com9/uet_ws/install/ur_robot_driver/include/ur_robot_driver/controller_stopper.hpp\n'}
[246.018204] (ur_robot_driver) StdoutLine: {'line': b'-- Up-to-date: /home/com9/uet_ws/install/ur_robot_driver/include/ur_robot_driver/trajectory_until_node.hpp\n'}
[246.018244] (ur_robot_driver) StdoutLine: {'line': b'-- Up-to-date: /home/com9/uet_ws/install/ur_robot_driver/include/ur_robot_driver/urcl_log_handler.hpp\n'}
[246.018277] (ur_robot_driver) StdoutLine: {'line': b'-- Up-to-date: /home/com9/uet_ws/install/ur_robot_driver/include/ur_robot_driver/hardware_interface.hpp\n'}
[246.018310] (ur_robot_driver) StdoutLine: {'line': b'-- Up-to-date: /home/com9/uet_ws/install/ur_robot_driver/include/ur_robot_driver/dashboard_client_ros.hpp\n'}
[246.018344] (ur_robot_driver) StdoutLine: {'line': b'-- Up-to-date: /home/com9/uet_ws/install/ur_robot_driver/include/ur_robot_driver/robot_state_helper.hpp\n'}
[246.018377] (ur_robot_driver) StdoutLine: {'line': b'-- Installing: /home/com9/uet_ws/install/ur_robot_driver/share/ur_robot_driver/environment/pythonpath.sh\n'}
[246.018767] (ur_robot_driver) StdoutLine: {'line': b'-- Installing: /home/com9/uet_ws/install/ur_robot_driver/share/ur_robot_driver/environment/pythonpath.dsv\n'}
[246.019145] (ur_robot_driver) StdoutLine: {'line': b'-- Installing: /home/com9/uet_ws/install/ur_robot_driver/local/lib/python3.10/dist-packages/ur_robot_driver-2.13.1-py3.10.egg-info\n'}
[246.019230] (ur_robot_driver) StdoutLine: {'line': b'-- Installing: /home/com9/uet_ws/install/ur_robot_driver/local/lib/python3.10/dist-packages/ur_robot_driver-2.13.1-py3.10.egg-info/dependency_links.txt\n'}
[246.019288] (ur_robot_driver) StdoutLine: {'line': b'-- Installing: /home/com9/uet_ws/install/ur_robot_driver/local/lib/python3.10/dist-packages/ur_robot_driver-2.13.1-py3.10.egg-info/top_level.txt\n'}
[246.019334] (ur_robot_driver) StdoutLine: {'line': b'-- Installing: /home/com9/uet_ws/install/ur_robot_driver/local/lib/python3.10/dist-packages/ur_robot_driver-2.13.1-py3.10.egg-info/SOURCES.txt\n'}
[246.019378] (ur_robot_driver) StdoutLine: {'line': b'-- Installing: /home/com9/uet_ws/install/ur_robot_driver/local/lib/python3.10/dist-packages/ur_robot_driver-2.13.1-py3.10.egg-info/PKG-INFO\n'}
[246.019423] (ur_robot_driver) StdoutLine: {'line': b'-- Installing: /home/com9/uet_ws/install/ur_robot_driver/local/lib/python3.10/dist-packages/ur_robot_driver\n'}
[246.019480] (ur_robot_driver) StdoutLine: {'line': b'-- Installing: /home/com9/uet_ws/install/ur_robot_driver/local/lib/python3.10/dist-packages/ur_robot_driver/__init__.py\n'}
[246.042980] (ur_robot_driver) StdoutLine: {'line': b"Listing '/home/com9/uet_ws/install/ur_robot_driver/local/lib/python3.10/dist-packages/ur_robot_driver'...\n"}
[246.043145] (ur_robot_driver) StdoutLine: {'line': b"Compiling '/home/com9/uet_ws/install/ur_robot_driver/local/lib/python3.10/dist-packages/ur_robot_driver/__init__.py'...\n"}
[246.047408] (ur_robot_driver) StdoutLine: {'line': b'-- Installing: /home/com9/uet_ws/install/ur_robot_driver/lib/ur_robot_driver/tool_communication.py\n'}
[246.047790] (ur_robot_driver) StdoutLine: {'line': b'-- Installing: /home/com9/uet_ws/install/ur_robot_driver/lib/ur_robot_driver/example_move.py\n'}
[246.048051] (-) TimerEvent: {}
[246.048167] (ur_robot_driver) StdoutLine: {'line': b'-- Installing: /home/com9/uet_ws/install/ur_robot_driver/lib/ur_robot_driver/start_ursim.sh\n'}
[246.049670] (ur_robot_driver) StdoutLine: {'line': b'-- Installing: /home/com9/uet_ws/install/ur_robot_driver/lib/ur_robot_driver/examples.py\n'}
[246.050234] (ur_robot_driver) StdoutLine: {'line': b'-- Installing: /home/com9/uet_ws/install/ur_robot_driver/lib/ur_robot_driver/force_mode.py\n'}
[246.051181] (ur_robot_driver) StdoutLine: {'line': b'-- Installing: /home/com9/uet_ws/install/ur_robot_driver/lib/ur_robot_driver/move_until_example.py\n'}
[246.051413] (ur_robot_driver) StdoutLine: {'line': b'-- Installing: /home/com9/uet_ws/install/ur_robot_driver/bin/wait_dashboard_server.sh\n'}
[246.056855] (ur_robot_driver) StdoutLine: {'line': b'-- Up-to-date: /home/com9/uet_ws/install/ur_robot_driver/lib/ur_robot_driver/start_ursim.sh\n'}
[246.056931] (ur_robot_driver) StdoutLine: {'line': b'-- Installing: /home/com9/uet_ws/install/ur_robot_driver/share/ur_robot_driver/config\n'}
[246.056965] (ur_robot_driver) StdoutLine: {'line': b'-- Installing: /home/com9/uet_ws/install/ur_robot_driver/share/ur_robot_driver/config/ur7e_update_rate.yaml\n'}
[246.057988] (ur_robot_driver) StdoutLine: {'line': b'-- Installing: /home/com9/uet_ws/install/ur_robot_driver/share/ur_robot_driver/config/ur12e_update_rate.yaml\n'}
[246.058641] (ur_robot_driver) StdoutLine: {'line': b'-- Installing: /home/com9/uet_ws/install/ur_robot_driver/share/ur_robot_driver/config/test_goal_publishers_config.yaml\n'}
[246.059996] (ur_robot_driver) StdoutLine: {'line': b'-- Installing: /home/com9/uet_ws/install/ur_robot_driver/share/ur_robot_driver/config/ur30_update_rate.yaml\n'}
[246.060384] (ur_robot_driver) StdoutLine: {'line': b'-- Installing: /home/com9/uet_ws/install/ur_robot_driver/share/ur_robot_driver/config/ur18_update_rate.yaml\n'}
[246.061246] (ur_robot_driver) StdoutLine: {'line': b'-- Installing: /home/com9/uet_ws/install/ur_robot_driver/share/ur_robot_driver/config/ur15_update_rate.yaml\n'}
[246.061768] (ur_robot_driver) StdoutLine: {'line': b'-- Installing: /home/com9/uet_ws/install/ur_robot_driver/share/ur_robot_driver/config/ur20_update_rate.yaml\n'}
[246.062266] (ur_robot_driver) StdoutLine: {'line': b'-- Installing: /home/com9/uet_ws/install/ur_robot_driver/share/ur_robot_driver/config/ur10e_update_rate.yaml\n'}
[246.062447] (ur_robot_driver) StdoutLine: {'line': b'-- Installing: /home/com9/uet_ws/install/ur_robot_driver/share/ur_robot_driver/config/ur10_update_rate.yaml\n'}
[246.062516] (ur_robot_driver) StdoutLine: {'line': b'-- Installing: /home/com9/uet_ws/install/ur_robot_driver/share/ur_robot_driver/config/ur16e_update_rate.yaml\n'}
[246.062684] (ur_robot_driver) StdoutLine: {'line': b'-- Installing: /home/com9/uet_ws/install/ur_robot_driver/share/ur_robot_driver/config/ur3e_update_rate.yaml\n'}
[246.062855] (ur_robot_driver) StdoutLine: {'line': b'-- Installing: /home/com9/uet_ws/install/ur_robot_driver/share/ur_robot_driver/config/ur8long_update_rate.yaml\n'}
[246.063035] (ur_robot_driver) StdoutLine: {'line': b'-- Installing: /home/com9/uet_ws/install/ur_robot_driver/share/ur_robot_driver/config/test_velocity_goal_publishers_config.yaml\n'}
[246.063246] (ur_robot_driver) StdoutLine: {'line': b'-- Installing: /home/com9/uet_ws/install/ur_robot_driver/share/ur_robot_driver/config/ur5_update_rate.yaml\n'}
[246.063297] (ur_robot_driver) StdoutLine: {'line': b'-- Installing: /home/com9/uet_ws/install/ur_robot_driver/share/ur_robot_driver/config/ur3_update_rate.yaml\n'}
[246.063366] (ur_robot_driver) StdoutLine: {'line': b'-- Installing: /home/com9/uet_ws/install/ur_robot_driver/share/ur_robot_driver/config/ur_controllers.yaml\n'}
[246.063441] (ur_robot_driver) StdoutLine: {'line': b'-- Installing: /home/com9/uet_ws/install/ur_robot_driver/share/ur_robot_driver/config/ur5e_update_rate.yaml\n'}
[246.063513] (ur_robot_driver) StdoutLine: {'line': b'-- Installing: /home/com9/uet_ws/install/ur_robot_driver/share/ur_robot_driver/launch\n'}
[246.063561] (ur_robot_driver) StdoutLine: {'line': b'-- Installing: /home/com9/uet_ws/install/ur_robot_driver/share/ur_robot_driver/launch/ur8long.launch.py\n'}
[246.063684] (ur_robot_driver) StdoutLine: {'line': b'-- Installing: /home/com9/uet_ws/install/ur_robot_driver/share/ur_robot_driver/launch/test_forward_velocity_controller.launch.py\n'}
[246.063796] (ur_robot_driver) StdoutLine: {'line': b'-- Installing: /home/com9/uet_ws/install/ur_robot_driver/share/ur_robot_driver/launch/ur5.launch.py\n'}
[246.063913] (ur_robot_driver) StdoutLine: {'line': b'-- Installing: /home/com9/uet_ws/install/ur_robot_driver/share/ur_robot_driver/launch/ur15.launch.py\n'}
[246.064030] (ur_robot_driver) StdoutLine: {'line': b'-- Installing: /home/com9/uet_ws/install/ur_robot_driver/share/ur_robot_driver/launch/ur10.launch.py\n'}
[246.064146] (ur_robot_driver) StdoutLine: {'line': b'-- Installing: /home/com9/uet_ws/install/ur_robot_driver/share/ur_robot_driver/launch/ur7e.launch.py\n'}
[246.064267] (ur_robot_driver) StdoutLine: {'line': b'-- Installing: /home/com9/uet_ws/install/ur_robot_driver/share/ur_robot_driver/launch/ur16e.launch.py\n'}
[246.064340] (ur_robot_driver) StdoutLine: {'line': b'-- Installing: /home/com9/uet_ws/install/ur_robot_driver/share/ur_robot_driver/launch/test_scaled_joint_trajectory_controller.launch.py\n'}
[246.064409] (ur_robot_driver) StdoutLine: {'line': b'-- Installing: /home/com9/uet_ws/install/ur_robot_driver/share/ur_robot_driver/launch/ur_dashboard_client.launch.py\n'}
[246.064540] (ur_robot_driver) StdoutLine: {'line': b'-- Installing: /home/com9/uet_ws/install/ur_robot_driver/share/ur_robot_driver/launch/ur12e.launch.py\n'}
[246.064657] (ur_robot_driver) StdoutLine: {'line': b'-- Installing: /home/com9/uet_ws/install/ur_robot_driver/share/ur_robot_driver/launch/ur5e.launch.py\n'}
[246.064730] (ur_robot_driver) StdoutLine: {'line': b'-- Installing: /home/com9/uet_ws/install/ur_robot_driver/share/ur_robot_driver/launch/ur3e.launch.py\n'}
[246.064801] (ur_robot_driver) StdoutLine: {'line': b'-- Installing: /home/com9/uet_ws/install/ur_robot_driver/share/ur_robot_driver/launch/ur3.launch.py\n'}
[246.064919] (ur_robot_driver) StdoutLine: {'line': b'-- Installing: /home/com9/uet_ws/install/ur_robot_driver/share/ur_robot_driver/launch/ur30.launch.py\n'}
[246.064990] (ur_robot_driver) StdoutLine: {'line': b'-- Installing: /home/com9/uet_ws/install/ur_robot_driver/share/ur_robot_driver/launch/ur20.launch.py\n'}
[246.065108] (ur_robot_driver) StdoutLine: {'line': b'-- Installing: /home/com9/uet_ws/install/ur_robot_driver/share/ur_robot_driver/launch/test_joint_trajectory_controller.launch.py\n'}
[246.065177] (ur_robot_driver) StdoutLine: {'line': b'-- Installing: /home/com9/uet_ws/install/ur_robot_driver/share/ur_robot_driver/launch/ur10e.launch.py\n'}
[246.065254] (ur_robot_driver) StdoutLine: {'line': b'-- Installing: /home/com9/uet_ws/install/ur_robot_driver/share/ur_robot_driver/launch/ur_control.launch.py\n'}
[246.065418] (ur_robot_driver) StdoutLine: {'line': b'-- Installing: /home/com9/uet_ws/install/ur_robot_driver/share/ur_robot_driver/launch/ur18.launch.py\n'}
[246.065646] (ur_robot_driver) StdoutLine: {'line': b'-- Installing: /home/com9/uet_ws/install/ur_robot_driver/share/ament_index/resource_index/package_run_dependencies/ur_robot_driver\n'}
[246.065863] (ur_robot_driver) StdoutLine: {'line': b'-- Installing: /home/com9/uet_ws/install/ur_robot_driver/share/ament_index/resource_index/parent_prefix_path/ur_robot_driver\n'}
[246.066690] (ur_robot_driver) StdoutLine: {'line': b'-- Installing: /home/com9/uet_ws/install/ur_robot_driver/share/ur_robot_driver/environment/ament_prefix_path.sh\n'}
[246.066887] (ur_robot_driver) StdoutLine: {'line': b'-- Installing: /home/com9/uet_ws/install/ur_robot_driver/share/ur_robot_driver/environment/ament_prefix_path.dsv\n'}
[246.066995] (ur_robot_driver) StdoutLine: {'line': b'-- Installing: /home/com9/uet_ws/install/ur_robot_driver/share/ur_robot_driver/environment/path.sh\n'}
[246.067205] (ur_robot_driver) StdoutLine: {'line': b'-- Installing: /home/com9/uet_ws/install/ur_robot_driver/share/ur_robot_driver/environment/path.dsv\n'}
[246.067269] (ur_robot_driver) StdoutLine: {'line': b'-- Installing: /home/com9/uet_ws/install/ur_robot_driver/share/ur_robot_driver/local_setup.bash\n'}
[246.067530] (ur_robot_driver) StdoutLine: {'line': b'-- Installing: /home/com9/uet_ws/install/ur_robot_driver/share/ur_robot_driver/local_setup.sh\n'}
[246.067640] (ur_robot_driver) StdoutLine: {'line': b'-- Installing: /home/com9/uet_ws/install/ur_robot_driver/share/ur_robot_driver/local_setup.zsh\n'}
[246.067695] (ur_robot_driver) StdoutLine: {'line': b'-- Installing: /home/com9/uet_ws/install/ur_robot_driver/share/ur_robot_driver/local_setup.dsv\n'}
[246.067801] (ur_robot_driver) StdoutLine: {'line': b'-- Installing: /home/com9/uet_ws/install/ur_robot_driver/share/ur_robot_driver/package.dsv\n'}
[246.067959] (ur_robot_driver) StdoutLine: {'line': b'-- Installing: /home/com9/uet_ws/install/ur_robot_driver/share/ament_index/resource_index/packages/ur_robot_driver\n'}
[246.068081] (ur_robot_driver) StdoutLine: {'line': b'-- Installing: /home/com9/uet_ws/install/ur_robot_driver/share/ament_index/resource_index/hardware_interface__pluginlib__plugin/ur_robot_driver\n'}
[246.068263] (ur_robot_driver) StdoutLine: {'line': b'-- Installing: /home/com9/uet_ws/install/ur_robot_driver/share/ur_robot_driver/cmake/ament_cmake_export_include_directories-extras.cmake\n'}
[246.068370] (ur_robot_driver) StdoutLine: {'line': b'-- Installing: /home/com9/uet_ws/install/ur_robot_driver/share/ur_robot_driver/cmake/ament_cmake_export_libraries-extras.cmake\n'}
[246.068547] (ur_robot_driver) StdoutLine: {'line': b'-- Installing: /home/com9/uet_ws/install/ur_robot_driver/share/ur_robot_driver/cmake/ament_cmake_export_dependencies-extras.cmake\n'}
[246.068695] (ur_robot_driver) StdoutLine: {'line': b'-- Installing: /home/com9/uet_ws/install/ur_robot_driver/share/ur_robot_driver/cmake/ur_robot_driverConfig.cmake\n'}
[246.068789] (ur_robot_driver) StdoutLine: {'line': b'-- Installing: /home/com9/uet_ws/install/ur_robot_driver/share/ur_robot_driver/cmake/ur_robot_driverConfig-version.cmake\n'}
[246.068870] (ur_robot_driver) StdoutLine: {'line': b'-- Installing: /home/com9/uet_ws/install/ur_robot_driver/share/ur_robot_driver/package.xml\n'}
[246.070418] (ur_robot_driver) CommandEnded: {'returncode': 0}
[246.084415] (ur_robot_driver) JobEnded: {'identifier': 'ur_robot_driver', 'rc': 0}
[246.084912] (ur_simulation_gz) JobStarted: {'identifier': 'ur_simulation_gz'}
[246.093508] (ur_simulation_gz) JobProgress: {'identifier': 'ur_simulation_gz', 'progress': 'cmake'}
[246.093735] (ur_simulation_gz) Command: {'cmd': ['/usr/bin/cmake', '/home/com9/uet_ws/src/ur_simulation_gz', '-DCMAKE_INSTALL_PREFIX=/home/com9/uet_ws/install/ur_simulation_gz'], 'cwd': '/home/com9/uet_ws/build/ur_simulation_gz', 'env': OrderedDict([('LESSOPEN', '| /usr/bin/lesspipe %s'), ('CMAKE_BUILD_PARALLEL_LEVEL', '1'), ('USER', 'com9'), ('XDG_SESSION_TYPE', 'wayland'), ('SHLVL', '1'), ('LD_LIBRARY_PATH', '/home/com9/uet_ws/install/ur_controllers/lib:/home/com9/uet_ws/install/ur_dashboard_msgs/lib:/opt/ros/humble/opt/rviz_ogre_vendor/lib:/opt/ros/humble/lib/x86_64-linux-gnu:/opt/ros/humble/lib'), ('HOME', '/home/com9'), ('CONDA_SHLVL', '0'), ('CYCLONEDDS_URI', '<CycloneDDS><Domain><General><DontRoute>true</></></></>'), ('OLDPWD', '/home/com9/uet_ws'), ('DESKTOP_SESSION', 'ubuntu'), ('ROS_PYTHON_VERSION', '3'), ('GNOME_SHELL_SESSION_MODE', 'ubuntu'), ('GTK_MODULES', 'gail:atk-bridge'), ('MAKEFLAGS', '-j1'), ('SYSTEMD_EXEC_PID', '17504'), ('IM_CONFIG_CHECK_ENV', '1'), ('DBUS_SESSION_BUS_ADDRESS', 'unix:path=/run/user/1000/bus'), ('COLORTERM', 'truecolor'), ('_CE_M', ''), ('_CONDA_ROOT', '/home/com9/miniconda3'), ('IM_CONFIG_PHASE', '1'), ('WAYLAND_DISPLAY', 'wayland-0'), ('ROS_DISTRO', 'humble'), ('LOGNAME', 'com9'), ('_', '/usr/bin/colcon'), ('ROS_VERSION', '2'), ('XDG_SESSION_CLASS', 'user'), ('USERNAME', 'com9'), ('TERM', 'xterm-256color'), ('GNOME_DESKTOP_SESSION_ID', 'this-is-deprecated'), ('_CE_CONDA', ''), ('ROS_LOCALHOST_ONLY', '0'), ('PATH', '/opt/ros/humble/bin:/home/com9/.local/bin:/home/com9/miniconda3/condabin:/home/com9/.local/bin:/home/com9/.local/bin:/home/com9/.local/bin:/home/com9/.local/bin:/usr/local/sbin:/usr/local/bin:/usr/sbin:/usr/bin:/sbin:/bin:/usr/games:/usr/local/games:/snap/bin:/snap/bin'), ('SESSION_MANAGER', 'local/com9:@/tmp/.ICE-unix/17475,unix/com9:/tmp/.ICE-unix/17475'), ('XDG_MENU_PREFIX', 'gnome-'), ('GNOME_TERMINAL_SCREEN', '/org/gnome/Terminal/screen/082c707b_1b9d_480a_9979_2cd556cf1a94'), ('GNOME_SETUP_DISPLAY', ':1'), ('XDG_RUNTIME_DIR', '/run/user/1000'), ('DISPLAY', ':0'), ('LANG', 'en_US.UTF-8'), ('XDG_CURRENT_DESKTOP', 'ubuntu:GNOME'), ('XMODIFIERS', '@im=ibus'), ('XDG_SESSION_DESKTOP', 'ubuntu'), ('XAUTHORITY', '/run/user/1000/.mutter-Xwaylandauth.W7ZTS3'), ('LS_COLORS', 'rs=0:di=01;34:ln=01;36:mh=00:pi=40;33:so=01;35:do=01;35:bd=40;33;01:cd=40;33;01:or=40;31;01:mi=00:su=37;41:sg=30;43:ca=30;41:tw=30;42:ow=34;42:st=37;44:ex=01;32:*.tar=01;31:*.tgz=01;31:*.arc=01;31:*.arj=01;31:*.taz=01;31:*.lha=01;31:*.lz4=01;31:*.lzh=01;31:*.lzma=01;31:*.tlz=01;31:*.txz=01;31:*.tzo=01;31:*.t7z=01;31:*.zip=01;31:*.z=01;31:*.dz=01;31:*.gz=01;31:*.lrz=01;31:*.lz=01;31:*.lzo=01;31:*.xz=01;31:*.zst=01;31:*.tzst=01;31:*.bz2=01;31:*.bz=01;31:*.tbz=01;31:*.tbz2=01;31:*.tz=01;31:*.deb=01;31:*.rpm=01;31:*.jar=01;31:*.war=01;31:*.ear=01;31:*.sar=01;31:*.rar=01;31:*.alz=01;31:*.ace=01;31:*.zoo=01;31:*.cpio=01;31:*.7z=01;31:*.rz=01;31:*.cab=01;31:*.wim=01;31:*.swm=01;31:*.dwm=01;31:*.esd=01;31:*.jpg=01;35:*.jpeg=01;35:*.mjpg=01;35:*.mjpeg=01;35:*.gif=01;35:*.bmp=01;35:*.pbm=01;35:*.pgm=01;35:*.ppm=01;35:*.tga=01;35:*.xbm=01;35:*.xpm=01;35:*.tif=01;35:*.tiff=01;35:*.png=01;35:*.svg=01;35:*.svgz=01;35:*.mng=01;35:*.pcx=01;35:*.mov=01;35:*.mpg=01;35:*.mpeg=01;35:*.m2v=01;35:*.mkv=01;35:*.webm=01;35:*.webp=01;35:*.ogm=01;35:*.mp4=01;35:*.m4v=01;35:*.mp4v=01;35:*.vob=01;35:*.qt=01;35:*.nuv=01;35:*.wmv=01;35:*.asf=01;35:*.rm=01;35:*.rmvb=01;35:*.flc=01;35:*.avi=01;35:*.fli=01;35:*.flv=01;35:*.gl=01;35:*.dl=01;35:*.xcf=01;35:*.xwd=01;35:*.yuv=01;35:*.cgm=01;35:*.emf=01;35:*.ogv=01;35:*.ogx=01;35:*.aac=00;36:*.au=00;36:*.flac=00;36:*.m4a=00;36:*.mid=00;36:*.midi=00;36:*.mka=00;36:*.mp3=00;36:*.mpc=00;36:*.ogg=00;36:*.ra=00;36:*.wav=00;36:*.oga=00;36:*.opus=00;36:*.spx=00;36:*.xspf=00;36:'), ('GNOME_TERMINAL_SERVICE', ':1.294'), ('SSH_AGENT_LAUNCHER', 'gnome-keyring'), ('SSH_AUTH_SOCK', '/run/user/1000/keyring/ssh'), ('AMENT_PREFIX_PATH', '/home/com9/uet_ws/install/ur_controllers:/home/com9/uet_ws/install/ur_moveit_config:/home/com9/uet_ws/install/ur_dashboard_msgs:/opt/ros/humble'), ('CONDA_PYTHON_EXE', '/home/com9/miniconda3/bin/python'), ('SHELL', '/bin/bash'), ('QT_ACCESSIBILITY', '1'), ('GDMSESSION', 'ubuntu'), ('LESSCLOSE', '/usr/bin/lesspipe %s %s'), ('_CONDA_EXE', '/home/com9/miniconda3/bin/conda'), ('QT_IM_MODULE', 'ibus'), ('PWD', '/home/com9/uet_ws/build/ur_simulation_gz'), ('LC_ALL', 'en_US.UTF-8'), ('XDG_CONFIG_DIRS', '/etc/xdg/xdg-ubuntu:/etc/xdg'), ('CONDA_EXE', '/home/com9/miniconda3/bin/conda'), ('XDG_DATA_DIRS', '/usr/share/ubuntu:/usr/local/share/:/usr/share/:/var/lib/snapd/desktop'), ('PYTHONPATH', '/home/com9/uet_ws/install/ur_moveit_config/local/lib/python3.10/dist-packages:/home/com9/uet_ws/install/ur_dashboard_msgs/local/lib/python3.10/dist-packages:/opt/ros/humble/lib/python3.10/site-packages:/opt/ros/humble/local/lib/python3.10/dist-packages'), ('COLCON', '1'), ('VTE_VERSION', '6800'), ('CMAKE_PREFIX_PATH', '/home/com9/uet_ws/install/ur_controllers:/home/com9/uet_ws/install/ur_moveit_config:/home/com9/uet_ws/install/ur_dashboard_msgs:/opt/ros/humble')]), 'shell': False}
[246.135180] (ur_simulation_gz) StdoutLine: {'line': b'-- The C compiler identification is GNU 11.4.0\n'}
[246.148164] (-) TimerEvent: {}
[246.174457] (ur_simulation_gz) StdoutLine: {'line': b'-- The CXX compiler identification is GNU 11.4.0\n'}
[246.182726] (ur_simulation_gz) StdoutLine: {'line': b'-- Detecting C compiler ABI info\n'}
[246.231562] (ur_simulation_gz) StdoutLine: {'line': b'-- Detecting C compiler ABI info - done\n'}
[246.236026] (ur_simulation_gz) StdoutLine: {'line': b'-- Check for working C compiler: /usr/bin/cc - skipped\n'}
[246.236473] (ur_simulation_gz) StdoutLine: {'line': b'-- Detecting C compile features\n'}
[246.237021] (ur_simulation_gz) StdoutLine: {'line': b'-- Detecting C compile features - done\n'}
[246.239299] (ur_simulation_gz) StdoutLine: {'line': b'-- Detecting CXX compiler ABI info\n'}
[246.248292] (-) TimerEvent: {}
[246.291403] (ur_simulation_gz) StdoutLine: {'line': b'-- Detecting CXX compiler ABI info - done\n'}
[246.296027] (ur_simulation_gz) StdoutLine: {'line': b'-- Check for working CXX compiler: /usr/bin/c++ - skipped\n'}
[246.296186] (ur_simulation_gz) StdoutLine: {'line': b'-- Detecting CXX compile features\n'}
[246.296530] (ur_simulation_gz) StdoutLine: {'line': b'-- Detecting CXX compile features - done\n'}
[246.303722] (ur_simulation_gz) StdoutLine: {'line': b'-- Found ament_cmake: 1.3.14 (/opt/ros/humble/share/ament_cmake/cmake)\n'}
[246.348382] (-) TimerEvent: {}
[246.407889] (ur_simulation_gz) StdoutLine: {'line': b'-- Found Python3: /usr/bin/python3 (found version "3.10.12") found components: Interpreter \n'}
[246.448479] (-) TimerEvent: {}
[246.482093] (ur_simulation_gz) StdoutLine: {'line': b'-- Found launch_testing_ament_cmake: 1.0.14 (/opt/ros/humble/share/launch_testing_ament_cmake/cmake)\n'}
[246.483336] (ur_simulation_gz) StdoutLine: {'line': b'-- Found python_cmake_module: 0.10.0 (/opt/ros/humble/share/python_cmake_module/cmake)\n'}
[246.499327] (ur_simulation_gz) StdoutLine: {'line': b'-- Found PythonInterp: /usr/bin/python3 (found suitable version "3.10.12", minimum required is "3.6") \n'}
[246.510687] (ur_simulation_gz) StdoutLine: {'line': b'-- Found PythonLibs: /usr/lib/x86_64-linux-gnu/libpython3.10.so (found suitable version "3.10.12", minimum required is "3.5") \n'}
[246.510852] (ur_simulation_gz) StdoutLine: {'line': b'-- Using PYTHON_EXECUTABLE: /usr/bin/python3\n'}
[246.510929] (ur_simulation_gz) StdoutLine: {'line': b'-- Using PYTHON_INCLUDE_DIRS: /usr/include/python3.10\n'}
[246.511000] (ur_simulation_gz) StdoutLine: {'line': b'-- Using PYTHON_LIBRARIES: /usr/lib/x86_64-linux-gnu/libpython3.10.so\n'}
[246.524099] (ur_simulation_gz) StdoutLine: {'line': b'-- Found PythonExtra: .so  \n'}
[246.525943] (ur_simulation_gz) StdoutLine: {'line': b'-- Found ament_cmake_pytest: 1.3.14 (/opt/ros/humble/share/ament_cmake_pytest/cmake)\n'}
[246.548611] (-) TimerEvent: {}
[246.572971] (ur_simulation_gz) StdoutLine: {'line': b'-- Configuring done\n'}
[246.574319] (ur_simulation_gz) StdoutLine: {'line': b'-- Generating done\n'}
[246.575281] (ur_simulation_gz) StdoutLine: {'line': b'-- Build files have been written to: /home/com9/uet_ws/build/ur_simulation_gz\n'}
[246.579379] (ur_simulation_gz) CommandEnded: {'returncode': 0}
[246.580000] (ur_simulation_gz) JobProgress: {'identifier': 'ur_simulation_gz', 'progress': 'build'}
[246.580345] (ur_simulation_gz) Command: {'cmd': ['/usr/bin/cmake', '--build', '/home/com9/uet_ws/build/ur_simulation_gz'], 'cwd': '/home/com9/uet_ws/build/ur_simulation_gz', 'env': OrderedDict([('LESSOPEN', '| /usr/bin/lesspipe %s'), ('CMAKE_BUILD_PARALLEL_LEVEL', '1'), ('USER', 'com9'), ('XDG_SESSION_TYPE', 'wayland'), ('SHLVL', '1'), ('LD_LIBRARY_PATH', '/home/com9/uet_ws/install/ur_controllers/lib:/home/com9/uet_ws/install/ur_dashboard_msgs/lib:/opt/ros/humble/opt/rviz_ogre_vendor/lib:/opt/ros/humble/lib/x86_64-linux-gnu:/opt/ros/humble/lib'), ('HOME', '/home/com9'), ('CONDA_SHLVL', '0'), ('CYCLONEDDS_URI', '<CycloneDDS><Domain><General><DontRoute>true</></></></>'), ('OLDPWD', '/home/com9/uet_ws'), ('DESKTOP_SESSION', 'ubuntu'), ('ROS_PYTHON_VERSION', '3'), ('GNOME_SHELL_SESSION_MODE', 'ubuntu'), ('GTK_MODULES', 'gail:atk-bridge'), ('MAKEFLAGS', '-j1'), ('SYSTEMD_EXEC_PID', '17504'), ('IM_CONFIG_CHECK_ENV', '1'), ('DBUS_SESSION_BUS_ADDRESS', 'unix:path=/run/user/1000/bus'), ('COLORTERM', 'truecolor'), ('_CE_M', ''), ('_CONDA_ROOT', '/home/com9/miniconda3'), ('IM_CONFIG_PHASE', '1'), ('WAYLAND_DISPLAY', 'wayland-0'), ('ROS_DISTRO', 'humble'), ('LOGNAME', 'com9'), ('_', '/usr/bin/colcon'), ('ROS_VERSION', '2'), ('XDG_SESSION_CLASS', 'user'), ('USERNAME', 'com9'), ('TERM', 'xterm-256color'), ('GNOME_DESKTOP_SESSION_ID', 'this-is-deprecated'), ('_CE_CONDA', ''), ('ROS_LOCALHOST_ONLY', '0'), ('PATH', '/opt/ros/humble/bin:/home/com9/.local/bin:/home/com9/miniconda3/condabin:/home/com9/.local/bin:/home/com9/.local/bin:/home/com9/.local/bin:/home/com9/.local/bin:/usr/local/sbin:/usr/local/bin:/usr/sbin:/usr/bin:/sbin:/bin:/usr/games:/usr/local/games:/snap/bin:/snap/bin'), ('SESSION_MANAGER', 'local/com9:@/tmp/.ICE-unix/17475,unix/com9:/tmp/.ICE-unix/17475'), ('XDG_MENU_PREFIX', 'gnome-'), ('GNOME_TERMINAL_SCREEN', '/org/gnome/Terminal/screen/082c707b_1b9d_480a_9979_2cd556cf1a94'), ('GNOME_SETUP_DISPLAY', ':1'), ('XDG_RUNTIME_DIR', '/run/user/1000'), ('DISPLAY', ':0'), ('LANG', 'en_US.UTF-8'), ('XDG_CURRENT_DESKTOP', 'ubuntu:GNOME'), ('XMODIFIERS', '@im=ibus'), ('XDG_SESSION_DESKTOP', 'ubuntu'), ('XAUTHORITY', '/run/user/1000/.mutter-Xwaylandauth.W7ZTS3'), ('LS_COLORS', 'rs=0:di=01;34:ln=01;36:mh=00:pi=40;33:so=01;35:do=01;35:bd=40;33;01:cd=40;33;01:or=40;31;01:mi=00:su=37;41:sg=30;43:ca=30;41:tw=30;42:ow=34;42:st=37;44:ex=01;32:*.tar=01;31:*.tgz=01;31:*.arc=01;31:*.arj=01;31:*.taz=01;31:*.lha=01;31:*.lz4=01;31:*.lzh=01;31:*.lzma=01;31:*.tlz=01;31:*.txz=01;31:*.tzo=01;31:*.t7z=01;31:*.zip=01;31:*.z=01;31:*.dz=01;31:*.gz=01;31:*.lrz=01;31:*.lz=01;31:*.lzo=01;31:*.xz=01;31:*.zst=01;31:*.tzst=01;31:*.bz2=01;31:*.bz=01;31:*.tbz=01;31:*.tbz2=01;31:*.tz=01;31:*.deb=01;31:*.rpm=01;31:*.jar=01;31:*.war=01;31:*.ear=01;31:*.sar=01;31:*.rar=01;31:*.alz=01;31:*.ace=01;31:*.zoo=01;31:*.cpio=01;31:*.7z=01;31:*.rz=01;31:*.cab=01;31:*.wim=01;31:*.swm=01;31:*.dwm=01;31:*.esd=01;31:*.jpg=01;35:*.jpeg=01;35:*.mjpg=01;35:*.mjpeg=01;35:*.gif=01;35:*.bmp=01;35:*.pbm=01;35:*.pgm=01;35:*.ppm=01;35:*.tga=01;35:*.xbm=01;35:*.xpm=01;35:*.tif=01;35:*.tiff=01;35:*.png=01;35:*.svg=01;35:*.svgz=01;35:*.mng=01;35:*.pcx=01;35:*.mov=01;35:*.mpg=01;35:*.mpeg=01;35:*.m2v=01;35:*.mkv=01;35:*.webm=01;35:*.webp=01;35:*.ogm=01;35:*.mp4=01;35:*.m4v=01;35:*.mp4v=01;35:*.vob=01;35:*.qt=01;35:*.nuv=01;35:*.wmv=01;35:*.asf=01;35:*.rm=01;35:*.rmvb=01;35:*.flc=01;35:*.avi=01;35:*.fli=01;35:*.flv=01;35:*.gl=01;35:*.dl=01;35:*.xcf=01;35:*.xwd=01;35:*.yuv=01;35:*.cgm=01;35:*.emf=01;35:*.ogv=01;35:*.ogx=01;35:*.aac=00;36:*.au=00;36:*.flac=00;36:*.m4a=00;36:*.mid=00;36:*.midi=00;36:*.mka=00;36:*.mp3=00;36:*.mpc=00;36:*.ogg=00;36:*.ra=00;36:*.wav=00;36:*.oga=00;36:*.opus=00;36:*.spx=00;36:*.xspf=00;36:'), ('GNOME_TERMINAL_SERVICE', ':1.294'), ('SSH_AGENT_LAUNCHER', 'gnome-keyring'), ('SSH_AUTH_SOCK', '/run/user/1000/keyring/ssh'), ('AMENT_PREFIX_PATH', '/home/com9/uet_ws/install/ur_controllers:/home/com9/uet_ws/install/ur_moveit_config:/home/com9/uet_ws/install/ur_dashboard_msgs:/opt/ros/humble'), ('CONDA_PYTHON_EXE', '/home/com9/miniconda3/bin/python'), ('SHELL', '/bin/bash'), ('QT_ACCESSIBILITY', '1'), ('GDMSESSION', 'ubuntu'), ('LESSCLOSE', '/usr/bin/lesspipe %s %s'), ('_CONDA_EXE', '/home/com9/miniconda3/bin/conda'), ('QT_IM_MODULE', 'ibus'), ('PWD', '/home/com9/uet_ws/build/ur_simulation_gz'), ('LC_ALL', 'en_US.UTF-8'), ('XDG_CONFIG_DIRS', '/etc/xdg/xdg-ubuntu:/etc/xdg'), ('CONDA_EXE', '/home/com9/miniconda3/bin/conda'), ('XDG_DATA_DIRS', '/usr/share/ubuntu:/usr/local/share/:/usr/share/:/var/lib/snapd/desktop'), ('PYTHONPATH', '/home/com9/uet_ws/install/ur_moveit_config/local/lib/python3.10/dist-packages:/home/com9/uet_ws/install/ur_dashboard_msgs/local/lib/python3.10/dist-packages:/opt/ros/humble/lib/python3.10/site-packages:/opt/ros/humble/local/lib/python3.10/dist-packages'), ('COLCON', '1'), ('VTE_VERSION', '6800'), ('CMAKE_PREFIX_PATH', '/home/com9/uet_ws/install/ur_controllers:/home/com9/uet_ws/install/ur_moveit_config:/home/com9/uet_ws/install/ur_dashboard_msgs:/opt/ros/humble')]), 'shell': False}
[246.603137] (ur_simulation_gz) CommandEnded: {'returncode': 0}
[246.603562] (ur_simulation_gz) JobProgress: {'identifier': 'ur_simulation_gz', 'progress': 'install'}
[246.603763] (ur_simulation_gz) Command: {'cmd': ['/usr/bin/cmake', '--install', '/home/com9/uet_ws/build/ur_simulation_gz'], 'cwd': '/home/com9/uet_ws/build/ur_simulation_gz', 'env': OrderedDict([('LESSOPEN', '| /usr/bin/lesspipe %s'), ('CMAKE_BUILD_PARALLEL_LEVEL', '1'), ('USER', 'com9'), ('XDG_SESSION_TYPE', 'wayland'), ('SHLVL', '1'), ('LD_LIBRARY_PATH', '/home/com9/uet_ws/install/ur_controllers/lib:/home/com9/uet_ws/install/ur_dashboard_msgs/lib:/opt/ros/humble/opt/rviz_ogre_vendor/lib:/opt/ros/humble/lib/x86_64-linux-gnu:/opt/ros/humble/lib'), ('HOME', '/home/com9'), ('CONDA_SHLVL', '0'), ('CYCLONEDDS_URI', '<CycloneDDS><Domain><General><DontRoute>true</></></></>'), ('OLDPWD', '/home/com9/uet_ws'), ('DESKTOP_SESSION', 'ubuntu'), ('ROS_PYTHON_VERSION', '3'), ('GNOME_SHELL_SESSION_MODE', 'ubuntu'), ('GTK_MODULES', 'gail:atk-bridge'), ('MAKEFLAGS', '-j1'), ('SYSTEMD_EXEC_PID', '17504'), ('IM_CONFIG_CHECK_ENV', '1'), ('DBUS_SESSION_BUS_ADDRESS', 'unix:path=/run/user/1000/bus'), ('COLORTERM', 'truecolor'), ('_CE_M', ''), ('_CONDA_ROOT', '/home/com9/miniconda3'), ('IM_CONFIG_PHASE', '1'), ('WAYLAND_DISPLAY', 'wayland-0'), ('ROS_DISTRO', 'humble'), ('LOGNAME', 'com9'), ('_', '/usr/bin/colcon'), ('ROS_VERSION', '2'), ('XDG_SESSION_CLASS', 'user'), ('USERNAME', 'com9'), ('TERM', 'xterm-256color'), ('GNOME_DESKTOP_SESSION_ID', 'this-is-deprecated'), ('_CE_CONDA', ''), ('ROS_LOCALHOST_ONLY', '0'), ('PATH', '/opt/ros/humble/bin:/home/com9/.local/bin:/home/com9/miniconda3/condabin:/home/com9/.local/bin:/home/com9/.local/bin:/home/com9/.local/bin:/home/com9/.local/bin:/usr/local/sbin:/usr/local/bin:/usr/sbin:/usr/bin:/sbin:/bin:/usr/games:/usr/local/games:/snap/bin:/snap/bin'), ('SESSION_MANAGER', 'local/com9:@/tmp/.ICE-unix/17475,unix/com9:/tmp/.ICE-unix/17475'), ('XDG_MENU_PREFIX', 'gnome-'), ('GNOME_TERMINAL_SCREEN', '/org/gnome/Terminal/screen/082c707b_1b9d_480a_9979_2cd556cf1a94'), ('GNOME_SETUP_DISPLAY', ':1'), ('XDG_RUNTIME_DIR', '/run/user/1000'), ('DISPLAY', ':0'), ('LANG', 'en_US.UTF-8'), ('XDG_CURRENT_DESKTOP', 'ubuntu:GNOME'), ('XMODIFIERS', '@im=ibus'), ('XDG_SESSION_DESKTOP', 'ubuntu'), ('XAUTHORITY', '/run/user/1000/.mutter-Xwaylandauth.W7ZTS3'), ('LS_COLORS', 'rs=0:di=01;34:ln=01;36:mh=00:pi=40;33:so=01;35:do=01;35:bd=40;33;01:cd=40;33;01:or=40;31;01:mi=00:su=37;41:sg=30;43:ca=30;41:tw=30;42:ow=34;42:st=37;44:ex=01;32:*.tar=01;31:*.tgz=01;31:*.arc=01;31:*.arj=01;31:*.taz=01;31:*.lha=01;31:*.lz4=01;31:*.lzh=01;31:*.lzma=01;31:*.tlz=01;31:*.txz=01;31:*.tzo=01;31:*.t7z=01;31:*.zip=01;31:*.z=01;31:*.dz=01;31:*.gz=01;31:*.lrz=01;31:*.lz=01;31:*.lzo=01;31:*.xz=01;31:*.zst=01;31:*.tzst=01;31:*.bz2=01;31:*.bz=01;31:*.tbz=01;31:*.tbz2=01;31:*.tz=01;31:*.deb=01;31:*.rpm=01;31:*.jar=01;31:*.war=01;31:*.ear=01;31:*.sar=01;31:*.rar=01;31:*.alz=01;31:*.ace=01;31:*.zoo=01;31:*.cpio=01;31:*.7z=01;31:*.rz=01;31:*.cab=01;31:*.wim=01;31:*.swm=01;31:*.dwm=01;31:*.esd=01;31:*.jpg=01;35:*.jpeg=01;35:*.mjpg=01;35:*.mjpeg=01;35:*.gif=01;35:*.bmp=01;35:*.pbm=01;35:*.pgm=01;35:*.ppm=01;35:*.tga=01;35:*.xbm=01;35:*.xpm=01;35:*.tif=01;35:*.tiff=01;35:*.png=01;35:*.svg=01;35:*.svgz=01;35:*.mng=01;35:*.pcx=01;35:*.mov=01;35:*.mpg=01;35:*.mpeg=01;35:*.m2v=01;35:*.mkv=01;35:*.webm=01;35:*.webp=01;35:*.ogm=01;35:*.mp4=01;35:*.m4v=01;35:*.mp4v=01;35:*.vob=01;35:*.qt=01;35:*.nuv=01;35:*.wmv=01;35:*.asf=01;35:*.rm=01;35:*.rmvb=01;35:*.flc=01;35:*.avi=01;35:*.fli=01;35:*.flv=01;35:*.gl=01;35:*.dl=01;35:*.xcf=01;35:*.xwd=01;35:*.yuv=01;35:*.cgm=01;35:*.emf=01;35:*.ogv=01;35:*.ogx=01;35:*.aac=00;36:*.au=00;36:*.flac=00;36:*.m4a=00;36:*.mid=00;36:*.midi=00;36:*.mka=00;36:*.mp3=00;36:*.mpc=00;36:*.ogg=00;36:*.ra=00;36:*.wav=00;36:*.oga=00;36:*.opus=00;36:*.spx=00;36:*.xspf=00;36:'), ('GNOME_TERMINAL_SERVICE', ':1.294'), ('SSH_AGENT_LAUNCHER', 'gnome-keyring'), ('SSH_AUTH_SOCK', '/run/user/1000/keyring/ssh'), ('AMENT_PREFIX_PATH', '/home/com9/uet_ws/install/ur_controllers:/home/com9/uet_ws/install/ur_moveit_config:/home/com9/uet_ws/install/ur_dashboard_msgs:/opt/ros/humble'), ('CONDA_PYTHON_EXE', '/home/com9/miniconda3/bin/python'), ('SHELL', '/bin/bash'), ('QT_ACCESSIBILITY', '1'), ('GDMSESSION', 'ubuntu'), ('LESSCLOSE', '/usr/bin/lesspipe %s %s'), ('_CONDA_EXE', '/home/com9/miniconda3/bin/conda'), ('QT_IM_MODULE', 'ibus'), ('PWD', '/home/com9/uet_ws/build/ur_simulation_gz'), ('LC_ALL', 'en_US.UTF-8'), ('XDG_CONFIG_DIRS', '/etc/xdg/xdg-ubuntu:/etc/xdg'), ('CONDA_EXE', '/home/com9/miniconda3/bin/conda'), ('XDG_DATA_DIRS', '/usr/share/ubuntu:/usr/local/share/:/usr/share/:/var/lib/snapd/desktop'), ('PYTHONPATH', '/home/com9/uet_ws/install/ur_moveit_config/local/lib/python3.10/dist-packages:/home/com9/uet_ws/install/ur_dashboard_msgs/local/lib/python3.10/dist-packages:/opt/ros/humble/lib/python3.10/site-packages:/opt/ros/humble/local/lib/python3.10/dist-packages'), ('COLCON', '1'), ('VTE_VERSION', '6800'), ('CMAKE_PREFIX_PATH', '/home/com9/uet_ws/install/ur_controllers:/home/com9/uet_ws/install/ur_moveit_config:/home/com9/uet_ws/install/ur_dashboard_msgs:/opt/ros/humble')]), 'shell': False}
[246.609328] (ur_simulation_gz) StdoutLine: {'line': b'-- Install configuration: ""\n'}
[246.609451] (ur_simulation_gz) StdoutLine: {'line': b'-- Installing: /home/com9/uet_ws/install/ur_simulation_gz/share/ur_simulation_gz/config\n'}
[246.609522] (ur_simulation_gz) StdoutLine: {'line': b'-- Installing: /home/com9/uet_ws/install/ur_simulation_gz/share/ur_simulation_gz/config/ur_controllers.yaml\n'}
[246.609944] (ur_simulation_gz) StdoutLine: {'line': b'-- Installing: /home/com9/uet_ws/install/ur_simulation_gz/share/ur_simulation_gz/launch\n'}
[246.610006] (ur_simulation_gz) StdoutLine: {'line': b'-- Installing: /home/com9/uet_ws/install/ur_simulation_gz/share/ur_simulation_gz/launch/ur_sim_moveit.launch.py\n'}
[246.610110] (ur_simulation_gz) StdoutLine: {'line': b'-- Installing: /home/com9/uet_ws/install/ur_simulation_gz/share/ur_simulation_gz/launch/ur_sim_control.launch.py\n'}
[246.610281] (ur_simulation_gz) StdoutLine: {'line': b'-- Installing: /home/com9/uet_ws/install/ur_simulation_gz/lib/ur_simulation_gz/test_topic_control.py\n'}
[246.610466] (ur_simulation_gz) StdoutLine: {'line': b'-- Installing: /home/com9/uet_ws/install/ur_simulation_gz/share/ament_index/resource_index/package_run_dependencies/ur_simulation_gz\n'}
[246.610535] (ur_simulation_gz) StdoutLine: {'line': b'-- Installing: /home/com9/uet_ws/install/ur_simulation_gz/share/ament_index/resource_index/parent_prefix_path/ur_simulation_gz\n'}
[246.610594] (ur_simulation_gz) StdoutLine: {'line': b'-- Installing: /home/com9/uet_ws/install/ur_simulation_gz/share/ur_simulation_gz/environment/ament_prefix_path.sh\n'}
[246.610637] (ur_simulation_gz) StdoutLine: {'line': b'-- Installing: /home/com9/uet_ws/install/ur_simulation_gz/share/ur_simulation_gz/environment/ament_prefix_path.dsv\n'}
[246.610682] (ur_simulation_gz) StdoutLine: {'line': b'-- Installing: /home/com9/uet_ws/install/ur_simulation_gz/share/ur_simulation_gz/environment/path.sh\n'}
[246.610751] (ur_simulation_gz) StdoutLine: {'line': b'-- Installing: /home/com9/uet_ws/install/ur_simulation_gz/share/ur_simulation_gz/environment/path.dsv\n'}
[246.610801] (ur_simulation_gz) StdoutLine: {'line': b'-- Installing: /home/com9/uet_ws/install/ur_simulation_gz/share/ur_simulation_gz/local_setup.bash\n'}
[246.610848] (ur_simulation_gz) StdoutLine: {'line': b'-- Installing: /home/com9/uet_ws/install/ur_simulation_gz/share/ur_simulation_gz/local_setup.sh\n'}
[246.610900] (ur_simulation_gz) StdoutLine: {'line': b'-- Installing: /home/com9/uet_ws/install/ur_simulation_gz/share/ur_simulation_gz/local_setup.zsh\n'}
[246.610932] (ur_simulation_gz) StdoutLine: {'line': b'-- Installing: /home/com9/uet_ws/install/ur_simulation_gz/share/ur_simulation_gz/local_setup.dsv\n'}
[246.610977] (ur_simulation_gz) StdoutLine: {'line': b'-- Installing: /home/com9/uet_ws/install/ur_simulation_gz/share/ur_simulation_gz/package.dsv\n'}
[246.611023] (ur_simulation_gz) StdoutLine: {'line': b'-- Installing: /home/com9/uet_ws/install/ur_simulation_gz/share/ament_index/resource_index/packages/ur_simulation_gz\n'}
[246.611074] (ur_simulation_gz) StdoutLine: {'line': b'-- Installing: /home/com9/uet_ws/install/ur_simulation_gz/share/ur_simulation_gz/cmake/ur_simulation_gzConfig.cmake\n'}
[246.611124] (ur_simulation_gz) StdoutLine: {'line': b'-- Installing: /home/com9/uet_ws/install/ur_simulation_gz/share/ur_simulation_gz/cmake/ur_simulation_gzConfig-version.cmake\n'}
[246.611156] (ur_simulation_gz) StdoutLine: {'line': b'-- Installing: /home/com9/uet_ws/install/ur_simulation_gz/share/ur_simulation_gz/package.xml\n'}
[246.612284] (ur_simulation_gz) CommandEnded: {'returncode': 0}
[246.618779] (ur_simulation_gz) JobEnded: {'identifier': 'ur_simulation_gz', 'rc': 0}
[246.619414] (ur_calibration) JobStarted: {'identifier': 'ur_calibration'}
[246.627162] (ur_calibration) JobProgress: {'identifier': 'ur_calibration', 'progress': 'cmake'}
[246.627380] (ur_calibration) Command: {'cmd': ['/usr/bin/cmake', '/home/com9/uet_ws/src/Universal_Robots_ROS2_Driver/ur_calibration', '-DCMAKE_INSTALL_PREFIX=/home/com9/uet_ws/install/ur_calibration'], 'cwd': '/home/com9/uet_ws/build/ur_calibration', 'env': OrderedDict([('LESSOPEN', '| /usr/bin/lesspipe %s'), ('CMAKE_BUILD_PARALLEL_LEVEL', '1'), ('USER', 'com9'), ('XDG_SESSION_TYPE', 'wayland'), ('SHLVL', '1'), ('LD_LIBRARY_PATH', '/home/com9/uet_ws/install/ur_robot_driver/lib:/home/com9/uet_ws/install/ur_controllers/lib:/home/com9/uet_ws/install/ur_dashboard_msgs/lib:/opt/ros/humble/opt/rviz_ogre_vendor/lib:/opt/ros/humble/lib/x86_64-linux-gnu:/opt/ros/humble/lib'), ('HOME', '/home/com9'), ('CONDA_SHLVL', '0'), ('CYCLONEDDS_URI', '<CycloneDDS><Domain><General><DontRoute>true</></></></>'), ('OLDPWD', '/home/com9/uet_ws'), ('DESKTOP_SESSION', 'ubuntu'), ('ROS_PYTHON_VERSION', '3'), ('GNOME_SHELL_SESSION_MODE', 'ubuntu'), ('GTK_MODULES', 'gail:atk-bridge'), ('MAKEFLAGS', '-j1'), ('SYSTEMD_EXEC_PID', '17504'), ('IM_CONFIG_CHECK_ENV', '1'), ('DBUS_SESSION_BUS_ADDRESS', 'unix:path=/run/user/1000/bus'), ('COLORTERM', 'truecolor'), ('_CE_M', ''), ('_CONDA_ROOT', '/home/com9/miniconda3'), ('IM_CONFIG_PHASE', '1'), ('WAYLAND_DISPLAY', 'wayland-0'), ('ROS_DISTRO', 'humble'), ('LOGNAME', 'com9'), ('_', '/usr/bin/colcon'), ('ROS_VERSION', '2'), ('XDG_SESSION_CLASS', 'user'), ('USERNAME', 'com9'), ('TERM', 'xterm-256color'), ('GNOME_DESKTOP_SESSION_ID', 'this-is-deprecated'), ('_CE_CONDA', ''), ('ROS_LOCALHOST_ONLY', '0'), ('PATH', '/home/com9/uet_ws/install/ur_robot_driver/bin:/opt/ros/humble/bin:/home/com9/.local/bin:/home/com9/miniconda3/condabin:/home/com9/.local/bin:/home/com9/.local/bin:/home/com9/.local/bin:/home/com9/.local/bin:/usr/local/sbin:/usr/local/bin:/usr/sbin:/usr/bin:/sbin:/bin:/usr/games:/usr/local/games:/snap/bin:/snap/bin'), ('SESSION_MANAGER', 'local/com9:@/tmp/.ICE-unix/17475,unix/com9:/tmp/.ICE-unix/17475'), ('XDG_MENU_PREFIX', 'gnome-'), ('GNOME_TERMINAL_SCREEN', '/org/gnome/Terminal/screen/082c707b_1b9d_480a_9979_2cd556cf1a94'), ('GNOME_SETUP_DISPLAY', ':1'), ('XDG_RUNTIME_DIR', '/run/user/1000'), ('DISPLAY', ':0'), ('LANG', 'en_US.UTF-8'), ('XDG_CURRENT_DESKTOP', 'ubuntu:GNOME'), ('XMODIFIERS', '@im=ibus'), ('XDG_SESSION_DESKTOP', 'ubuntu'), ('XAUTHORITY', '/run/user/1000/.mutter-Xwaylandauth.W7ZTS3'), ('LS_COLORS', 'rs=0:di=01;34:ln=01;36:mh=00:pi=40;33:so=01;35:do=01;35:bd=40;33;01:cd=40;33;01:or=40;31;01:mi=00:su=37;41:sg=30;43:ca=30;41:tw=30;42:ow=34;42:st=37;44:ex=01;32:*.tar=01;31:*.tgz=01;31:*.arc=01;31:*.arj=01;31:*.taz=01;31:*.lha=01;31:*.lz4=01;31:*.lzh=01;31:*.lzma=01;31:*.tlz=01;31:*.txz=01;31:*.tzo=01;31:*.t7z=01;31:*.zip=01;31:*.z=01;31:*.dz=01;31:*.gz=01;31:*.lrz=01;31:*.lz=01;31:*.lzo=01;31:*.xz=01;31:*.zst=01;31:*.tzst=01;31:*.bz2=01;31:*.bz=01;31:*.tbz=01;31:*.tbz2=01;31:*.tz=01;31:*.deb=01;31:*.rpm=01;31:*.jar=01;31:*.war=01;31:*.ear=01;31:*.sar=01;31:*.rar=01;31:*.alz=01;31:*.ace=01;31:*.zoo=01;31:*.cpio=01;31:*.7z=01;31:*.rz=01;31:*.cab=01;31:*.wim=01;31:*.swm=01;31:*.dwm=01;31:*.esd=01;31:*.jpg=01;35:*.jpeg=01;35:*.mjpg=01;35:*.mjpeg=01;35:*.gif=01;35:*.bmp=01;35:*.pbm=01;35:*.pgm=01;35:*.ppm=01;35:*.tga=01;35:*.xbm=01;35:*.xpm=01;35:*.tif=01;35:*.tiff=01;35:*.png=01;35:*.svg=01;35:*.svgz=01;35:*.mng=01;35:*.pcx=01;35:*.mov=01;35:*.mpg=01;35:*.mpeg=01;35:*.m2v=01;35:*.mkv=01;35:*.webm=01;35:*.webp=01;35:*.ogm=01;35:*.mp4=01;35:*.m4v=01;35:*.mp4v=01;35:*.vob=01;35:*.qt=01;35:*.nuv=01;35:*.wmv=01;35:*.asf=01;35:*.rm=01;35:*.rmvb=01;35:*.flc=01;35:*.avi=01;35:*.fli=01;35:*.flv=01;35:*.gl=01;35:*.dl=01;35:*.xcf=01;35:*.xwd=01;35:*.yuv=01;35:*.cgm=01;35:*.emf=01;35:*.ogv=01;35:*.ogx=01;35:*.aac=00;36:*.au=00;36:*.flac=00;36:*.m4a=00;36:*.mid=00;36:*.midi=00;36:*.mka=00;36:*.mp3=00;36:*.mpc=00;36:*.ogg=00;36:*.ra=00;36:*.wav=00;36:*.oga=00;36:*.opus=00;36:*.spx=00;36:*.xspf=00;36:'), ('GNOME_TERMINAL_SERVICE', ':1.294'), ('SSH_AGENT_LAUNCHER', 'gnome-keyring'), ('SSH_AUTH_SOCK', '/run/user/1000/keyring/ssh'), ('AMENT_PREFIX_PATH', '/home/com9/uet_ws/install/ur_robot_driver:/home/com9/uet_ws/install/ur_controllers:/home/com9/uet_ws/install/ur_dashboard_msgs:/opt/ros/humble'), ('CONDA_PYTHON_EXE', '/home/com9/miniconda3/bin/python'), ('SHELL', '/bin/bash'), ('QT_ACCESSIBILITY', '1'), ('GDMSESSION', 'ubuntu'), ('LESSCLOSE', '/usr/bin/lesspipe %s %s'), ('_CONDA_EXE', '/home/com9/miniconda3/bin/conda'), ('QT_IM_MODULE', 'ibus'), ('PWD', '/home/com9/uet_ws/build/ur_calibration'), ('LC_ALL', 'en_US.UTF-8'), ('XDG_CONFIG_DIRS', '/etc/xdg/xdg-ubuntu:/etc/xdg'), ('CONDA_EXE', '/home/com9/miniconda3/bin/conda'), ('XDG_DATA_DIRS', '/usr/share/ubuntu:/usr/local/share/:/usr/share/:/var/lib/snapd/desktop'), ('PYTHONPATH', '/home/com9/uet_ws/install/ur_robot_driver/local/lib/python3.10/dist-packages:/home/com9/uet_ws/install/ur_dashboard_msgs/local/lib/python3.10/dist-packages:/opt/ros/humble/lib/python3.10/site-packages:/opt/ros/humble/local/lib/python3.10/dist-packages'), ('COLCON', '1'), ('VTE_VERSION', '6800'), ('CMAKE_PREFIX_PATH', '/home/com9/uet_ws/install/ur_robot_driver:/home/com9/uet_ws/install/ur_controllers:/home/com9/uet_ws/install/ur_dashboard_msgs:/opt/ros/humble')]), 'shell': False}
[246.648694] (-) TimerEvent: {}
[246.666065] (ur_calibration) StdoutLine: {'line': b'-- The C compiler identification is GNU 11.4.0\n'}
[246.703431] (ur_calibration) StdoutLine: {'line': b'-- The CXX compiler identification is GNU 11.4.0\n'}
[246.708482] (ur_calibration) StdoutLine: {'line': b'-- Detecting C compiler ABI info\n'}
[246.748807] (-) TimerEvent: {}
[246.755340] (ur_calibration) StdoutLine: {'line': b'-- Detecting C compiler ABI info - done\n'}
[246.760094] (ur_calibration) StdoutLine: {'line': b'-- Check for working C compiler: /usr/bin/cc - skipped\n'}
[246.760278] (ur_calibration) StdoutLine: {'line': b'-- Detecting C compile features\n'}
[246.760503] (ur_calibration) StdoutLine: {'line': b'-- Detecting C compile features - done\n'}
[246.762352] (ur_calibration) StdoutLine: {'line': b'-- Detecting CXX compiler ABI info\n'}
[246.814554] (ur_calibration) StdoutLine: {'line': b'-- Detecting CXX compiler ABI info - done\n'}
[246.819153] (ur_calibration) StdoutLine: {'line': b'-- Check for working CXX compiler: /usr/bin/c++ - skipped\n'}
[246.819278] (ur_calibration) StdoutLine: {'line': b'-- Detecting CXX compile features\n'}
[246.819573] (ur_calibration) StdoutLine: {'line': b'-- Detecting CXX compile features - done\n'}
[246.820019] (ur_calibration) StderrLine: {'line': b"\x1b[0mur_calibration: You did not request a specific build type: selecting 'RelWithDebInfo'.\x1b[0m\n"}
[246.821026] (ur_calibration) StdoutLine: {'line': b'-- Found ament_cmake: 1.3.14 (/opt/ros/humble/share/ament_cmake/cmake)\n'}
[246.848883] (-) TimerEvent: {}
[246.919797] (ur_calibration) StdoutLine: {'line': b'-- Found Python3: /usr/bin/python3 (found version "3.10.12") found components: Interpreter \n'}
[246.949053] (-) TimerEvent: {}
[246.976187] (ur_calibration) StdoutLine: {'line': b'-- Found rclcpp: 16.0.19 (/opt/ros/humble/share/rclcpp/cmake)\n'}
[247.013227] (ur_calibration) StdoutLine: {'line': b'-- Found rosidl_generator_c: 3.1.8 (/opt/ros/humble/share/rosidl_generator_c/cmake)\n'}
[247.017475] (ur_calibration) StdoutLine: {'line': b'-- Found rosidl_adapter: 3.1.8 (/opt/ros/humble/share/rosidl_adapter/cmake)\n'}
[247.024637] (ur_calibration) StdoutLine: {'line': b'-- Found rosidl_generator_cpp: 3.1.8 (/opt/ros/humble/share/rosidl_generator_cpp/cmake)\n'}
[247.035978] (ur_calibration) StdoutLine: {'line': b'-- Using all available rosidl_typesupport_c: rosidl_typesupport_fastrtps_c;rosidl_typesupport_introspection_c\n'}
[247.049115] (ur_calibration) StdoutLine: {'line': b'-- Using all available rosidl_typesupport_cpp: rosidl_typesupport_fastrtps_cpp;rosidl_typesupport_introspection_cpp\n'}
[247.049188] (-) TimerEvent: {}
[247.084913] (ur_calibration) StdoutLine: {'line': b'-- Found rmw_implementation_cmake: 6.1.2 (/opt/ros/humble/share/rmw_implementation_cmake/cmake)\n'}
[247.087044] (ur_calibration) StdoutLine: {'line': b'-- Found rmw_fastrtps_cpp: 6.2.10 (/opt/ros/humble/share/rmw_fastrtps_cpp/cmake)\n'}
[247.149279] (-) TimerEvent: {}
[247.155891] (ur_calibration) StdoutLine: {'line': b'-- Found OpenSSL: /usr/lib/x86_64-linux-gnu/libcrypto.so (found version "3.0.2")  \n'}
[247.174680] (ur_calibration) StdoutLine: {'line': b'-- Found FastRTPS: /opt/ros/humble/include  \n'}
[247.201945] (ur_calibration) StdoutLine: {'line': b"-- Using RMW implementation 'rmw_fastrtps_cpp' as default\n"}
[247.209684] (ur_calibration) StdoutLine: {'line': b'-- Looking for pthread.h\n'}
[247.249388] (-) TimerEvent: {}
[247.255697] (ur_calibration) StdoutLine: {'line': b'-- Looking for pthread.h - found\n'}
[247.256020] (ur_calibration) StdoutLine: {'line': b'-- Performing Test CMAKE_HAVE_LIBC_PTHREAD\n'}
[247.303712] (ur_calibration) StdoutLine: {'line': b'-- Performing Test CMAKE_HAVE_LIBC_PTHREAD - Success\n'}
[247.304415] (ur_calibration) StdoutLine: {'line': b'-- Found Threads: TRUE  \n'}
[247.343295] (ur_calibration) StdoutLine: {'line': b'-- Found ur_robot_driver: 2.13.1 (/home/com9/uet_ws/install/ur_robot_driver/share/ur_robot_driver/cmake)\n'}
[247.349434] (-) TimerEvent: {}
[247.449616] (-) TimerEvent: {}
[247.514012] (ur_calibration) StdoutLine: {'line': b'-- Found eigen3_cmake_module: 0.1.1 (/opt/ros/humble/share/eigen3_cmake_module/cmake)\n'}
[247.515011] (ur_calibration) StdoutLine: {'line': b'-- Found Eigen3: TRUE (found version "3.4.0") \n'}
[247.515066] (ur_calibration) StdoutLine: {'line': b'-- Ensuring Eigen3 include directory is part of orocos-kdl CMake target\n'}
[247.549714] (-) TimerEvent: {}
[247.598773] (ur_calibration) StdoutLine: {'line': b'-- Found yaml_cpp_vendor: 8.0.2 (/opt/ros/humble/share/yaml_cpp_vendor/cmake)\n'}
[247.618607] (ur_calibration) StdoutLine: {'line': b'-- Found ament_cmake_gmock: 1.3.14 (/opt/ros/humble/share/ament_cmake_gmock/cmake)\n'}
[247.621222] (ur_calibration) StdoutLine: {'line': b"-- Found gmock sources under '/opt/ros/humble/src/gmock_vendor': C++ tests using 'Google Mock' will be built\n"}
[247.625020] (ur_calibration) StdoutLine: {'line': b'-- Found ament_cmake_gtest: 1.3.14 (/opt/ros/humble/share/ament_cmake_gtest/cmake)\n'}
[247.626457] (ur_calibration) StdoutLine: {'line': b"-- Found gtest sources under '/opt/ros/humble/src/gtest_vendor': C++ tests using 'Google Test' will be built\n"}
[247.649825] (-) TimerEvent: {}
[247.675888] (ur_calibration) StdoutLine: {'line': b'-- Configuring done\n'}
[247.733921] (ur_calibration) StdoutLine: {'line': b'-- Generating done\n'}
[247.742374] (ur_calibration) StdoutLine: {'line': b'-- Build files have been written to: /home/com9/uet_ws/build/ur_calibration\n'}
[247.749967] (-) TimerEvent: {}
[247.752697] (ur_calibration) CommandEnded: {'returncode': 0}
[247.753159] (ur_calibration) JobProgress: {'identifier': 'ur_calibration', 'progress': 'build'}
[247.753311] (ur_calibration) Command: {'cmd': ['/usr/bin/cmake', '--build', '/home/com9/uet_ws/build/ur_calibration'], 'cwd': '/home/com9/uet_ws/build/ur_calibration', 'env': OrderedDict([('LESSOPEN', '| /usr/bin/lesspipe %s'), ('CMAKE_BUILD_PARALLEL_LEVEL', '1'), ('USER', 'com9'), ('XDG_SESSION_TYPE', 'wayland'), ('SHLVL', '1'), ('LD_LIBRARY_PATH', '/home/com9/uet_ws/install/ur_robot_driver/lib:/home/com9/uet_ws/install/ur_controllers/lib:/home/com9/uet_ws/install/ur_dashboard_msgs/lib:/opt/ros/humble/opt/rviz_ogre_vendor/lib:/opt/ros/humble/lib/x86_64-linux-gnu:/opt/ros/humble/lib'), ('HOME', '/home/com9'), ('CONDA_SHLVL', '0'), ('CYCLONEDDS_URI', '<CycloneDDS><Domain><General><DontRoute>true</></></></>'), ('OLDPWD', '/home/com9/uet_ws'), ('DESKTOP_SESSION', 'ubuntu'), ('ROS_PYTHON_VERSION', '3'), ('GNOME_SHELL_SESSION_MODE', 'ubuntu'), ('GTK_MODULES', 'gail:atk-bridge'), ('MAKEFLAGS', '-j1'), ('SYSTEMD_EXEC_PID', '17504'), ('IM_CONFIG_CHECK_ENV', '1'), ('DBUS_SESSION_BUS_ADDRESS', 'unix:path=/run/user/1000/bus'), ('COLORTERM', 'truecolor'), ('_CE_M', ''), ('_CONDA_ROOT', '/home/com9/miniconda3'), ('IM_CONFIG_PHASE', '1'), ('WAYLAND_DISPLAY', 'wayland-0'), ('ROS_DISTRO', 'humble'), ('LOGNAME', 'com9'), ('_', '/usr/bin/colcon'), ('ROS_VERSION', '2'), ('XDG_SESSION_CLASS', 'user'), ('USERNAME', 'com9'), ('TERM', 'xterm-256color'), ('GNOME_DESKTOP_SESSION_ID', 'this-is-deprecated'), ('_CE_CONDA', ''), ('ROS_LOCALHOST_ONLY', '0'), ('PATH', '/home/com9/uet_ws/install/ur_robot_driver/bin:/opt/ros/humble/bin:/home/com9/.local/bin:/home/com9/miniconda3/condabin:/home/com9/.local/bin:/home/com9/.local/bin:/home/com9/.local/bin:/home/com9/.local/bin:/usr/local/sbin:/usr/local/bin:/usr/sbin:/usr/bin:/sbin:/bin:/usr/games:/usr/local/games:/snap/bin:/snap/bin'), ('SESSION_MANAGER', 'local/com9:@/tmp/.ICE-unix/17475,unix/com9:/tmp/.ICE-unix/17475'), ('XDG_MENU_PREFIX', 'gnome-'), ('GNOME_TERMINAL_SCREEN', '/org/gnome/Terminal/screen/082c707b_1b9d_480a_9979_2cd556cf1a94'), ('GNOME_SETUP_DISPLAY', ':1'), ('XDG_RUNTIME_DIR', '/run/user/1000'), ('DISPLAY', ':0'), ('LANG', 'en_US.UTF-8'), ('XDG_CURRENT_DESKTOP', 'ubuntu:GNOME'), ('XMODIFIERS', '@im=ibus'), ('XDG_SESSION_DESKTOP', 'ubuntu'), ('XAUTHORITY', '/run/user/1000/.mutter-Xwaylandauth.W7ZTS3'), ('LS_COLORS', 'rs=0:di=01;34:ln=01;36:mh=00:pi=40;33:so=01;35:do=01;35:bd=40;33;01:cd=40;33;01:or=40;31;01:mi=00:su=37;41:sg=30;43:ca=30;41:tw=30;42:ow=34;42:st=37;44:ex=01;32:*.tar=01;31:*.tgz=01;31:*.arc=01;31:*.arj=01;31:*.taz=01;31:*.lha=01;31:*.lz4=01;31:*.lzh=01;31:*.lzma=01;31:*.tlz=01;31:*.txz=01;31:*.tzo=01;31:*.t7z=01;31:*.zip=01;31:*.z=01;31:*.dz=01;31:*.gz=01;31:*.lrz=01;31:*.lz=01;31:*.lzo=01;31:*.xz=01;31:*.zst=01;31:*.tzst=01;31:*.bz2=01;31:*.bz=01;31:*.tbz=01;31:*.tbz2=01;31:*.tz=01;31:*.deb=01;31:*.rpm=01;31:*.jar=01;31:*.war=01;31:*.ear=01;31:*.sar=01;31:*.rar=01;31:*.alz=01;31:*.ace=01;31:*.zoo=01;31:*.cpio=01;31:*.7z=01;31:*.rz=01;31:*.cab=01;31:*.wim=01;31:*.swm=01;31:*.dwm=01;31:*.esd=01;31:*.jpg=01;35:*.jpeg=01;35:*.mjpg=01;35:*.mjpeg=01;35:*.gif=01;35:*.bmp=01;35:*.pbm=01;35:*.pgm=01;35:*.ppm=01;35:*.tga=01;35:*.xbm=01;35:*.xpm=01;35:*.tif=01;35:*.tiff=01;35:*.png=01;35:*.svg=01;35:*.svgz=01;35:*.mng=01;35:*.pcx=01;35:*.mov=01;35:*.mpg=01;35:*.mpeg=01;35:*.m2v=01;35:*.mkv=01;35:*.webm=01;35:*.webp=01;35:*.ogm=01;35:*.mp4=01;35:*.m4v=01;35:*.mp4v=01;35:*.vob=01;35:*.qt=01;35:*.nuv=01;35:*.wmv=01;35:*.asf=01;35:*.rm=01;35:*.rmvb=01;35:*.flc=01;35:*.avi=01;35:*.fli=01;35:*.flv=01;35:*.gl=01;35:*.dl=01;35:*.xcf=01;35:*.xwd=01;35:*.yuv=01;35:*.cgm=01;35:*.emf=01;35:*.ogv=01;35:*.ogx=01;35:*.aac=00;36:*.au=00;36:*.flac=00;36:*.m4a=00;36:*.mid=00;36:*.midi=00;36:*.mka=00;36:*.mp3=00;36:*.mpc=00;36:*.ogg=00;36:*.ra=00;36:*.wav=00;36:*.oga=00;36:*.opus=00;36:*.spx=00;36:*.xspf=00;36:'), ('GNOME_TERMINAL_SERVICE', ':1.294'), ('SSH_AGENT_LAUNCHER', 'gnome-keyring'), ('SSH_AUTH_SOCK', '/run/user/1000/keyring/ssh'), ('AMENT_PREFIX_PATH', '/home/com9/uet_ws/install/ur_robot_driver:/home/com9/uet_ws/install/ur_controllers:/home/com9/uet_ws/install/ur_dashboard_msgs:/opt/ros/humble'), ('CONDA_PYTHON_EXE', '/home/com9/miniconda3/bin/python'), ('SHELL', '/bin/bash'), ('QT_ACCESSIBILITY', '1'), ('GDMSESSION', 'ubuntu'), ('LESSCLOSE', '/usr/bin/lesspipe %s %s'), ('_CONDA_EXE', '/home/com9/miniconda3/bin/conda'), ('QT_IM_MODULE', 'ibus'), ('PWD', '/home/com9/uet_ws/build/ur_calibration'), ('LC_ALL', 'en_US.UTF-8'), ('XDG_CONFIG_DIRS', '/etc/xdg/xdg-ubuntu:/etc/xdg'), ('CONDA_EXE', '/home/com9/miniconda3/bin/conda'), ('XDG_DATA_DIRS', '/usr/share/ubuntu:/usr/local/share/:/usr/share/:/var/lib/snapd/desktop'), ('PYTHONPATH', '/home/com9/uet_ws/install/ur_robot_driver/local/lib/python3.10/dist-packages:/home/com9/uet_ws/install/ur_dashboard_msgs/local/lib/python3.10/dist-packages:/opt/ros/humble/lib/python3.10/site-packages:/opt/ros/humble/local/lib/python3.10/dist-packages'), ('COLCON', '1'), ('VTE_VERSION', '6800'), ('CMAKE_PREFIX_PATH', '/home/com9/uet_ws/install/ur_robot_driver:/home/com9/uet_ws/install/ur_controllers:/home/com9/uet_ws/install/ur_dashboard_msgs:/opt/ros/humble')]), 'shell': False}
[247.786248] (ur_calibration) StdoutLine: {'line': b'[  8%] \x1b[32mBuilding CXX object CMakeFiles/calibration.dir/src/calibration.cpp.o\x1b[0m\n'}
[247.850074] (-) TimerEvent: {}
[247.950300] (-) TimerEvent: {}
[248.050584] (-) TimerEvent: {}
[248.150806] (-) TimerEvent: {}
[248.251014] (-) TimerEvent: {}
[248.351319] (-) TimerEvent: {}
[248.451647] (-) TimerEvent: {}
[248.551910] (-) TimerEvent: {}
[248.652274] (-) TimerEvent: {}
[248.752620] (-) TimerEvent: {}
[248.852897] (-) TimerEvent: {}
[248.953135] (-) TimerEvent: {}
[249.053647] (-) TimerEvent: {}
[249.154077] (-) TimerEvent: {}
[249.254360] (-) TimerEvent: {}
[249.354681] (-) TimerEvent: {}
[249.455004] (-) TimerEvent: {}
[249.555321] (-) TimerEvent: {}
[249.655768] (-) TimerEvent: {}
[249.756174] (-) TimerEvent: {}
[249.856419] (-) TimerEvent: {}
[249.956726] (-) TimerEvent: {}
[250.057036] (-) TimerEvent: {}
[250.157342] (-) TimerEvent: {}
[250.257684] (-) TimerEvent: {}
[250.357917] (-) TimerEvent: {}
[250.458158] (-) TimerEvent: {}
[250.558408] (-) TimerEvent: {}
[250.658651] (-) TimerEvent: {}
[250.758893] (-) TimerEvent: {}
[250.859130] (-) TimerEvent: {}
[250.959347] (-) TimerEvent: {}
[251.059561] (-) TimerEvent: {}
[251.159787] (-) TimerEvent: {}
[251.260017] (-) TimerEvent: {}
[251.360253] (-) TimerEvent: {}
[251.460454] (-) TimerEvent: {}
[251.560672] (-) TimerEvent: {}
[251.660890] (-) TimerEvent: {}
[251.761121] (-) TimerEvent: {}
[251.861340] (-) TimerEvent: {}
[251.961578] (-) TimerEvent: {}
[252.061810] (-) TimerEvent: {}
[252.162047] (-) TimerEvent: {}
[252.262265] (-) TimerEvent: {}
[252.362468] (-) TimerEvent: {}
[252.462708] (-) TimerEvent: {}
[252.562968] (-) TimerEvent: {}
[252.586020] (ur_calibration) StdoutLine: {'line': b'[ 16%] \x1b[32mBuilding CXX object CMakeFiles/calibration.dir/src/calibration_consumer.cpp.o\x1b[0m\n'}
[252.663077] (-) TimerEvent: {}
[252.763266] (-) TimerEvent: {}
[252.863477] (-) TimerEvent: {}
[252.963712] (-) TimerEvent: {}
[253.063946] (-) TimerEvent: {}
[253.164177] (-) TimerEvent: {}
[253.264434] (-) TimerEvent: {}
[253.364675] (-) TimerEvent: {}
[253.465008] (-) TimerEvent: {}
[253.565325] (-) TimerEvent: {}
[253.665635] (-) TimerEvent: {}
[253.765944] (-) TimerEvent: {}
[253.866263] (-) TimerEvent: {}
[253.966571] (-) TimerEvent: {}
[254.066879] (-) TimerEvent: {}
[254.167185] (-) TimerEvent: {}
[254.267501] (-) TimerEvent: {}
[254.367837] (-) TimerEvent: {}
[254.468156] (-) TimerEvent: {}
[254.568480] (-) TimerEvent: {}
[254.668795] (-) TimerEvent: {}
[254.769110] (-) TimerEvent: {}
[254.869435] (-) TimerEvent: {}
[254.969742] (-) TimerEvent: {}
[255.070047] (-) TimerEvent: {}
[255.170362] (-) TimerEvent: {}
[255.270659] (-) TimerEvent: {}
[255.370954] (-) TimerEvent: {}
[255.471262] (-) TimerEvent: {}
[255.522671] (ur_calibration) StdoutLine: {'line': b'[ 25%] \x1b[32m\x1b[1mLinking CXX static library libcalibration.a\x1b[0m\n'}
[255.570384] (ur_calibration) StdoutLine: {'line': b'[ 25%] Built target calibration\n'}
[255.571316] (-) TimerEvent: {}
[255.582883] (ur_calibration) StdoutLine: {'line': b'[ 33%] \x1b[32mBuilding CXX object CMakeFiles/calibration_correction.dir/src/calibration_correction.cpp.o\x1b[0m\n'}
[255.671480] (-) TimerEvent: {}
[255.771794] (-) TimerEvent: {}
[255.872110] (-) TimerEvent: {}
[255.972404] (-) TimerEvent: {}
[256.072728] (-) TimerEvent: {}
[256.172969] (-) TimerEvent: {}
[256.273217] (-) TimerEvent: {}
[256.373463] (-) TimerEvent: {}
[256.473721] (-) TimerEvent: {}
[256.573949] (-) TimerEvent: {}
[256.674302] (-) TimerEvent: {}
[256.774571] (-) TimerEvent: {}
[256.874892] (-) TimerEvent: {}
[256.975268] (-) TimerEvent: {}
[257.075508] (-) TimerEvent: {}
[257.175767] (-) TimerEvent: {}
[257.276078] (-) TimerEvent: {}
[257.376347] (-) TimerEvent: {}
[257.476595] (-) TimerEvent: {}
[257.576841] (-) TimerEvent: {}
[257.677137] (-) TimerEvent: {}
[257.777370] (-) TimerEvent: {}
[257.877614] (-) TimerEvent: {}
[257.977853] (-) TimerEvent: {}
[258.078152] (-) TimerEvent: {}
[258.178389] (-) TimerEvent: {}
[258.278640] (-) TimerEvent: {}
[258.378938] (-) TimerEvent: {}
[258.479248] (-) TimerEvent: {}
[258.579467] (-) TimerEvent: {}
[258.679708] (-) TimerEvent: {}
[258.779999] (-) TimerEvent: {}
[258.880309] (-) TimerEvent: {}
[258.980622] (-) TimerEvent: {}
[259.080900] (-) TimerEvent: {}
[259.181137] (-) TimerEvent: {}
[259.193414] (ur_calibration) StdoutLine: {'line': b'[ 41%] \x1b[32m\x1b[1mLinking CXX executable calibration_correction\x1b[0m\n'}
[259.281324] (-) TimerEvent: {}
[259.381630] (-) TimerEvent: {}
[259.451764] (ur_calibration) StdoutLine: {'line': b'[ 41%] Built target calibration_correction\n'}
[259.464499] (ur_calibration) StdoutLine: {'line': b'[ 50%] \x1b[32mBuilding CXX object gmock/CMakeFiles/gmock_main.dir/src/gmock_main.cc.o\x1b[0m\n'}
[259.481747] (-) TimerEvent: {}
[259.581976] (-) TimerEvent: {}
[259.682249] (-) TimerEvent: {}
[259.782459] (-) TimerEvent: {}
[259.882691] (-) TimerEvent: {}
[259.982982] (-) TimerEvent: {}
[260.083317] (-) TimerEvent: {}
[260.152416] (ur_calibration) StdoutLine: {'line': b'[ 58%] \x1b[32m\x1b[1mLinking CXX static library libgmock_main.a\x1b[0m\n'}
[260.172526] (ur_calibration) StdoutLine: {'line': b'[ 58%] Built target gmock_main\n'}
[260.183404] (-) TimerEvent: {}
[260.184821] (ur_calibration) StdoutLine: {'line': b'[ 66%] \x1b[32mBuilding CXX object gmock/CMakeFiles/gmock.dir/opt/ros/humble/src/gtest_vendor/src/gtest-all.cc.o\x1b[0m\n'}
[260.283514] (-) TimerEvent: {}
[260.383869] (-) TimerEvent: {}
[260.484237] (-) TimerEvent: {}
[260.584620] (-) TimerEvent: {}
[260.685006] (-) TimerEvent: {}
[260.785399] (-) TimerEvent: {}
[260.885783] (-) TimerEvent: {}
[260.986155] (-) TimerEvent: {}
[261.086550] (-) TimerEvent: {}
[261.186939] (-) TimerEvent: {}
[261.287319] (-) TimerEvent: {}
[261.387690] (-) TimerEvent: {}
[261.488067] (-) TimerEvent: {}
[261.588455] (-) TimerEvent: {}
[261.688836] (-) TimerEvent: {}
[261.789297] (-) TimerEvent: {}
[261.889677] (-) TimerEvent: {}
[261.990142] (-) TimerEvent: {}
[262.090533] (-) TimerEvent: {}
[262.190795] (-) TimerEvent: {}
[262.291054] (-) TimerEvent: {}
[262.391282] (-) TimerEvent: {}
[262.491530] (-) TimerEvent: {}
[262.591771] (-) TimerEvent: {}
[262.692076] (-) TimerEvent: {}
[262.792362] (-) TimerEvent: {}
[262.892592] (-) TimerEvent: {}
[262.992857] (-) TimerEvent: {}
[263.093179] (-) TimerEvent: {}
[263.193404] (-) TimerEvent: {}
[263.293636] (-) TimerEvent: {}
[263.393928] (-) TimerEvent: {}
[263.494250] (-) TimerEvent: {}
[263.594467] (-) TimerEvent: {}
[263.694711] (-) TimerEvent: {}
[263.794950] (-) TimerEvent: {}
[263.895272] (-) TimerEvent: {}
[263.995483] (-) TimerEvent: {}
[264.095725] (-) TimerEvent: {}
[264.196014] (-) TimerEvent: {}
[264.296312] (-) TimerEvent: {}
[264.396529] (-) TimerEvent: {}
[264.496827] (-) TimerEvent: {}
[264.597126] (-) TimerEvent: {}
[264.697352] (-) TimerEvent: {}
[264.797611] (-) TimerEvent: {}
[264.897928] (-) TimerEvent: {}
[264.998270] (-) TimerEvent: {}
[265.098496] (-) TimerEvent: {}
[265.198751] (-) TimerEvent: {}
[265.299070] (-) TimerEvent: {}
[265.325056] (ur_calibration) StdoutLine: {'line': b'[ 75%] \x1b[32mBuilding CXX object gmock/CMakeFiles/gmock.dir/src/gmock-all.cc.o\x1b[0m\n'}
[265.399260] (-) TimerEvent: {}
[265.499591] (-) TimerEvent: {}
[265.599895] (-) TimerEvent: {}
[265.700194] (-) TimerEvent: {}
[265.800530] (-) TimerEvent: {}
[265.900837] (-) TimerEvent: {}
[266.001135] (-) TimerEvent: {}
[266.101442] (-) TimerEvent: {}
[266.201678] (-) TimerEvent: {}
[266.301976] (-) TimerEvent: {}
[266.402277] (-) TimerEvent: {}
[266.502498] (-) TimerEvent: {}
[266.602793] (-) TimerEvent: {}
[266.703109] (-) TimerEvent: {}
[266.803434] (-) TimerEvent: {}
[266.903735] (-) TimerEvent: {}
[267.004034] (-) TimerEvent: {}
[267.104326] (-) TimerEvent: {}
[267.204662] (-) TimerEvent: {}
[267.304959] (-) TimerEvent: {}
[267.375000] (ur_calibration) StdoutLine: {'line': b'[ 83%] \x1b[32m\x1b[1mLinking CXX static library libgmock.a\x1b[0m\n'}
[267.405075] (-) TimerEvent: {}
[267.430130] (ur_calibration) StdoutLine: {'line': b'[ 83%] Built target gmock\n'}
[267.444050] (ur_calibration) StdoutLine: {'line': b'[ 91%] \x1b[32mBuilding CXX object CMakeFiles/calibration_test.dir/test/calibration_test.cpp.o\x1b[0m\n'}
[267.505251] (-) TimerEvent: {}
[267.605471] (-) TimerEvent: {}
[267.705726] (-) TimerEvent: {}
[267.805958] (-) TimerEvent: {}
[267.906184] (-) TimerEvent: {}
[268.006457] (-) TimerEvent: {}
[268.106701] (-) TimerEvent: {}
[268.207014] (-) TimerEvent: {}
[268.307247] (-) TimerEvent: {}
[268.407460] (-) TimerEvent: {}
[268.507697] (-) TimerEvent: {}
[268.607933] (-) TimerEvent: {}
[268.708169] (-) TimerEvent: {}
[268.808394] (-) TimerEvent: {}
[268.908600] (-) TimerEvent: {}
[269.008836] (-) TimerEvent: {}
[269.109071] (-) TimerEvent: {}
[269.209270] (-) TimerEvent: {}
[269.309490] (-) TimerEvent: {}
[269.409725] (-) TimerEvent: {}
[269.509980] (-) TimerEvent: {}
[269.610254] (-) TimerEvent: {}
[269.710473] (-) TimerEvent: {}
[269.810720] (-) TimerEvent: {}
[269.910980] (-) TimerEvent: {}
[270.011290] (-) TimerEvent: {}
[270.111513] (-) TimerEvent: {}
[270.211827] (-) TimerEvent: {}
[270.312118] (-) TimerEvent: {}
[270.412404] (-) TimerEvent: {}
[270.512698] (-) TimerEvent: {}
[270.613004] (-) TimerEvent: {}
[270.713289] (-) TimerEvent: {}
[270.813627] (-) TimerEvent: {}
[270.914007] (-) TimerEvent: {}
[271.014364] (-) TimerEvent: {}
[271.114732] (-) TimerEvent: {}
[271.215102] (-) TimerEvent: {}
[271.315433] (-) TimerEvent: {}
[271.415802] (-) TimerEvent: {}
[271.516096] (-) TimerEvent: {}
[271.616483] (-) TimerEvent: {}
[271.716778] (-) TimerEvent: {}
[271.817156] (-) TimerEvent: {}
[271.917436] (-) TimerEvent: {}
[272.017745] (-) TimerEvent: {}
[272.057146] (ur_calibration) StdoutLine: {'line': b'[100%] \x1b[32m\x1b[1mLinking CXX executable calibration_test\x1b[0m\n'}
[272.117952] (-) TimerEvent: {}
[272.218344] (-) TimerEvent: {}
[272.308899] (ur_calibration) StdoutLine: {'line': b'[100%] Built target calibration_test\n'}
[272.315652] (ur_calibration) CommandEnded: {'returncode': 0}
[272.316207] (ur_calibration) JobProgress: {'identifier': 'ur_calibration', 'progress': 'install'}
[272.316725] (ur_calibration) Command: {'cmd': ['/usr/bin/cmake', '--install', '/home/com9/uet_ws/build/ur_calibration'], 'cwd': '/home/com9/uet_ws/build/ur_calibration', 'env': OrderedDict([('LESSOPEN', '| /usr/bin/lesspipe %s'), ('CMAKE_BUILD_PARALLEL_LEVEL', '1'), ('USER', 'com9'), ('XDG_SESSION_TYPE', 'wayland'), ('SHLVL', '1'), ('LD_LIBRARY_PATH', '/home/com9/uet_ws/install/ur_robot_driver/lib:/home/com9/uet_ws/install/ur_controllers/lib:/home/com9/uet_ws/install/ur_dashboard_msgs/lib:/opt/ros/humble/opt/rviz_ogre_vendor/lib:/opt/ros/humble/lib/x86_64-linux-gnu:/opt/ros/humble/lib'), ('HOME', '/home/com9'), ('CONDA_SHLVL', '0'), ('CYCLONEDDS_URI', '<CycloneDDS><Domain><General><DontRoute>true</></></></>'), ('OLDPWD', '/home/com9/uet_ws'), ('DESKTOP_SESSION', 'ubuntu'), ('ROS_PYTHON_VERSION', '3'), ('GNOME_SHELL_SESSION_MODE', 'ubuntu'), ('GTK_MODULES', 'gail:atk-bridge'), ('MAKEFLAGS', '-j1'), ('SYSTEMD_EXEC_PID', '17504'), ('IM_CONFIG_CHECK_ENV', '1'), ('DBUS_SESSION_BUS_ADDRESS', 'unix:path=/run/user/1000/bus'), ('COLORTERM', 'truecolor'), ('_CE_M', ''), ('_CONDA_ROOT', '/home/com9/miniconda3'), ('IM_CONFIG_PHASE', '1'), ('WAYLAND_DISPLAY', 'wayland-0'), ('ROS_DISTRO', 'humble'), ('LOGNAME', 'com9'), ('_', '/usr/bin/colcon'), ('ROS_VERSION', '2'), ('XDG_SESSION_CLASS', 'user'), ('USERNAME', 'com9'), ('TERM', 'xterm-256color'), ('GNOME_DESKTOP_SESSION_ID', 'this-is-deprecated'), ('_CE_CONDA', ''), ('ROS_LOCALHOST_ONLY', '0'), ('PATH', '/home/com9/uet_ws/install/ur_robot_driver/bin:/opt/ros/humble/bin:/home/com9/.local/bin:/home/com9/miniconda3/condabin:/home/com9/.local/bin:/home/com9/.local/bin:/home/com9/.local/bin:/home/com9/.local/bin:/usr/local/sbin:/usr/local/bin:/usr/sbin:/usr/bin:/sbin:/bin:/usr/games:/usr/local/games:/snap/bin:/snap/bin'), ('SESSION_MANAGER', 'local/com9:@/tmp/.ICE-unix/17475,unix/com9:/tmp/.ICE-unix/17475'), ('XDG_MENU_PREFIX', 'gnome-'), ('GNOME_TERMINAL_SCREEN', '/org/gnome/Terminal/screen/082c707b_1b9d_480a_9979_2cd556cf1a94'), ('GNOME_SETUP_DISPLAY', ':1'), ('XDG_RUNTIME_DIR', '/run/user/1000'), ('DISPLAY', ':0'), ('LANG', 'en_US.UTF-8'), ('XDG_CURRENT_DESKTOP', 'ubuntu:GNOME'), ('XMODIFIERS', '@im=ibus'), ('XDG_SESSION_DESKTOP', 'ubuntu'), ('XAUTHORITY', '/run/user/1000/.mutter-Xwaylandauth.W7ZTS3'), ('LS_COLORS', 'rs=0:di=01;34:ln=01;36:mh=00:pi=40;33:so=01;35:do=01;35:bd=40;33;01:cd=40;33;01:or=40;31;01:mi=00:su=37;41:sg=30;43:ca=30;41:tw=30;42:ow=34;42:st=37;44:ex=01;32:*.tar=01;31:*.tgz=01;31:*.arc=01;31:*.arj=01;31:*.taz=01;31:*.lha=01;31:*.lz4=01;31:*.lzh=01;31:*.lzma=01;31:*.tlz=01;31:*.txz=01;31:*.tzo=01;31:*.t7z=01;31:*.zip=01;31:*.z=01;31:*.dz=01;31:*.gz=01;31:*.lrz=01;31:*.lz=01;31:*.lzo=01;31:*.xz=01;31:*.zst=01;31:*.tzst=01;31:*.bz2=01;31:*.bz=01;31:*.tbz=01;31:*.tbz2=01;31:*.tz=01;31:*.deb=01;31:*.rpm=01;31:*.jar=01;31:*.war=01;31:*.ear=01;31:*.sar=01;31:*.rar=01;31:*.alz=01;31:*.ace=01;31:*.zoo=01;31:*.cpio=01;31:*.7z=01;31:*.rz=01;31:*.cab=01;31:*.wim=01;31:*.swm=01;31:*.dwm=01;31:*.esd=01;31:*.jpg=01;35:*.jpeg=01;35:*.mjpg=01;35:*.mjpeg=01;35:*.gif=01;35:*.bmp=01;35:*.pbm=01;35:*.pgm=01;35:*.ppm=01;35:*.tga=01;35:*.xbm=01;35:*.xpm=01;35:*.tif=01;35:*.tiff=01;35:*.png=01;35:*.svg=01;35:*.svgz=01;35:*.mng=01;35:*.pcx=01;35:*.mov=01;35:*.mpg=01;35:*.mpeg=01;35:*.m2v=01;35:*.mkv=01;35:*.webm=01;35:*.webp=01;35:*.ogm=01;35:*.mp4=01;35:*.m4v=01;35:*.mp4v=01;35:*.vob=01;35:*.qt=01;35:*.nuv=01;35:*.wmv=01;35:*.asf=01;35:*.rm=01;35:*.rmvb=01;35:*.flc=01;35:*.avi=01;35:*.fli=01;35:*.flv=01;35:*.gl=01;35:*.dl=01;35:*.xcf=01;35:*.xwd=01;35:*.yuv=01;35:*.cgm=01;35:*.emf=01;35:*.ogv=01;35:*.ogx=01;35:*.aac=00;36:*.au=00;36:*.flac=00;36:*.m4a=00;36:*.mid=00;36:*.midi=00;36:*.mka=00;36:*.mp3=00;36:*.mpc=00;36:*.ogg=00;36:*.ra=00;36:*.wav=00;36:*.oga=00;36:*.opus=00;36:*.spx=00;36:*.xspf=00;36:'), ('GNOME_TERMINAL_SERVICE', ':1.294'), ('SSH_AGENT_LAUNCHER', 'gnome-keyring'), ('SSH_AUTH_SOCK', '/run/user/1000/keyring/ssh'), ('AMENT_PREFIX_PATH', '/home/com9/uet_ws/install/ur_robot_driver:/home/com9/uet_ws/install/ur_controllers:/home/com9/uet_ws/install/ur_dashboard_msgs:/opt/ros/humble'), ('CONDA_PYTHON_EXE', '/home/com9/miniconda3/bin/python'), ('SHELL', '/bin/bash'), ('QT_ACCESSIBILITY', '1'), ('GDMSESSION', 'ubuntu'), ('LESSCLOSE', '/usr/bin/lesspipe %s %s'), ('_CONDA_EXE', '/home/com9/miniconda3/bin/conda'), ('QT_IM_MODULE', 'ibus'), ('PWD', '/home/com9/uet_ws/build/ur_calibration'), ('LC_ALL', 'en_US.UTF-8'), ('XDG_CONFIG_DIRS', '/etc/xdg/xdg-ubuntu:/etc/xdg'), ('CONDA_EXE', '/home/com9/miniconda3/bin/conda'), ('XDG_DATA_DIRS', '/usr/share/ubuntu:/usr/local/share/:/usr/share/:/var/lib/snapd/desktop'), ('PYTHONPATH', '/home/com9/uet_ws/install/ur_robot_driver/local/lib/python3.10/dist-packages:/home/com9/uet_ws/install/ur_dashboard_msgs/local/lib/python3.10/dist-packages:/opt/ros/humble/lib/python3.10/site-packages:/opt/ros/humble/local/lib/python3.10/dist-packages'), ('COLCON', '1'), ('VTE_VERSION', '6800'), ('CMAKE_PREFIX_PATH', '/home/com9/uet_ws/install/ur_robot_driver:/home/com9/uet_ws/install/ur_controllers:/home/com9/uet_ws/install/ur_dashboard_msgs:/opt/ros/humble')]), 'shell': False}
[272.318398] (-) TimerEvent: {}
[272.322441] (ur_calibration) StdoutLine: {'line': b'-- Install configuration: "RelWithDebInfo"\n'}
[272.322606] (ur_calibration) StdoutLine: {'line': b'-- Installing: /home/com9/uet_ws/install/ur_calibration/lib/ur_calibration/calibration_correction\n'}
[272.326656] (ur_calibration) StdoutLine: {'line': b'-- Set runtime path of "/home/com9/uet_ws/install/ur_calibration/lib/ur_calibration/calibration_correction" to ""\n'}
[272.326792] (ur_calibration) StdoutLine: {'line': b'-- Installing: /home/com9/uet_ws/install/ur_calibration/include\n'}
[272.326872] (ur_calibration) StdoutLine: {'line': b'-- Installing: /home/com9/uet_ws/install/ur_calibration/include/ur_calibration\n'}
[272.326933] (ur_calibration) StdoutLine: {'line': b'-- Installing: /home/com9/uet_ws/install/ur_calibration/include/ur_calibration/calibration_consumer.hpp\n'}
[272.326992] (ur_calibration) StdoutLine: {'line': b'-- Installing: /home/com9/uet_ws/install/ur_calibration/include/ur_calibration/calibration.hpp\n'}
[272.327050] (ur_calibration) StdoutLine: {'line': b'-- Installing: /home/com9/uet_ws/install/ur_calibration/share/ur_calibration/launch\n'}
[272.327108] (ur_calibration) StdoutLine: {'line': b'-- Installing: /home/com9/uet_ws/install/ur_calibration/share/ur_calibration/launch/calibration_correction.launch.py\n'}
[272.327302] (ur_calibration) StdoutLine: {'line': b'-- Installing: /home/com9/uet_ws/install/ur_calibration/share/ament_index/resource_index/package_run_dependencies/ur_calibration\n'}
[272.327382] (ur_calibration) StdoutLine: {'line': b'-- Installing: /home/com9/uet_ws/install/ur_calibration/share/ament_index/resource_index/parent_prefix_path/ur_calibration\n'}
[272.327456] (ur_calibration) StdoutLine: {'line': b'-- Installing: /home/com9/uet_ws/install/ur_calibration/share/ur_calibration/environment/ament_prefix_path.sh\n'}
[272.327530] (ur_calibration) StdoutLine: {'line': b'-- Installing: /home/com9/uet_ws/install/ur_calibration/share/ur_calibration/environment/ament_prefix_path.dsv\n'}
[272.327605] (ur_calibration) StdoutLine: {'line': b'-- Installing: /home/com9/uet_ws/install/ur_calibration/share/ur_calibration/environment/path.sh\n'}
[272.327677] (ur_calibration) StdoutLine: {'line': b'-- Installing: /home/com9/uet_ws/install/ur_calibration/share/ur_calibration/environment/path.dsv\n'}
[272.327748] (ur_calibration) StdoutLine: {'line': b'-- Installing: /home/com9/uet_ws/install/ur_calibration/share/ur_calibration/local_setup.bash\n'}
[272.327820] (ur_calibration) StdoutLine: {'line': b'-- Installing: /home/com9/uet_ws/install/ur_calibration/share/ur_calibration/local_setup.sh\n'}
[272.327892] (ur_calibration) StdoutLine: {'line': b'-- Installing: /home/com9/uet_ws/install/ur_calibration/share/ur_calibration/local_setup.zsh\n'}
[272.327966] (ur_calibration) StdoutLine: {'line': b'-- Installing: /home/com9/uet_ws/install/ur_calibration/share/ur_calibration/local_setup.dsv\n'}
[272.328039] (ur_calibration) StdoutLine: {'line': b'-- Installing: /home/com9/uet_ws/install/ur_calibration/share/ur_calibration/package.dsv\n'}
[272.328098] (ur_calibration) StdoutLine: {'line': b'-- Installing: /home/com9/uet_ws/install/ur_calibration/share/ament_index/resource_index/packages/ur_calibration\n'}
[272.328155] (ur_calibration) StdoutLine: {'line': b'-- Installing: /home/com9/uet_ws/install/ur_calibration/share/ur_calibration/cmake/ament_cmake_export_include_directories-extras.cmake\n'}
[272.328219] (ur_calibration) StdoutLine: {'line': b'-- Installing: /home/com9/uet_ws/install/ur_calibration/share/ur_calibration/cmake/ament_cmake_export_dependencies-extras.cmake\n'}
[272.328278] (ur_calibration) StdoutLine: {'line': b'-- Installing: /home/com9/uet_ws/install/ur_calibration/share/ur_calibration/cmake/ur_calibrationConfig.cmake\n'}
[272.328339] (ur_calibration) StdoutLine: {'line': b'-- Installing: /home/com9/uet_ws/install/ur_calibration/share/ur_calibration/cmake/ur_calibrationConfig-version.cmake\n'}
[272.328396] (ur_calibration) StdoutLine: {'line': b'-- Installing: /home/com9/uet_ws/install/ur_calibration/share/ur_calibration/package.xml\n'}
[272.329280] (ur_calibration) CommandEnded: {'returncode': 0}
[272.336389] (ur_calibration) JobEnded: {'identifier': 'ur_calibration', 'rc': 0}
[272.336922] (ur) JobStarted: {'identifier': 'ur'}
[272.345633] (ur) JobProgress: {'identifier': 'ur', 'progress': 'cmake'}
[272.346175] (ur) Command: {'cmd': ['/usr/bin/cmake', '/home/com9/uet_ws/src/Universal_Robots_ROS2_Driver/ur', '-DCMAKE_INSTALL_PREFIX=/home/com9/uet_ws/install/ur'], 'cwd': '/home/com9/uet_ws/build/ur', 'env': OrderedDict([('LESSOPEN', '| /usr/bin/lesspipe %s'), ('CMAKE_BUILD_PARALLEL_LEVEL', '1'), ('USER', 'com9'), ('XDG_SESSION_TYPE', 'wayland'), ('SHLVL', '1'), ('LD_LIBRARY_PATH', '/home/com9/uet_ws/install/ur_robot_driver/lib:/home/com9/uet_ws/install/ur_controllers/lib:/home/com9/uet_ws/install/ur_dashboard_msgs/lib:/opt/ros/humble/opt/rviz_ogre_vendor/lib:/opt/ros/humble/lib/x86_64-linux-gnu:/opt/ros/humble/lib'), ('HOME', '/home/com9'), ('CONDA_SHLVL', '0'), ('CYCLONEDDS_URI', '<CycloneDDS><Domain><General><DontRoute>true</></></></>'), ('OLDPWD', '/home/com9/uet_ws'), ('DESKTOP_SESSION', 'ubuntu'), ('ROS_PYTHON_VERSION', '3'), ('GNOME_SHELL_SESSION_MODE', 'ubuntu'), ('GTK_MODULES', 'gail:atk-bridge'), ('MAKEFLAGS', '-j1'), ('SYSTEMD_EXEC_PID', '17504'), ('IM_CONFIG_CHECK_ENV', '1'), ('DBUS_SESSION_BUS_ADDRESS', 'unix:path=/run/user/1000/bus'), ('COLORTERM', 'truecolor'), ('_CE_M', ''), ('_CONDA_ROOT', '/home/com9/miniconda3'), ('IM_CONFIG_PHASE', '1'), ('WAYLAND_DISPLAY', 'wayland-0'), ('ROS_DISTRO', 'humble'), ('LOGNAME', 'com9'), ('_', '/usr/bin/colcon'), ('ROS_VERSION', '2'), ('XDG_SESSION_CLASS', 'user'), ('USERNAME', 'com9'), ('TERM', 'xterm-256color'), ('GNOME_DESKTOP_SESSION_ID', 'this-is-deprecated'), ('_CE_CONDA', ''), ('ROS_LOCALHOST_ONLY', '0'), ('PATH', '/home/com9/uet_ws/install/ur_robot_driver/bin:/opt/ros/humble/bin:/home/com9/.local/bin:/home/com9/miniconda3/condabin:/home/com9/.local/bin:/home/com9/.local/bin:/home/com9/.local/bin:/home/com9/.local/bin:/usr/local/sbin:/usr/local/bin:/usr/sbin:/usr/bin:/sbin:/bin:/usr/games:/usr/local/games:/snap/bin:/snap/bin'), ('SESSION_MANAGER', 'local/com9:@/tmp/.ICE-unix/17475,unix/com9:/tmp/.ICE-unix/17475'), ('XDG_MENU_PREFIX', 'gnome-'), ('GNOME_TERMINAL_SCREEN', '/org/gnome/Terminal/screen/082c707b_1b9d_480a_9979_2cd556cf1a94'), ('GNOME_SETUP_DISPLAY', ':1'), ('XDG_RUNTIME_DIR', '/run/user/1000'), ('DISPLAY', ':0'), ('LANG', 'en_US.UTF-8'), ('XDG_CURRENT_DESKTOP', 'ubuntu:GNOME'), ('XMODIFIERS', '@im=ibus'), ('XDG_SESSION_DESKTOP', 'ubuntu'), ('XAUTHORITY', '/run/user/1000/.mutter-Xwaylandauth.W7ZTS3'), ('LS_COLORS', 'rs=0:di=01;34:ln=01;36:mh=00:pi=40;33:so=01;35:do=01;35:bd=40;33;01:cd=40;33;01:or=40;31;01:mi=00:su=37;41:sg=30;43:ca=30;41:tw=30;42:ow=34;42:st=37;44:ex=01;32:*.tar=01;31:*.tgz=01;31:*.arc=01;31:*.arj=01;31:*.taz=01;31:*.lha=01;31:*.lz4=01;31:*.lzh=01;31:*.lzma=01;31:*.tlz=01;31:*.txz=01;31:*.tzo=01;31:*.t7z=01;31:*.zip=01;31:*.z=01;31:*.dz=01;31:*.gz=01;31:*.lrz=01;31:*.lz=01;31:*.lzo=01;31:*.xz=01;31:*.zst=01;31:*.tzst=01;31:*.bz2=01;31:*.bz=01;31:*.tbz=01;31:*.tbz2=01;31:*.tz=01;31:*.deb=01;31:*.rpm=01;31:*.jar=01;31:*.war=01;31:*.ear=01;31:*.sar=01;31:*.rar=01;31:*.alz=01;31:*.ace=01;31:*.zoo=01;31:*.cpio=01;31:*.7z=01;31:*.rz=01;31:*.cab=01;31:*.wim=01;31:*.swm=01;31:*.dwm=01;31:*.esd=01;31:*.jpg=01;35:*.jpeg=01;35:*.mjpg=01;35:*.mjpeg=01;35:*.gif=01;35:*.bmp=01;35:*.pbm=01;35:*.pgm=01;35:*.ppm=01;35:*.tga=01;35:*.xbm=01;35:*.xpm=01;35:*.tif=01;35:*.tiff=01;35:*.png=01;35:*.svg=01;35:*.svgz=01;35:*.mng=01;35:*.pcx=01;35:*.mov=01;35:*.mpg=01;35:*.mpeg=01;35:*.m2v=01;35:*.mkv=01;35:*.webm=01;35:*.webp=01;35:*.ogm=01;35:*.mp4=01;35:*.m4v=01;35:*.mp4v=01;35:*.vob=01;35:*.qt=01;35:*.nuv=01;35:*.wmv=01;35:*.asf=01;35:*.rm=01;35:*.rmvb=01;35:*.flc=01;35:*.avi=01;35:*.fli=01;35:*.flv=01;35:*.gl=01;35:*.dl=01;35:*.xcf=01;35:*.xwd=01;35:*.yuv=01;35:*.cgm=01;35:*.emf=01;35:*.ogv=01;35:*.ogx=01;35:*.aac=00;36:*.au=00;36:*.flac=00;36:*.m4a=00;36:*.mid=00;36:*.midi=00;36:*.mka=00;36:*.mp3=00;36:*.mpc=00;36:*.ogg=00;36:*.ra=00;36:*.wav=00;36:*.oga=00;36:*.opus=00;36:*.spx=00;36:*.xspf=00;36:'), ('GNOME_TERMINAL_SERVICE', ':1.294'), ('SSH_AGENT_LAUNCHER', 'gnome-keyring'), ('SSH_AUTH_SOCK', '/run/user/1000/keyring/ssh'), ('AMENT_PREFIX_PATH', '/home/com9/uet_ws/install/ur_calibration:/home/com9/uet_ws/install/ur_robot_driver:/home/com9/uet_ws/install/ur_controllers:/home/com9/uet_ws/install/ur_moveit_config:/home/com9/uet_ws/install/ur_dashboard_msgs:/opt/ros/humble'), ('CONDA_PYTHON_EXE', '/home/com9/miniconda3/bin/python'), ('SHELL', '/bin/bash'), ('QT_ACCESSIBILITY', '1'), ('GDMSESSION', 'ubuntu'), ('LESSCLOSE', '/usr/bin/lesspipe %s %s'), ('_CONDA_EXE', '/home/com9/miniconda3/bin/conda'), ('QT_IM_MODULE', 'ibus'), ('PWD', '/home/com9/uet_ws/build/ur'), ('LC_ALL', 'en_US.UTF-8'), ('XDG_CONFIG_DIRS', '/etc/xdg/xdg-ubuntu:/etc/xdg'), ('CONDA_EXE', '/home/com9/miniconda3/bin/conda'), ('XDG_DATA_DIRS', '/usr/share/ubuntu:/usr/local/share/:/usr/share/:/var/lib/snapd/desktop'), ('PYTHONPATH', '/home/com9/uet_ws/install/ur_robot_driver/local/lib/python3.10/dist-packages:/home/com9/uet_ws/install/ur_moveit_config/local/lib/python3.10/dist-packages:/home/com9/uet_ws/install/ur_dashboard_msgs/local/lib/python3.10/dist-packages:/opt/ros/humble/lib/python3.10/site-packages:/opt/ros/humble/local/lib/python3.10/dist-packages'), ('COLCON', '1'), ('VTE_VERSION', '6800'), ('CMAKE_PREFIX_PATH', '/home/com9/uet_ws/install/ur_calibration:/home/com9/uet_ws/install/ur_robot_driver:/home/com9/uet_ws/install/ur_controllers:/home/com9/uet_ws/install/ur_moveit_config:/home/com9/uet_ws/install/ur_dashboard_msgs:/opt/ros/humble')]), 'shell': False}
[272.384322] (ur) StdoutLine: {'line': b'-- The C compiler identification is GNU 11.4.0\n'}
[272.418573] (-) TimerEvent: {}
[272.425147] (ur) StdoutLine: {'line': b'-- The CXX compiler identification is GNU 11.4.0\n'}
[272.429475] (ur) StdoutLine: {'line': b'-- Detecting C compiler ABI info\n'}
[272.471338] (ur) StdoutLine: {'line': b'-- Detecting C compiler ABI info - done\n'}
[272.477178] (ur) StdoutLine: {'line': b'-- Check for working C compiler: /usr/bin/cc - skipped\n'}
[272.477310] (ur) StdoutLine: {'line': b'-- Detecting C compile features\n'}
[272.477547] (ur) StdoutLine: {'line': b'-- Detecting C compile features - done\n'}
[272.479412] (ur) StdoutLine: {'line': b'-- Detecting CXX compiler ABI info\n'}
[272.518691] (-) TimerEvent: {}
[272.528847] (ur) StdoutLine: {'line': b'-- Detecting CXX compiler ABI info - done\n'}
[272.535816] (ur) StdoutLine: {'line': b'-- Check for working CXX compiler: /usr/bin/c++ - skipped\n'}
[272.535928] (ur) StdoutLine: {'line': b'-- Detecting CXX compile features\n'}
[272.536227] (ur) StdoutLine: {'line': b'-- Detecting CXX compile features - done\n'}
[272.537723] (ur) StdoutLine: {'line': b'-- Found ament_cmake: 1.3.14 (/opt/ros/humble/share/ament_cmake/cmake)\n'}
[272.618798] (-) TimerEvent: {}
[272.635214] (ur) StdoutLine: {'line': b'-- Found Python3: /usr/bin/python3 (found version "3.10.12") found components: Interpreter \n'}
[272.687968] (ur) StdoutLine: {'line': b'-- Found ament_lint_auto: 0.12.15 (/opt/ros/humble/share/ament_lint_auto/cmake)\n'}
[272.718964] (-) TimerEvent: {}
[272.738338] (ur) StdoutLine: {'line': b"-- Added test 'lint_cmake' to check CMake code style\n"}
[272.738908] (ur) StdoutLine: {'line': b"-- Added test 'xmllint' to check XML markup files\n"}
[272.739515] (ur) StdoutLine: {'line': b'-- Configuring done\n'}
[272.740825] (ur) StdoutLine: {'line': b'-- Generating done\n'}
[272.741761] (ur) StdoutLine: {'line': b'-- Build files have been written to: /home/com9/uet_ws/build/ur\n'}
[272.745165] (ur) CommandEnded: {'returncode': 0}
[272.745619] (ur) JobProgress: {'identifier': 'ur', 'progress': 'build'}
[272.745637] (ur) Command: {'cmd': ['/usr/bin/cmake', '--build', '/home/com9/uet_ws/build/ur'], 'cwd': '/home/com9/uet_ws/build/ur', 'env': OrderedDict([('LESSOPEN', '| /usr/bin/lesspipe %s'), ('CMAKE_BUILD_PARALLEL_LEVEL', '1'), ('USER', 'com9'), ('XDG_SESSION_TYPE', 'wayland'), ('SHLVL', '1'), ('LD_LIBRARY_PATH', '/home/com9/uet_ws/install/ur_robot_driver/lib:/home/com9/uet_ws/install/ur_controllers/lib:/home/com9/uet_ws/install/ur_dashboard_msgs/lib:/opt/ros/humble/opt/rviz_ogre_vendor/lib:/opt/ros/humble/lib/x86_64-linux-gnu:/opt/ros/humble/lib'), ('HOME', '/home/com9'), ('CONDA_SHLVL', '0'), ('CYCLONEDDS_URI', '<CycloneDDS><Domain><General><DontRoute>true</></></></>'), ('OLDPWD', '/home/com9/uet_ws'), ('DESKTOP_SESSION', 'ubuntu'), ('ROS_PYTHON_VERSION', '3'), ('GNOME_SHELL_SESSION_MODE', 'ubuntu'), ('GTK_MODULES', 'gail:atk-bridge'), ('MAKEFLAGS', '-j1'), ('SYSTEMD_EXEC_PID', '17504'), ('IM_CONFIG_CHECK_ENV', '1'), ('DBUS_SESSION_BUS_ADDRESS', 'unix:path=/run/user/1000/bus'), ('COLORTERM', 'truecolor'), ('_CE_M', ''), ('_CONDA_ROOT', '/home/com9/miniconda3'), ('IM_CONFIG_PHASE', '1'), ('WAYLAND_DISPLAY', 'wayland-0'), ('ROS_DISTRO', 'humble'), ('LOGNAME', 'com9'), ('_', '/usr/bin/colcon'), ('ROS_VERSION', '2'), ('XDG_SESSION_CLASS', 'user'), ('USERNAME', 'com9'), ('TERM', 'xterm-256color'), ('GNOME_DESKTOP_SESSION_ID', 'this-is-deprecated'), ('_CE_CONDA', ''), ('ROS_LOCALHOST_ONLY', '0'), ('PATH', '/home/com9/uet_ws/install/ur_robot_driver/bin:/opt/ros/humble/bin:/home/com9/.local/bin:/home/com9/miniconda3/condabin:/home/com9/.local/bin:/home/com9/.local/bin:/home/com9/.local/bin:/home/com9/.local/bin:/usr/local/sbin:/usr/local/bin:/usr/sbin:/usr/bin:/sbin:/bin:/usr/games:/usr/local/games:/snap/bin:/snap/bin'), ('SESSION_MANAGER', 'local/com9:@/tmp/.ICE-unix/17475,unix/com9:/tmp/.ICE-unix/17475'), ('XDG_MENU_PREFIX', 'gnome-'), ('GNOME_TERMINAL_SCREEN', '/org/gnome/Terminal/screen/082c707b_1b9d_480a_9979_2cd556cf1a94'), ('GNOME_SETUP_DISPLAY', ':1'), ('XDG_RUNTIME_DIR', '/run/user/1000'), ('DISPLAY', ':0'), ('LANG', 'en_US.UTF-8'), ('XDG_CURRENT_DESKTOP', 'ubuntu:GNOME'), ('XMODIFIERS', '@im=ibus'), ('XDG_SESSION_DESKTOP', 'ubuntu'), ('XAUTHORITY', '/run/user/1000/.mutter-Xwaylandauth.W7ZTS3'), ('LS_COLORS', 'rs=0:di=01;34:ln=01;36:mh=00:pi=40;33:so=01;35:do=01;35:bd=40;33;01:cd=40;33;01:or=40;31;01:mi=00:su=37;41:sg=30;43:ca=30;41:tw=30;42:ow=34;42:st=37;44:ex=01;32:*.tar=01;31:*.tgz=01;31:*.arc=01;31:*.arj=01;31:*.taz=01;31:*.lha=01;31:*.lz4=01;31:*.lzh=01;31:*.lzma=01;31:*.tlz=01;31:*.txz=01;31:*.tzo=01;31:*.t7z=01;31:*.zip=01;31:*.z=01;31:*.dz=01;31:*.gz=01;31:*.lrz=01;31:*.lz=01;31:*.lzo=01;31:*.xz=01;31:*.zst=01;31:*.tzst=01;31:*.bz2=01;31:*.bz=01;31:*.tbz=01;31:*.tbz2=01;31:*.tz=01;31:*.deb=01;31:*.rpm=01;31:*.jar=01;31:*.war=01;31:*.ear=01;31:*.sar=01;31:*.rar=01;31:*.alz=01;31:*.ace=01;31:*.zoo=01;31:*.cpio=01;31:*.7z=01;31:*.rz=01;31:*.cab=01;31:*.wim=01;31:*.swm=01;31:*.dwm=01;31:*.esd=01;31:*.jpg=01;35:*.jpeg=01;35:*.mjpg=01;35:*.mjpeg=01;35:*.gif=01;35:*.bmp=01;35:*.pbm=01;35:*.pgm=01;35:*.ppm=01;35:*.tga=01;35:*.xbm=01;35:*.xpm=01;35:*.tif=01;35:*.tiff=01;35:*.png=01;35:*.svg=01;35:*.svgz=01;35:*.mng=01;35:*.pcx=01;35:*.mov=01;35:*.mpg=01;35:*.mpeg=01;35:*.m2v=01;35:*.mkv=01;35:*.webm=01;35:*.webp=01;35:*.ogm=01;35:*.mp4=01;35:*.m4v=01;35:*.mp4v=01;35:*.vob=01;35:*.qt=01;35:*.nuv=01;35:*.wmv=01;35:*.asf=01;35:*.rm=01;35:*.rmvb=01;35:*.flc=01;35:*.avi=01;35:*.fli=01;35:*.flv=01;35:*.gl=01;35:*.dl=01;35:*.xcf=01;35:*.xwd=01;35:*.yuv=01;35:*.cgm=01;35:*.emf=01;35:*.ogv=01;35:*.ogx=01;35:*.aac=00;36:*.au=00;36:*.flac=00;36:*.m4a=00;36:*.mid=00;36:*.midi=00;36:*.mka=00;36:*.mp3=00;36:*.mpc=00;36:*.ogg=00;36:*.ra=00;36:*.wav=00;36:*.oga=00;36:*.opus=00;36:*.spx=00;36:*.xspf=00;36:'), ('GNOME_TERMINAL_SERVICE', ':1.294'), ('SSH_AGENT_LAUNCHER', 'gnome-keyring'), ('SSH_AUTH_SOCK', '/run/user/1000/keyring/ssh'), ('AMENT_PREFIX_PATH', '/home/com9/uet_ws/install/ur_calibration:/home/com9/uet_ws/install/ur_robot_driver:/home/com9/uet_ws/install/ur_controllers:/home/com9/uet_ws/install/ur_moveit_config:/home/com9/uet_ws/install/ur_dashboard_msgs:/opt/ros/humble'), ('CONDA_PYTHON_EXE', '/home/com9/miniconda3/bin/python'), ('SHELL', '/bin/bash'), ('QT_ACCESSIBILITY', '1'), ('GDMSESSION', 'ubuntu'), ('LESSCLOSE', '/usr/bin/lesspipe %s %s'), ('_CONDA_EXE', '/home/com9/miniconda3/bin/conda'), ('QT_IM_MODULE', 'ibus'), ('PWD', '/home/com9/uet_ws/build/ur'), ('LC_ALL', 'en_US.UTF-8'), ('XDG_CONFIG_DIRS', '/etc/xdg/xdg-ubuntu:/etc/xdg'), ('CONDA_EXE', '/home/com9/miniconda3/bin/conda'), ('XDG_DATA_DIRS', '/usr/share/ubuntu:/usr/local/share/:/usr/share/:/var/lib/snapd/desktop'), ('PYTHONPATH', '/home/com9/uet_ws/install/ur_robot_driver/local/lib/python3.10/dist-packages:/home/com9/uet_ws/install/ur_moveit_config/local/lib/python3.10/dist-packages:/home/com9/uet_ws/install/ur_dashboard_msgs/local/lib/python3.10/dist-packages:/opt/ros/humble/lib/python3.10/site-packages:/opt/ros/humble/local/lib/python3.10/dist-packages'), ('COLCON', '1'), ('VTE_VERSION', '6800'), ('CMAKE_PREFIX_PATH', '/home/com9/uet_ws/install/ur_calibration:/home/com9/uet_ws/install/ur_robot_driver:/home/com9/uet_ws/install/ur_controllers:/home/com9/uet_ws/install/ur_moveit_config:/home/com9/uet_ws/install/ur_dashboard_msgs:/opt/ros/humble')]), 'shell': False}
[272.769553] (ur) CommandEnded: {'returncode': 0}
[272.769913] (ur) JobProgress: {'identifier': 'ur', 'progress': 'install'}
[272.770117] (ur) Command: {'cmd': ['/usr/bin/cmake', '--install', '/home/com9/uet_ws/build/ur'], 'cwd': '/home/com9/uet_ws/build/ur', 'env': OrderedDict([('LESSOPEN', '| /usr/bin/lesspipe %s'), ('CMAKE_BUILD_PARALLEL_LEVEL', '1'), ('USER', 'com9'), ('XDG_SESSION_TYPE', 'wayland'), ('SHLVL', '1'), ('LD_LIBRARY_PATH', '/home/com9/uet_ws/install/ur_robot_driver/lib:/home/com9/uet_ws/install/ur_controllers/lib:/home/com9/uet_ws/install/ur_dashboard_msgs/lib:/opt/ros/humble/opt/rviz_ogre_vendor/lib:/opt/ros/humble/lib/x86_64-linux-gnu:/opt/ros/humble/lib'), ('HOME', '/home/com9'), ('CONDA_SHLVL', '0'), ('CYCLONEDDS_URI', '<CycloneDDS><Domain><General><DontRoute>true</></></></>'), ('OLDPWD', '/home/com9/uet_ws'), ('DESKTOP_SESSION', 'ubuntu'), ('ROS_PYTHON_VERSION', '3'), ('GNOME_SHELL_SESSION_MODE', 'ubuntu'), ('GTK_MODULES', 'gail:atk-bridge'), ('MAKEFLAGS', '-j1'), ('SYSTEMD_EXEC_PID', '17504'), ('IM_CONFIG_CHECK_ENV', '1'), ('DBUS_SESSION_BUS_ADDRESS', 'unix:path=/run/user/1000/bus'), ('COLORTERM', 'truecolor'), ('_CE_M', ''), ('_CONDA_ROOT', '/home/com9/miniconda3'), ('IM_CONFIG_PHASE', '1'), ('WAYLAND_DISPLAY', 'wayland-0'), ('ROS_DISTRO', 'humble'), ('LOGNAME', 'com9'), ('_', '/usr/bin/colcon'), ('ROS_VERSION', '2'), ('XDG_SESSION_CLASS', 'user'), ('USERNAME', 'com9'), ('TERM', 'xterm-256color'), ('GNOME_DESKTOP_SESSION_ID', 'this-is-deprecated'), ('_CE_CONDA', ''), ('ROS_LOCALHOST_ONLY', '0'), ('PATH', '/home/com9/uet_ws/install/ur_robot_driver/bin:/opt/ros/humble/bin:/home/com9/.local/bin:/home/com9/miniconda3/condabin:/home/com9/.local/bin:/home/com9/.local/bin:/home/com9/.local/bin:/home/com9/.local/bin:/usr/local/sbin:/usr/local/bin:/usr/sbin:/usr/bin:/sbin:/bin:/usr/games:/usr/local/games:/snap/bin:/snap/bin'), ('SESSION_MANAGER', 'local/com9:@/tmp/.ICE-unix/17475,unix/com9:/tmp/.ICE-unix/17475'), ('XDG_MENU_PREFIX', 'gnome-'), ('GNOME_TERMINAL_SCREEN', '/org/gnome/Terminal/screen/082c707b_1b9d_480a_9979_2cd556cf1a94'), ('GNOME_SETUP_DISPLAY', ':1'), ('XDG_RUNTIME_DIR', '/run/user/1000'), ('DISPLAY', ':0'), ('LANG', 'en_US.UTF-8'), ('XDG_CURRENT_DESKTOP', 'ubuntu:GNOME'), ('XMODIFIERS', '@im=ibus'), ('XDG_SESSION_DESKTOP', 'ubuntu'), ('XAUTHORITY', '/run/user/1000/.mutter-Xwaylandauth.W7ZTS3'), ('LS_COLORS', 'rs=0:di=01;34:ln=01;36:mh=00:pi=40;33:so=01;35:do=01;35:bd=40;33;01:cd=40;33;01:or=40;31;01:mi=00:su=37;41:sg=30;43:ca=30;41:tw=30;42:ow=34;42:st=37;44:ex=01;32:*.tar=01;31:*.tgz=01;31:*.arc=01;31:*.arj=01;31:*.taz=01;31:*.lha=01;31:*.lz4=01;31:*.lzh=01;31:*.lzma=01;31:*.tlz=01;31:*.txz=01;31:*.tzo=01;31:*.t7z=01;31:*.zip=01;31:*.z=01;31:*.dz=01;31:*.gz=01;31:*.lrz=01;31:*.lz=01;31:*.lzo=01;31:*.xz=01;31:*.zst=01;31:*.tzst=01;31:*.bz2=01;31:*.bz=01;31:*.tbz=01;31:*.tbz2=01;31:*.tz=01;31:*.deb=01;31:*.rpm=01;31:*.jar=01;31:*.war=01;31:*.ear=01;31:*.sar=01;31:*.rar=01;31:*.alz=01;31:*.ace=01;31:*.zoo=01;31:*.cpio=01;31:*.7z=01;31:*.rz=01;31:*.cab=01;31:*.wim=01;31:*.swm=01;31:*.dwm=01;31:*.esd=01;31:*.jpg=01;35:*.jpeg=01;35:*.mjpg=01;35:*.mjpeg=01;35:*.gif=01;35:*.bmp=01;35:*.pbm=01;35:*.pgm=01;35:*.ppm=01;35:*.tga=01;35:*.xbm=01;35:*.xpm=01;35:*.tif=01;35:*.tiff=01;35:*.png=01;35:*.svg=01;35:*.svgz=01;35:*.mng=01;35:*.pcx=01;35:*.mov=01;35:*.mpg=01;35:*.mpeg=01;35:*.m2v=01;35:*.mkv=01;35:*.webm=01;35:*.webp=01;35:*.ogm=01;35:*.mp4=01;35:*.m4v=01;35:*.mp4v=01;35:*.vob=01;35:*.qt=01;35:*.nuv=01;35:*.wmv=01;35:*.asf=01;35:*.rm=01;35:*.rmvb=01;35:*.flc=01;35:*.avi=01;35:*.fli=01;35:*.flv=01;35:*.gl=01;35:*.dl=01;35:*.xcf=01;35:*.xwd=01;35:*.yuv=01;35:*.cgm=01;35:*.emf=01;35:*.ogv=01;35:*.ogx=01;35:*.aac=00;36:*.au=00;36:*.flac=00;36:*.m4a=00;36:*.mid=00;36:*.midi=00;36:*.mka=00;36:*.mp3=00;36:*.mpc=00;36:*.ogg=00;36:*.ra=00;36:*.wav=00;36:*.oga=00;36:*.opus=00;36:*.spx=00;36:*.xspf=00;36:'), ('GNOME_TERMINAL_SERVICE', ':1.294'), ('SSH_AGENT_LAUNCHER', 'gnome-keyring'), ('SSH_AUTH_SOCK', '/run/user/1000/keyring/ssh'), ('AMENT_PREFIX_PATH', '/home/com9/uet_ws/install/ur_calibration:/home/com9/uet_ws/install/ur_robot_driver:/home/com9/uet_ws/install/ur_controllers:/home/com9/uet_ws/install/ur_moveit_config:/home/com9/uet_ws/install/ur_dashboard_msgs:/opt/ros/humble'), ('CONDA_PYTHON_EXE', '/home/com9/miniconda3/bin/python'), ('SHELL', '/bin/bash'), ('QT_ACCESSIBILITY', '1'), ('GDMSESSION', 'ubuntu'), ('LESSCLOSE', '/usr/bin/lesspipe %s %s'), ('_CONDA_EXE', '/home/com9/miniconda3/bin/conda'), ('QT_IM_MODULE', 'ibus'), ('PWD', '/home/com9/uet_ws/build/ur'), ('LC_ALL', 'en_US.UTF-8'), ('XDG_CONFIG_DIRS', '/etc/xdg/xdg-ubuntu:/etc/xdg'), ('CONDA_EXE', '/home/com9/miniconda3/bin/conda'), ('XDG_DATA_DIRS', '/usr/share/ubuntu:/usr/local/share/:/usr/share/:/var/lib/snapd/desktop'), ('PYTHONPATH', '/home/com9/uet_ws/install/ur_robot_driver/local/lib/python3.10/dist-packages:/home/com9/uet_ws/install/ur_moveit_config/local/lib/python3.10/dist-packages:/home/com9/uet_ws/install/ur_dashboard_msgs/local/lib/python3.10/dist-packages:/opt/ros/humble/lib/python3.10/site-packages:/opt/ros/humble/local/lib/python3.10/dist-packages'), ('COLCON', '1'), ('VTE_VERSION', '6800'), ('CMAKE_PREFIX_PATH', '/home/com9/uet_ws/install/ur_calibration:/home/com9/uet_ws/install/ur_robot_driver:/home/com9/uet_ws/install/ur_controllers:/home/com9/uet_ws/install/ur_moveit_config:/home/com9/uet_ws/install/ur_dashboard_msgs:/opt/ros/humble')]), 'shell': False}
[272.776184] (ur) StdoutLine: {'line': b'-- Install configuration: ""\n'}
[272.776340] (ur) StdoutLine: {'line': b'-- Installing: /home/com9/uet_ws/install/ur/share/ament_index/resource_index/package_run_dependencies/ur\n'}
[272.776529] (ur) StdoutLine: {'line': b'-- Installing: /home/com9/uet_ws/install/ur/share/ament_index/resource_index/parent_prefix_path/ur\n'}
[272.776698] (ur) StdoutLine: {'line': b'-- Installing: /home/com9/uet_ws/install/ur/share/ur/environment/ament_prefix_path.sh\n'}
[272.776796] (ur) StdoutLine: {'line': b'-- Installing: /home/com9/uet_ws/install/ur/share/ur/environment/ament_prefix_path.dsv\n'}
[272.776893] (ur) StdoutLine: {'line': b'-- Installing: /home/com9/uet_ws/install/ur/share/ur/environment/path.sh\n'}
[272.776989] (ur) StdoutLine: {'line': b'-- Installing: /home/com9/uet_ws/install/ur/share/ur/environment/path.dsv\n'}
[272.777084] (ur) StdoutLine: {'line': b'-- Installing: /home/com9/uet_ws/install/ur/share/ur/local_setup.bash\n'}
[272.777178] (ur) StdoutLine: {'line': b'-- Installing: /home/com9/uet_ws/install/ur/share/ur/local_setup.sh\n'}
[272.777285] (ur) StdoutLine: {'line': b'-- Installing: /home/com9/uet_ws/install/ur/share/ur/local_setup.zsh\n'}
[272.777375] (ur) StdoutLine: {'line': b'-- Installing: /home/com9/uet_ws/install/ur/share/ur/local_setup.dsv\n'}
[272.777470] (ur) StdoutLine: {'line': b'-- Installing: /home/com9/uet_ws/install/ur/share/ur/package.dsv\n'}
[272.777588] (ur) StdoutLine: {'line': b'-- Installing: /home/com9/uet_ws/install/ur/share/ament_index/resource_index/packages/ur\n'}
[272.777700] (ur) StdoutLine: {'line': b'-- Installing: /home/com9/uet_ws/install/ur/share/ur/cmake/urConfig.cmake\n'}
[272.777780] (ur) StdoutLine: {'line': b'-- Installing: /home/com9/uet_ws/install/ur/share/ur/cmake/urConfig-version.cmake\n'}
[272.777870] (ur) StdoutLine: {'line': b'-- Installing: /home/com9/uet_ws/install/ur/share/ur/package.xml\n'}
[272.779115] (ur) CommandEnded: {'returncode': 0}
[272.785393] (ur) JobEnded: {'identifier': 'ur', 'rc': 0}
[272.785664] (-) EventReactorShutdown: {}
