[0.000000] (-) TimerEvent: {}
[0.000125] (susgrip_2f_control) JobQueued: {'identifier': 'susgrip_2f_control', 'dependencies': OrderedDict()}
[0.000157] (susgrip_2f_description) JobQueued: {'identifier': 'susgrip_2f_description', 'dependencies': OrderedDict()}
[0.000180] (susgrip_2f_hardware) JobQueued: {'identifier': 'susgrip_2f_hardware', 'dependencies': OrderedDict()}
[0.000201] (ur3_moveit_control) JobQueued: {'identifier': 'ur3_moveit_control', 'dependencies': OrderedDict()}
[0.000220] (ur_dashboard_msgs) JobQueued: {'identifier': 'ur_dashboard_msgs', 'dependencies': OrderedDict()}
[0.000239] (ur_moveit_config) JobQueued: {'identifier': 'ur_moveit_config', 'dependencies': OrderedDict()}
[0.000257] (susgrip_2f_gazebo) JobQueued: {'identifier': 'susgrip_2f_gazebo', 'dependencies': OrderedDict([('susgrip_2f_description', '/home/com9/uet_ws/install/susgrip_2f_description')])}
[0.000278] (ur_controllers) JobQueued: {'identifier': 'ur_controllers', 'dependencies': OrderedDict([('ur_dashboard_msgs', '/home/com9/uet_ws/install/ur_dashboard_msgs')])}
[0.000298] (ur_bringup) JobQueued: {'identifier': 'ur_bringup', 'dependencies': OrderedDict([('ur_dashboard_msgs', '/home/com9/uet_ws/install/ur_dashboard_msgs'), ('ur_controllers', '/home/com9/uet_ws/install/ur_controllers')])}
[0.000318] (ur_robot_driver) JobQueued: {'identifier': 'ur_robot_driver', 'dependencies': OrderedDict([('ur_dashboard_msgs', '/home/com9/uet_ws/install/ur_dashboard_msgs'), ('ur_controllers', '/home/com9/uet_ws/install/ur_controllers')])}
[0.000338] (ur_simulation_gz) JobQueued: {'identifier': 'ur_simulation_gz', 'dependencies': OrderedDict([('ur_dashboard_msgs', '/home/com9/uet_ws/install/ur_dashboard_msgs'), ('ur_moveit_config', '/home/com9/uet_ws/install/ur_moveit_config'), ('ur_controllers', '/home/com9/uet_ws/install/ur_controllers')])}
[0.000359] (ur_calibration) JobQueued: {'identifier': 'ur_calibration', 'dependencies': OrderedDict([('ur_dashboard_msgs', '/home/com9/uet_ws/install/ur_dashboard_msgs'), ('ur_controllers', '/home/com9/uet_ws/install/ur_controllers'), ('ur_robot_driver', '/home/com9/uet_ws/install/ur_robot_driver')])}
[0.000379] (ur) JobQueued: {'identifier': 'ur', 'dependencies': OrderedDict([('ur_dashboard_msgs', '/home/com9/uet_ws/install/ur_dashboard_msgs'), ('ur_moveit_config', '/home/com9/uet_ws/install/ur_moveit_config'), ('ur_controllers', '/home/com9/uet_ws/install/ur_controllers'), ('ur_robot_driver', '/home/com9/uet_ws/install/ur_robot_driver'), ('ur_calibration', '/home/com9/uet_ws/install/ur_calibration')])}
[0.000402] (susgrip_2f_control) JobStarted: {'identifier': 'susgrip_2f_control'}
[0.099630] (-) TimerEvent: {}
[0.199891] (-) TimerEvent: {}
[0.300135] (-) TimerEvent: {}
[0.400387] (-) TimerEvent: {}
[0.401583] (susgrip_2f_control) Command: {'cmd': ['/usr/bin/python3', '-W', 'ignore:setup.py install is deprecated', '-W', 'ignore:easy_install command is deprecated', 'setup.py', 'egg_info', '--egg-base', '../../../build/susgrip_2f_control', 'build', '--build-base', '/home/com9/uet_ws/build/susgrip_2f_control/build', 'install', '--record', '/home/com9/uet_ws/build/susgrip_2f_control/install.log', '--install-scripts', '$base/lib/susgrip_2f_control', '--single-version-externally-managed', 'install_data'], 'cwd': '/home/com9/uet_ws/src/susgrip_2f/susgrip_2f_control', 'env': {'LESSOPEN': '| /usr/bin/lesspipe %s', 'CMAKE_BUILD_PARALLEL_LEVEL': '1', 'USER': 'com9', 'XDG_SESSION_TYPE': 'wayland', 'SHLVL': '1', 'LD_LIBRARY_PATH': '/opt/ros/humble/opt/rviz_ogre_vendor/lib:/opt/ros/humble/lib/x86_64-linux-gnu:/opt/ros/humble/lib', 'HOME': '/home/com9', 'CONDA_SHLVL': '0', 'CYCLONEDDS_URI': '<CycloneDDS><Domain><General><DontRoute>true</></></></>', 'OLDPWD': '/home/com9', 'DESKTOP_SESSION': 'ubuntu', 'ROS_PYTHON_VERSION': '3', 'GNOME_SHELL_SESSION_MODE': 'ubuntu', 'GTK_MODULES': 'gail:atk-bridge', 'MAKEFLAGS': '-j1', 'SYSTEMD_EXEC_PID': '17504', 'IM_CONFIG_CHECK_ENV': '1', 'DBUS_SESSION_BUS_ADDRESS': 'unix:path=/run/user/1000/bus', 'COLORTERM': 'truecolor', '_CE_M': '', '_CONDA_ROOT': '/home/com9/miniconda3', 'IM_CONFIG_PHASE': '1', 'WAYLAND_DISPLAY': 'wayland-0', 'ROS_DISTRO': 'humble', 'LOGNAME': 'com9', '_': '/usr/bin/colcon', 'ROS_VERSION': '2', 'XDG_SESSION_CLASS': 'user', 'USERNAME': 'com9', 'TERM': 'xterm-256color', 'GNOME_DESKTOP_SESSION_ID': 'this-is-deprecated', '_CE_CONDA': '', 'ROS_LOCALHOST_ONLY': '0', 'PATH': '/opt/ros/humble/bin:/home/com9/.local/bin:/home/com9/miniconda3/condabin:/home/com9/.local/bin:/home/com9/.local/bin:/home/com9/.local/bin:/home/com9/.local/bin:/usr/local/sbin:/usr/local/bin:/usr/sbin:/usr/bin:/sbin:/bin:/usr/games:/usr/local/games:/snap/bin:/snap/bin', 'SESSION_MANAGER': 'local/com9:@/tmp/.ICE-unix/17475,unix/com9:/tmp/.ICE-unix/17475', 'XDG_MENU_PREFIX': 'gnome-', 'GNOME_TERMINAL_SCREEN': '/org/gnome/Terminal/screen/1e4f803a_2b37_47e5_adad_92bb3b9bc006', 'GNOME_SETUP_DISPLAY': ':1', 'XDG_RUNTIME_DIR': '/run/user/1000', 'DISPLAY': ':0', 'LANG': 'en_US.UTF-8', 'XDG_CURRENT_DESKTOP': 'ubuntu:GNOME', 'XMODIFIERS': '@im=ibus', 'XDG_SESSION_DESKTOP': 'ubuntu', 'XAUTHORITY': '/run/user/1000/.mutter-Xwaylandauth.W7ZTS3', 'LS_COLORS': 'rs=0:di=01;34:ln=01;36:mh=00:pi=40;33:so=01;35:do=01;35:bd=40;33;01:cd=40;33;01:or=40;31;01:mi=00:su=37;41:sg=30;43:ca=30;41:tw=30;42:ow=34;42:st=37;44:ex=01;32:*.tar=01;31:*.tgz=01;31:*.arc=01;31:*.arj=01;31:*.taz=01;31:*.lha=01;31:*.lz4=01;31:*.lzh=01;31:*.lzma=01;31:*.tlz=01;31:*.txz=01;31:*.tzo=01;31:*.t7z=01;31:*.zip=01;31:*.z=01;31:*.dz=01;31:*.gz=01;31:*.lrz=01;31:*.lz=01;31:*.lzo=01;31:*.xz=01;31:*.zst=01;31:*.tzst=01;31:*.bz2=01;31:*.bz=01;31:*.tbz=01;31:*.tbz2=01;31:*.tz=01;31:*.deb=01;31:*.rpm=01;31:*.jar=01;31:*.war=01;31:*.ear=01;31:*.sar=01;31:*.rar=01;31:*.alz=01;31:*.ace=01;31:*.zoo=01;31:*.cpio=01;31:*.7z=01;31:*.rz=01;31:*.cab=01;31:*.wim=01;31:*.swm=01;31:*.dwm=01;31:*.esd=01;31:*.jpg=01;35:*.jpeg=01;35:*.mjpg=01;35:*.mjpeg=01;35:*.gif=01;35:*.bmp=01;35:*.pbm=01;35:*.pgm=01;35:*.ppm=01;35:*.tga=01;35:*.xbm=01;35:*.xpm=01;35:*.tif=01;35:*.tiff=01;35:*.png=01;35:*.svg=01;35:*.svgz=01;35:*.mng=01;35:*.pcx=01;35:*.mov=01;35:*.mpg=01;35:*.mpeg=01;35:*.m2v=01;35:*.mkv=01;35:*.webm=01;35:*.webp=01;35:*.ogm=01;35:*.mp4=01;35:*.m4v=01;35:*.mp4v=01;35:*.vob=01;35:*.qt=01;35:*.nuv=01;35:*.wmv=01;35:*.asf=01;35:*.rm=01;35:*.rmvb=01;35:*.flc=01;35:*.avi=01;35:*.fli=01;35:*.flv=01;35:*.gl=01;35:*.dl=01;35:*.xcf=01;35:*.xwd=01;35:*.yuv=01;35:*.cgm=01;35:*.emf=01;35:*.ogv=01;35:*.ogx=01;35:*.aac=00;36:*.au=00;36:*.flac=00;36:*.m4a=00;36:*.mid=00;36:*.midi=00;36:*.mka=00;36:*.mp3=00;36:*.mpc=00;36:*.ogg=00;36:*.ra=00;36:*.wav=00;36:*.oga=00;36:*.opus=00;36:*.spx=00;36:*.xspf=00;36:', 'GNOME_TERMINAL_SERVICE': ':1.363', 'SSH_AGENT_LAUNCHER': 'gnome-keyring', 'SSH_AUTH_SOCK': '/run/user/1000/keyring/ssh', 'AMENT_PREFIX_PATH': '/opt/ros/humble', 'CONDA_PYTHON_EXE': '/home/com9/miniconda3/bin/python', 'SHELL': '/bin/bash', 'QT_ACCESSIBILITY': '1', 'GDMSESSION': 'ubuntu', 'LESSCLOSE': '/usr/bin/lesspipe %s %s', '_CONDA_EXE': '/home/com9/miniconda3/bin/conda', 'QT_IM_MODULE': 'ibus', 'PWD': '/home/com9/uet_ws/build/susgrip_2f_control', 'LC_ALL': 'en_US.UTF-8', 'XDG_CONFIG_DIRS': '/etc/xdg/xdg-ubuntu:/etc/xdg', 'CONDA_EXE': '/home/com9/miniconda3/bin/conda', 'XDG_DATA_DIRS': '/usr/share/ubuntu:/usr/local/share/:/usr/share/:/var/lib/snapd/desktop', 'PYTHONPATH': '/home/com9/uet_ws/build/susgrip_2f_control/prefix_override:/usr/lib/python3/dist-packages/colcon_core/task/python/colcon_distutils_commands:/home/com9/uet_ws/install/susgrip_2f_control/lib/python3.10/site-packages:/opt/ros/humble/lib/python3.10/site-packages:/opt/ros/humble/local/lib/python3.10/dist-packages', 'COLCON': '1', 'VTE_VERSION': '6800'}, 'shell': False}
[0.500531] (-) TimerEvent: {}
[0.516509] (susgrip_2f_control) StdoutLine: {'line': b'running egg_info\n'}
[0.516948] (susgrip_2f_control) StdoutLine: {'line': b'writing ../../../build/susgrip_2f_control/susgrip_2f_control.egg-info/PKG-INFO\n'}
[0.517049] (susgrip_2f_control) StdoutLine: {'line': b'writing dependency_links to ../../../build/susgrip_2f_control/susgrip_2f_control.egg-info/dependency_links.txt\n'}
[0.517091] (susgrip_2f_control) StdoutLine: {'line': b'writing entry points to ../../../build/susgrip_2f_control/susgrip_2f_control.egg-info/entry_points.txt\n'}
[0.517130] (susgrip_2f_control) StdoutLine: {'line': b'writing top-level names to ../../../build/susgrip_2f_control/susgrip_2f_control.egg-info/top_level.txt\n'}
[0.517958] (susgrip_2f_control) StdoutLine: {'line': b"reading manifest file '../../../build/susgrip_2f_control/susgrip_2f_control.egg-info/SOURCES.txt'\n"}
[0.518304] (susgrip_2f_control) StdoutLine: {'line': b"writing manifest file '../../../build/susgrip_2f_control/susgrip_2f_control.egg-info/SOURCES.txt'\n"}
[0.518381] (susgrip_2f_control) StdoutLine: {'line': b'running build\n'}
[0.518424] (susgrip_2f_control) StdoutLine: {'line': b'running build_py\n'}
[0.518672] (susgrip_2f_control) StdoutLine: {'line': b'running install\n'}
[0.518763] (susgrip_2f_control) StdoutLine: {'line': b'running install_lib\n'}
[0.519427] (susgrip_2f_control) StdoutLine: {'line': b'running install_data\n'}
[0.519500] (susgrip_2f_control) StdoutLine: {'line': b'running install_egg_info\n'}
[0.520860] (susgrip_2f_control) StdoutLine: {'line': b"removing '/home/com9/uet_ws/install/susgrip_2f_control/lib/python3.10/site-packages/susgrip_2f_control-0.1.0-py3.10.egg-info' (and everything under it)\n"}
[0.521066] (susgrip_2f_control) StdoutLine: {'line': b'Copying ../../../build/susgrip_2f_control/susgrip_2f_control.egg-info to /home/com9/uet_ws/install/susgrip_2f_control/lib/python3.10/site-packages/susgrip_2f_control-0.1.0-py3.10.egg-info\n'}
[0.521289] (susgrip_2f_control) StdoutLine: {'line': b'running install_scripts\n'}
[0.533319] (susgrip_2f_control) StdoutLine: {'line': b'Installing with_cmd script to /home/com9/uet_ws/install/susgrip_2f_control/lib/susgrip_2f_control\n'}
[0.533440] (susgrip_2f_control) StdoutLine: {'line': b'Installing with_gui script to /home/com9/uet_ws/install/susgrip_2f_control/lib/susgrip_2f_control\n'}
[0.533566] (susgrip_2f_control) StdoutLine: {'line': b"writing list of installed files to '/home/com9/uet_ws/build/susgrip_2f_control/install.log'\n"}
[0.547283] (susgrip_2f_control) CommandEnded: {'returncode': 0}
[0.556274] (susgrip_2f_control) JobEnded: {'identifier': 'susgrip_2f_control', 'rc': 0}
[0.556934] (susgrip_2f_description) JobStarted: {'identifier': 'susgrip_2f_description'}
[0.600598] (-) TimerEvent: {}
[0.700767] (-) TimerEvent: {}
[0.800963] (-) TimerEvent: {}
[0.866519] (susgrip_2f_description) Command: {'cmd': ['/usr/bin/python3', '-W', 'ignore:setup.py install is deprecated', '-W', 'ignore:easy_install command is deprecated', 'setup.py', 'egg_info', '--egg-base', '../../../build/susgrip_2f_description', 'build', '--build-base', '/home/com9/uet_ws/build/susgrip_2f_description/build', 'install', '--record', '/home/com9/uet_ws/build/susgrip_2f_description/install.log', '--install-scripts', '$base/lib/susgrip_2f_description', '--single-version-externally-managed', 'install_data'], 'cwd': '/home/com9/uet_ws/src/susgrip_2f/susgrip_2f_description', 'env': {'LESSOPEN': '| /usr/bin/lesspipe %s', 'CMAKE_BUILD_PARALLEL_LEVEL': '1', 'USER': 'com9', 'XDG_SESSION_TYPE': 'wayland', 'SHLVL': '1', 'LD_LIBRARY_PATH': '/opt/ros/humble/opt/rviz_ogre_vendor/lib:/opt/ros/humble/lib/x86_64-linux-gnu:/opt/ros/humble/lib', 'HOME': '/home/com9', 'CONDA_SHLVL': '0', 'CYCLONEDDS_URI': '<CycloneDDS><Domain><General><DontRoute>true</></></></>', 'OLDPWD': '/home/com9', 'DESKTOP_SESSION': 'ubuntu', 'ROS_PYTHON_VERSION': '3', 'GNOME_SHELL_SESSION_MODE': 'ubuntu', 'GTK_MODULES': 'gail:atk-bridge', 'MAKEFLAGS': '-j1', 'SYSTEMD_EXEC_PID': '17504', 'IM_CONFIG_CHECK_ENV': '1', 'DBUS_SESSION_BUS_ADDRESS': 'unix:path=/run/user/1000/bus', 'COLORTERM': 'truecolor', '_CE_M': '', '_CONDA_ROOT': '/home/com9/miniconda3', 'IM_CONFIG_PHASE': '1', 'WAYLAND_DISPLAY': 'wayland-0', 'ROS_DISTRO': 'humble', 'LOGNAME': 'com9', '_': '/usr/bin/colcon', 'ROS_VERSION': '2', 'XDG_SESSION_CLASS': 'user', 'USERNAME': 'com9', 'TERM': 'xterm-256color', 'GNOME_DESKTOP_SESSION_ID': 'this-is-deprecated', '_CE_CONDA': '', 'ROS_LOCALHOST_ONLY': '0', 'PATH': '/opt/ros/humble/bin:/home/com9/.local/bin:/home/com9/miniconda3/condabin:/home/com9/.local/bin:/home/com9/.local/bin:/home/com9/.local/bin:/home/com9/.local/bin:/usr/local/sbin:/usr/local/bin:/usr/sbin:/usr/bin:/sbin:/bin:/usr/games:/usr/local/games:/snap/bin:/snap/bin', 'SESSION_MANAGER': 'local/com9:@/tmp/.ICE-unix/17475,unix/com9:/tmp/.ICE-unix/17475', 'XDG_MENU_PREFIX': 'gnome-', 'GNOME_TERMINAL_SCREEN': '/org/gnome/Terminal/screen/1e4f803a_2b37_47e5_adad_92bb3b9bc006', 'GNOME_SETUP_DISPLAY': ':1', 'XDG_RUNTIME_DIR': '/run/user/1000', 'DISPLAY': ':0', 'LANG': 'en_US.UTF-8', 'XDG_CURRENT_DESKTOP': 'ubuntu:GNOME', 'XMODIFIERS': '@im=ibus', 'XDG_SESSION_DESKTOP': 'ubuntu', 'XAUTHORITY': '/run/user/1000/.mutter-Xwaylandauth.W7ZTS3', 'LS_COLORS': 'rs=0:di=01;34:ln=01;36:mh=00:pi=40;33:so=01;35:do=01;35:bd=40;33;01:cd=40;33;01:or=40;31;01:mi=00:su=37;41:sg=30;43:ca=30;41:tw=30;42:ow=34;42:st=37;44:ex=01;32:*.tar=01;31:*.tgz=01;31:*.arc=01;31:*.arj=01;31:*.taz=01;31:*.lha=01;31:*.lz4=01;31:*.lzh=01;31:*.lzma=01;31:*.tlz=01;31:*.txz=01;31:*.tzo=01;31:*.t7z=01;31:*.zip=01;31:*.z=01;31:*.dz=01;31:*.gz=01;31:*.lrz=01;31:*.lz=01;31:*.lzo=01;31:*.xz=01;31:*.zst=01;31:*.tzst=01;31:*.bz2=01;31:*.bz=01;31:*.tbz=01;31:*.tbz2=01;31:*.tz=01;31:*.deb=01;31:*.rpm=01;31:*.jar=01;31:*.war=01;31:*.ear=01;31:*.sar=01;31:*.rar=01;31:*.alz=01;31:*.ace=01;31:*.zoo=01;31:*.cpio=01;31:*.7z=01;31:*.rz=01;31:*.cab=01;31:*.wim=01;31:*.swm=01;31:*.dwm=01;31:*.esd=01;31:*.jpg=01;35:*.jpeg=01;35:*.mjpg=01;35:*.mjpeg=01;35:*.gif=01;35:*.bmp=01;35:*.pbm=01;35:*.pgm=01;35:*.ppm=01;35:*.tga=01;35:*.xbm=01;35:*.xpm=01;35:*.tif=01;35:*.tiff=01;35:*.png=01;35:*.svg=01;35:*.svgz=01;35:*.mng=01;35:*.pcx=01;35:*.mov=01;35:*.mpg=01;35:*.mpeg=01;35:*.m2v=01;35:*.mkv=01;35:*.webm=01;35:*.webp=01;35:*.ogm=01;35:*.mp4=01;35:*.m4v=01;35:*.mp4v=01;35:*.vob=01;35:*.qt=01;35:*.nuv=01;35:*.wmv=01;35:*.asf=01;35:*.rm=01;35:*.rmvb=01;35:*.flc=01;35:*.avi=01;35:*.fli=01;35:*.flv=01;35:*.gl=01;35:*.dl=01;35:*.xcf=01;35:*.xwd=01;35:*.yuv=01;35:*.cgm=01;35:*.emf=01;35:*.ogv=01;35:*.ogx=01;35:*.aac=00;36:*.au=00;36:*.flac=00;36:*.m4a=00;36:*.mid=00;36:*.midi=00;36:*.mka=00;36:*.mp3=00;36:*.mpc=00;36:*.ogg=00;36:*.ra=00;36:*.wav=00;36:*.oga=00;36:*.opus=00;36:*.spx=00;36:*.xspf=00;36:', 'GNOME_TERMINAL_SERVICE': ':1.363', 'SSH_AGENT_LAUNCHER': 'gnome-keyring', 'SSH_AUTH_SOCK': '/run/user/1000/keyring/ssh', 'AMENT_PREFIX_PATH': '/opt/ros/humble', 'CONDA_PYTHON_EXE': '/home/com9/miniconda3/bin/python', 'SHELL': '/bin/bash', 'QT_ACCESSIBILITY': '1', 'GDMSESSION': 'ubuntu', 'LESSCLOSE': '/usr/bin/lesspipe %s %s', '_CONDA_EXE': '/home/com9/miniconda3/bin/conda', 'QT_IM_MODULE': 'ibus', 'PWD': '/home/com9/uet_ws/build/susgrip_2f_description', 'LC_ALL': 'en_US.UTF-8', 'XDG_CONFIG_DIRS': '/etc/xdg/xdg-ubuntu:/etc/xdg', 'CONDA_EXE': '/home/com9/miniconda3/bin/conda', 'XDG_DATA_DIRS': '/usr/share/ubuntu:/usr/local/share/:/usr/share/:/var/lib/snapd/desktop', 'PYTHONPATH': '/home/com9/uet_ws/build/susgrip_2f_description/prefix_override:/usr/lib/python3/dist-packages/colcon_core/task/python/colcon_distutils_commands:/home/com9/uet_ws/install/susgrip_2f_description/lib/python3.10/site-packages:/opt/ros/humble/lib/python3.10/site-packages:/opt/ros/humble/local/lib/python3.10/dist-packages', 'COLCON': '1', 'VTE_VERSION': '6800'}, 'shell': False}
[0.901051] (-) TimerEvent: {}
[0.985318] (susgrip_2f_description) StdoutLine: {'line': b'running egg_info\n'}
[0.985631] (susgrip_2f_description) StdoutLine: {'line': b'writing ../../../build/susgrip_2f_description/susgrip_2f_description.egg-info/PKG-INFO\n'}
[0.985733] (susgrip_2f_description) StdoutLine: {'line': b'writing dependency_links to ../../../build/susgrip_2f_description/susgrip_2f_description.egg-info/dependency_links.txt\n'}
[0.985871] (susgrip_2f_description) StdoutLine: {'line': b'writing entry points to ../../../build/susgrip_2f_description/susgrip_2f_description.egg-info/entry_points.txt\n'}
[0.985935] (susgrip_2f_description) StdoutLine: {'line': b'writing top-level names to ../../../build/susgrip_2f_description/susgrip_2f_description.egg-info/top_level.txt\n'}
[0.986918] (susgrip_2f_description) StdoutLine: {'line': b"reading manifest file '../../../build/susgrip_2f_description/susgrip_2f_description.egg-info/SOURCES.txt'\n"}
[0.987553] (susgrip_2f_description) StdoutLine: {'line': b"writing manifest file '../../../build/susgrip_2f_description/susgrip_2f_description.egg-info/SOURCES.txt'\n"}
[0.987651] (susgrip_2f_description) StdoutLine: {'line': b'running build\n'}
[0.987713] (susgrip_2f_description) StdoutLine: {'line': b'running build_py\n'}
[0.987780] (susgrip_2f_description) StdoutLine: {'line': b'running install\n'}
[0.987964] (susgrip_2f_description) StdoutLine: {'line': b'running install_lib\n'}
[0.988608] (susgrip_2f_description) StdoutLine: {'line': b'running install_data\n'}
[0.989070] (susgrip_2f_description) StdoutLine: {'line': b'running install_egg_info\n'}
[0.990594] (susgrip_2f_description) StdoutLine: {'line': b"removing '/home/com9/uet_ws/install/susgrip_2f_description/lib/python3.10/site-packages/susgrip_2f_description-0.0.1-py3.10.egg-info' (and everything under it)\n"}
[0.990970] (susgrip_2f_description) StdoutLine: {'line': b'Copying ../../../build/susgrip_2f_description/susgrip_2f_description.egg-info to /home/com9/uet_ws/install/susgrip_2f_description/lib/python3.10/site-packages/susgrip_2f_description-0.0.1-py3.10.egg-info\n'}
[0.991322] (susgrip_2f_description) StdoutLine: {'line': b'running install_scripts\n'}
[1.001132] (-) TimerEvent: {}
[1.003294] (susgrip_2f_description) StdoutLine: {'line': b'Installing susgrip_2f_visualize script to /home/com9/uet_ws/install/susgrip_2f_description/lib/susgrip_2f_description\n'}
[1.003493] (susgrip_2f_description) StdoutLine: {'line': b"writing list of installed files to '/home/com9/uet_ws/build/susgrip_2f_description/install.log'\n"}
[1.017621] (susgrip_2f_description) CommandEnded: {'returncode': 0}
[1.021737] (susgrip_2f_description) JobEnded: {'identifier': 'susgrip_2f_description', 'rc': 0}
[1.022285] (susgrip_2f_hardware) JobStarted: {'identifier': 'susgrip_2f_hardware'}
[1.101296] (-) TimerEvent: {}
[1.201573] (-) TimerEvent: {}
[1.301845] (-) TimerEvent: {}
[1.328200] (susgrip_2f_hardware) Command: {'cmd': ['/usr/bin/python3', '-W', 'ignore:setup.py install is deprecated', '-W', 'ignore:easy_install command is deprecated', 'setup.py', 'egg_info', '--egg-base', '../../../build/susgrip_2f_hardware', 'build', '--build-base', '/home/com9/uet_ws/build/susgrip_2f_hardware/build', 'install', '--record', '/home/com9/uet_ws/build/susgrip_2f_hardware/install.log', '--install-scripts', '$base/lib/susgrip_2f_hardware', '--single-version-externally-managed', 'install_data'], 'cwd': '/home/com9/uet_ws/src/susgrip_2f/susgrip_2f_hardware', 'env': {'LESSOPEN': '| /usr/bin/lesspipe %s', 'CMAKE_BUILD_PARALLEL_LEVEL': '1', 'USER': 'com9', 'XDG_SESSION_TYPE': 'wayland', 'SHLVL': '1', 'LD_LIBRARY_PATH': '/opt/ros/humble/opt/rviz_ogre_vendor/lib:/opt/ros/humble/lib/x86_64-linux-gnu:/opt/ros/humble/lib', 'HOME': '/home/com9', 'CONDA_SHLVL': '0', 'CYCLONEDDS_URI': '<CycloneDDS><Domain><General><DontRoute>true</></></></>', 'OLDPWD': '/home/com9', 'DESKTOP_SESSION': 'ubuntu', 'ROS_PYTHON_VERSION': '3', 'GNOME_SHELL_SESSION_MODE': 'ubuntu', 'GTK_MODULES': 'gail:atk-bridge', 'MAKEFLAGS': '-j1', 'SYSTEMD_EXEC_PID': '17504', 'IM_CONFIG_CHECK_ENV': '1', 'DBUS_SESSION_BUS_ADDRESS': 'unix:path=/run/user/1000/bus', 'COLORTERM': 'truecolor', '_CE_M': '', '_CONDA_ROOT': '/home/com9/miniconda3', 'IM_CONFIG_PHASE': '1', 'WAYLAND_DISPLAY': 'wayland-0', 'ROS_DISTRO': 'humble', 'LOGNAME': 'com9', '_': '/usr/bin/colcon', 'ROS_VERSION': '2', 'XDG_SESSION_CLASS': 'user', 'USERNAME': 'com9', 'TERM': 'xterm-256color', 'GNOME_DESKTOP_SESSION_ID': 'this-is-deprecated', '_CE_CONDA': '', 'ROS_LOCALHOST_ONLY': '0', 'PATH': '/opt/ros/humble/bin:/home/com9/.local/bin:/home/com9/miniconda3/condabin:/home/com9/.local/bin:/home/com9/.local/bin:/home/com9/.local/bin:/home/com9/.local/bin:/usr/local/sbin:/usr/local/bin:/usr/sbin:/usr/bin:/sbin:/bin:/usr/games:/usr/local/games:/snap/bin:/snap/bin', 'SESSION_MANAGER': 'local/com9:@/tmp/.ICE-unix/17475,unix/com9:/tmp/.ICE-unix/17475', 'XDG_MENU_PREFIX': 'gnome-', 'GNOME_TERMINAL_SCREEN': '/org/gnome/Terminal/screen/1e4f803a_2b37_47e5_adad_92bb3b9bc006', 'GNOME_SETUP_DISPLAY': ':1', 'XDG_RUNTIME_DIR': '/run/user/1000', 'DISPLAY': ':0', 'LANG': 'en_US.UTF-8', 'XDG_CURRENT_DESKTOP': 'ubuntu:GNOME', 'XMODIFIERS': '@im=ibus', 'XDG_SESSION_DESKTOP': 'ubuntu', 'XAUTHORITY': '/run/user/1000/.mutter-Xwaylandauth.W7ZTS3', 'LS_COLORS': 'rs=0:di=01;34:ln=01;36:mh=00:pi=40;33:so=01;35:do=01;35:bd=40;33;01:cd=40;33;01:or=40;31;01:mi=00:su=37;41:sg=30;43:ca=30;41:tw=30;42:ow=34;42:st=37;44:ex=01;32:*.tar=01;31:*.tgz=01;31:*.arc=01;31:*.arj=01;31:*.taz=01;31:*.lha=01;31:*.lz4=01;31:*.lzh=01;31:*.lzma=01;31:*.tlz=01;31:*.txz=01;31:*.tzo=01;31:*.t7z=01;31:*.zip=01;31:*.z=01;31:*.dz=01;31:*.gz=01;31:*.lrz=01;31:*.lz=01;31:*.lzo=01;31:*.xz=01;31:*.zst=01;31:*.tzst=01;31:*.bz2=01;31:*.bz=01;31:*.tbz=01;31:*.tbz2=01;31:*.tz=01;31:*.deb=01;31:*.rpm=01;31:*.jar=01;31:*.war=01;31:*.ear=01;31:*.sar=01;31:*.rar=01;31:*.alz=01;31:*.ace=01;31:*.zoo=01;31:*.cpio=01;31:*.7z=01;31:*.rz=01;31:*.cab=01;31:*.wim=01;31:*.swm=01;31:*.dwm=01;31:*.esd=01;31:*.jpg=01;35:*.jpeg=01;35:*.mjpg=01;35:*.mjpeg=01;35:*.gif=01;35:*.bmp=01;35:*.pbm=01;35:*.pgm=01;35:*.ppm=01;35:*.tga=01;35:*.xbm=01;35:*.xpm=01;35:*.tif=01;35:*.tiff=01;35:*.png=01;35:*.svg=01;35:*.svgz=01;35:*.mng=01;35:*.pcx=01;35:*.mov=01;35:*.mpg=01;35:*.mpeg=01;35:*.m2v=01;35:*.mkv=01;35:*.webm=01;35:*.webp=01;35:*.ogm=01;35:*.mp4=01;35:*.m4v=01;35:*.mp4v=01;35:*.vob=01;35:*.qt=01;35:*.nuv=01;35:*.wmv=01;35:*.asf=01;35:*.rm=01;35:*.rmvb=01;35:*.flc=01;35:*.avi=01;35:*.fli=01;35:*.flv=01;35:*.gl=01;35:*.dl=01;35:*.xcf=01;35:*.xwd=01;35:*.yuv=01;35:*.cgm=01;35:*.emf=01;35:*.ogv=01;35:*.ogx=01;35:*.aac=00;36:*.au=00;36:*.flac=00;36:*.m4a=00;36:*.mid=00;36:*.midi=00;36:*.mka=00;36:*.mp3=00;36:*.mpc=00;36:*.ogg=00;36:*.ra=00;36:*.wav=00;36:*.oga=00;36:*.opus=00;36:*.spx=00;36:*.xspf=00;36:', 'GNOME_TERMINAL_SERVICE': ':1.363', 'SSH_AGENT_LAUNCHER': 'gnome-keyring', 'SSH_AUTH_SOCK': '/run/user/1000/keyring/ssh', 'AMENT_PREFIX_PATH': '/opt/ros/humble', 'CONDA_PYTHON_EXE': '/home/com9/miniconda3/bin/python', 'SHELL': '/bin/bash', 'QT_ACCESSIBILITY': '1', 'GDMSESSION': 'ubuntu', 'LESSCLOSE': '/usr/bin/lesspipe %s %s', '_CONDA_EXE': '/home/com9/miniconda3/bin/conda', 'QT_IM_MODULE': 'ibus', 'PWD': '/home/com9/uet_ws/build/susgrip_2f_hardware', 'LC_ALL': 'en_US.UTF-8', 'XDG_CONFIG_DIRS': '/etc/xdg/xdg-ubuntu:/etc/xdg', 'CONDA_EXE': '/home/com9/miniconda3/bin/conda', 'XDG_DATA_DIRS': '/usr/share/ubuntu:/usr/local/share/:/usr/share/:/var/lib/snapd/desktop', 'PYTHONPATH': '/home/com9/uet_ws/build/susgrip_2f_hardware/prefix_override:/usr/lib/python3/dist-packages/colcon_core/task/python/colcon_distutils_commands:/home/com9/uet_ws/install/susgrip_2f_hardware/lib/python3.10/site-packages:/opt/ros/humble/lib/python3.10/site-packages:/opt/ros/humble/local/lib/python3.10/dist-packages', 'COLCON': '1', 'VTE_VERSION': '6800'}, 'shell': False}
[1.402012] (-) TimerEvent: {}
[1.442709] (susgrip_2f_hardware) StdoutLine: {'line': b'running egg_info\n'}
[1.443027] (susgrip_2f_hardware) StdoutLine: {'line': b'writing ../../../build/susgrip_2f_hardware/susgrip_2f_hardware.egg-info/PKG-INFO\n'}
[1.443110] (susgrip_2f_hardware) StdoutLine: {'line': b'writing dependency_links to ../../../build/susgrip_2f_hardware/susgrip_2f_hardware.egg-info/dependency_links.txt\n'}
[1.443231] (susgrip_2f_hardware) StdoutLine: {'line': b'writing entry points to ../../../build/susgrip_2f_hardware/susgrip_2f_hardware.egg-info/entry_points.txt\n'}
[1.443264] (susgrip_2f_hardware) StdoutLine: {'line': b'writing top-level names to ../../../build/susgrip_2f_hardware/susgrip_2f_hardware.egg-info/top_level.txt\n'}
[1.444299] (susgrip_2f_hardware) StdoutLine: {'line': b"reading manifest file '../../../build/susgrip_2f_hardware/susgrip_2f_hardware.egg-info/SOURCES.txt'\n"}
[1.444697] (susgrip_2f_hardware) StdoutLine: {'line': b"writing manifest file '../../../build/susgrip_2f_hardware/susgrip_2f_hardware.egg-info/SOURCES.txt'\n"}
[1.444774] (susgrip_2f_hardware) StdoutLine: {'line': b'running build\n'}
[1.444812] (susgrip_2f_hardware) StdoutLine: {'line': b'running build_py\n'}
[1.444991] (susgrip_2f_hardware) StdoutLine: {'line': b'running install\n'}
[1.445104] (susgrip_2f_hardware) StdoutLine: {'line': b'running install_lib\n'}
[1.446200] (susgrip_2f_hardware) StdoutLine: {'line': b'running install_data\n'}
[1.446269] (susgrip_2f_hardware) StdoutLine: {'line': b'running install_egg_info\n'}
[1.447388] (susgrip_2f_hardware) StdoutLine: {'line': b"removing '/home/com9/uet_ws/install/susgrip_2f_hardware/lib/python3.10/site-packages/susgrip_2f_hardware-0.0.1-py3.10.egg-info' (and everything under it)\n"}
[1.447505] (susgrip_2f_hardware) StdoutLine: {'line': b'Copying ../../../build/susgrip_2f_hardware/susgrip_2f_hardware.egg-info to /home/com9/uet_ws/install/susgrip_2f_hardware/lib/python3.10/site-packages/susgrip_2f_hardware-0.0.1-py3.10.egg-info\n'}
[1.447795] (susgrip_2f_hardware) StdoutLine: {'line': b'running install_scripts\n'}
[1.459528] (susgrip_2f_hardware) StdoutLine: {'line': b'Installing hardware_interface script to /home/com9/uet_ws/install/susgrip_2f_hardware/lib/susgrip_2f_hardware\n'}
[1.459598] (susgrip_2f_hardware) StdoutLine: {'line': b'Installing hardware_joint_publisher script to /home/com9/uet_ws/install/susgrip_2f_hardware/lib/susgrip_2f_hardware\n'}
[1.459776] (susgrip_2f_hardware) StdoutLine: {'line': b"writing list of installed files to '/home/com9/uet_ws/build/susgrip_2f_hardware/install.log'\n"}
[1.473866] (susgrip_2f_hardware) CommandEnded: {'returncode': 0}
[1.477296] (susgrip_2f_hardware) JobEnded: {'identifier': 'susgrip_2f_hardware', 'rc': 0}
[1.477923] (ur3_moveit_control) JobStarted: {'identifier': 'ur3_moveit_control'}
[1.480517] (ur3_moveit_control) JobProgress: {'identifier': 'ur3_moveit_control', 'progress': 'cmake'}
[1.480942] (ur3_moveit_control) JobProgress: {'identifier': 'ur3_moveit_control', 'progress': 'build'}
[1.481423] (ur3_moveit_control) Command: {'cmd': ['/usr/bin/cmake', '--build', '/home/com9/uet_ws/build/ur3_moveit_control'], 'cwd': '/home/com9/uet_ws/build/ur3_moveit_control', 'env': OrderedDict([('LESSOPEN', '| /usr/bin/lesspipe %s'), ('CMAKE_BUILD_PARALLEL_LEVEL', '1'), ('USER', 'com9'), ('XDG_SESSION_TYPE', 'wayland'), ('SHLVL', '1'), ('LD_LIBRARY_PATH', '/opt/ros/humble/opt/rviz_ogre_vendor/lib:/opt/ros/humble/lib/x86_64-linux-gnu:/opt/ros/humble/lib'), ('HOME', '/home/com9'), ('CONDA_SHLVL', '0'), ('CYCLONEDDS_URI', '<CycloneDDS><Domain><General><DontRoute>true</></></></>'), ('OLDPWD', '/home/com9'), ('DESKTOP_SESSION', 'ubuntu'), ('ROS_PYTHON_VERSION', '3'), ('GNOME_SHELL_SESSION_MODE', 'ubuntu'), ('GTK_MODULES', 'gail:atk-bridge'), ('MAKEFLAGS', '-j1'), ('SYSTEMD_EXEC_PID', '17504'), ('IM_CONFIG_CHECK_ENV', '1'), ('DBUS_SESSION_BUS_ADDRESS', 'unix:path=/run/user/1000/bus'), ('COLORTERM', 'truecolor'), ('_CE_M', ''), ('_CONDA_ROOT', '/home/com9/miniconda3'), ('IM_CONFIG_PHASE', '1'), ('WAYLAND_DISPLAY', 'wayland-0'), ('ROS_DISTRO', 'humble'), ('LOGNAME', 'com9'), ('_', '/usr/bin/colcon'), ('ROS_VERSION', '2'), ('XDG_SESSION_CLASS', 'user'), ('USERNAME', 'com9'), ('TERM', 'xterm-256color'), ('GNOME_DESKTOP_SESSION_ID', 'this-is-deprecated'), ('_CE_CONDA', ''), ('ROS_LOCALHOST_ONLY', '0'), ('PATH', '/opt/ros/humble/bin:/home/com9/.local/bin:/home/com9/miniconda3/condabin:/home/com9/.local/bin:/home/com9/.local/bin:/home/com9/.local/bin:/home/com9/.local/bin:/usr/local/sbin:/usr/local/bin:/usr/sbin:/usr/bin:/sbin:/bin:/usr/games:/usr/local/games:/snap/bin:/snap/bin'), ('SESSION_MANAGER', 'local/com9:@/tmp/.ICE-unix/17475,unix/com9:/tmp/.ICE-unix/17475'), ('XDG_MENU_PREFIX', 'gnome-'), ('GNOME_TERMINAL_SCREEN', '/org/gnome/Terminal/screen/1e4f803a_2b37_47e5_adad_92bb3b9bc006'), ('GNOME_SETUP_DISPLAY', ':1'), ('XDG_RUNTIME_DIR', '/run/user/1000'), ('DISPLAY', ':0'), ('LANG', 'en_US.UTF-8'), ('XDG_CURRENT_DESKTOP', 'ubuntu:GNOME'), ('XMODIFIERS', '@im=ibus'), ('XDG_SESSION_DESKTOP', 'ubuntu'), ('XAUTHORITY', '/run/user/1000/.mutter-Xwaylandauth.W7ZTS3'), ('LS_COLORS', 'rs=0:di=01;34:ln=01;36:mh=00:pi=40;33:so=01;35:do=01;35:bd=40;33;01:cd=40;33;01:or=40;31;01:mi=00:su=37;41:sg=30;43:ca=30;41:tw=30;42:ow=34;42:st=37;44:ex=01;32:*.tar=01;31:*.tgz=01;31:*.arc=01;31:*.arj=01;31:*.taz=01;31:*.lha=01;31:*.lz4=01;31:*.lzh=01;31:*.lzma=01;31:*.tlz=01;31:*.txz=01;31:*.tzo=01;31:*.t7z=01;31:*.zip=01;31:*.z=01;31:*.dz=01;31:*.gz=01;31:*.lrz=01;31:*.lz=01;31:*.lzo=01;31:*.xz=01;31:*.zst=01;31:*.tzst=01;31:*.bz2=01;31:*.bz=01;31:*.tbz=01;31:*.tbz2=01;31:*.tz=01;31:*.deb=01;31:*.rpm=01;31:*.jar=01;31:*.war=01;31:*.ear=01;31:*.sar=01;31:*.rar=01;31:*.alz=01;31:*.ace=01;31:*.zoo=01;31:*.cpio=01;31:*.7z=01;31:*.rz=01;31:*.cab=01;31:*.wim=01;31:*.swm=01;31:*.dwm=01;31:*.esd=01;31:*.jpg=01;35:*.jpeg=01;35:*.mjpg=01;35:*.mjpeg=01;35:*.gif=01;35:*.bmp=01;35:*.pbm=01;35:*.pgm=01;35:*.ppm=01;35:*.tga=01;35:*.xbm=01;35:*.xpm=01;35:*.tif=01;35:*.tiff=01;35:*.png=01;35:*.svg=01;35:*.svgz=01;35:*.mng=01;35:*.pcx=01;35:*.mov=01;35:*.mpg=01;35:*.mpeg=01;35:*.m2v=01;35:*.mkv=01;35:*.webm=01;35:*.webp=01;35:*.ogm=01;35:*.mp4=01;35:*.m4v=01;35:*.mp4v=01;35:*.vob=01;35:*.qt=01;35:*.nuv=01;35:*.wmv=01;35:*.asf=01;35:*.rm=01;35:*.rmvb=01;35:*.flc=01;35:*.avi=01;35:*.fli=01;35:*.flv=01;35:*.gl=01;35:*.dl=01;35:*.xcf=01;35:*.xwd=01;35:*.yuv=01;35:*.cgm=01;35:*.emf=01;35:*.ogv=01;35:*.ogx=01;35:*.aac=00;36:*.au=00;36:*.flac=00;36:*.m4a=00;36:*.mid=00;36:*.midi=00;36:*.mka=00;36:*.mp3=00;36:*.mpc=00;36:*.ogg=00;36:*.ra=00;36:*.wav=00;36:*.oga=00;36:*.opus=00;36:*.spx=00;36:*.xspf=00;36:'), ('GNOME_TERMINAL_SERVICE', ':1.363'), ('SSH_AGENT_LAUNCHER', 'gnome-keyring'), ('SSH_AUTH_SOCK', '/run/user/1000/keyring/ssh'), ('AMENT_PREFIX_PATH', '/opt/ros/humble'), ('CONDA_PYTHON_EXE', '/home/com9/miniconda3/bin/python'), ('SHELL', '/bin/bash'), ('QT_ACCESSIBILITY', '1'), ('GDMSESSION', 'ubuntu'), ('LESSCLOSE', '/usr/bin/lesspipe %s %s'), ('_CONDA_EXE', '/home/com9/miniconda3/bin/conda'), ('QT_IM_MODULE', 'ibus'), ('PWD', '/home/com9/uet_ws/build/ur3_moveit_control'), ('LC_ALL', 'en_US.UTF-8'), ('XDG_CONFIG_DIRS', '/etc/xdg/xdg-ubuntu:/etc/xdg'), ('CONDA_EXE', '/home/com9/miniconda3/bin/conda'), ('XDG_DATA_DIRS', '/usr/share/ubuntu:/usr/local/share/:/usr/share/:/var/lib/snapd/desktop'), ('PYTHONPATH', '/opt/ros/humble/lib/python3.10/site-packages:/opt/ros/humble/local/lib/python3.10/dist-packages'), ('COLCON', '1'), ('VTE_VERSION', '6800'), ('CMAKE_PREFIX_PATH', '/opt/ros/humble')]), 'shell': False}
[1.502110] (-) TimerEvent: {}
[1.558987] (ur3_moveit_control) StdoutLine: {'line': b'[  2%] Built target ur3_moveit_control__rs\n'}
[1.565580] (ur3_moveit_control) StdoutLine: {'line': b'\x1b[35m\x1b[1mConsolidate compiler generated dependencies of target ur3_moveit_control__rosidl_generator_c\x1b[0m\n'}
[1.576731] (ur3_moveit_control) StdoutLine: {'line': b'[ 11%] Built target ur3_moveit_control__rosidl_generator_c\n'}
[1.583101] (ur3_moveit_control) StdoutLine: {'line': b'\x1b[35m\x1b[1mConsolidate compiler generated dependencies of target ur3_moveit_control__rosidl_typesupport_fastrtps_c\x1b[0m\n'}
[1.592863] (ur3_moveit_control) StdoutLine: {'line': b'[ 19%] Built target ur3_moveit_control__rosidl_typesupport_fastrtps_c\n'}
[1.602199] (-) TimerEvent: {}
[1.606623] (ur3_moveit_control) StdoutLine: {'line': b'[ 22%] Built target ur3_moveit_control__cpp\n'}
[1.613925] (ur3_moveit_control) StdoutLine: {'line': b'\x1b[35m\x1b[1mConsolidate compiler generated dependencies of target ur3_moveit_control__rosidl_typesupport_fastrtps_cpp\x1b[0m\n'}
[1.622520] (ur3_moveit_control) StdoutLine: {'line': b'[ 30%] Built target ur3_moveit_control__rosidl_typesupport_fastrtps_cpp\n'}
[1.630515] (ur3_moveit_control) StdoutLine: {'line': b'\x1b[35m\x1b[1mConsolidate compiler generated dependencies of target ur3_moveit_control__rosidl_typesupport_introspection_c\x1b[0m\n'}
[1.638629] (ur3_moveit_control) StdoutLine: {'line': b'[ 38%] Built target ur3_moveit_control__rosidl_typesupport_introspection_c\n'}
[1.644921] (ur3_moveit_control) StdoutLine: {'line': b'\x1b[35m\x1b[1mConsolidate compiler generated dependencies of target ur3_moveit_control__rosidl_typesupport_c\x1b[0m\n'}
[1.652089] (ur3_moveit_control) StdoutLine: {'line': b'[ 47%] Built target ur3_moveit_control__rosidl_typesupport_c\n'}
[1.658889] (ur3_moveit_control) StdoutLine: {'line': b'\x1b[35m\x1b[1mConsolidate compiler generated dependencies of target ur3_moveit_control__rosidl_typesupport_introspection_cpp\x1b[0m\n'}
[1.667405] (ur3_moveit_control) StdoutLine: {'line': b'[ 55%] Built target ur3_moveit_control__rosidl_typesupport_introspection_cpp\n'}
[1.674359] (ur3_moveit_control) StdoutLine: {'line': b'\x1b[35m\x1b[1mConsolidate compiler generated dependencies of target ur3_moveit_control__rosidl_typesupport_cpp\x1b[0m\n'}
[1.682110] (ur3_moveit_control) StdoutLine: {'line': b'[ 63%] Built target ur3_moveit_control__rosidl_typesupport_cpp\n'}
[1.694806] (ur3_moveit_control) StdoutLine: {'line': b'[ 63%] Built target ur3_moveit_control\n'}
[1.702310] (-) TimerEvent: {}
[1.713352] (ur3_moveit_control) StdoutLine: {'line': b'[ 63%] Built target ament_cmake_python_copy_ur3_moveit_control\n'}
[1.802477] (-) TimerEvent: {}
[1.838447] (ur3_moveit_control) StdoutLine: {'line': b'running egg_info\n'}
[1.838795] (ur3_moveit_control) StdoutLine: {'line': b'writing ur3_moveit_control.egg-info/PKG-INFO\n'}
[1.839226] (ur3_moveit_control) StdoutLine: {'line': b'writing dependency_links to ur3_moveit_control.egg-info/dependency_links.txt\n'}
[1.839301] (ur3_moveit_control) StdoutLine: {'line': b'writing top-level names to ur3_moveit_control.egg-info/top_level.txt\n'}
[1.840393] (ur3_moveit_control) StdoutLine: {'line': b"reading manifest file 'ur3_moveit_control.egg-info/SOURCES.txt'\n"}
[1.840885] (ur3_moveit_control) StdoutLine: {'line': b"writing manifest file 'ur3_moveit_control.egg-info/SOURCES.txt'\n"}
[1.857079] (ur3_moveit_control) StdoutLine: {'line': b'[ 63%] Built target ament_cmake_python_build_ur3_moveit_control_egg\n'}
[1.871362] (ur3_moveit_control) StdoutLine: {'line': b'[ 66%] Built target ur3_moveit_control__py\n'}
[1.877079] (ur3_moveit_control) StdoutLine: {'line': b'\x1b[35m\x1b[1mConsolidate compiler generated dependencies of target ur3_moveit_control__rosidl_generator_py\x1b[0m\n'}
[1.886140] (ur3_moveit_control) StdoutLine: {'line': b'[ 72%] Built target ur3_moveit_control__rosidl_generator_py\n'}
[1.892741] (ur3_moveit_control) StdoutLine: {'line': b'\x1b[35m\x1b[1mConsolidate compiler generated dependencies of target ur3_moveit_control__rosidl_typesupport_fastrtps_c__pyext\x1b[0m\n'}
[1.900631] (ur3_moveit_control) StdoutLine: {'line': b'[ 77%] Built target ur3_moveit_control__rosidl_typesupport_fastrtps_c__pyext\n'}
[1.902532] (-) TimerEvent: {}
[1.907501] (ur3_moveit_control) StdoutLine: {'line': b'\x1b[35m\x1b[1mConsolidate compiler generated dependencies of target ur3_moveit_control__rosidl_typesupport_introspection_c__pyext\x1b[0m\n'}
[1.916319] (ur3_moveit_control) StdoutLine: {'line': b'[ 83%] Built target ur3_moveit_control__rosidl_typesupport_introspection_c__pyext\n'}
[1.922735] (ur3_moveit_control) StdoutLine: {'line': b'\x1b[35m\x1b[1mConsolidate compiler generated dependencies of target ur3_moveit_control__rosidl_typesupport_c__pyext\x1b[0m\n'}
[1.931001] (ur3_moveit_control) StdoutLine: {'line': b'[ 88%] Built target ur3_moveit_control__rosidl_typesupport_c__pyext\n'}
[1.938888] (ur3_moveit_control) StdoutLine: {'line': b'\x1b[35m\x1b[1mConsolidate compiler generated dependencies of target ur3_motion_interface\x1b[0m\n'}
[1.973544] (ur3_moveit_control) StdoutLine: {'line': b'[ 94%] Built target ur3_motion_interface\n'}
[1.982796] (ur3_moveit_control) StdoutLine: {'line': b'\x1b[35m\x1b[1mConsolidate compiler generated dependencies of target ur3_control_node\x1b[0m\n'}
[1.998045] (ur3_moveit_control) StdoutLine: {'line': b'[100%] Built target ur3_control_node\n'}
[2.002603] (-) TimerEvent: {}
[2.006467] (ur3_moveit_control) CommandEnded: {'returncode': 0}
[2.007201] (ur3_moveit_control) JobProgress: {'identifier': 'ur3_moveit_control', 'progress': 'install'}
[2.011742] (ur3_moveit_control) Command: {'cmd': ['/usr/bin/cmake', '--install', '/home/com9/uet_ws/build/ur3_moveit_control'], 'cwd': '/home/com9/uet_ws/build/ur3_moveit_control', 'env': OrderedDict([('LESSOPEN', '| /usr/bin/lesspipe %s'), ('CMAKE_BUILD_PARALLEL_LEVEL', '1'), ('USER', 'com9'), ('XDG_SESSION_TYPE', 'wayland'), ('SHLVL', '1'), ('LD_LIBRARY_PATH', '/opt/ros/humble/opt/rviz_ogre_vendor/lib:/opt/ros/humble/lib/x86_64-linux-gnu:/opt/ros/humble/lib'), ('HOME', '/home/com9'), ('CONDA_SHLVL', '0'), ('CYCLONEDDS_URI', '<CycloneDDS><Domain><General><DontRoute>true</></></></>'), ('OLDPWD', '/home/com9'), ('DESKTOP_SESSION', 'ubuntu'), ('ROS_PYTHON_VERSION', '3'), ('GNOME_SHELL_SESSION_MODE', 'ubuntu'), ('GTK_MODULES', 'gail:atk-bridge'), ('MAKEFLAGS', '-j1'), ('SYSTEMD_EXEC_PID', '17504'), ('IM_CONFIG_CHECK_ENV', '1'), ('DBUS_SESSION_BUS_ADDRESS', 'unix:path=/run/user/1000/bus'), ('COLORTERM', 'truecolor'), ('_CE_M', ''), ('_CONDA_ROOT', '/home/com9/miniconda3'), ('IM_CONFIG_PHASE', '1'), ('WAYLAND_DISPLAY', 'wayland-0'), ('ROS_DISTRO', 'humble'), ('LOGNAME', 'com9'), ('_', '/usr/bin/colcon'), ('ROS_VERSION', '2'), ('XDG_SESSION_CLASS', 'user'), ('USERNAME', 'com9'), ('TERM', 'xterm-256color'), ('GNOME_DESKTOP_SESSION_ID', 'this-is-deprecated'), ('_CE_CONDA', ''), ('ROS_LOCALHOST_ONLY', '0'), ('PATH', '/opt/ros/humble/bin:/home/com9/.local/bin:/home/com9/miniconda3/condabin:/home/com9/.local/bin:/home/com9/.local/bin:/home/com9/.local/bin:/home/com9/.local/bin:/usr/local/sbin:/usr/local/bin:/usr/sbin:/usr/bin:/sbin:/bin:/usr/games:/usr/local/games:/snap/bin:/snap/bin'), ('SESSION_MANAGER', 'local/com9:@/tmp/.ICE-unix/17475,unix/com9:/tmp/.ICE-unix/17475'), ('XDG_MENU_PREFIX', 'gnome-'), ('GNOME_TERMINAL_SCREEN', '/org/gnome/Terminal/screen/1e4f803a_2b37_47e5_adad_92bb3b9bc006'), ('GNOME_SETUP_DISPLAY', ':1'), ('XDG_RUNTIME_DIR', '/run/user/1000'), ('DISPLAY', ':0'), ('LANG', 'en_US.UTF-8'), ('XDG_CURRENT_DESKTOP', 'ubuntu:GNOME'), ('XMODIFIERS', '@im=ibus'), ('XDG_SESSION_DESKTOP', 'ubuntu'), ('XAUTHORITY', '/run/user/1000/.mutter-Xwaylandauth.W7ZTS3'), ('LS_COLORS', 'rs=0:di=01;34:ln=01;36:mh=00:pi=40;33:so=01;35:do=01;35:bd=40;33;01:cd=40;33;01:or=40;31;01:mi=00:su=37;41:sg=30;43:ca=30;41:tw=30;42:ow=34;42:st=37;44:ex=01;32:*.tar=01;31:*.tgz=01;31:*.arc=01;31:*.arj=01;31:*.taz=01;31:*.lha=01;31:*.lz4=01;31:*.lzh=01;31:*.lzma=01;31:*.tlz=01;31:*.txz=01;31:*.tzo=01;31:*.t7z=01;31:*.zip=01;31:*.z=01;31:*.dz=01;31:*.gz=01;31:*.lrz=01;31:*.lz=01;31:*.lzo=01;31:*.xz=01;31:*.zst=01;31:*.tzst=01;31:*.bz2=01;31:*.bz=01;31:*.tbz=01;31:*.tbz2=01;31:*.tz=01;31:*.deb=01;31:*.rpm=01;31:*.jar=01;31:*.war=01;31:*.ear=01;31:*.sar=01;31:*.rar=01;31:*.alz=01;31:*.ace=01;31:*.zoo=01;31:*.cpio=01;31:*.7z=01;31:*.rz=01;31:*.cab=01;31:*.wim=01;31:*.swm=01;31:*.dwm=01;31:*.esd=01;31:*.jpg=01;35:*.jpeg=01;35:*.mjpg=01;35:*.mjpeg=01;35:*.gif=01;35:*.bmp=01;35:*.pbm=01;35:*.pgm=01;35:*.ppm=01;35:*.tga=01;35:*.xbm=01;35:*.xpm=01;35:*.tif=01;35:*.tiff=01;35:*.png=01;35:*.svg=01;35:*.svgz=01;35:*.mng=01;35:*.pcx=01;35:*.mov=01;35:*.mpg=01;35:*.mpeg=01;35:*.m2v=01;35:*.mkv=01;35:*.webm=01;35:*.webp=01;35:*.ogm=01;35:*.mp4=01;35:*.m4v=01;35:*.mp4v=01;35:*.vob=01;35:*.qt=01;35:*.nuv=01;35:*.wmv=01;35:*.asf=01;35:*.rm=01;35:*.rmvb=01;35:*.flc=01;35:*.avi=01;35:*.fli=01;35:*.flv=01;35:*.gl=01;35:*.dl=01;35:*.xcf=01;35:*.xwd=01;35:*.yuv=01;35:*.cgm=01;35:*.emf=01;35:*.ogv=01;35:*.ogx=01;35:*.aac=00;36:*.au=00;36:*.flac=00;36:*.m4a=00;36:*.mid=00;36:*.midi=00;36:*.mka=00;36:*.mp3=00;36:*.mpc=00;36:*.ogg=00;36:*.ra=00;36:*.wav=00;36:*.oga=00;36:*.opus=00;36:*.spx=00;36:*.xspf=00;36:'), ('GNOME_TERMINAL_SERVICE', ':1.363'), ('SSH_AGENT_LAUNCHER', 'gnome-keyring'), ('SSH_AUTH_SOCK', '/run/user/1000/keyring/ssh'), ('AMENT_PREFIX_PATH', '/opt/ros/humble'), ('CONDA_PYTHON_EXE', '/home/com9/miniconda3/bin/python'), ('SHELL', '/bin/bash'), ('QT_ACCESSIBILITY', '1'), ('GDMSESSION', 'ubuntu'), ('LESSCLOSE', '/usr/bin/lesspipe %s %s'), ('_CONDA_EXE', '/home/com9/miniconda3/bin/conda'), ('QT_IM_MODULE', 'ibus'), ('PWD', '/home/com9/uet_ws/build/ur3_moveit_control'), ('LC_ALL', 'en_US.UTF-8'), ('XDG_CONFIG_DIRS', '/etc/xdg/xdg-ubuntu:/etc/xdg'), ('CONDA_EXE', '/home/com9/miniconda3/bin/conda'), ('XDG_DATA_DIRS', '/usr/share/ubuntu:/usr/local/share/:/usr/share/:/var/lib/snapd/desktop'), ('PYTHONPATH', '/opt/ros/humble/lib/python3.10/site-packages:/opt/ros/humble/local/lib/python3.10/dist-packages'), ('COLCON', '1'), ('VTE_VERSION', '6800'), ('CMAKE_PREFIX_PATH', '/opt/ros/humble')]), 'shell': False}
[2.017281] (ur3_moveit_control) StdoutLine: {'line': b'-- Install configuration: ""\n'}
[2.017493] (ur3_moveit_control) StdoutLine: {'line': b'-- Up-to-date: /home/com9/uet_ws/install/ur3_moveit_control/share/ament_index/resource_index/rosidl_interfaces/ur3_moveit_control\n'}
[2.017546] (ur3_moveit_control) StdoutLine: {'line': b'-- Up-to-date: /home/com9/uet_ws/install/ur3_moveit_control/include/ur3_moveit_control/ur3_moveit_control\n'}
[2.017614] (ur3_moveit_control) StdoutLine: {'line': b'-- Up-to-date: /home/com9/uet_ws/install/ur3_moveit_control/include/ur3_moveit_control/ur3_moveit_control/msg\n'}
[2.017660] (ur3_moveit_control) StdoutLine: {'line': b'-- Up-to-date: /home/com9/uet_ws/install/ur3_moveit_control/include/ur3_moveit_control/ur3_moveit_control/msg/rosidl_generator_c__visibility_control.h\n'}
[2.017725] (ur3_moveit_control) StdoutLine: {'line': b'-- Up-to-date: /home/com9/uet_ws/install/ur3_moveit_control/include/ur3_moveit_control/ur3_moveit_control/action\n'}
[2.017787] (ur3_moveit_control) StdoutLine: {'line': b'-- Up-to-date: /home/com9/uet_ws/install/ur3_moveit_control/include/ur3_moveit_control/ur3_moveit_control/action/ur3_control.h\n'}
[2.017822] (ur3_moveit_control) StdoutLine: {'line': b'-- Up-to-date: /home/com9/uet_ws/install/ur3_moveit_control/include/ur3_moveit_control/ur3_moveit_control/action/detail\n'}
[2.017862] (ur3_moveit_control) StdoutLine: {'line': b'-- Up-to-date: /home/com9/uet_ws/install/ur3_moveit_control/include/ur3_moveit_control/ur3_moveit_control/action/detail/ur3_control__struct.h\n'}
[2.017902] (ur3_moveit_control) StdoutLine: {'line': b'-- Up-to-date: /home/com9/uet_ws/install/ur3_moveit_control/include/ur3_moveit_control/ur3_moveit_control/action/detail/ur3_control__type_support.h\n'}
[2.017973] (ur3_moveit_control) StdoutLine: {'line': b'-- Up-to-date: /home/com9/uet_ws/install/ur3_moveit_control/include/ur3_moveit_control/ur3_moveit_control/action/detail/ur3_control__functions.c\n'}
[2.018027] (ur3_moveit_control) StdoutLine: {'line': b'-- Up-to-date: /home/com9/uet_ws/install/ur3_moveit_control/include/ur3_moveit_control/ur3_moveit_control/action/detail/ur3_control__functions.h\n'}
[2.018059] (ur3_moveit_control) StdoutLine: {'line': b'-- Up-to-date: /home/com9/uet_ws/install/ur3_moveit_control/share/ur3_moveit_control/environment/library_path.sh\n'}
[2.018100] (ur3_moveit_control) StdoutLine: {'line': b'-- Up-to-date: /home/com9/uet_ws/install/ur3_moveit_control/share/ur3_moveit_control/environment/library_path.dsv\n'}
[2.018131] (ur3_moveit_control) StdoutLine: {'line': b'-- Up-to-date: /home/com9/uet_ws/install/ur3_moveit_control/lib/libur3_moveit_control__rosidl_generator_c.so\n'}
[2.018169] (ur3_moveit_control) StdoutLine: {'line': b'-- Up-to-date: /home/com9/uet_ws/install/ur3_moveit_control/include/ur3_moveit_control/ur3_moveit_control\n'}
[2.018207] (ur3_moveit_control) StdoutLine: {'line': b'-- Up-to-date: /home/com9/uet_ws/install/ur3_moveit_control/include/ur3_moveit_control/ur3_moveit_control/msg\n'}
[2.018254] (ur3_moveit_control) StdoutLine: {'line': b'-- Up-to-date: /home/com9/uet_ws/install/ur3_moveit_control/include/ur3_moveit_control/ur3_moveit_control/msg/rosidl_typesupport_fastrtps_c__visibility_control.h\n'}
[2.018332] (ur3_moveit_control) StdoutLine: {'line': b'-- Up-to-date: /home/com9/uet_ws/install/ur3_moveit_control/include/ur3_moveit_control/ur3_moveit_control/action\n'}
[2.018376] (ur3_moveit_control) StdoutLine: {'line': b'-- Up-to-date: /home/com9/uet_ws/install/ur3_moveit_control/include/ur3_moveit_control/ur3_moveit_control/action/detail\n'}
[2.018423] (ur3_moveit_control) StdoutLine: {'line': b'-- Up-to-date: /home/com9/uet_ws/install/ur3_moveit_control/include/ur3_moveit_control/ur3_moveit_control/action/detail/ur3_control__rosidl_typesupport_fastrtps_c.h\n'}
[2.018476] (ur3_moveit_control) StdoutLine: {'line': b'-- Up-to-date: /home/com9/uet_ws/install/ur3_moveit_control/lib/libur3_moveit_control__rosidl_typesupport_fastrtps_c.so\n'}
[2.018510] (ur3_moveit_control) StdoutLine: {'line': b'-- Up-to-date: /home/com9/uet_ws/install/ur3_moveit_control/include/ur3_moveit_control/ur3_moveit_control\n'}
[2.018553] (ur3_moveit_control) StdoutLine: {'line': b'-- Up-to-date: /home/com9/uet_ws/install/ur3_moveit_control/include/ur3_moveit_control/ur3_moveit_control/msg\n'}
[2.018609] (ur3_moveit_control) StdoutLine: {'line': b'-- Up-to-date: /home/com9/uet_ws/install/ur3_moveit_control/include/ur3_moveit_control/ur3_moveit_control/msg/rosidl_generator_cpp__visibility_control.hpp\n'}
[2.018663] (ur3_moveit_control) StdoutLine: {'line': b'-- Up-to-date: /home/com9/uet_ws/install/ur3_moveit_control/include/ur3_moveit_control/ur3_moveit_control/action\n'}
[2.018699] (ur3_moveit_control) StdoutLine: {'line': b'-- Up-to-date: /home/com9/uet_ws/install/ur3_moveit_control/include/ur3_moveit_control/ur3_moveit_control/action/ur3_control.hpp\n'}
[2.018741] (ur3_moveit_control) StdoutLine: {'line': b'-- Up-to-date: /home/com9/uet_ws/install/ur3_moveit_control/include/ur3_moveit_control/ur3_moveit_control/action/detail\n'}
[2.018795] (ur3_moveit_control) StdoutLine: {'line': b'-- Up-to-date: /home/com9/uet_ws/install/ur3_moveit_control/include/ur3_moveit_control/ur3_moveit_control/action/detail/ur3_control__type_support.hpp\n'}
[2.018845] (ur3_moveit_control) StdoutLine: {'line': b'-- Up-to-date: /home/com9/uet_ws/install/ur3_moveit_control/include/ur3_moveit_control/ur3_moveit_control/action/detail/ur3_control__traits.hpp\n'}
[2.018877] (ur3_moveit_control) StdoutLine: {'line': b'-- Up-to-date: /home/com9/uet_ws/install/ur3_moveit_control/include/ur3_moveit_control/ur3_moveit_control/action/detail/ur3_control__builder.hpp\n'}
[2.018908] (ur3_moveit_control) StdoutLine: {'line': b'-- Up-to-date: /home/com9/uet_ws/install/ur3_moveit_control/include/ur3_moveit_control/ur3_moveit_control/action/detail/ur3_control__struct.hpp\n'}
[2.018950] (ur3_moveit_control) StdoutLine: {'line': b'-- Up-to-date: /home/com9/uet_ws/install/ur3_moveit_control/include/ur3_moveit_control/ur3_moveit_control\n'}
[2.018984] (ur3_moveit_control) StdoutLine: {'line': b'-- Up-to-date: /home/com9/uet_ws/install/ur3_moveit_control/include/ur3_moveit_control/ur3_moveit_control/msg\n'}
[2.019032] (ur3_moveit_control) StdoutLine: {'line': b'-- Up-to-date: /home/com9/uet_ws/install/ur3_moveit_control/include/ur3_moveit_control/ur3_moveit_control/msg/rosidl_typesupport_fastrtps_cpp__visibility_control.h\n'}
[2.019089] (ur3_moveit_control) StdoutLine: {'line': b'-- Up-to-date: /home/com9/uet_ws/install/ur3_moveit_control/include/ur3_moveit_control/ur3_moveit_control/action\n'}
[2.019138] (ur3_moveit_control) StdoutLine: {'line': b'-- Up-to-date: /home/com9/uet_ws/install/ur3_moveit_control/include/ur3_moveit_control/ur3_moveit_control/action/detail\n'}
[2.019170] (ur3_moveit_control) StdoutLine: {'line': b'-- Up-to-date: /home/com9/uet_ws/install/ur3_moveit_control/include/ur3_moveit_control/ur3_moveit_control/action/detail/dds_fastrtps\n'}
[2.019202] (ur3_moveit_control) StdoutLine: {'line': b'-- Up-to-date: /home/com9/uet_ws/install/ur3_moveit_control/include/ur3_moveit_control/ur3_moveit_control/action/detail/ur3_control__rosidl_typesupport_fastrtps_cpp.hpp\n'}
[2.019249] (ur3_moveit_control) StdoutLine: {'line': b'-- Up-to-date: /home/com9/uet_ws/install/ur3_moveit_control/lib/libur3_moveit_control__rosidl_typesupport_fastrtps_cpp.so\n'}
[2.019284] (ur3_moveit_control) StdoutLine: {'line': b'-- Up-to-date: /home/com9/uet_ws/install/ur3_moveit_control/include/ur3_moveit_control/ur3_moveit_control\n'}
[2.019322] (ur3_moveit_control) StdoutLine: {'line': b'-- Up-to-date: /home/com9/uet_ws/install/ur3_moveit_control/include/ur3_moveit_control/ur3_moveit_control/msg\n'}
[2.019376] (ur3_moveit_control) StdoutLine: {'line': b'-- Up-to-date: /home/com9/uet_ws/install/ur3_moveit_control/include/ur3_moveit_control/ur3_moveit_control/msg/rosidl_typesupport_introspection_c__visibility_control.h\n'}
[2.019417] (ur3_moveit_control) StdoutLine: {'line': b'-- Up-to-date: /home/com9/uet_ws/install/ur3_moveit_control/include/ur3_moveit_control/ur3_moveit_control/action\n'}
[2.019461] (ur3_moveit_control) StdoutLine: {'line': b'-- Up-to-date: /home/com9/uet_ws/install/ur3_moveit_control/include/ur3_moveit_control/ur3_moveit_control/action/detail\n'}
[2.019501] (ur3_moveit_control) StdoutLine: {'line': b'-- Up-to-date: /home/com9/uet_ws/install/ur3_moveit_control/include/ur3_moveit_control/ur3_moveit_control/action/detail/ur3_control__rosidl_typesupport_introspection_c.h\n'}
[2.019551] (ur3_moveit_control) StdoutLine: {'line': b'-- Up-to-date: /home/com9/uet_ws/install/ur3_moveit_control/include/ur3_moveit_control/ur3_moveit_control/action/detail/ur3_control__type_support.c\n'}
[2.019605] (ur3_moveit_control) StdoutLine: {'line': b'-- Up-to-date: /home/com9/uet_ws/install/ur3_moveit_control/lib/libur3_moveit_control__rosidl_typesupport_introspection_c.so\n'}
[2.019653] (ur3_moveit_control) StdoutLine: {'line': b'-- Up-to-date: /home/com9/uet_ws/install/ur3_moveit_control/lib/libur3_moveit_control__rosidl_typesupport_c.so\n'}
[2.019695] (ur3_moveit_control) StdoutLine: {'line': b'-- Up-to-date: /home/com9/uet_ws/install/ur3_moveit_control/include/ur3_moveit_control/ur3_moveit_control\n'}
[2.019735] (ur3_moveit_control) StdoutLine: {'line': b'-- Up-to-date: /home/com9/uet_ws/install/ur3_moveit_control/include/ur3_moveit_control/ur3_moveit_control/action\n'}
[2.019799] (ur3_moveit_control) StdoutLine: {'line': b'-- Up-to-date: /home/com9/uet_ws/install/ur3_moveit_control/include/ur3_moveit_control/ur3_moveit_control/action/detail\n'}
[2.019832] (ur3_moveit_control) StdoutLine: {'line': b'-- Up-to-date: /home/com9/uet_ws/install/ur3_moveit_control/include/ur3_moveit_control/ur3_moveit_control/action/detail/ur3_control__rosidl_typesupport_introspection_cpp.hpp\n'}
[2.019863] (ur3_moveit_control) StdoutLine: {'line': b'-- Up-to-date: /home/com9/uet_ws/install/ur3_moveit_control/include/ur3_moveit_control/ur3_moveit_control/action/detail/ur3_control__type_support.cpp\n'}
[2.019893] (ur3_moveit_control) StdoutLine: {'line': b'-- Up-to-date: /home/com9/uet_ws/install/ur3_moveit_control/lib/libur3_moveit_control__rosidl_typesupport_introspection_cpp.so\n'}
[2.019923] (ur3_moveit_control) StdoutLine: {'line': b'-- Up-to-date: /home/com9/uet_ws/install/ur3_moveit_control/lib/libur3_moveit_control__rosidl_typesupport_cpp.so\n'}
[2.019954] (ur3_moveit_control) StdoutLine: {'line': b'-- Up-to-date: /home/com9/uet_ws/install/ur3_moveit_control/share/ur3_moveit_control/environment/pythonpath.sh\n'}
[2.019985] (ur3_moveit_control) StdoutLine: {'line': b'-- Up-to-date: /home/com9/uet_ws/install/ur3_moveit_control/share/ur3_moveit_control/environment/pythonpath.dsv\n'}
[2.020014] (ur3_moveit_control) StdoutLine: {'line': b'-- Up-to-date: /home/com9/uet_ws/install/ur3_moveit_control/local/lib/python3.10/dist-packages/ur3_moveit_control-0.0.0-py3.10.egg-info\n'}
[2.020044] (ur3_moveit_control) StdoutLine: {'line': b'-- Installing: /home/com9/uet_ws/install/ur3_moveit_control/local/lib/python3.10/dist-packages/ur3_moveit_control-0.0.0-py3.10.egg-info/dependency_links.txt\n'}
[2.020073] (ur3_moveit_control) StdoutLine: {'line': b'-- Installing: /home/com9/uet_ws/install/ur3_moveit_control/local/lib/python3.10/dist-packages/ur3_moveit_control-0.0.0-py3.10.egg-info/top_level.txt\n'}
[2.020101] (ur3_moveit_control) StdoutLine: {'line': b'-- Installing: /home/com9/uet_ws/install/ur3_moveit_control/local/lib/python3.10/dist-packages/ur3_moveit_control-0.0.0-py3.10.egg-info/SOURCES.txt\n'}
[2.020134] (ur3_moveit_control) StdoutLine: {'line': b'-- Installing: /home/com9/uet_ws/install/ur3_moveit_control/local/lib/python3.10/dist-packages/ur3_moveit_control-0.0.0-py3.10.egg-info/PKG-INFO\n'}
[2.020167] (ur3_moveit_control) StdoutLine: {'line': b'-- Up-to-date: /home/com9/uet_ws/install/ur3_moveit_control/local/lib/python3.10/dist-packages/ur3_moveit_control\n'}
[2.020197] (ur3_moveit_control) StdoutLine: {'line': b'-- Up-to-date: /home/com9/uet_ws/install/ur3_moveit_control/local/lib/python3.10/dist-packages/ur3_moveit_control/_ur3_moveit_control_s.ep.rosidl_typesupport_c.c\n'}
[2.020228] (ur3_moveit_control) StdoutLine: {'line': b'-- Up-to-date: /home/com9/uet_ws/install/ur3_moveit_control/local/lib/python3.10/dist-packages/ur3_moveit_control/ur3_moveit_control_s__rosidl_typesupport_c.cpython-310-x86_64-linux-gnu.so\n'}
[2.020259] (ur3_moveit_control) StdoutLine: {'line': b'-- Up-to-date: /home/com9/uet_ws/install/ur3_moveit_control/local/lib/python3.10/dist-packages/ur3_moveit_control/libur3_moveit_control__rosidl_generator_py.so\n'}
[2.020290] (ur3_moveit_control) StdoutLine: {'line': b'-- Up-to-date: /home/com9/uet_ws/install/ur3_moveit_control/local/lib/python3.10/dist-packages/ur3_moveit_control/__init__.py\n'}
[2.020319] (ur3_moveit_control) StdoutLine: {'line': b'-- Up-to-date: /home/com9/uet_ws/install/ur3_moveit_control/local/lib/python3.10/dist-packages/ur3_moveit_control/_ur3_moveit_control_s.ep.rosidl_typesupport_introspection_c.c\n'}
[2.020348] (ur3_moveit_control) StdoutLine: {'line': b'-- Up-to-date: /home/com9/uet_ws/install/ur3_moveit_control/local/lib/python3.10/dist-packages/ur3_moveit_control/ur3_moveit_control_s__rosidl_typesupport_fastrtps_c.cpython-310-x86_64-linux-gnu.so\n'}
[2.020379] (ur3_moveit_control) StdoutLine: {'line': b'-- Up-to-date: /home/com9/uet_ws/install/ur3_moveit_control/local/lib/python3.10/dist-packages/ur3_moveit_control/ur3_moveit_control_s__rosidl_typesupport_introspection_c.cpython-310-x86_64-linux-gnu.so\n'}
[2.020421] (ur3_moveit_control) StdoutLine: {'line': b'-- Up-to-date: /home/com9/uet_ws/install/ur3_moveit_control/local/lib/python3.10/dist-packages/ur3_moveit_control/_ur3_moveit_control_s.ep.rosidl_typesupport_fastrtps_c.c\n'}
[2.020455] (ur3_moveit_control) StdoutLine: {'line': b'-- Up-to-date: /home/com9/uet_ws/install/ur3_moveit_control/local/lib/python3.10/dist-packages/ur3_moveit_control/action\n'}
[2.020487] (ur3_moveit_control) StdoutLine: {'line': b'-- Up-to-date: /home/com9/uet_ws/install/ur3_moveit_control/local/lib/python3.10/dist-packages/ur3_moveit_control/action/__init__.py\n'}
[2.020516] (ur3_moveit_control) StdoutLine: {'line': b'-- Up-to-date: /home/com9/uet_ws/install/ur3_moveit_control/local/lib/python3.10/dist-packages/ur3_moveit_control/action/_ur3_control_s.c\n'}
[2.020547] (ur3_moveit_control) StdoutLine: {'line': b'-- Up-to-date: /home/com9/uet_ws/install/ur3_moveit_control/local/lib/python3.10/dist-packages/ur3_moveit_control/action/_ur3_control.py\n'}
[2.039012] (ur3_moveit_control) StdoutLine: {'line': b"Listing '/home/com9/uet_ws/install/ur3_moveit_control/local/lib/python3.10/dist-packages/ur3_moveit_control'...\n"}
[2.039070] (ur3_moveit_control) StdoutLine: {'line': b"Listing '/home/com9/uet_ws/install/ur3_moveit_control/local/lib/python3.10/dist-packages/ur3_moveit_control/action'...\n"}
[2.041704] (ur3_moveit_control) StdoutLine: {'line': b'-- Up-to-date: /home/com9/uet_ws/install/ur3_moveit_control/local/lib/python3.10/dist-packages/ur3_moveit_control/ur3_moveit_control_s__rosidl_typesupport_fastrtps_c.cpython-310-x86_64-linux-gnu.so\n'}
[2.041849] (ur3_moveit_control) StdoutLine: {'line': b'-- Up-to-date: /home/com9/uet_ws/install/ur3_moveit_control/local/lib/python3.10/dist-packages/ur3_moveit_control/ur3_moveit_control_s__rosidl_typesupport_introspection_c.cpython-310-x86_64-linux-gnu.so\n'}
[2.041924] (ur3_moveit_control) StdoutLine: {'line': b'-- Up-to-date: /home/com9/uet_ws/install/ur3_moveit_control/local/lib/python3.10/dist-packages/ur3_moveit_control/ur3_moveit_control_s__rosidl_typesupport_c.cpython-310-x86_64-linux-gnu.so\n'}
[2.042069] (ur3_moveit_control) StdoutLine: {'line': b'-- Up-to-date: /home/com9/uet_ws/install/ur3_moveit_control/lib/libur3_moveit_control__rosidl_generator_py.so\n'}
[2.042114] (ur3_moveit_control) StdoutLine: {'line': b'-- Up-to-date: /home/com9/uet_ws/install/ur3_moveit_control/share/ament_index/resource_index/rust_packages/ur3_moveit_control\n'}
[2.042168] (ur3_moveit_control) StdoutLine: {'line': b'-- Up-to-date: /home/com9/uet_ws/install/ur3_moveit_control/share/ur3_moveit_control/rust\n'}
[2.042214] (ur3_moveit_control) StdoutLine: {'line': b'-- Up-to-date: /home/com9/uet_ws/install/ur3_moveit_control/share/ur3_moveit_control/rust/Cargo.toml\n'}
[2.042268] (ur3_moveit_control) StdoutLine: {'line': b'-- Up-to-date: /home/com9/uet_ws/install/ur3_moveit_control/share/ur3_moveit_control/rust/src\n'}
[2.042318] (ur3_moveit_control) StdoutLine: {'line': b'-- Up-to-date: /home/com9/uet_ws/install/ur3_moveit_control/share/ur3_moveit_control/rust/src/lib.rs\n'}
[2.042360] (ur3_moveit_control) StdoutLine: {'line': b'-- Up-to-date: /home/com9/uet_ws/install/ur3_moveit_control/share/ur3_moveit_control/rust/src/action.rs\n'}
[2.042401] (ur3_moveit_control) StdoutLine: {'line': b'-- Up-to-date: /home/com9/uet_ws/install/ur3_moveit_control/share/ur3_moveit_control/rust/src/action\n'}
[2.042457] (ur3_moveit_control) StdoutLine: {'line': b'-- Up-to-date: /home/com9/uet_ws/install/ur3_moveit_control/share/ur3_moveit_control/rust/src/action/rmw.rs\n'}
[2.042491] (ur3_moveit_control) StdoutLine: {'line': b'-- Up-to-date: /home/com9/uet_ws/install/ur3_moveit_control/share/ur3_moveit_control/rust/build.rs\n'}
[2.042520] (ur3_moveit_control) StdoutLine: {'line': b'-- Up-to-date: /home/com9/uet_ws/install/ur3_moveit_control/share/ur3_moveit_control/action/UR3Control.idl\n'}
[2.042555] (ur3_moveit_control) StdoutLine: {'line': b'-- Up-to-date: /home/com9/uet_ws/install/ur3_moveit_control/share/ur3_moveit_control/action/UR3Control.action\n'}
[2.042594] (ur3_moveit_control) StdoutLine: {'line': b'-- Up-to-date: /home/com9/uet_ws/install/ur3_moveit_control/lib/libur3_motion_interface.so\n'}
[2.042646] (ur3_moveit_control) StdoutLine: {'line': b'-- Up-to-date: /home/com9/uet_ws/install/ur3_moveit_control/lib/ur3_moveit_control/ur3_control_node\n'}
[2.042704] (ur3_moveit_control) StdoutLine: {'line': b'-- Up-to-date: /home/com9/uet_ws/install/ur3_moveit_control/include\n'}
[2.042759] (ur3_moveit_control) StdoutLine: {'line': b'-- Up-to-date: /home/com9/uet_ws/install/ur3_moveit_control/include/ur3_moveit_control\n'}
[2.042832] (ur3_moveit_control) StdoutLine: {'line': b'-- Up-to-date: /home/com9/uet_ws/install/ur3_moveit_control/include/ur3_moveit_control/ur3_motion_interface.hpp\n'}
[2.042875] (ur3_moveit_control) StdoutLine: {'line': b'-- Up-to-date: /home/com9/uet_ws/install/ur3_moveit_control/share/ur3_moveit_control/config\n'}
[2.042915] (ur3_moveit_control) StdoutLine: {'line': b'-- Up-to-date: /home/com9/uet_ws/install/ur3_moveit_control/share/ur3_moveit_control/config/moveit_controllers.yaml\n'}
[2.042977] (ur3_moveit_control) StdoutLine: {'line': b'-- Up-to-date: /home/com9/uet_ws/install/ur3_moveit_control/share/ur3_moveit_control/config/planning_scene_monitor.yaml\n'}
[2.043046] (ur3_moveit_control) StdoutLine: {'line': b'-- Up-to-date: /home/com9/uet_ws/install/ur3_moveit_control/share/ur3_moveit_control/config/ur3_susgrip_gazebo_controllers.yaml\n'}
[2.043081] (ur3_moveit_control) StdoutLine: {'line': b'-- Up-to-date: /home/com9/uet_ws/install/ur3_moveit_control/share/ur3_moveit_control/config/planning_pipelines.yaml\n'}
[2.043110] (ur3_moveit_control) StdoutLine: {'line': b'-- Up-to-date: /home/com9/uet_ws/install/ur3_moveit_control/share/ur3_moveit_control/config/ompl_planning.yaml\n'}
[2.043142] (ur3_moveit_control) StdoutLine: {'line': b'-- Up-to-date: /home/com9/uet_ws/install/ur3_moveit_control/share/ur3_moveit_control/config/moveit_custom_config.yaml\n'}
[2.043171] (ur3_moveit_control) StdoutLine: {'line': b'-- Up-to-date: /home/com9/uet_ws/install/ur3_moveit_control/share/ur3_moveit_control/config/joint_limits.yaml\n'}
[2.043218] (ur3_moveit_control) StdoutLine: {'line': b'-- Up-to-date: /home/com9/uet_ws/install/ur3_moveit_control/share/ur3_moveit_control/config/kinematics.yaml\n'}
[2.043258] (ur3_moveit_control) StdoutLine: {'line': b'-- Up-to-date: /home/com9/uet_ws/install/ur3_moveit_control/share/ur3_moveit_control/launch\n'}
[2.043297] (ur3_moveit_control) StdoutLine: {'line': b'-- Up-to-date: /home/com9/uet_ws/install/ur3_moveit_control/share/ur3_moveit_control/launch/ur3_susgrip_sim.launch.py\n'}
[2.043350] (ur3_moveit_control) StdoutLine: {'line': b'-- Up-to-date: /home/com9/uet_ws/install/ur3_moveit_control/share/ur3_moveit_control/launch/ur3_demo_gripper.launch.py\n'}
[2.043380] (ur3_moveit_control) StdoutLine: {'line': b'-- Up-to-date: /home/com9/uet_ws/install/ur3_moveit_control/share/ur3_moveit_control/launch/eye_in_hand_calib.launch.py\n'}
[2.043419] (ur3_moveit_control) StdoutLine: {'line': b'-- Up-to-date: /home/com9/uet_ws/install/ur3_moveit_control/share/ur3_moveit_control/launch/ur3_demo.launch.py\n'}
[2.043471] (ur3_moveit_control) StdoutLine: {'line': b'-- Up-to-date: /home/com9/uet_ws/install/ur3_moveit_control/share/ur3_moveit_control/urdf\n'}
[2.043522] (ur3_moveit_control) StdoutLine: {'line': b'-- Up-to-date: /home/com9/uet_ws/install/ur3_moveit_control/share/ur3_moveit_control/urdf/ur3_with_susgrip_gazebo.urdf.xacro\n'}
[2.043575] (ur3_moveit_control) StdoutLine: {'line': b'-- Up-to-date: /home/com9/uet_ws/install/ur3_moveit_control/share/ur3_moveit_control/urdf/ur3_with_susgrip.urdf.xacro\n'}
[2.043617] (ur3_moveit_control) StdoutLine: {'line': b'-- Up-to-date: /home/com9/uet_ws/install/ur3_moveit_control/share/ur3_moveit_control/srdf\n'}
[2.043654] (ur3_moveit_control) StdoutLine: {'line': b'-- Up-to-date: /home/com9/uet_ws/install/ur3_moveit_control/share/ur3_moveit_control/rviz\n'}
[2.043738] (ur3_moveit_control) StdoutLine: {'line': b'-- Up-to-date: /home/com9/uet_ws/install/ur3_moveit_control/share/ur3_moveit_control/rviz/view_robot.rviz\n'}
[2.043774] (ur3_moveit_control) StdoutLine: {'line': b'-- Up-to-date: /home/com9/uet_ws/install/ur3_moveit_control/share/ament_index/resource_index/package_run_dependencies/ur3_moveit_control\n'}
[2.043813] (ur3_moveit_control) StdoutLine: {'line': b'-- Up-to-date: /home/com9/uet_ws/install/ur3_moveit_control/share/ament_index/resource_index/parent_prefix_path/ur3_moveit_control\n'}
[2.043866] (ur3_moveit_control) StdoutLine: {'line': b'-- Up-to-date: /home/com9/uet_ws/install/ur3_moveit_control/share/ur3_moveit_control/environment/ament_prefix_path.sh\n'}
[2.043932] (ur3_moveit_control) StdoutLine: {'line': b'-- Up-to-date: /home/com9/uet_ws/install/ur3_moveit_control/share/ur3_moveit_control/environment/ament_prefix_path.dsv\n'}
[2.043967] (ur3_moveit_control) StdoutLine: {'line': b'-- Up-to-date: /home/com9/uet_ws/install/ur3_moveit_control/share/ur3_moveit_control/environment/path.sh\n'}
[2.044009] (ur3_moveit_control) StdoutLine: {'line': b'-- Up-to-date: /home/com9/uet_ws/install/ur3_moveit_control/share/ur3_moveit_control/environment/path.dsv\n'}
[2.044074] (ur3_moveit_control) StdoutLine: {'line': b'-- Up-to-date: /home/com9/uet_ws/install/ur3_moveit_control/share/ur3_moveit_control/local_setup.bash\n'}
[2.044116] (ur3_moveit_control) StdoutLine: {'line': b'-- Up-to-date: /home/com9/uet_ws/install/ur3_moveit_control/share/ur3_moveit_control/local_setup.sh\n'}
[2.044147] (ur3_moveit_control) StdoutLine: {'line': b'-- Up-to-date: /home/com9/uet_ws/install/ur3_moveit_control/share/ur3_moveit_control/local_setup.zsh\n'}
[2.044181] (ur3_moveit_control) StdoutLine: {'line': b'-- Up-to-date: /home/com9/uet_ws/install/ur3_moveit_control/share/ur3_moveit_control/local_setup.dsv\n'}
[2.044222] (ur3_moveit_control) StdoutLine: {'line': b'-- Installing: /home/com9/uet_ws/install/ur3_moveit_control/share/ur3_moveit_control/package.dsv\n'}
[2.044285] (ur3_moveit_control) StdoutLine: {'line': b'-- Up-to-date: /home/com9/uet_ws/install/ur3_moveit_control/share/ament_index/resource_index/packages/ur3_moveit_control\n'}
[2.044334] (ur3_moveit_control) StdoutLine: {'line': b'-- Up-to-date: /home/com9/uet_ws/install/ur3_moveit_control/share/ur3_moveit_control/cmake/export_ur3_moveit_control__rosidl_generator_cExport.cmake\n'}
[2.044396] (ur3_moveit_control) StdoutLine: {'line': b'-- Up-to-date: /home/com9/uet_ws/install/ur3_moveit_control/share/ur3_moveit_control/cmake/export_ur3_moveit_control__rosidl_generator_cExport-noconfig.cmake\n'}
[2.044459] (ur3_moveit_control) StdoutLine: {'line': b'-- Up-to-date: /home/com9/uet_ws/install/ur3_moveit_control/share/ur3_moveit_control/cmake/export_ur3_moveit_control__rosidl_typesupport_fastrtps_cExport.cmake\n'}
[2.044517] (ur3_moveit_control) StdoutLine: {'line': b'-- Up-to-date: /home/com9/uet_ws/install/ur3_moveit_control/share/ur3_moveit_control/cmake/export_ur3_moveit_control__rosidl_typesupport_fastrtps_cExport-noconfig.cmake\n'}
[2.044562] (ur3_moveit_control) StdoutLine: {'line': b'-- Up-to-date: /home/com9/uet_ws/install/ur3_moveit_control/share/ur3_moveit_control/cmake/export_ur3_moveit_control__rosidl_generator_cppExport.cmake\n'}
[2.044596] (ur3_moveit_control) StdoutLine: {'line': b'-- Up-to-date: /home/com9/uet_ws/install/ur3_moveit_control/share/ur3_moveit_control/cmake/export_ur3_moveit_control__rosidl_typesupport_fastrtps_cppExport.cmake\n'}
[2.044626] (ur3_moveit_control) StdoutLine: {'line': b'-- Up-to-date: /home/com9/uet_ws/install/ur3_moveit_control/share/ur3_moveit_control/cmake/export_ur3_moveit_control__rosidl_typesupport_fastrtps_cppExport-noconfig.cmake\n'}
[2.044658] (ur3_moveit_control) StdoutLine: {'line': b'-- Up-to-date: /home/com9/uet_ws/install/ur3_moveit_control/share/ur3_moveit_control/cmake/ur3_moveit_control__rosidl_typesupport_introspection_cExport.cmake\n'}
[2.044687] (ur3_moveit_control) StdoutLine: {'line': b'-- Up-to-date: /home/com9/uet_ws/install/ur3_moveit_control/share/ur3_moveit_control/cmake/ur3_moveit_control__rosidl_typesupport_introspection_cExport-noconfig.cmake\n'}
[2.044724] (ur3_moveit_control) StdoutLine: {'line': b'-- Up-to-date: /home/com9/uet_ws/install/ur3_moveit_control/share/ur3_moveit_control/cmake/ur3_moveit_control__rosidl_typesupport_cExport.cmake\n'}
[2.044753] (ur3_moveit_control) StdoutLine: {'line': b'-- Up-to-date: /home/com9/uet_ws/install/ur3_moveit_control/share/ur3_moveit_control/cmake/ur3_moveit_control__rosidl_typesupport_cExport-noconfig.cmake\n'}
[2.044786] (ur3_moveit_control) StdoutLine: {'line': b'-- Up-to-date: /home/com9/uet_ws/install/ur3_moveit_control/share/ur3_moveit_control/cmake/ur3_moveit_control__rosidl_typesupport_introspection_cppExport.cmake\n'}
[2.044820] (ur3_moveit_control) StdoutLine: {'line': b'-- Up-to-date: /home/com9/uet_ws/install/ur3_moveit_control/share/ur3_moveit_control/cmake/ur3_moveit_control__rosidl_typesupport_introspection_cppExport-noconfig.cmake\n'}
[2.044852] (ur3_moveit_control) StdoutLine: {'line': b'-- Up-to-date: /home/com9/uet_ws/install/ur3_moveit_control/share/ur3_moveit_control/cmake/ur3_moveit_control__rosidl_typesupport_cppExport.cmake\n'}
[2.044900] (ur3_moveit_control) StdoutLine: {'line': b'-- Up-to-date: /home/com9/uet_ws/install/ur3_moveit_control/share/ur3_moveit_control/cmake/ur3_moveit_control__rosidl_typesupport_cppExport-noconfig.cmake\n'}
[2.044946] (ur3_moveit_control) StdoutLine: {'line': b'-- Up-to-date: /home/com9/uet_ws/install/ur3_moveit_control/share/ur3_moveit_control/cmake/export_ur3_moveit_control__rosidl_generator_pyExport.cmake\n'}
[2.044989] (ur3_moveit_control) StdoutLine: {'line': b'-- Up-to-date: /home/com9/uet_ws/install/ur3_moveit_control/share/ur3_moveit_control/cmake/export_ur3_moveit_control__rosidl_generator_pyExport-noconfig.cmake\n'}
[2.045029] (ur3_moveit_control) StdoutLine: {'line': b'-- Up-to-date: /home/com9/uet_ws/install/ur3_moveit_control/share/ur3_moveit_control/cmake/rosidl_cmake-extras.cmake\n'}
[2.045071] (ur3_moveit_control) StdoutLine: {'line': b'-- Up-to-date: /home/com9/uet_ws/install/ur3_moveit_control/share/ur3_moveit_control/cmake/ament_cmake_export_dependencies-extras.cmake\n'}
[2.045113] (ur3_moveit_control) StdoutLine: {'line': b'-- Up-to-date: /home/com9/uet_ws/install/ur3_moveit_control/share/ur3_moveit_control/cmake/ament_cmake_export_include_directories-extras.cmake\n'}
[2.045155] (ur3_moveit_control) StdoutLine: {'line': b'-- Up-to-date: /home/com9/uet_ws/install/ur3_moveit_control/share/ur3_moveit_control/cmake/ament_cmake_export_libraries-extras.cmake\n'}
[2.045195] (ur3_moveit_control) StdoutLine: {'line': b'-- Up-to-date: /home/com9/uet_ws/install/ur3_moveit_control/share/ur3_moveit_control/cmake/ament_cmake_export_targets-extras.cmake\n'}
[2.045234] (ur3_moveit_control) StdoutLine: {'line': b'-- Up-to-date: /home/com9/uet_ws/install/ur3_moveit_control/share/ur3_moveit_control/cmake/rosidl_cmake_export_typesupport_targets-extras.cmake\n'}
[2.045284] (ur3_moveit_control) StdoutLine: {'line': b'-- Up-to-date: /home/com9/uet_ws/install/ur3_moveit_control/share/ur3_moveit_control/cmake/rosidl_cmake_export_typesupport_libraries-extras.cmake\n'}
[2.045317] (ur3_moveit_control) StdoutLine: {'line': b'-- Up-to-date: /home/com9/uet_ws/install/ur3_moveit_control/share/ur3_moveit_control/cmake/ur3_moveit_controlConfig.cmake\n'}
[2.045364] (ur3_moveit_control) StdoutLine: {'line': b'-- Up-to-date: /home/com9/uet_ws/install/ur3_moveit_control/share/ur3_moveit_control/cmake/ur3_moveit_controlConfig-version.cmake\n'}
[2.045395] (ur3_moveit_control) StdoutLine: {'line': b'-- Up-to-date: /home/com9/uet_ws/install/ur3_moveit_control/share/ur3_moveit_control/package.xml\n'}
[2.047216] (ur3_moveit_control) CommandEnded: {'returncode': 0}
[2.056464] (ur3_moveit_control) JobEnded: {'identifier': 'ur3_moveit_control', 'rc': 0}
[2.056718] (ur_dashboard_msgs) JobStarted: {'identifier': 'ur_dashboard_msgs'}
[2.059315] (ur_dashboard_msgs) JobProgress: {'identifier': 'ur_dashboard_msgs', 'progress': 'cmake'}
[2.059595] (ur_dashboard_msgs) JobProgress: {'identifier': 'ur_dashboard_msgs', 'progress': 'build'}
[2.059780] (ur_dashboard_msgs) Command: {'cmd': ['/usr/bin/cmake', '--build', '/home/com9/uet_ws/build/ur_dashboard_msgs'], 'cwd': '/home/com9/uet_ws/build/ur_dashboard_msgs', 'env': OrderedDict([('LESSOPEN', '| /usr/bin/lesspipe %s'), ('CMAKE_BUILD_PARALLEL_LEVEL', '1'), ('USER', 'com9'), ('XDG_SESSION_TYPE', 'wayland'), ('SHLVL', '1'), ('LD_LIBRARY_PATH', '/opt/ros/humble/opt/rviz_ogre_vendor/lib:/opt/ros/humble/lib/x86_64-linux-gnu:/opt/ros/humble/lib'), ('HOME', '/home/com9'), ('CONDA_SHLVL', '0'), ('CYCLONEDDS_URI', '<CycloneDDS><Domain><General><DontRoute>true</></></></>'), ('OLDPWD', '/home/com9'), ('DESKTOP_SESSION', 'ubuntu'), ('ROS_PYTHON_VERSION', '3'), ('GNOME_SHELL_SESSION_MODE', 'ubuntu'), ('GTK_MODULES', 'gail:atk-bridge'), ('MAKEFLAGS', '-j1'), ('SYSTEMD_EXEC_PID', '17504'), ('IM_CONFIG_CHECK_ENV', '1'), ('DBUS_SESSION_BUS_ADDRESS', 'unix:path=/run/user/1000/bus'), ('COLORTERM', 'truecolor'), ('_CE_M', ''), ('_CONDA_ROOT', '/home/com9/miniconda3'), ('IM_CONFIG_PHASE', '1'), ('WAYLAND_DISPLAY', 'wayland-0'), ('ROS_DISTRO', 'humble'), ('LOGNAME', 'com9'), ('_', '/usr/bin/colcon'), ('ROS_VERSION', '2'), ('XDG_SESSION_CLASS', 'user'), ('USERNAME', 'com9'), ('TERM', 'xterm-256color'), ('GNOME_DESKTOP_SESSION_ID', 'this-is-deprecated'), ('_CE_CONDA', ''), ('ROS_LOCALHOST_ONLY', '0'), ('PATH', '/opt/ros/humble/bin:/home/com9/.local/bin:/home/com9/miniconda3/condabin:/home/com9/.local/bin:/home/com9/.local/bin:/home/com9/.local/bin:/home/com9/.local/bin:/usr/local/sbin:/usr/local/bin:/usr/sbin:/usr/bin:/sbin:/bin:/usr/games:/usr/local/games:/snap/bin:/snap/bin'), ('SESSION_MANAGER', 'local/com9:@/tmp/.ICE-unix/17475,unix/com9:/tmp/.ICE-unix/17475'), ('XDG_MENU_PREFIX', 'gnome-'), ('GNOME_TERMINAL_SCREEN', '/org/gnome/Terminal/screen/1e4f803a_2b37_47e5_adad_92bb3b9bc006'), ('GNOME_SETUP_DISPLAY', ':1'), ('XDG_RUNTIME_DIR', '/run/user/1000'), ('DISPLAY', ':0'), ('LANG', 'en_US.UTF-8'), ('XDG_CURRENT_DESKTOP', 'ubuntu:GNOME'), ('XMODIFIERS', '@im=ibus'), ('XDG_SESSION_DESKTOP', 'ubuntu'), ('XAUTHORITY', '/run/user/1000/.mutter-Xwaylandauth.W7ZTS3'), ('LS_COLORS', 'rs=0:di=01;34:ln=01;36:mh=00:pi=40;33:so=01;35:do=01;35:bd=40;33;01:cd=40;33;01:or=40;31;01:mi=00:su=37;41:sg=30;43:ca=30;41:tw=30;42:ow=34;42:st=37;44:ex=01;32:*.tar=01;31:*.tgz=01;31:*.arc=01;31:*.arj=01;31:*.taz=01;31:*.lha=01;31:*.lz4=01;31:*.lzh=01;31:*.lzma=01;31:*.tlz=01;31:*.txz=01;31:*.tzo=01;31:*.t7z=01;31:*.zip=01;31:*.z=01;31:*.dz=01;31:*.gz=01;31:*.lrz=01;31:*.lz=01;31:*.lzo=01;31:*.xz=01;31:*.zst=01;31:*.tzst=01;31:*.bz2=01;31:*.bz=01;31:*.tbz=01;31:*.tbz2=01;31:*.tz=01;31:*.deb=01;31:*.rpm=01;31:*.jar=01;31:*.war=01;31:*.ear=01;31:*.sar=01;31:*.rar=01;31:*.alz=01;31:*.ace=01;31:*.zoo=01;31:*.cpio=01;31:*.7z=01;31:*.rz=01;31:*.cab=01;31:*.wim=01;31:*.swm=01;31:*.dwm=01;31:*.esd=01;31:*.jpg=01;35:*.jpeg=01;35:*.mjpg=01;35:*.mjpeg=01;35:*.gif=01;35:*.bmp=01;35:*.pbm=01;35:*.pgm=01;35:*.ppm=01;35:*.tga=01;35:*.xbm=01;35:*.xpm=01;35:*.tif=01;35:*.tiff=01;35:*.png=01;35:*.svg=01;35:*.svgz=01;35:*.mng=01;35:*.pcx=01;35:*.mov=01;35:*.mpg=01;35:*.mpeg=01;35:*.m2v=01;35:*.mkv=01;35:*.webm=01;35:*.webp=01;35:*.ogm=01;35:*.mp4=01;35:*.m4v=01;35:*.mp4v=01;35:*.vob=01;35:*.qt=01;35:*.nuv=01;35:*.wmv=01;35:*.asf=01;35:*.rm=01;35:*.rmvb=01;35:*.flc=01;35:*.avi=01;35:*.fli=01;35:*.flv=01;35:*.gl=01;35:*.dl=01;35:*.xcf=01;35:*.xwd=01;35:*.yuv=01;35:*.cgm=01;35:*.emf=01;35:*.ogv=01;35:*.ogx=01;35:*.aac=00;36:*.au=00;36:*.flac=00;36:*.m4a=00;36:*.mid=00;36:*.midi=00;36:*.mka=00;36:*.mp3=00;36:*.mpc=00;36:*.ogg=00;36:*.ra=00;36:*.wav=00;36:*.oga=00;36:*.opus=00;36:*.spx=00;36:*.xspf=00;36:'), ('GNOME_TERMINAL_SERVICE', ':1.363'), ('SSH_AGENT_LAUNCHER', 'gnome-keyring'), ('SSH_AUTH_SOCK', '/run/user/1000/keyring/ssh'), ('AMENT_PREFIX_PATH', '/opt/ros/humble'), ('CONDA_PYTHON_EXE', '/home/com9/miniconda3/bin/python'), ('SHELL', '/bin/bash'), ('QT_ACCESSIBILITY', '1'), ('GDMSESSION', 'ubuntu'), ('LESSCLOSE', '/usr/bin/lesspipe %s %s'), ('_CONDA_EXE', '/home/com9/miniconda3/bin/conda'), ('QT_IM_MODULE', 'ibus'), ('PWD', '/home/com9/uet_ws/build/ur_dashboard_msgs'), ('LC_ALL', 'en_US.UTF-8'), ('XDG_CONFIG_DIRS', '/etc/xdg/xdg-ubuntu:/etc/xdg'), ('CONDA_EXE', '/home/com9/miniconda3/bin/conda'), ('XDG_DATA_DIRS', '/usr/share/ubuntu:/usr/local/share/:/usr/share/:/var/lib/snapd/desktop'), ('PYTHONPATH', '/opt/ros/humble/lib/python3.10/site-packages:/opt/ros/humble/local/lib/python3.10/dist-packages'), ('COLCON', '1'), ('VTE_VERSION', '6800'), ('CMAKE_PREFIX_PATH', '/opt/ros/humble')]), 'shell': False}
[2.100118] (ur_dashboard_msgs) StdoutLine: {'line': b'[  1%] Built target ur_dashboard_msgs__rs\n'}
[2.102667] (-) TimerEvent: {}
[2.111158] (ur_dashboard_msgs) StdoutLine: {'line': b'\x1b[35m\x1b[1mConsolidate compiler generated dependencies of target ur_dashboard_msgs__rosidl_generator_c\x1b[0m\n'}
[2.125001] (ur_dashboard_msgs) StdoutLine: {'line': b'[ 13%] Built target ur_dashboard_msgs__rosidl_generator_c\n'}
[2.139695] (ur_dashboard_msgs) StdoutLine: {'line': b'\x1b[35m\x1b[1mConsolidate compiler generated dependencies of target ur_dashboard_msgs__rosidl_typesupport_fastrtps_c\x1b[0m\n'}
[2.162048] (ur_dashboard_msgs) StdoutLine: {'line': b'[ 25%] Built target ur_dashboard_msgs__rosidl_typesupport_fastrtps_c\n'}
[2.173878] (ur_dashboard_msgs) StdoutLine: {'line': b'\x1b[35m\x1b[1mConsolidate compiler generated dependencies of target ur_dashboard_msgs__rosidl_typesupport_introspection_c\x1b[0m\n'}
[2.187239] (ur_dashboard_msgs) StdoutLine: {'line': b'[ 37%] Built target ur_dashboard_msgs__rosidl_typesupport_introspection_c\n'}
[2.199424] (ur_dashboard_msgs) StdoutLine: {'line': b'\x1b[35m\x1b[1mConsolidate compiler generated dependencies of target ur_dashboard_msgs__rosidl_typesupport_c\x1b[0m\n'}
[2.202761] (-) TimerEvent: {}
[2.210937] (ur_dashboard_msgs) StdoutLine: {'line': b'[ 49%] Built target ur_dashboard_msgs__rosidl_typesupport_c\n'}
[2.226535] (ur_dashboard_msgs) StdoutLine: {'line': b'[ 49%] Built target ur_dashboard_msgs__cpp\n'}
[2.243735] (ur_dashboard_msgs) StdoutLine: {'line': b'\x1b[35m\x1b[1mConsolidate compiler generated dependencies of target ur_dashboard_msgs__rosidl_typesupport_fastrtps_cpp\x1b[0m\n'}
[2.273250] (ur_dashboard_msgs) StdoutLine: {'line': b'[ 61%] Built target ur_dashboard_msgs__rosidl_typesupport_fastrtps_cpp\n'}
[2.285371] (ur_dashboard_msgs) StdoutLine: {'line': b'\x1b[35m\x1b[1mConsolidate compiler generated dependencies of target ur_dashboard_msgs__rosidl_typesupport_introspection_cpp\x1b[0m\n'}
[2.302858] (-) TimerEvent: {}
[2.304089] (ur_dashboard_msgs) StdoutLine: {'line': b'[ 73%] Built target ur_dashboard_msgs__rosidl_typesupport_introspection_cpp\n'}
[2.317203] (ur_dashboard_msgs) StdoutLine: {'line': b'\x1b[35m\x1b[1mConsolidate compiler generated dependencies of target ur_dashboard_msgs__rosidl_typesupport_cpp\x1b[0m\n'}
[2.335272] (ur_dashboard_msgs) StdoutLine: {'line': b'[ 85%] Built target ur_dashboard_msgs__rosidl_typesupport_cpp\n'}
[2.348997] (ur_dashboard_msgs) StdoutLine: {'line': b'[ 85%] Built target ur_dashboard_msgs\n'}
[2.373387] (ur_dashboard_msgs) StdoutLine: {'line': b'[ 85%] Built target ament_cmake_python_copy_ur_dashboard_msgs\n'}
[2.402963] (-) TimerEvent: {}
[2.492631] (ur_dashboard_msgs) StdoutLine: {'line': b'running egg_info\n'}
[2.492971] (ur_dashboard_msgs) StdoutLine: {'line': b'writing ur_dashboard_msgs.egg-info/PKG-INFO\n'}
[2.493100] (ur_dashboard_msgs) StdoutLine: {'line': b'writing dependency_links to ur_dashboard_msgs.egg-info/dependency_links.txt\n'}
[2.493182] (ur_dashboard_msgs) StdoutLine: {'line': b'writing top-level names to ur_dashboard_msgs.egg-info/top_level.txt\n'}
[2.494431] (ur_dashboard_msgs) StdoutLine: {'line': b"reading manifest file 'ur_dashboard_msgs.egg-info/SOURCES.txt'\n"}
[2.494759] (ur_dashboard_msgs) StdoutLine: {'line': b"writing manifest file 'ur_dashboard_msgs.egg-info/SOURCES.txt'\n"}
[2.503122] (-) TimerEvent: {}
[2.511178] (ur_dashboard_msgs) StdoutLine: {'line': b'[ 85%] Built target ament_cmake_python_build_ur_dashboard_msgs_egg\n'}
[2.526746] (ur_dashboard_msgs) StdoutLine: {'line': b'[ 85%] Built target ur_dashboard_msgs__py\n'}
[2.540179] (ur_dashboard_msgs) StdoutLine: {'line': b'\x1b[35m\x1b[1mConsolidate compiler generated dependencies of target ur_dashboard_msgs__rosidl_generator_py\x1b[0m\n'}
[2.562856] (ur_dashboard_msgs) StdoutLine: {'line': b'[ 97%] Built target ur_dashboard_msgs__rosidl_generator_py\n'}
[2.569979] (ur_dashboard_msgs) StdoutLine: {'line': b'\x1b[35m\x1b[1mConsolidate compiler generated dependencies of target ur_dashboard_msgs__rosidl_typesupport_fastrtps_c__pyext\x1b[0m\n'}
[2.577844] (ur_dashboard_msgs) StdoutLine: {'line': b'[ 98%] Built target ur_dashboard_msgs__rosidl_typesupport_fastrtps_c__pyext\n'}
[2.584845] (ur_dashboard_msgs) StdoutLine: {'line': b'\x1b[35m\x1b[1mConsolidate compiler generated dependencies of target ur_dashboard_msgs__rosidl_typesupport_introspection_c__pyext\x1b[0m\n'}
[2.594473] (ur_dashboard_msgs) StdoutLine: {'line': b'[ 99%] Built target ur_dashboard_msgs__rosidl_typesupport_introspection_c__pyext\n'}
[2.601477] (ur_dashboard_msgs) StdoutLine: {'line': b'\x1b[35m\x1b[1mConsolidate compiler generated dependencies of target ur_dashboard_msgs__rosidl_typesupport_c__pyext\x1b[0m\n'}
[2.603214] (-) TimerEvent: {}
[2.609512] (ur_dashboard_msgs) StdoutLine: {'line': b'[100%] Built target ur_dashboard_msgs__rosidl_typesupport_c__pyext\n'}
[2.616284] (ur_dashboard_msgs) CommandEnded: {'returncode': 0}
[2.617118] (ur_dashboard_msgs) JobProgress: {'identifier': 'ur_dashboard_msgs', 'progress': 'install'}
[2.617343] (ur_dashboard_msgs) Command: {'cmd': ['/usr/bin/cmake', '--install', '/home/com9/uet_ws/build/ur_dashboard_msgs'], 'cwd': '/home/com9/uet_ws/build/ur_dashboard_msgs', 'env': OrderedDict([('LESSOPEN', '| /usr/bin/lesspipe %s'), ('CMAKE_BUILD_PARALLEL_LEVEL', '1'), ('USER', 'com9'), ('XDG_SESSION_TYPE', 'wayland'), ('SHLVL', '1'), ('LD_LIBRARY_PATH', '/opt/ros/humble/opt/rviz_ogre_vendor/lib:/opt/ros/humble/lib/x86_64-linux-gnu:/opt/ros/humble/lib'), ('HOME', '/home/com9'), ('CONDA_SHLVL', '0'), ('CYCLONEDDS_URI', '<CycloneDDS><Domain><General><DontRoute>true</></></></>'), ('OLDPWD', '/home/com9'), ('DESKTOP_SESSION', 'ubuntu'), ('ROS_PYTHON_VERSION', '3'), ('GNOME_SHELL_SESSION_MODE', 'ubuntu'), ('GTK_MODULES', 'gail:atk-bridge'), ('MAKEFLAGS', '-j1'), ('SYSTEMD_EXEC_PID', '17504'), ('IM_CONFIG_CHECK_ENV', '1'), ('DBUS_SESSION_BUS_ADDRESS', 'unix:path=/run/user/1000/bus'), ('COLORTERM', 'truecolor'), ('_CE_M', ''), ('_CONDA_ROOT', '/home/com9/miniconda3'), ('IM_CONFIG_PHASE', '1'), ('WAYLAND_DISPLAY', 'wayland-0'), ('ROS_DISTRO', 'humble'), ('LOGNAME', 'com9'), ('_', '/usr/bin/colcon'), ('ROS_VERSION', '2'), ('XDG_SESSION_CLASS', 'user'), ('USERNAME', 'com9'), ('TERM', 'xterm-256color'), ('GNOME_DESKTOP_SESSION_ID', 'this-is-deprecated'), ('_CE_CONDA', ''), ('ROS_LOCALHOST_ONLY', '0'), ('PATH', '/opt/ros/humble/bin:/home/com9/.local/bin:/home/com9/miniconda3/condabin:/home/com9/.local/bin:/home/com9/.local/bin:/home/com9/.local/bin:/home/com9/.local/bin:/usr/local/sbin:/usr/local/bin:/usr/sbin:/usr/bin:/sbin:/bin:/usr/games:/usr/local/games:/snap/bin:/snap/bin'), ('SESSION_MANAGER', 'local/com9:@/tmp/.ICE-unix/17475,unix/com9:/tmp/.ICE-unix/17475'), ('XDG_MENU_PREFIX', 'gnome-'), ('GNOME_TERMINAL_SCREEN', '/org/gnome/Terminal/screen/1e4f803a_2b37_47e5_adad_92bb3b9bc006'), ('GNOME_SETUP_DISPLAY', ':1'), ('XDG_RUNTIME_DIR', '/run/user/1000'), ('DISPLAY', ':0'), ('LANG', 'en_US.UTF-8'), ('XDG_CURRENT_DESKTOP', 'ubuntu:GNOME'), ('XMODIFIERS', '@im=ibus'), ('XDG_SESSION_DESKTOP', 'ubuntu'), ('XAUTHORITY', '/run/user/1000/.mutter-Xwaylandauth.W7ZTS3'), ('LS_COLORS', 'rs=0:di=01;34:ln=01;36:mh=00:pi=40;33:so=01;35:do=01;35:bd=40;33;01:cd=40;33;01:or=40;31;01:mi=00:su=37;41:sg=30;43:ca=30;41:tw=30;42:ow=34;42:st=37;44:ex=01;32:*.tar=01;31:*.tgz=01;31:*.arc=01;31:*.arj=01;31:*.taz=01;31:*.lha=01;31:*.lz4=01;31:*.lzh=01;31:*.lzma=01;31:*.tlz=01;31:*.txz=01;31:*.tzo=01;31:*.t7z=01;31:*.zip=01;31:*.z=01;31:*.dz=01;31:*.gz=01;31:*.lrz=01;31:*.lz=01;31:*.lzo=01;31:*.xz=01;31:*.zst=01;31:*.tzst=01;31:*.bz2=01;31:*.bz=01;31:*.tbz=01;31:*.tbz2=01;31:*.tz=01;31:*.deb=01;31:*.rpm=01;31:*.jar=01;31:*.war=01;31:*.ear=01;31:*.sar=01;31:*.rar=01;31:*.alz=01;31:*.ace=01;31:*.zoo=01;31:*.cpio=01;31:*.7z=01;31:*.rz=01;31:*.cab=01;31:*.wim=01;31:*.swm=01;31:*.dwm=01;31:*.esd=01;31:*.jpg=01;35:*.jpeg=01;35:*.mjpg=01;35:*.mjpeg=01;35:*.gif=01;35:*.bmp=01;35:*.pbm=01;35:*.pgm=01;35:*.ppm=01;35:*.tga=01;35:*.xbm=01;35:*.xpm=01;35:*.tif=01;35:*.tiff=01;35:*.png=01;35:*.svg=01;35:*.svgz=01;35:*.mng=01;35:*.pcx=01;35:*.mov=01;35:*.mpg=01;35:*.mpeg=01;35:*.m2v=01;35:*.mkv=01;35:*.webm=01;35:*.webp=01;35:*.ogm=01;35:*.mp4=01;35:*.m4v=01;35:*.mp4v=01;35:*.vob=01;35:*.qt=01;35:*.nuv=01;35:*.wmv=01;35:*.asf=01;35:*.rm=01;35:*.rmvb=01;35:*.flc=01;35:*.avi=01;35:*.fli=01;35:*.flv=01;35:*.gl=01;35:*.dl=01;35:*.xcf=01;35:*.xwd=01;35:*.yuv=01;35:*.cgm=01;35:*.emf=01;35:*.ogv=01;35:*.ogx=01;35:*.aac=00;36:*.au=00;36:*.flac=00;36:*.m4a=00;36:*.mid=00;36:*.midi=00;36:*.mka=00;36:*.mp3=00;36:*.mpc=00;36:*.ogg=00;36:*.ra=00;36:*.wav=00;36:*.oga=00;36:*.opus=00;36:*.spx=00;36:*.xspf=00;36:'), ('GNOME_TERMINAL_SERVICE', ':1.363'), ('SSH_AGENT_LAUNCHER', 'gnome-keyring'), ('SSH_AUTH_SOCK', '/run/user/1000/keyring/ssh'), ('AMENT_PREFIX_PATH', '/opt/ros/humble'), ('CONDA_PYTHON_EXE', '/home/com9/miniconda3/bin/python'), ('SHELL', '/bin/bash'), ('QT_ACCESSIBILITY', '1'), ('GDMSESSION', 'ubuntu'), ('LESSCLOSE', '/usr/bin/lesspipe %s %s'), ('_CONDA_EXE', '/home/com9/miniconda3/bin/conda'), ('QT_IM_MODULE', 'ibus'), ('PWD', '/home/com9/uet_ws/build/ur_dashboard_msgs'), ('LC_ALL', 'en_US.UTF-8'), ('XDG_CONFIG_DIRS', '/etc/xdg/xdg-ubuntu:/etc/xdg'), ('CONDA_EXE', '/home/com9/miniconda3/bin/conda'), ('XDG_DATA_DIRS', '/usr/share/ubuntu:/usr/local/share/:/usr/share/:/var/lib/snapd/desktop'), ('PYTHONPATH', '/opt/ros/humble/lib/python3.10/site-packages:/opt/ros/humble/local/lib/python3.10/dist-packages'), ('COLCON', '1'), ('VTE_VERSION', '6800'), ('CMAKE_PREFIX_PATH', '/opt/ros/humble')]), 'shell': False}
[2.622951] (ur_dashboard_msgs) StdoutLine: {'line': b'-- Install configuration: ""\n'}
[2.623008] (ur_dashboard_msgs) StdoutLine: {'line': b'-- Up-to-date: /home/com9/uet_ws/install/ur_dashboard_msgs/share/ament_index/resource_index/rosidl_interfaces/ur_dashboard_msgs\n'}
[2.623093] (ur_dashboard_msgs) StdoutLine: {'line': b'-- Up-to-date: /home/com9/uet_ws/install/ur_dashboard_msgs/include/ur_dashboard_msgs/ur_dashboard_msgs\n'}
[2.623137] (ur_dashboard_msgs) StdoutLine: {'line': b'-- Up-to-date: /home/com9/uet_ws/install/ur_dashboard_msgs/include/ur_dashboard_msgs/ur_dashboard_msgs/msg\n'}
[2.623183] (ur_dashboard_msgs) StdoutLine: {'line': b'-- Up-to-date: /home/com9/uet_ws/install/ur_dashboard_msgs/include/ur_dashboard_msgs/ur_dashboard_msgs/msg/safety_status.h\n'}
[2.623243] (ur_dashboard_msgs) StdoutLine: {'line': b'-- Up-to-date: /home/com9/uet_ws/install/ur_dashboard_msgs/include/ur_dashboard_msgs/ur_dashboard_msgs/msg/program_state.h\n'}
[2.623303] (ur_dashboard_msgs) StdoutLine: {'line': b'-- Up-to-date: /home/com9/uet_ws/install/ur_dashboard_msgs/include/ur_dashboard_msgs/ur_dashboard_msgs/msg/user_role.h\n'}
[2.623338] (ur_dashboard_msgs) StdoutLine: {'line': b'-- Up-to-date: /home/com9/uet_ws/install/ur_dashboard_msgs/include/ur_dashboard_msgs/ur_dashboard_msgs/msg/rosidl_generator_c__visibility_control.h\n'}
[2.623385] (ur_dashboard_msgs) StdoutLine: {'line': b'-- Up-to-date: /home/com9/uet_ws/install/ur_dashboard_msgs/include/ur_dashboard_msgs/ur_dashboard_msgs/msg/program_information.h\n'}
[2.623418] (ur_dashboard_msgs) StdoutLine: {'line': b'-- Up-to-date: /home/com9/uet_ws/install/ur_dashboard_msgs/include/ur_dashboard_msgs/ur_dashboard_msgs/msg/operational_mode.h\n'}
[2.623460] (ur_dashboard_msgs) StdoutLine: {'line': b'-- Up-to-date: /home/com9/uet_ws/install/ur_dashboard_msgs/include/ur_dashboard_msgs/ur_dashboard_msgs/msg/safety_mode.h\n'}
[2.623492] (ur_dashboard_msgs) StdoutLine: {'line': b'-- Up-to-date: /home/com9/uet_ws/install/ur_dashboard_msgs/include/ur_dashboard_msgs/ur_dashboard_msgs/msg/version_information.h\n'}
[2.623531] (ur_dashboard_msgs) StdoutLine: {'line': b'-- Up-to-date: /home/com9/uet_ws/install/ur_dashboard_msgs/include/ur_dashboard_msgs/ur_dashboard_msgs/msg/robot_mode.h\n'}
[2.623586] (ur_dashboard_msgs) StdoutLine: {'line': b'-- Up-to-date: /home/com9/uet_ws/install/ur_dashboard_msgs/include/ur_dashboard_msgs/ur_dashboard_msgs/msg/detail\n'}
[2.623633] (ur_dashboard_msgs) StdoutLine: {'line': b'-- Up-to-date: /home/com9/uet_ws/install/ur_dashboard_msgs/include/ur_dashboard_msgs/ur_dashboard_msgs/msg/detail/safety_status__type_support.h\n'}
[2.623665] (ur_dashboard_msgs) StdoutLine: {'line': b'-- Up-to-date: /home/com9/uet_ws/install/ur_dashboard_msgs/include/ur_dashboard_msgs/ur_dashboard_msgs/msg/detail/program_information__functions.h\n'}
[2.623702] (ur_dashboard_msgs) StdoutLine: {'line': b'-- Up-to-date: /home/com9/uet_ws/install/ur_dashboard_msgs/include/ur_dashboard_msgs/ur_dashboard_msgs/msg/detail/operational_mode__struct.h\n'}
[2.623734] (ur_dashboard_msgs) StdoutLine: {'line': b'-- Up-to-date: /home/com9/uet_ws/install/ur_dashboard_msgs/include/ur_dashboard_msgs/ur_dashboard_msgs/msg/detail/safety_mode__struct.h\n'}
[2.623799] (ur_dashboard_msgs) StdoutLine: {'line': b'-- Up-to-date: /home/com9/uet_ws/install/ur_dashboard_msgs/include/ur_dashboard_msgs/ur_dashboard_msgs/msg/detail/version_information__functions.h\n'}
[2.623831] (ur_dashboard_msgs) StdoutLine: {'line': b'-- Up-to-date: /home/com9/uet_ws/install/ur_dashboard_msgs/include/ur_dashboard_msgs/ur_dashboard_msgs/msg/detail/user_role__functions.h\n'}
[2.623862] (ur_dashboard_msgs) StdoutLine: {'line': b'-- Up-to-date: /home/com9/uet_ws/install/ur_dashboard_msgs/include/ur_dashboard_msgs/ur_dashboard_msgs/msg/detail/robot_mode__functions.c\n'}
[2.623895] (ur_dashboard_msgs) StdoutLine: {'line': b'-- Up-to-date: /home/com9/uet_ws/install/ur_dashboard_msgs/include/ur_dashboard_msgs/ur_dashboard_msgs/msg/detail/operational_mode__type_support.h\n'}
[2.623934] (ur_dashboard_msgs) StdoutLine: {'line': b'-- Up-to-date: /home/com9/uet_ws/install/ur_dashboard_msgs/include/ur_dashboard_msgs/ur_dashboard_msgs/msg/detail/safety_status__functions.c\n'}
[2.623965] (ur_dashboard_msgs) StdoutLine: {'line': b'-- Up-to-date: /home/com9/uet_ws/install/ur_dashboard_msgs/include/ur_dashboard_msgs/ur_dashboard_msgs/msg/detail/safety_status__struct.h\n'}
[2.623996] (ur_dashboard_msgs) StdoutLine: {'line': b'-- Up-to-date: /home/com9/uet_ws/install/ur_dashboard_msgs/include/ur_dashboard_msgs/ur_dashboard_msgs/msg/detail/safety_mode__type_support.h\n'}
[2.624052] (ur_dashboard_msgs) StdoutLine: {'line': b'-- Up-to-date: /home/com9/uet_ws/install/ur_dashboard_msgs/include/ur_dashboard_msgs/ur_dashboard_msgs/msg/detail/program_information__struct.h\n'}
[2.624115] (ur_dashboard_msgs) StdoutLine: {'line': b'-- Up-to-date: /home/com9/uet_ws/install/ur_dashboard_msgs/include/ur_dashboard_msgs/ur_dashboard_msgs/msg/detail/program_state__functions.c\n'}
[2.624159] (ur_dashboard_msgs) StdoutLine: {'line': b'-- Up-to-date: /home/com9/uet_ws/install/ur_dashboard_msgs/include/ur_dashboard_msgs/ur_dashboard_msgs/msg/detail/program_state__functions.h\n'}
[2.624213] (ur_dashboard_msgs) StdoutLine: {'line': b'-- Up-to-date: /home/com9/uet_ws/install/ur_dashboard_msgs/include/ur_dashboard_msgs/ur_dashboard_msgs/msg/detail/version_information__functions.c\n'}
[2.624245] (ur_dashboard_msgs) StdoutLine: {'line': b'-- Up-to-date: /home/com9/uet_ws/install/ur_dashboard_msgs/include/ur_dashboard_msgs/ur_dashboard_msgs/msg/detail/safety_mode__functions.h\n'}
[2.624276] (ur_dashboard_msgs) StdoutLine: {'line': b'-- Up-to-date: /home/com9/uet_ws/install/ur_dashboard_msgs/include/ur_dashboard_msgs/ur_dashboard_msgs/msg/detail/user_role__functions.c\n'}
[2.624315] (ur_dashboard_msgs) StdoutLine: {'line': b'-- Up-to-date: /home/com9/uet_ws/install/ur_dashboard_msgs/include/ur_dashboard_msgs/ur_dashboard_msgs/msg/detail/operational_mode__functions.h\n'}
[2.624347] (ur_dashboard_msgs) StdoutLine: {'line': b'-- Up-to-date: /home/com9/uet_ws/install/ur_dashboard_msgs/include/ur_dashboard_msgs/ur_dashboard_msgs/msg/detail/user_role__struct.h\n'}
[2.624398] (ur_dashboard_msgs) StdoutLine: {'line': b'-- Up-to-date: /home/com9/uet_ws/install/ur_dashboard_msgs/include/ur_dashboard_msgs/ur_dashboard_msgs/msg/detail/program_state__struct.h\n'}
[2.624468] (ur_dashboard_msgs) StdoutLine: {'line': b'-- Up-to-date: /home/com9/uet_ws/install/ur_dashboard_msgs/include/ur_dashboard_msgs/ur_dashboard_msgs/msg/detail/robot_mode__struct.h\n'}
[2.624658] (ur_dashboard_msgs) StdoutLine: {'line': b'-- Up-to-date: /home/com9/uet_ws/install/ur_dashboard_msgs/include/ur_dashboard_msgs/ur_dashboard_msgs/msg/detail/operational_mode__functions.c\n'}
[2.624725] (ur_dashboard_msgs) StdoutLine: {'line': b'-- Up-to-date: /home/com9/uet_ws/install/ur_dashboard_msgs/include/ur_dashboard_msgs/ur_dashboard_msgs/msg/detail/user_role__type_support.h\n'}
[2.624761] (ur_dashboard_msgs) StdoutLine: {'line': b'-- Up-to-date: /home/com9/uet_ws/install/ur_dashboard_msgs/include/ur_dashboard_msgs/ur_dashboard_msgs/msg/detail/safety_status__functions.h\n'}
[2.624803] (ur_dashboard_msgs) StdoutLine: {'line': b'-- Up-to-date: /home/com9/uet_ws/install/ur_dashboard_msgs/include/ur_dashboard_msgs/ur_dashboard_msgs/msg/detail/program_information__type_support.h\n'}
[2.624837] (ur_dashboard_msgs) StdoutLine: {'line': b'-- Up-to-date: /home/com9/uet_ws/install/ur_dashboard_msgs/include/ur_dashboard_msgs/ur_dashboard_msgs/msg/detail/program_state__type_support.h\n'}
[2.624870] (ur_dashboard_msgs) StdoutLine: {'line': b'-- Up-to-date: /home/com9/uet_ws/install/ur_dashboard_msgs/include/ur_dashboard_msgs/ur_dashboard_msgs/msg/detail/robot_mode__functions.h\n'}
[2.624944] (ur_dashboard_msgs) StdoutLine: {'line': b'-- Up-to-date: /home/com9/uet_ws/install/ur_dashboard_msgs/include/ur_dashboard_msgs/ur_dashboard_msgs/msg/detail/version_information__struct.h\n'}
[2.624992] (ur_dashboard_msgs) StdoutLine: {'line': b'-- Up-to-date: /home/com9/uet_ws/install/ur_dashboard_msgs/include/ur_dashboard_msgs/ur_dashboard_msgs/msg/detail/robot_mode__type_support.h\n'}
[2.625024] (ur_dashboard_msgs) StdoutLine: {'line': b'-- Up-to-date: /home/com9/uet_ws/install/ur_dashboard_msgs/include/ur_dashboard_msgs/ur_dashboard_msgs/msg/detail/program_information__functions.c\n'}
[2.625057] (ur_dashboard_msgs) StdoutLine: {'line': b'-- Up-to-date: /home/com9/uet_ws/install/ur_dashboard_msgs/include/ur_dashboard_msgs/ur_dashboard_msgs/msg/detail/safety_mode__functions.c\n'}
[2.625101] (ur_dashboard_msgs) StdoutLine: {'line': b'-- Up-to-date: /home/com9/uet_ws/install/ur_dashboard_msgs/include/ur_dashboard_msgs/ur_dashboard_msgs/msg/detail/version_information__type_support.h\n'}
[2.625139] (ur_dashboard_msgs) StdoutLine: {'line': b'-- Up-to-date: /home/com9/uet_ws/install/ur_dashboard_msgs/include/ur_dashboard_msgs/ur_dashboard_msgs/srv\n'}
[2.625169] (ur_dashboard_msgs) StdoutLine: {'line': b'-- Up-to-date: /home/com9/uet_ws/install/ur_dashboard_msgs/include/ur_dashboard_msgs/ur_dashboard_msgs/srv/download_program.h\n'}
[2.625201] (ur_dashboard_msgs) StdoutLine: {'line': b'-- Up-to-date: /home/com9/uet_ws/install/ur_dashboard_msgs/include/ur_dashboard_msgs/ur_dashboard_msgs/srv/get_serial_number.h\n'}
[2.625244] (ur_dashboard_msgs) StdoutLine: {'line': b'-- Up-to-date: /home/com9/uet_ws/install/ur_dashboard_msgs/include/ur_dashboard_msgs/ur_dashboard_msgs/srv/get_poly_scope_version.h\n'}
[2.625276] (ur_dashboard_msgs) StdoutLine: {'line': b'-- Up-to-date: /home/com9/uet_ws/install/ur_dashboard_msgs/include/ur_dashboard_msgs/ur_dashboard_msgs/srv/get_program_state.h\n'}
[2.625308] (ur_dashboard_msgs) StdoutLine: {'line': b'-- Up-to-date: /home/com9/uet_ws/install/ur_dashboard_msgs/include/ur_dashboard_msgs/ur_dashboard_msgs/srv/popup.h\n'}
[2.625346] (ur_dashboard_msgs) StdoutLine: {'line': b'-- Up-to-date: /home/com9/uet_ws/install/ur_dashboard_msgs/include/ur_dashboard_msgs/ur_dashboard_msgs/srv/set_user_role.h\n'}
[2.625404] (ur_dashboard_msgs) StdoutLine: {'line': b'-- Up-to-date: /home/com9/uet_ws/install/ur_dashboard_msgs/include/ur_dashboard_msgs/ur_dashboard_msgs/srv/get_user_role.h\n'}
[2.625459] (ur_dashboard_msgs) StdoutLine: {'line': b'-- Up-to-date: /home/com9/uet_ws/install/ur_dashboard_msgs/include/ur_dashboard_msgs/ur_dashboard_msgs/srv/is_program_saved.h\n'}
[2.625491] (ur_dashboard_msgs) StdoutLine: {'line': b'-- Up-to-date: /home/com9/uet_ws/install/ur_dashboard_msgs/include/ur_dashboard_msgs/ur_dashboard_msgs/srv/get_operational_mode.h\n'}
[2.625529] (ur_dashboard_msgs) StdoutLine: {'line': b'-- Up-to-date: /home/com9/uet_ws/install/ur_dashboard_msgs/include/ur_dashboard_msgs/ur_dashboard_msgs/srv/generate_flight_report.h\n'}
[2.625560] (ur_dashboard_msgs) StdoutLine: {'line': b'-- Up-to-date: /home/com9/uet_ws/install/ur_dashboard_msgs/include/ur_dashboard_msgs/ur_dashboard_msgs/srv/add_to_log.h\n'}
[2.625591] (ur_dashboard_msgs) StdoutLine: {'line': b'-- Up-to-date: /home/com9/uet_ws/install/ur_dashboard_msgs/include/ur_dashboard_msgs/ur_dashboard_msgs/srv/is_program_running.h\n'}
[2.625621] (ur_dashboard_msgs) StdoutLine: {'line': b'-- Up-to-date: /home/com9/uet_ws/install/ur_dashboard_msgs/include/ur_dashboard_msgs/ur_dashboard_msgs/srv/generate_support_file.h\n'}
[2.625667] (ur_dashboard_msgs) StdoutLine: {'line': b'-- Up-to-date: /home/com9/uet_ws/install/ur_dashboard_msgs/include/ur_dashboard_msgs/ur_dashboard_msgs/srv/get_robot_model.h\n'}
[2.625698] (ur_dashboard_msgs) StdoutLine: {'line': b'-- Up-to-date: /home/com9/uet_ws/install/ur_dashboard_msgs/include/ur_dashboard_msgs/ur_dashboard_msgs/srv/is_in_remote_control.h\n'}
[2.625730] (ur_dashboard_msgs) StdoutLine: {'line': b'-- Up-to-date: /home/com9/uet_ws/install/ur_dashboard_msgs/include/ur_dashboard_msgs/ur_dashboard_msgs/srv/raw_request.h\n'}
[2.625791] (ur_dashboard_msgs) StdoutLine: {'line': b'-- Up-to-date: /home/com9/uet_ws/install/ur_dashboard_msgs/include/ur_dashboard_msgs/ur_dashboard_msgs/srv/get_safety_mode.h\n'}
[2.625822] (ur_dashboard_msgs) StdoutLine: {'line': b'-- Up-to-date: /home/com9/uet_ws/install/ur_dashboard_msgs/include/ur_dashboard_msgs/ur_dashboard_msgs/srv/get_loaded_program.h\n'}
[2.625870] (ur_dashboard_msgs) StdoutLine: {'line': b'-- Up-to-date: /home/com9/uet_ws/install/ur_dashboard_msgs/include/ur_dashboard_msgs/ur_dashboard_msgs/srv/get_programs.h\n'}
[2.625918] (ur_dashboard_msgs) StdoutLine: {'line': b'-- Up-to-date: /home/com9/uet_ws/install/ur_dashboard_msgs/include/ur_dashboard_msgs/ur_dashboard_msgs/srv/load.h\n'}
[2.625950] (ur_dashboard_msgs) StdoutLine: {'line': b'-- Up-to-date: /home/com9/uet_ws/install/ur_dashboard_msgs/include/ur_dashboard_msgs/ur_dashboard_msgs/srv/set_operational_mode.h\n'}
[2.625980] (ur_dashboard_msgs) StdoutLine: {'line': b'-- Up-to-date: /home/com9/uet_ws/install/ur_dashboard_msgs/include/ur_dashboard_msgs/ur_dashboard_msgs/srv/detail\n'}
[2.626010] (ur_dashboard_msgs) StdoutLine: {'line': b'-- Up-to-date: /home/com9/uet_ws/install/ur_dashboard_msgs/include/ur_dashboard_msgs/ur_dashboard_msgs/srv/detail/generate_flight_report__functions.h\n'}
[2.626080] (ur_dashboard_msgs) StdoutLine: {'line': b'-- Up-to-date: /home/com9/uet_ws/install/ur_dashboard_msgs/include/ur_dashboard_msgs/ur_dashboard_msgs/srv/detail/generate_flight_report__struct.h\n'}
[2.626113] (ur_dashboard_msgs) StdoutLine: {'line': b'-- Up-to-date: /home/com9/uet_ws/install/ur_dashboard_msgs/include/ur_dashboard_msgs/ur_dashboard_msgs/srv/detail/get_serial_number__struct.h\n'}
[2.626144] (ur_dashboard_msgs) StdoutLine: {'line': b'-- Up-to-date: /home/com9/uet_ws/install/ur_dashboard_msgs/include/ur_dashboard_msgs/ur_dashboard_msgs/srv/detail/get_robot_mode__type_support.h\n'}
[2.626183] (ur_dashboard_msgs) StdoutLine: {'line': b'-- Up-to-date: /home/com9/uet_ws/install/ur_dashboard_msgs/include/ur_dashboard_msgs/ur_dashboard_msgs/srv/detail/get_robot_mode__functions.h\n'}
[2.626256] (ur_dashboard_msgs) StdoutLine: {'line': b'-- Up-to-date: /home/com9/uet_ws/install/ur_dashboard_msgs/include/ur_dashboard_msgs/ur_dashboard_msgs/srv/detail/get_poly_scope_version__functions.c\n'}
[2.626308] (ur_dashboard_msgs) StdoutLine: {'line': b'-- Up-to-date: /home/com9/uet_ws/install/ur_dashboard_msgs/include/ur_dashboard_msgs/ur_dashboard_msgs/srv/detail/get_loaded_program__functions.c\n'}
[2.626341] (ur_dashboard_msgs) StdoutLine: {'line': b'-- Up-to-date: /home/com9/uet_ws/install/ur_dashboard_msgs/include/ur_dashboard_msgs/ur_dashboard_msgs/srv/detail/generate_support_file__type_support.h\n'}
[2.626379] (ur_dashboard_msgs) StdoutLine: {'line': b'-- Up-to-date: /home/com9/uet_ws/install/ur_dashboard_msgs/include/ur_dashboard_msgs/ur_dashboard_msgs/srv/detail/generate_support_file__struct.h\n'}
[2.626410] (ur_dashboard_msgs) StdoutLine: {'line': b'-- Up-to-date: /home/com9/uet_ws/install/ur_dashboard_msgs/include/ur_dashboard_msgs/ur_dashboard_msgs/srv/detail/get_programs__functions.h\n'}
[2.626445] (ur_dashboard_msgs) StdoutLine: {'line': b'-- Up-to-date: /home/com9/uet_ws/install/ur_dashboard_msgs/include/ur_dashboard_msgs/ur_dashboard_msgs/srv/detail/is_program_saved__struct.h\n'}
[2.626475] (ur_dashboard_msgs) StdoutLine: {'line': b'-- Up-to-date: /home/com9/uet_ws/install/ur_dashboard_msgs/include/ur_dashboard_msgs/ur_dashboard_msgs/srv/detail/get_user_role__struct.h\n'}
[2.626506] (ur_dashboard_msgs) StdoutLine: {'line': b'-- Up-to-date: /home/com9/uet_ws/install/ur_dashboard_msgs/include/ur_dashboard_msgs/ur_dashboard_msgs/srv/detail/set_operational_mode__struct.h\n'}
[2.626536] (ur_dashboard_msgs) StdoutLine: {'line': b'-- Up-to-date: /home/com9/uet_ws/install/ur_dashboard_msgs/include/ur_dashboard_msgs/ur_dashboard_msgs/srv/detail/upload_program__functions.c\n'}
[2.626567] (ur_dashboard_msgs) StdoutLine: {'line': b'-- Up-to-date: /home/com9/uet_ws/install/ur_dashboard_msgs/include/ur_dashboard_msgs/ur_dashboard_msgs/srv/detail/generate_flight_report__type_support.h\n'}
[2.626598] (ur_dashboard_msgs) StdoutLine: {'line': b'-- Up-to-date: /home/com9/uet_ws/install/ur_dashboard_msgs/include/ur_dashboard_msgs/ur_dashboard_msgs/srv/detail/raw_request__struct.h\n'}
[2.626644] (ur_dashboard_msgs) StdoutLine: {'line': b'-- Up-to-date: /home/com9/uet_ws/install/ur_dashboard_msgs/include/ur_dashboard_msgs/ur_dashboard_msgs/srv/detail/load__type_support.h\n'}
[2.626675] (ur_dashboard_msgs) StdoutLine: {'line': b'-- Up-to-date: /home/com9/uet_ws/install/ur_dashboard_msgs/include/ur_dashboard_msgs/ur_dashboard_msgs/srv/detail/set_user_role__functions.c\n'}
[2.626705] (ur_dashboard_msgs) StdoutLine: {'line': b'-- Up-to-date: /home/com9/uet_ws/install/ur_dashboard_msgs/include/ur_dashboard_msgs/ur_dashboard_msgs/srv/detail/is_in_remote_control__struct.h\n'}
[2.626765] (ur_dashboard_msgs) StdoutLine: {'line': b'-- Up-to-date: /home/com9/uet_ws/install/ur_dashboard_msgs/include/ur_dashboard_msgs/ur_dashboard_msgs/srv/detail/raw_request__type_support.h\n'}
[2.626794] (ur_dashboard_msgs) StdoutLine: {'line': b'-- Up-to-date: /home/com9/uet_ws/install/ur_dashboard_msgs/include/ur_dashboard_msgs/ur_dashboard_msgs/srv/detail/add_to_log__functions.c\n'}
[2.626823] (ur_dashboard_msgs) StdoutLine: {'line': b'-- Up-to-date: /home/com9/uet_ws/install/ur_dashboard_msgs/include/ur_dashboard_msgs/ur_dashboard_msgs/srv/detail/get_safety_mode__type_support.h\n'}
[2.626869] (ur_dashboard_msgs) StdoutLine: {'line': b'-- Up-to-date: /home/com9/uet_ws/install/ur_dashboard_msgs/include/ur_dashboard_msgs/ur_dashboard_msgs/srv/detail/is_in_remote_control__functions.c\n'}
[2.626900] (ur_dashboard_msgs) StdoutLine: {'line': b'-- Up-to-date: /home/com9/uet_ws/install/ur_dashboard_msgs/include/ur_dashboard_msgs/ur_dashboard_msgs/srv/detail/generate_support_file__functions.h\n'}
[2.626931] (ur_dashboard_msgs) StdoutLine: {'line': b'-- Up-to-date: /home/com9/uet_ws/install/ur_dashboard_msgs/include/ur_dashboard_msgs/ur_dashboard_msgs/srv/detail/get_loaded_program__type_support.h\n'}
[2.626962] (ur_dashboard_msgs) StdoutLine: {'line': b'-- Up-to-date: /home/com9/uet_ws/install/ur_dashboard_msgs/include/ur_dashboard_msgs/ur_dashboard_msgs/srv/detail/is_program_running__type_support.h\n'}
[2.626992] (ur_dashboard_msgs) StdoutLine: {'line': b'-- Up-to-date: /home/com9/uet_ws/install/ur_dashboard_msgs/include/ur_dashboard_msgs/ur_dashboard_msgs/srv/detail/get_safety_status__functions.c\n'}
[2.627023] (ur_dashboard_msgs) StdoutLine: {'line': b'-- Up-to-date: /home/com9/uet_ws/install/ur_dashboard_msgs/include/ur_dashboard_msgs/ur_dashboard_msgs/srv/detail/get_user_role__functions.c\n'}
[2.627061] (ur_dashboard_msgs) StdoutLine: {'line': b'-- Up-to-date: /home/com9/uet_ws/install/ur_dashboard_msgs/include/ur_dashboard_msgs/ur_dashboard_msgs/srv/detail/upload_program__type_support.h\n'}
[2.627093] (ur_dashboard_msgs) StdoutLine: {'line': b'-- Up-to-date: /home/com9/uet_ws/install/ur_dashboard_msgs/include/ur_dashboard_msgs/ur_dashboard_msgs/srv/detail/get_serial_number__functions.c\n'}
[2.627123] (ur_dashboard_msgs) StdoutLine: {'line': b'-- Up-to-date: /home/com9/uet_ws/install/ur_dashboard_msgs/include/ur_dashboard_msgs/ur_dashboard_msgs/srv/detail/get_poly_scope_version__type_support.h\n'}
[2.627154] (ur_dashboard_msgs) StdoutLine: {'line': b'-- Up-to-date: /home/com9/uet_ws/install/ur_dashboard_msgs/include/ur_dashboard_msgs/ur_dashboard_msgs/srv/detail/get_poly_scope_version__functions.h\n'}
[2.627185] (ur_dashboard_msgs) StdoutLine: {'line': b'-- Up-to-date: /home/com9/uet_ws/install/ur_dashboard_msgs/include/ur_dashboard_msgs/ur_dashboard_msgs/srv/detail/get_program_state__functions.c\n'}
[2.627286] (ur_dashboard_msgs) StdoutLine: {'line': b'-- Up-to-date: /home/com9/uet_ws/install/ur_dashboard_msgs/include/ur_dashboard_msgs/ur_dashboard_msgs/srv/detail/get_serial_number__type_support.h\n'}
[2.627341] (ur_dashboard_msgs) StdoutLine: {'line': b'-- Up-to-date: /home/com9/uet_ws/install/ur_dashboard_msgs/include/ur_dashboard_msgs/ur_dashboard_msgs/srv/detail/get_safety_status__functions.h\n'}
[2.627373] (ur_dashboard_msgs) StdoutLine: {'line': b'-- Up-to-date: /home/com9/uet_ws/install/ur_dashboard_msgs/include/ur_dashboard_msgs/ur_dashboard_msgs/srv/detail/get_loaded_program__functions.h\n'}
[2.627403] (ur_dashboard_msgs) StdoutLine: {'line': b'-- Up-to-date: /home/com9/uet_ws/install/ur_dashboard_msgs/include/ur_dashboard_msgs/ur_dashboard_msgs/srv/detail/upload_program__struct.h\n'}
[2.627440] (ur_dashboard_msgs) StdoutLine: {'line': b'-- Up-to-date: /home/com9/uet_ws/install/ur_dashboard_msgs/include/ur_dashboard_msgs/ur_dashboard_msgs/srv/detail/get_program_state__struct.h\n'}
[2.627507] (ur_dashboard_msgs) StdoutLine: {'line': b'-- Up-to-date: /home/com9/uet_ws/install/ur_dashboard_msgs/include/ur_dashboard_msgs/ur_dashboard_msgs/srv/detail/load__functions.h\n'}
[2.627540] (ur_dashboard_msgs) StdoutLine: {'line': b'-- Up-to-date: /home/com9/uet_ws/install/ur_dashboard_msgs/include/ur_dashboard_msgs/ur_dashboard_msgs/srv/detail/get_operational_mode__struct.h\n'}
[2.627572] (ur_dashboard_msgs) StdoutLine: {'line': b'-- Up-to-date: /home/com9/uet_ws/install/ur_dashboard_msgs/include/ur_dashboard_msgs/ur_dashboard_msgs/srv/detail/get_safety_status__type_support.h\n'}
[2.627639] (ur_dashboard_msgs) StdoutLine: {'line': b'-- Up-to-date: /home/com9/uet_ws/install/ur_dashboard_msgs/include/ur_dashboard_msgs/ur_dashboard_msgs/srv/detail/set_user_role__functions.h\n'}
[2.627671] (ur_dashboard_msgs) StdoutLine: {'line': b'-- Up-to-date: /home/com9/uet_ws/install/ur_dashboard_msgs/include/ur_dashboard_msgs/ur_dashboard_msgs/srv/detail/load__functions.c\n'}
[2.627702] (ur_dashboard_msgs) StdoutLine: {'line': b'-- Up-to-date: /home/com9/uet_ws/install/ur_dashboard_msgs/include/ur_dashboard_msgs/ur_dashboard_msgs/srv/detail/get_serial_number__functions.h\n'}
[2.627733] (ur_dashboard_msgs) StdoutLine: {'line': b'-- Up-to-date: /home/com9/uet_ws/install/ur_dashboard_msgs/include/ur_dashboard_msgs/ur_dashboard_msgs/srv/detail/set_operational_mode__type_support.h\n'}
[2.627772] (ur_dashboard_msgs) StdoutLine: {'line': b'-- Up-to-date: /home/com9/uet_ws/install/ur_dashboard_msgs/include/ur_dashboard_msgs/ur_dashboard_msgs/srv/detail/get_safety_mode__functions.h\n'}
[2.627845] (ur_dashboard_msgs) StdoutLine: {'line': b'-- Up-to-date: /home/com9/uet_ws/install/ur_dashboard_msgs/include/ur_dashboard_msgs/ur_dashboard_msgs/srv/detail/popup__type_support.h\n'}
[2.627877] (ur_dashboard_msgs) StdoutLine: {'line': b'-- Up-to-date: /home/com9/uet_ws/install/ur_dashboard_msgs/include/ur_dashboard_msgs/ur_dashboard_msgs/srv/detail/is_program_running__functions.c\n'}
[2.627908] (ur_dashboard_msgs) StdoutLine: {'line': b'-- Up-to-date: /home/com9/uet_ws/install/ur_dashboard_msgs/include/ur_dashboard_msgs/ur_dashboard_msgs/srv/detail/set_operational_mode__functions.c\n'}
[2.627947] (ur_dashboard_msgs) StdoutLine: {'line': b'-- Up-to-date: /home/com9/uet_ws/install/ur_dashboard_msgs/include/ur_dashboard_msgs/ur_dashboard_msgs/srv/detail/download_program__struct.h\n'}
[2.627979] (ur_dashboard_msgs) StdoutLine: {'line': b'-- Up-to-date: /home/com9/uet_ws/install/ur_dashboard_msgs/include/ur_dashboard_msgs/ur_dashboard_msgs/srv/detail/get_safety_mode__struct.h\n'}
[2.628009] (ur_dashboard_msgs) StdoutLine: {'line': b'-- Up-to-date: /home/com9/uet_ws/install/ur_dashboard_msgs/include/ur_dashboard_msgs/ur_dashboard_msgs/srv/detail/is_program_saved__functions.c\n'}
[2.628058] (ur_dashboard_msgs) StdoutLine: {'line': b'-- Up-to-date: /home/com9/uet_ws/install/ur_dashboard_msgs/include/ur_dashboard_msgs/ur_dashboard_msgs/srv/detail/is_program_saved__functions.h\n'}
[2.628090] (ur_dashboard_msgs) StdoutLine: {'line': b'-- Up-to-date: /home/com9/uet_ws/install/ur_dashboard_msgs/include/ur_dashboard_msgs/ur_dashboard_msgs/srv/detail/popup__struct.h\n'}
[2.628120] (ur_dashboard_msgs) StdoutLine: {'line': b'-- Up-to-date: /home/com9/uet_ws/install/ur_dashboard_msgs/include/ur_dashboard_msgs/ur_dashboard_msgs/srv/detail/get_robot_model__type_support.h\n'}
[2.628153] (ur_dashboard_msgs) StdoutLine: {'line': b'-- Up-to-date: /home/com9/uet_ws/install/ur_dashboard_msgs/include/ur_dashboard_msgs/ur_dashboard_msgs/srv/detail/get_safety_mode__functions.c\n'}
[2.628185] (ur_dashboard_msgs) StdoutLine: {'line': b'-- Up-to-date: /home/com9/uet_ws/install/ur_dashboard_msgs/include/ur_dashboard_msgs/ur_dashboard_msgs/srv/detail/download_program__functions.c\n'}
[2.628217] (ur_dashboard_msgs) StdoutLine: {'line': b'-- Up-to-date: /home/com9/uet_ws/install/ur_dashboard_msgs/include/ur_dashboard_msgs/ur_dashboard_msgs/srv/detail/add_to_log__type_support.h\n'}
[2.628269] (ur_dashboard_msgs) StdoutLine: {'line': b'-- Up-to-date: /home/com9/uet_ws/install/ur_dashboard_msgs/include/ur_dashboard_msgs/ur_dashboard_msgs/srv/detail/is_in_remote_control__type_support.h\n'}
[2.628302] (ur_dashboard_msgs) StdoutLine: {'line': b'-- Up-to-date: /home/com9/uet_ws/install/ur_dashboard_msgs/include/ur_dashboard_msgs/ur_dashboard_msgs/srv/detail/add_to_log__functions.h\n'}
[2.628369] (ur_dashboard_msgs) StdoutLine: {'line': b'-- Up-to-date: /home/com9/uet_ws/install/ur_dashboard_msgs/include/ur_dashboard_msgs/ur_dashboard_msgs/srv/detail/add_to_log__struct.h\n'}
[2.628402] (ur_dashboard_msgs) StdoutLine: {'line': b'-- Up-to-date: /home/com9/uet_ws/install/ur_dashboard_msgs/include/ur_dashboard_msgs/ur_dashboard_msgs/srv/detail/is_program_running__struct.h\n'}
[2.628484] (ur_dashboard_msgs) StdoutLine: {'line': b'-- Up-to-date: /home/com9/uet_ws/install/ur_dashboard_msgs/include/ur_dashboard_msgs/ur_dashboard_msgs/srv/detail/get_user_role__type_support.h\n'}
[2.628518] (ur_dashboard_msgs) StdoutLine: {'line': b'-- Up-to-date: /home/com9/uet_ws/install/ur_dashboard_msgs/include/ur_dashboard_msgs/ur_dashboard_msgs/srv/detail/get_operational_mode__functions.c\n'}
[2.628572] (ur_dashboard_msgs) StdoutLine: {'line': b'-- Up-to-date: /home/com9/uet_ws/install/ur_dashboard_msgs/include/ur_dashboard_msgs/ur_dashboard_msgs/srv/detail/get_programs__type_support.h\n'}
[2.628620] (ur_dashboard_msgs) StdoutLine: {'line': b'-- Up-to-date: /home/com9/uet_ws/install/ur_dashboard_msgs/include/ur_dashboard_msgs/ur_dashboard_msgs/srv/detail/load__struct.h\n'}
[2.628653] (ur_dashboard_msgs) StdoutLine: {'line': b'-- Up-to-date: /home/com9/uet_ws/install/ur_dashboard_msgs/include/ur_dashboard_msgs/ur_dashboard_msgs/srv/detail/get_loaded_program__struct.h\n'}
[2.628685] (ur_dashboard_msgs) StdoutLine: {'line': b'-- Up-to-date: /home/com9/uet_ws/install/ur_dashboard_msgs/include/ur_dashboard_msgs/ur_dashboard_msgs/srv/detail/get_poly_scope_version__struct.h\n'}
[2.628717] (ur_dashboard_msgs) StdoutLine: {'line': b'-- Up-to-date: /home/com9/uet_ws/install/ur_dashboard_msgs/include/ur_dashboard_msgs/ur_dashboard_msgs/srv/detail/is_program_running__functions.h\n'}
[2.628758] (ur_dashboard_msgs) StdoutLine: {'line': b'-- Up-to-date: /home/com9/uet_ws/install/ur_dashboard_msgs/include/ur_dashboard_msgs/ur_dashboard_msgs/srv/detail/set_user_role__type_support.h\n'}
[2.628880] (ur_dashboard_msgs) StdoutLine: {'line': b'-- Up-to-date: /home/com9/uet_ws/install/ur_dashboard_msgs/include/ur_dashboard_msgs/ur_dashboard_msgs/srv/detail/set_operational_mode__functions.h\n'}
[2.629036] (ur_dashboard_msgs) StdoutLine: {'line': b'-- Up-to-date: /home/com9/uet_ws/install/ur_dashboard_msgs/include/ur_dashboard_msgs/ur_dashboard_msgs/srv/detail/get_robot_model__struct.h\n'}
[2.629165] (ur_dashboard_msgs) StdoutLine: {'line': b'-- Up-to-date: /home/com9/uet_ws/install/ur_dashboard_msgs/include/ur_dashboard_msgs/ur_dashboard_msgs/srv/detail/generate_support_file__functions.c\n'}
[2.629294] (ur_dashboard_msgs) StdoutLine: {'line': b'-- Up-to-date: /home/com9/uet_ws/install/ur_dashboard_msgs/include/ur_dashboard_msgs/ur_dashboard_msgs/srv/detail/get_robot_model__functions.h\n'}
[2.629442] (ur_dashboard_msgs) StdoutLine: {'line': b'-- Up-to-date: /home/com9/uet_ws/install/ur_dashboard_msgs/include/ur_dashboard_msgs/ur_dashboard_msgs/srv/detail/raw_request__functions.c\n'}
[2.629611] (ur_dashboard_msgs) StdoutLine: {'line': b'-- Up-to-date: /home/com9/uet_ws/install/ur_dashboard_msgs/include/ur_dashboard_msgs/ur_dashboard_msgs/srv/detail/download_program__functions.h\n'}
[2.629666] (ur_dashboard_msgs) StdoutLine: {'line': b'-- Up-to-date: /home/com9/uet_ws/install/ur_dashboard_msgs/include/ur_dashboard_msgs/ur_dashboard_msgs/srv/detail/get_safety_status__struct.h\n'}
[2.629703] (ur_dashboard_msgs) StdoutLine: {'line': b'-- Up-to-date: /home/com9/uet_ws/install/ur_dashboard_msgs/include/ur_dashboard_msgs/ur_dashboard_msgs/srv/detail/is_program_saved__type_support.h\n'}
[2.629754] (ur_dashboard_msgs) StdoutLine: {'line': b'-- Up-to-date: /home/com9/uet_ws/install/ur_dashboard_msgs/include/ur_dashboard_msgs/ur_dashboard_msgs/srv/detail/get_robot_mode__functions.c\n'}
[2.629838] (ur_dashboard_msgs) StdoutLine: {'line': b'-- Up-to-date: /home/com9/uet_ws/install/ur_dashboard_msgs/include/ur_dashboard_msgs/ur_dashboard_msgs/srv/detail/get_program_state__functions.h\n'}
[2.629877] (ur_dashboard_msgs) StdoutLine: {'line': b'-- Up-to-date: /home/com9/uet_ws/install/ur_dashboard_msgs/include/ur_dashboard_msgs/ur_dashboard_msgs/srv/detail/upload_program__functions.h\n'}
[2.629918] (ur_dashboard_msgs) StdoutLine: {'line': b'-- Up-to-date: /home/com9/uet_ws/install/ur_dashboard_msgs/include/ur_dashboard_msgs/ur_dashboard_msgs/srv/detail/get_user_role__functions.h\n'}
[2.629961] (ur_dashboard_msgs) StdoutLine: {'line': b'-- Up-to-date: /home/com9/uet_ws/install/ur_dashboard_msgs/include/ur_dashboard_msgs/ur_dashboard_msgs/srv/detail/download_program__type_support.h\n'}
[2.629997] (ur_dashboard_msgs) StdoutLine: {'line': b'-- Up-to-date: /home/com9/uet_ws/install/ur_dashboard_msgs/include/ur_dashboard_msgs/ur_dashboard_msgs/srv/detail/get_robot_mode__struct.h\n'}
[2.630032] (ur_dashboard_msgs) StdoutLine: {'line': b'-- Up-to-date: /home/com9/uet_ws/install/ur_dashboard_msgs/include/ur_dashboard_msgs/ur_dashboard_msgs/srv/detail/get_robot_model__functions.c\n'}
[2.630069] (ur_dashboard_msgs) StdoutLine: {'line': b'-- Up-to-date: /home/com9/uet_ws/install/ur_dashboard_msgs/include/ur_dashboard_msgs/ur_dashboard_msgs/srv/detail/generate_flight_report__functions.c\n'}
[2.630105] (ur_dashboard_msgs) StdoutLine: {'line': b'-- Up-to-date: /home/com9/uet_ws/install/ur_dashboard_msgs/include/ur_dashboard_msgs/ur_dashboard_msgs/srv/detail/get_programs__functions.c\n'}
[2.630144] (ur_dashboard_msgs) StdoutLine: {'line': b'-- Up-to-date: /home/com9/uet_ws/install/ur_dashboard_msgs/include/ur_dashboard_msgs/ur_dashboard_msgs/srv/detail/popup__functions.h\n'}
[2.630181] (ur_dashboard_msgs) StdoutLine: {'line': b'-- Up-to-date: /home/com9/uet_ws/install/ur_dashboard_msgs/include/ur_dashboard_msgs/ur_dashboard_msgs/srv/detail/get_operational_mode__functions.h\n'}
[2.630235] (ur_dashboard_msgs) StdoutLine: {'line': b'-- Up-to-date: /home/com9/uet_ws/install/ur_dashboard_msgs/include/ur_dashboard_msgs/ur_dashboard_msgs/srv/detail/set_user_role__struct.h\n'}
[2.630271] (ur_dashboard_msgs) StdoutLine: {'line': b'-- Up-to-date: /home/com9/uet_ws/install/ur_dashboard_msgs/include/ur_dashboard_msgs/ur_dashboard_msgs/srv/detail/get_programs__struct.h\n'}
[2.630323] (ur_dashboard_msgs) StdoutLine: {'line': b'-- Up-to-date: /home/com9/uet_ws/install/ur_dashboard_msgs/include/ur_dashboard_msgs/ur_dashboard_msgs/srv/detail/popup__functions.c\n'}
[2.630359] (ur_dashboard_msgs) StdoutLine: {'line': b'-- Up-to-date: /home/com9/uet_ws/install/ur_dashboard_msgs/include/ur_dashboard_msgs/ur_dashboard_msgs/srv/detail/get_program_state__type_support.h\n'}
[2.630390] (ur_dashboard_msgs) StdoutLine: {'line': b'-- Up-to-date: /home/com9/uet_ws/install/ur_dashboard_msgs/include/ur_dashboard_msgs/ur_dashboard_msgs/srv/detail/raw_request__functions.h\n'}
[2.630433] (ur_dashboard_msgs) StdoutLine: {'line': b'-- Up-to-date: /home/com9/uet_ws/install/ur_dashboard_msgs/include/ur_dashboard_msgs/ur_dashboard_msgs/srv/detail/get_operational_mode__type_support.h\n'}
[2.630473] (ur_dashboard_msgs) StdoutLine: {'line': b'-- Up-to-date: /home/com9/uet_ws/install/ur_dashboard_msgs/include/ur_dashboard_msgs/ur_dashboard_msgs/srv/detail/is_in_remote_control__functions.h\n'}
[2.630502] (ur_dashboard_msgs) StdoutLine: {'line': b'-- Up-to-date: /home/com9/uet_ws/install/ur_dashboard_msgs/include/ur_dashboard_msgs/ur_dashboard_msgs/srv/upload_program.h\n'}
[2.630534] (ur_dashboard_msgs) StdoutLine: {'line': b'-- Up-to-date: /home/com9/uet_ws/install/ur_dashboard_msgs/include/ur_dashboard_msgs/ur_dashboard_msgs/srv/get_robot_mode.h\n'}
[2.630566] (ur_dashboard_msgs) StdoutLine: {'line': b'-- Up-to-date: /home/com9/uet_ws/install/ur_dashboard_msgs/include/ur_dashboard_msgs/ur_dashboard_msgs/srv/get_safety_status.h\n'}
[2.630598] (ur_dashboard_msgs) StdoutLine: {'line': b'-- Up-to-date: /home/com9/uet_ws/install/ur_dashboard_msgs/include/ur_dashboard_msgs/ur_dashboard_msgs/action\n'}
[2.630636] (ur_dashboard_msgs) StdoutLine: {'line': b'-- Up-to-date: /home/com9/uet_ws/install/ur_dashboard_msgs/include/ur_dashboard_msgs/ur_dashboard_msgs/action/set_mode.h\n'}
[2.630667] (ur_dashboard_msgs) StdoutLine: {'line': b'-- Up-to-date: /home/com9/uet_ws/install/ur_dashboard_msgs/include/ur_dashboard_msgs/ur_dashboard_msgs/action/detail\n'}
[2.630718] (ur_dashboard_msgs) StdoutLine: {'line': b'-- Up-to-date: /home/com9/uet_ws/install/ur_dashboard_msgs/include/ur_dashboard_msgs/ur_dashboard_msgs/action/detail/set_mode__type_support.h\n'}
[2.630794] (ur_dashboard_msgs) StdoutLine: {'line': b'-- Up-to-date: /home/com9/uet_ws/install/ur_dashboard_msgs/include/ur_dashboard_msgs/ur_dashboard_msgs/action/detail/set_mode__functions.c\n'}
[2.630829] (ur_dashboard_msgs) StdoutLine: {'line': b'-- Up-to-date: /home/com9/uet_ws/install/ur_dashboard_msgs/include/ur_dashboard_msgs/ur_dashboard_msgs/action/detail/set_mode__functions.h\n'}
[2.630860] (ur_dashboard_msgs) StdoutLine: {'line': b'-- Up-to-date: /home/com9/uet_ws/install/ur_dashboard_msgs/include/ur_dashboard_msgs/ur_dashboard_msgs/action/detail/set_mode__struct.h\n'}
[2.630892] (ur_dashboard_msgs) StdoutLine: {'line': b'-- Up-to-date: /home/com9/uet_ws/install/ur_dashboard_msgs/share/ur_dashboard_msgs/environment/library_path.sh\n'}
[2.630924] (ur_dashboard_msgs) StdoutLine: {'line': b'-- Up-to-date: /home/com9/uet_ws/install/ur_dashboard_msgs/share/ur_dashboard_msgs/environment/library_path.dsv\n'}
[2.630955] (ur_dashboard_msgs) StdoutLine: {'line': b'-- Up-to-date: /home/com9/uet_ws/install/ur_dashboard_msgs/lib/libur_dashboard_msgs__rosidl_generator_c.so\n'}
[2.630986] (ur_dashboard_msgs) StdoutLine: {'line': b'-- Up-to-date: /home/com9/uet_ws/install/ur_dashboard_msgs/include/ur_dashboard_msgs/ur_dashboard_msgs\n'}
[2.631016] (ur_dashboard_msgs) StdoutLine: {'line': b'-- Up-to-date: /home/com9/uet_ws/install/ur_dashboard_msgs/include/ur_dashboard_msgs/ur_dashboard_msgs/msg\n'}
[2.631047] (ur_dashboard_msgs) StdoutLine: {'line': b'-- Up-to-date: /home/com9/uet_ws/install/ur_dashboard_msgs/include/ur_dashboard_msgs/ur_dashboard_msgs/msg/rosidl_typesupport_fastrtps_c__visibility_control.h\n'}
[2.631077] (ur_dashboard_msgs) StdoutLine: {'line': b'-- Up-to-date: /home/com9/uet_ws/install/ur_dashboard_msgs/include/ur_dashboard_msgs/ur_dashboard_msgs/msg/detail\n'}
[2.631108] (ur_dashboard_msgs) StdoutLine: {'line': b'-- Up-to-date: /home/com9/uet_ws/install/ur_dashboard_msgs/include/ur_dashboard_msgs/ur_dashboard_msgs/msg/detail/program_information__rosidl_typesupport_fastrtps_c.h\n'}
[2.631139] (ur_dashboard_msgs) StdoutLine: {'line': b'-- Up-to-date: /home/com9/uet_ws/install/ur_dashboard_msgs/include/ur_dashboard_msgs/ur_dashboard_msgs/msg/detail/safety_status__rosidl_typesupport_fastrtps_c.h\n'}
[2.631170] (ur_dashboard_msgs) StdoutLine: {'line': b'-- Up-to-date: /home/com9/uet_ws/install/ur_dashboard_msgs/include/ur_dashboard_msgs/ur_dashboard_msgs/msg/detail/robot_mode__rosidl_typesupport_fastrtps_c.h\n'}
[2.631208] (ur_dashboard_msgs) StdoutLine: {'line': b'-- Up-to-date: /home/com9/uet_ws/install/ur_dashboard_msgs/include/ur_dashboard_msgs/ur_dashboard_msgs/msg/detail/program_state__rosidl_typesupport_fastrtps_c.h\n'}
[2.631241] (ur_dashboard_msgs) StdoutLine: {'line': b'-- Up-to-date: /home/com9/uet_ws/install/ur_dashboard_msgs/include/ur_dashboard_msgs/ur_dashboard_msgs/msg/detail/version_information__rosidl_typesupport_fastrtps_c.h\n'}
[2.631324] (ur_dashboard_msgs) StdoutLine: {'line': b'-- Up-to-date: /home/com9/uet_ws/install/ur_dashboard_msgs/include/ur_dashboard_msgs/ur_dashboard_msgs/msg/detail/safety_mode__rosidl_typesupport_fastrtps_c.h\n'}
[2.631404] (ur_dashboard_msgs) StdoutLine: {'line': b'-- Up-to-date: /home/com9/uet_ws/install/ur_dashboard_msgs/include/ur_dashboard_msgs/ur_dashboard_msgs/msg/detail/user_role__rosidl_typesupport_fastrtps_c.h\n'}
[2.631448] (ur_dashboard_msgs) StdoutLine: {'line': b'-- Up-to-date: /home/com9/uet_ws/install/ur_dashboard_msgs/include/ur_dashboard_msgs/ur_dashboard_msgs/msg/detail/operational_mode__rosidl_typesupport_fastrtps_c.h\n'}
[2.631493] (ur_dashboard_msgs) StdoutLine: {'line': b'-- Up-to-date: /home/com9/uet_ws/install/ur_dashboard_msgs/include/ur_dashboard_msgs/ur_dashboard_msgs/srv\n'}
[2.631529] (ur_dashboard_msgs) StdoutLine: {'line': b'-- Up-to-date: /home/com9/uet_ws/install/ur_dashboard_msgs/include/ur_dashboard_msgs/ur_dashboard_msgs/srv/detail\n'}
[2.631563] (ur_dashboard_msgs) StdoutLine: {'line': b'-- Up-to-date: /home/com9/uet_ws/install/ur_dashboard_msgs/include/ur_dashboard_msgs/ur_dashboard_msgs/srv/detail/get_user_role__rosidl_typesupport_fastrtps_c.h\n'}
[2.631598] (ur_dashboard_msgs) StdoutLine: {'line': b'-- Up-to-date: /home/com9/uet_ws/install/ur_dashboard_msgs/include/ur_dashboard_msgs/ur_dashboard_msgs/srv/detail/generate_flight_report__rosidl_typesupport_fastrtps_c.h\n'}
[2.631632] (ur_dashboard_msgs) StdoutLine: {'line': b'-- Up-to-date: /home/com9/uet_ws/install/ur_dashboard_msgs/include/ur_dashboard_msgs/ur_dashboard_msgs/srv/detail/get_robot_model__rosidl_typesupport_fastrtps_c.h\n'}
[2.631666] (ur_dashboard_msgs) StdoutLine: {'line': b'-- Up-to-date: /home/com9/uet_ws/install/ur_dashboard_msgs/include/ur_dashboard_msgs/ur_dashboard_msgs/srv/detail/is_in_remote_control__rosidl_typesupport_fastrtps_c.h\n'}
[2.631701] (ur_dashboard_msgs) StdoutLine: {'line': b'-- Up-to-date: /home/com9/uet_ws/install/ur_dashboard_msgs/include/ur_dashboard_msgs/ur_dashboard_msgs/srv/detail/get_program_state__rosidl_typesupport_fastrtps_c.h\n'}
[2.631734] (ur_dashboard_msgs) StdoutLine: {'line': b'-- Up-to-date: /home/com9/uet_ws/install/ur_dashboard_msgs/include/ur_dashboard_msgs/ur_dashboard_msgs/srv/detail/get_poly_scope_version__rosidl_typesupport_fastrtps_c.h\n'}
[2.631767] (ur_dashboard_msgs) StdoutLine: {'line': b'-- Up-to-date: /home/com9/uet_ws/install/ur_dashboard_msgs/include/ur_dashboard_msgs/ur_dashboard_msgs/srv/detail/load__rosidl_typesupport_fastrtps_c.h\n'}
[2.631805] (ur_dashboard_msgs) StdoutLine: {'line': b'-- Up-to-date: /home/com9/uet_ws/install/ur_dashboard_msgs/include/ur_dashboard_msgs/ur_dashboard_msgs/srv/detail/add_to_log__rosidl_typesupport_fastrtps_c.h\n'}
[2.631838] (ur_dashboard_msgs) StdoutLine: {'line': b'-- Up-to-date: /home/com9/uet_ws/install/ur_dashboard_msgs/include/ur_dashboard_msgs/ur_dashboard_msgs/srv/detail/set_user_role__rosidl_typesupport_fastrtps_c.h\n'}
[2.631870] (ur_dashboard_msgs) StdoutLine: {'line': b'-- Up-to-date: /home/com9/uet_ws/install/ur_dashboard_msgs/include/ur_dashboard_msgs/ur_dashboard_msgs/srv/detail/get_loaded_program__rosidl_typesupport_fastrtps_c.h\n'}
[2.631904] (ur_dashboard_msgs) StdoutLine: {'line': b'-- Up-to-date: /home/com9/uet_ws/install/ur_dashboard_msgs/include/ur_dashboard_msgs/ur_dashboard_msgs/srv/detail/is_program_running__rosidl_typesupport_fastrtps_c.h\n'}
[2.631940] (ur_dashboard_msgs) StdoutLine: {'line': b'-- Up-to-date: /home/com9/uet_ws/install/ur_dashboard_msgs/include/ur_dashboard_msgs/ur_dashboard_msgs/srv/detail/get_safety_status__rosidl_typesupport_fastrtps_c.h\n'}
[2.631974] (ur_dashboard_msgs) StdoutLine: {'line': b'-- Up-to-date: /home/com9/uet_ws/install/ur_dashboard_msgs/include/ur_dashboard_msgs/ur_dashboard_msgs/srv/detail/popup__rosidl_typesupport_fastrtps_c.h\n'}
[2.632009] (ur_dashboard_msgs) StdoutLine: {'line': b'-- Up-to-date: /home/com9/uet_ws/install/ur_dashboard_msgs/include/ur_dashboard_msgs/ur_dashboard_msgs/srv/detail/get_serial_number__rosidl_typesupport_fastrtps_c.h\n'}
[2.632042] (ur_dashboard_msgs) StdoutLine: {'line': b'-- Up-to-date: /home/com9/uet_ws/install/ur_dashboard_msgs/include/ur_dashboard_msgs/ur_dashboard_msgs/srv/detail/generate_support_file__rosidl_typesupport_fastrtps_c.h\n'}
[2.632075] (ur_dashboard_msgs) StdoutLine: {'line': b'-- Up-to-date: /home/com9/uet_ws/install/ur_dashboard_msgs/include/ur_dashboard_msgs/ur_dashboard_msgs/srv/detail/get_operational_mode__rosidl_typesupport_fastrtps_c.h\n'}
[2.632108] (ur_dashboard_msgs) StdoutLine: {'line': b'-- Up-to-date: /home/com9/uet_ws/install/ur_dashboard_msgs/include/ur_dashboard_msgs/ur_dashboard_msgs/srv/detail/get_programs__rosidl_typesupport_fastrtps_c.h\n'}
[2.632141] (ur_dashboard_msgs) StdoutLine: {'line': b'-- Up-to-date: /home/com9/uet_ws/install/ur_dashboard_msgs/include/ur_dashboard_msgs/ur_dashboard_msgs/srv/detail/upload_program__rosidl_typesupport_fastrtps_c.h\n'}
[2.632173] (ur_dashboard_msgs) StdoutLine: {'line': b'-- Up-to-date: /home/com9/uet_ws/install/ur_dashboard_msgs/include/ur_dashboard_msgs/ur_dashboard_msgs/srv/detail/download_program__rosidl_typesupport_fastrtps_c.h\n'}
[2.632205] (ur_dashboard_msgs) StdoutLine: {'line': b'-- Up-to-date: /home/com9/uet_ws/install/ur_dashboard_msgs/include/ur_dashboard_msgs/ur_dashboard_msgs/srv/detail/raw_request__rosidl_typesupport_fastrtps_c.h\n'}
[2.632239] (ur_dashboard_msgs) StdoutLine: {'line': b'-- Up-to-date: /home/com9/uet_ws/install/ur_dashboard_msgs/include/ur_dashboard_msgs/ur_dashboard_msgs/srv/detail/get_safety_mode__rosidl_typesupport_fastrtps_c.h\n'}
[2.632272] (ur_dashboard_msgs) StdoutLine: {'line': b'-- Up-to-date: /home/com9/uet_ws/install/ur_dashboard_msgs/include/ur_dashboard_msgs/ur_dashboard_msgs/srv/detail/get_robot_mode__rosidl_typesupport_fastrtps_c.h\n'}
[2.632305] (ur_dashboard_msgs) StdoutLine: {'line': b'-- Up-to-date: /home/com9/uet_ws/install/ur_dashboard_msgs/include/ur_dashboard_msgs/ur_dashboard_msgs/srv/detail/set_operational_mode__rosidl_typesupport_fastrtps_c.h\n'}
[2.632344] (ur_dashboard_msgs) StdoutLine: {'line': b'-- Up-to-date: /home/com9/uet_ws/install/ur_dashboard_msgs/include/ur_dashboard_msgs/ur_dashboard_msgs/srv/detail/is_program_saved__rosidl_typesupport_fastrtps_c.h\n'}
[2.632377] (ur_dashboard_msgs) StdoutLine: {'line': b'-- Up-to-date: /home/com9/uet_ws/install/ur_dashboard_msgs/include/ur_dashboard_msgs/ur_dashboard_msgs/action\n'}
[2.632416] (ur_dashboard_msgs) StdoutLine: {'line': b'-- Up-to-date: /home/com9/uet_ws/install/ur_dashboard_msgs/include/ur_dashboard_msgs/ur_dashboard_msgs/action/detail\n'}
[2.632454] (ur_dashboard_msgs) StdoutLine: {'line': b'-- Up-to-date: /home/com9/uet_ws/install/ur_dashboard_msgs/include/ur_dashboard_msgs/ur_dashboard_msgs/action/detail/set_mode__rosidl_typesupport_fastrtps_c.h\n'}
[2.632487] (ur_dashboard_msgs) StdoutLine: {'line': b'-- Up-to-date: /home/com9/uet_ws/install/ur_dashboard_msgs/lib/libur_dashboard_msgs__rosidl_typesupport_fastrtps_c.so\n'}
[2.632520] (ur_dashboard_msgs) StdoutLine: {'line': b'-- Up-to-date: /home/com9/uet_ws/install/ur_dashboard_msgs/include/ur_dashboard_msgs/ur_dashboard_msgs\n'}
[2.632553] (ur_dashboard_msgs) StdoutLine: {'line': b'-- Up-to-date: /home/com9/uet_ws/install/ur_dashboard_msgs/include/ur_dashboard_msgs/ur_dashboard_msgs/msg\n'}
[2.632586] (ur_dashboard_msgs) StdoutLine: {'line': b'-- Up-to-date: /home/com9/uet_ws/install/ur_dashboard_msgs/include/ur_dashboard_msgs/ur_dashboard_msgs/msg/rosidl_typesupport_introspection_c__visibility_control.h\n'}
[2.632620] (ur_dashboard_msgs) StdoutLine: {'line': b'-- Up-to-date: /home/com9/uet_ws/install/ur_dashboard_msgs/include/ur_dashboard_msgs/ur_dashboard_msgs/msg/detail\n'}
[2.632652] (ur_dashboard_msgs) StdoutLine: {'line': b'-- Up-to-date: /home/com9/uet_ws/install/ur_dashboard_msgs/include/ur_dashboard_msgs/ur_dashboard_msgs/msg/detail/operational_mode__type_support.c\n'}
[2.632692] (ur_dashboard_msgs) StdoutLine: {'line': b'-- Up-to-date: /home/com9/uet_ws/install/ur_dashboard_msgs/include/ur_dashboard_msgs/ur_dashboard_msgs/msg/detail/safety_status__rosidl_typesupport_introspection_c.h\n'}
[2.632726] (ur_dashboard_msgs) StdoutLine: {'line': b'-- Up-to-date: /home/com9/uet_ws/install/ur_dashboard_msgs/include/ur_dashboard_msgs/ur_dashboard_msgs/msg/detail/operational_mode__rosidl_typesupport_introspection_c.h\n'}
[2.632758] (ur_dashboard_msgs) StdoutLine: {'line': b'-- Up-to-date: /home/com9/uet_ws/install/ur_dashboard_msgs/include/ur_dashboard_msgs/ur_dashboard_msgs/msg/detail/version_information__rosidl_typesupport_introspection_c.h\n'}
[2.632789] (ur_dashboard_msgs) StdoutLine: {'line': b'-- Up-to-date: /home/com9/uet_ws/install/ur_dashboard_msgs/include/ur_dashboard_msgs/ur_dashboard_msgs/msg/detail/program_information__rosidl_typesupport_introspection_c.h\n'}
[2.632822] (ur_dashboard_msgs) StdoutLine: {'line': b'-- Up-to-date: /home/com9/uet_ws/install/ur_dashboard_msgs/include/ur_dashboard_msgs/ur_dashboard_msgs/msg/detail/safety_mode__rosidl_typesupport_introspection_c.h\n'}
[2.632855] (ur_dashboard_msgs) StdoutLine: {'line': b'-- Up-to-date: /home/com9/uet_ws/install/ur_dashboard_msgs/include/ur_dashboard_msgs/ur_dashboard_msgs/msg/detail/version_information__type_support.c\n'}
[2.632887] (ur_dashboard_msgs) StdoutLine: {'line': b'-- Up-to-date: /home/com9/uet_ws/install/ur_dashboard_msgs/include/ur_dashboard_msgs/ur_dashboard_msgs/msg/detail/safety_mode__type_support.c\n'}
[2.632922] (ur_dashboard_msgs) StdoutLine: {'line': b'-- Up-to-date: /home/com9/uet_ws/install/ur_dashboard_msgs/include/ur_dashboard_msgs/ur_dashboard_msgs/msg/detail/user_role__rosidl_typesupport_introspection_c.h\n'}
[2.632955] (ur_dashboard_msgs) StdoutLine: {'line': b'-- Up-to-date: /home/com9/uet_ws/install/ur_dashboard_msgs/include/ur_dashboard_msgs/ur_dashboard_msgs/msg/detail/program_information__type_support.c\n'}
[2.632988] (ur_dashboard_msgs) StdoutLine: {'line': b'-- Up-to-date: /home/com9/uet_ws/install/ur_dashboard_msgs/include/ur_dashboard_msgs/ur_dashboard_msgs/msg/detail/program_state__rosidl_typesupport_introspection_c.h\n'}
[2.633021] (ur_dashboard_msgs) StdoutLine: {'line': b'-- Up-to-date: /home/com9/uet_ws/install/ur_dashboard_msgs/include/ur_dashboard_msgs/ur_dashboard_msgs/msg/detail/program_state__type_support.c\n'}
[2.633055] (ur_dashboard_msgs) StdoutLine: {'line': b'-- Up-to-date: /home/com9/uet_ws/install/ur_dashboard_msgs/include/ur_dashboard_msgs/ur_dashboard_msgs/msg/detail/robot_mode__type_support.c\n'}
[2.633088] (ur_dashboard_msgs) StdoutLine: {'line': b'-- Up-to-date: /home/com9/uet_ws/install/ur_dashboard_msgs/include/ur_dashboard_msgs/ur_dashboard_msgs/msg/detail/safety_status__type_support.c\n'}
[2.633122] (ur_dashboard_msgs) StdoutLine: {'line': b'-- Up-to-date: /home/com9/uet_ws/install/ur_dashboard_msgs/include/ur_dashboard_msgs/ur_dashboard_msgs/msg/detail/robot_mode__rosidl_typesupport_introspection_c.h\n'}
[2.633156] (ur_dashboard_msgs) StdoutLine: {'line': b'-- Up-to-date: /home/com9/uet_ws/install/ur_dashboard_msgs/include/ur_dashboard_msgs/ur_dashboard_msgs/msg/detail/user_role__type_support.c\n'}
[2.633190] (ur_dashboard_msgs) StdoutLine: {'line': b'-- Up-to-date: /home/com9/uet_ws/install/ur_dashboard_msgs/include/ur_dashboard_msgs/ur_dashboard_msgs/srv\n'}
[2.633224] (ur_dashboard_msgs) StdoutLine: {'line': b'-- Up-to-date: /home/com9/uet_ws/install/ur_dashboard_msgs/include/ur_dashboard_msgs/ur_dashboard_msgs/srv/detail\n'}
[2.633256] (ur_dashboard_msgs) StdoutLine: {'line': b'-- Up-to-date: /home/com9/uet_ws/install/ur_dashboard_msgs/include/ur_dashboard_msgs/ur_dashboard_msgs/srv/detail/generate_support_file__type_support.c\n'}
[2.633290] (ur_dashboard_msgs) StdoutLine: {'line': b'-- Up-to-date: /home/com9/uet_ws/install/ur_dashboard_msgs/include/ur_dashboard_msgs/ur_dashboard_msgs/srv/detail/get_operational_mode__rosidl_typesupport_introspection_c.h\n'}
[2.633329] (ur_dashboard_msgs) StdoutLine: {'line': b'-- Up-to-date: /home/com9/uet_ws/install/ur_dashboard_msgs/include/ur_dashboard_msgs/ur_dashboard_msgs/srv/detail/get_loaded_program__rosidl_typesupport_introspection_c.h\n'}
[2.633361] (ur_dashboard_msgs) StdoutLine: {'line': b'-- Up-to-date: /home/com9/uet_ws/install/ur_dashboard_msgs/include/ur_dashboard_msgs/ur_dashboard_msgs/srv/detail/generate_flight_report__rosidl_typesupport_introspection_c.h\n'}
[2.633393] (ur_dashboard_msgs) StdoutLine: {'line': b'-- Up-to-date: /home/com9/uet_ws/install/ur_dashboard_msgs/include/ur_dashboard_msgs/ur_dashboard_msgs/srv/detail/popup__type_support.c\n'}
[2.633430] (ur_dashboard_msgs) StdoutLine: {'line': b'-- Up-to-date: /home/com9/uet_ws/install/ur_dashboard_msgs/include/ur_dashboard_msgs/ur_dashboard_msgs/srv/detail/get_user_role__type_support.c\n'}
[2.633468] (ur_dashboard_msgs) StdoutLine: {'line': b'-- Up-to-date: /home/com9/uet_ws/install/ur_dashboard_msgs/include/ur_dashboard_msgs/ur_dashboard_msgs/srv/detail/set_operational_mode__rosidl_typesupport_introspection_c.h\n'}
[2.633502] (ur_dashboard_msgs) StdoutLine: {'line': b'-- Up-to-date: /home/com9/uet_ws/install/ur_dashboard_msgs/include/ur_dashboard_msgs/ur_dashboard_msgs/srv/detail/is_program_saved__rosidl_typesupport_introspection_c.h\n'}
[2.633541] (ur_dashboard_msgs) StdoutLine: {'line': b'-- Up-to-date: /home/com9/uet_ws/install/ur_dashboard_msgs/include/ur_dashboard_msgs/ur_dashboard_msgs/srv/detail/download_program__rosidl_typesupport_introspection_c.h\n'}
[2.633577] (ur_dashboard_msgs) StdoutLine: {'line': b'-- Up-to-date: /home/com9/uet_ws/install/ur_dashboard_msgs/include/ur_dashboard_msgs/ur_dashboard_msgs/srv/detail/is_in_remote_control__type_support.c\n'}
[2.633610] (ur_dashboard_msgs) StdoutLine: {'line': b'-- Up-to-date: /home/com9/uet_ws/install/ur_dashboard_msgs/include/ur_dashboard_msgs/ur_dashboard_msgs/srv/detail/get_safety_status__rosidl_typesupport_introspection_c.h\n'}
[2.633641] (ur_dashboard_msgs) StdoutLine: {'line': b'-- Up-to-date: /home/com9/uet_ws/install/ur_dashboard_msgs/include/ur_dashboard_msgs/ur_dashboard_msgs/srv/detail/raw_request__type_support.c\n'}
[2.633673] (ur_dashboard_msgs) StdoutLine: {'line': b'-- Up-to-date: /home/com9/uet_ws/install/ur_dashboard_msgs/include/ur_dashboard_msgs/ur_dashboard_msgs/srv/detail/get_program_state__rosidl_typesupport_introspection_c.h\n'}
[2.633706] (ur_dashboard_msgs) StdoutLine: {'line': b'-- Up-to-date: /home/com9/uet_ws/install/ur_dashboard_msgs/include/ur_dashboard_msgs/ur_dashboard_msgs/srv/detail/generate_flight_report__type_support.c\n'}
[2.633738] (ur_dashboard_msgs) StdoutLine: {'line': b'-- Up-to-date: /home/com9/uet_ws/install/ur_dashboard_msgs/include/ur_dashboard_msgs/ur_dashboard_msgs/srv/detail/get_operational_mode__type_support.c\n'}
[2.633770] (ur_dashboard_msgs) StdoutLine: {'line': b'-- Up-to-date: /home/com9/uet_ws/install/ur_dashboard_msgs/include/ur_dashboard_msgs/ur_dashboard_msgs/srv/detail/get_robot_mode__rosidl_typesupport_introspection_c.h\n'}
[2.633802] (ur_dashboard_msgs) StdoutLine: {'line': b'-- Up-to-date: /home/com9/uet_ws/install/ur_dashboard_msgs/include/ur_dashboard_msgs/ur_dashboard_msgs/srv/detail/get_serial_number__type_support.c\n'}
[2.633835] (ur_dashboard_msgs) StdoutLine: {'line': b'-- Up-to-date: /home/com9/uet_ws/install/ur_dashboard_msgs/include/ur_dashboard_msgs/ur_dashboard_msgs/srv/detail/get_poly_scope_version__type_support.c\n'}
[2.633868] (ur_dashboard_msgs) StdoutLine: {'line': b'-- Up-to-date: /home/com9/uet_ws/install/ur_dashboard_msgs/include/ur_dashboard_msgs/ur_dashboard_msgs/srv/detail/is_program_saved__type_support.c\n'}
[2.633899] (ur_dashboard_msgs) StdoutLine: {'line': b'-- Up-to-date: /home/com9/uet_ws/install/ur_dashboard_msgs/include/ur_dashboard_msgs/ur_dashboard_msgs/srv/detail/get_safety_status__type_support.c\n'}
[2.633933] (ur_dashboard_msgs) StdoutLine: {'line': b'-- Up-to-date: /home/com9/uet_ws/install/ur_dashboard_msgs/include/ur_dashboard_msgs/ur_dashboard_msgs/srv/detail/get_robot_model__type_support.c\n'}
[2.633965] (ur_dashboard_msgs) StdoutLine: {'line': b'-- Up-to-date: /home/com9/uet_ws/install/ur_dashboard_msgs/include/ur_dashboard_msgs/ur_dashboard_msgs/srv/detail/popup__rosidl_typesupport_introspection_c.h\n'}
[2.633997] (ur_dashboard_msgs) StdoutLine: {'line': b'-- Up-to-date: /home/com9/uet_ws/install/ur_dashboard_msgs/include/ur_dashboard_msgs/ur_dashboard_msgs/srv/detail/get_robot_model__rosidl_typesupport_introspection_c.h\n'}
[2.634029] (ur_dashboard_msgs) StdoutLine: {'line': b'-- Up-to-date: /home/com9/uet_ws/install/ur_dashboard_msgs/include/ur_dashboard_msgs/ur_dashboard_msgs/srv/detail/get_robot_mode__type_support.c\n'}
[2.634061] (ur_dashboard_msgs) StdoutLine: {'line': b'-- Up-to-date: /home/com9/uet_ws/install/ur_dashboard_msgs/include/ur_dashboard_msgs/ur_dashboard_msgs/srv/detail/get_loaded_program__type_support.c\n'}
[2.634093] (ur_dashboard_msgs) StdoutLine: {'line': b'-- Up-to-date: /home/com9/uet_ws/install/ur_dashboard_msgs/include/ur_dashboard_msgs/ur_dashboard_msgs/srv/detail/get_safety_mode__type_support.c\n'}
[2.634125] (ur_dashboard_msgs) StdoutLine: {'line': b'-- Up-to-date: /home/com9/uet_ws/install/ur_dashboard_msgs/include/ur_dashboard_msgs/ur_dashboard_msgs/srv/detail/get_programs__rosidl_typesupport_introspection_c.h\n'}
[2.634156] (ur_dashboard_msgs) StdoutLine: {'line': b'-- Up-to-date: /home/com9/uet_ws/install/ur_dashboard_msgs/include/ur_dashboard_msgs/ur_dashboard_msgs/srv/detail/get_serial_number__rosidl_typesupport_introspection_c.h\n'}
[2.634200] (ur_dashboard_msgs) StdoutLine: {'line': b'-- Up-to-date: /home/com9/uet_ws/install/ur_dashboard_msgs/include/ur_dashboard_msgs/ur_dashboard_msgs/srv/detail/load__type_support.c\n'}
[2.634231] (ur_dashboard_msgs) StdoutLine: {'line': b'-- Up-to-date: /home/com9/uet_ws/install/ur_dashboard_msgs/include/ur_dashboard_msgs/ur_dashboard_msgs/srv/detail/upload_program__type_support.c\n'}
[2.634263] (ur_dashboard_msgs) StdoutLine: {'line': b'-- Up-to-date: /home/com9/uet_ws/install/ur_dashboard_msgs/include/ur_dashboard_msgs/ur_dashboard_msgs/srv/detail/download_program__type_support.c\n'}
[2.634296] (ur_dashboard_msgs) StdoutLine: {'line': b'-- Up-to-date: /home/com9/uet_ws/install/ur_dashboard_msgs/include/ur_dashboard_msgs/ur_dashboard_msgs/srv/detail/is_in_remote_control__rosidl_typesupport_introspection_c.h\n'}
[2.634329] (ur_dashboard_msgs) StdoutLine: {'line': b'-- Up-to-date: /home/com9/uet_ws/install/ur_dashboard_msgs/include/ur_dashboard_msgs/ur_dashboard_msgs/srv/detail/get_user_role__rosidl_typesupport_introspection_c.h\n'}
[2.634366] (ur_dashboard_msgs) StdoutLine: {'line': b'-- Up-to-date: /home/com9/uet_ws/install/ur_dashboard_msgs/include/ur_dashboard_msgs/ur_dashboard_msgs/srv/detail/raw_request__rosidl_typesupport_introspection_c.h\n'}
[2.634398] (ur_dashboard_msgs) StdoutLine: {'line': b'-- Up-to-date: /home/com9/uet_ws/install/ur_dashboard_msgs/include/ur_dashboard_msgs/ur_dashboard_msgs/srv/detail/add_to_log__rosidl_typesupport_introspection_c.h\n'}
[2.634438] (ur_dashboard_msgs) StdoutLine: {'line': b'-- Up-to-date: /home/com9/uet_ws/install/ur_dashboard_msgs/include/ur_dashboard_msgs/ur_dashboard_msgs/srv/detail/add_to_log__type_support.c\n'}
[2.634472] (ur_dashboard_msgs) StdoutLine: {'line': b'-- Up-to-date: /home/com9/uet_ws/install/ur_dashboard_msgs/include/ur_dashboard_msgs/ur_dashboard_msgs/srv/detail/is_program_running__type_support.c\n'}
[2.634506] (ur_dashboard_msgs) StdoutLine: {'line': b'-- Up-to-date: /home/com9/uet_ws/install/ur_dashboard_msgs/include/ur_dashboard_msgs/ur_dashboard_msgs/srv/detail/generate_support_file__rosidl_typesupport_introspection_c.h\n'}
[2.634537] (ur_dashboard_msgs) StdoutLine: {'line': b'-- Up-to-date: /home/com9/uet_ws/install/ur_dashboard_msgs/include/ur_dashboard_msgs/ur_dashboard_msgs/srv/detail/set_user_role__type_support.c\n'}
[2.634570] (ur_dashboard_msgs) StdoutLine: {'line': b'-- Up-to-date: /home/com9/uet_ws/install/ur_dashboard_msgs/include/ur_dashboard_msgs/ur_dashboard_msgs/srv/detail/set_user_role__rosidl_typesupport_introspection_c.h\n'}
[2.634604] (ur_dashboard_msgs) StdoutLine: {'line': b'-- Up-to-date: /home/com9/uet_ws/install/ur_dashboard_msgs/include/ur_dashboard_msgs/ur_dashboard_msgs/srv/detail/upload_program__rosidl_typesupport_introspection_c.h\n'}
[2.634636] (ur_dashboard_msgs) StdoutLine: {'line': b'-- Up-to-date: /home/com9/uet_ws/install/ur_dashboard_msgs/include/ur_dashboard_msgs/ur_dashboard_msgs/srv/detail/is_program_running__rosidl_typesupport_introspection_c.h\n'}
[2.634667] (ur_dashboard_msgs) StdoutLine: {'line': b'-- Up-to-date: /home/com9/uet_ws/install/ur_dashboard_msgs/include/ur_dashboard_msgs/ur_dashboard_msgs/srv/detail/get_poly_scope_version__rosidl_typesupport_introspection_c.h\n'}
[2.634700] (ur_dashboard_msgs) StdoutLine: {'line': b'-- Up-to-date: /home/com9/uet_ws/install/ur_dashboard_msgs/include/ur_dashboard_msgs/ur_dashboard_msgs/srv/detail/get_programs__type_support.c\n'}
[2.634732] (ur_dashboard_msgs) StdoutLine: {'line': b'-- Up-to-date: /home/com9/uet_ws/install/ur_dashboard_msgs/include/ur_dashboard_msgs/ur_dashboard_msgs/srv/detail/load__rosidl_typesupport_introspection_c.h\n'}
[2.634766] (ur_dashboard_msgs) StdoutLine: {'line': b'-- Up-to-date: /home/com9/uet_ws/install/ur_dashboard_msgs/include/ur_dashboard_msgs/ur_dashboard_msgs/srv/detail/get_safety_mode__rosidl_typesupport_introspection_c.h\n'}
[2.634798] (ur_dashboard_msgs) StdoutLine: {'line': b'-- Up-to-date: /home/com9/uet_ws/install/ur_dashboard_msgs/include/ur_dashboard_msgs/ur_dashboard_msgs/srv/detail/set_operational_mode__type_support.c\n'}
[2.634833] (ur_dashboard_msgs) StdoutLine: {'line': b'-- Up-to-date: /home/com9/uet_ws/install/ur_dashboard_msgs/include/ur_dashboard_msgs/ur_dashboard_msgs/srv/detail/get_program_state__type_support.c\n'}
[2.634870] (ur_dashboard_msgs) StdoutLine: {'line': b'-- Up-to-date: /home/com9/uet_ws/install/ur_dashboard_msgs/include/ur_dashboard_msgs/ur_dashboard_msgs/action\n'}
[2.634908] (ur_dashboard_msgs) StdoutLine: {'line': b'-- Up-to-date: /home/com9/uet_ws/install/ur_dashboard_msgs/include/ur_dashboard_msgs/ur_dashboard_msgs/action/detail\n'}
[2.634945] (ur_dashboard_msgs) StdoutLine: {'line': b'-- Up-to-date: /home/com9/uet_ws/install/ur_dashboard_msgs/include/ur_dashboard_msgs/ur_dashboard_msgs/action/detail/set_mode__rosidl_typesupport_introspection_c.h\n'}
[2.634981] (ur_dashboard_msgs) StdoutLine: {'line': b'-- Up-to-date: /home/com9/uet_ws/install/ur_dashboard_msgs/include/ur_dashboard_msgs/ur_dashboard_msgs/action/detail/set_mode__type_support.c\n'}
[2.635016] (ur_dashboard_msgs) StdoutLine: {'line': b'-- Up-to-date: /home/com9/uet_ws/install/ur_dashboard_msgs/lib/libur_dashboard_msgs__rosidl_typesupport_introspection_c.so\n'}
[2.635053] (ur_dashboard_msgs) StdoutLine: {'line': b'-- Up-to-date: /home/com9/uet_ws/install/ur_dashboard_msgs/lib/libur_dashboard_msgs__rosidl_typesupport_c.so\n'}
[2.635088] (ur_dashboard_msgs) StdoutLine: {'line': b'-- Up-to-date: /home/com9/uet_ws/install/ur_dashboard_msgs/include/ur_dashboard_msgs/ur_dashboard_msgs\n'}
[2.635130] (ur_dashboard_msgs) StdoutLine: {'line': b'-- Up-to-date: /home/com9/uet_ws/install/ur_dashboard_msgs/include/ur_dashboard_msgs/ur_dashboard_msgs/msg\n'}
[2.635166] (ur_dashboard_msgs) StdoutLine: {'line': b'-- Up-to-date: /home/com9/uet_ws/install/ur_dashboard_msgs/include/ur_dashboard_msgs/ur_dashboard_msgs/msg/rosidl_generator_cpp__visibility_control.hpp\n'}
[2.635204] (ur_dashboard_msgs) StdoutLine: {'line': b'-- Up-to-date: /home/com9/uet_ws/install/ur_dashboard_msgs/include/ur_dashboard_msgs/ur_dashboard_msgs/msg/program_state.hpp\n'}
[2.635241] (ur_dashboard_msgs) StdoutLine: {'line': b'-- Up-to-date: /home/com9/uet_ws/install/ur_dashboard_msgs/include/ur_dashboard_msgs/ur_dashboard_msgs/msg/user_role.hpp\n'}
[2.635274] (ur_dashboard_msgs) StdoutLine: {'line': b'-- Up-to-date: /home/com9/uet_ws/install/ur_dashboard_msgs/include/ur_dashboard_msgs/ur_dashboard_msgs/msg/program_information.hpp\n'}
[2.635318] (ur_dashboard_msgs) StdoutLine: {'line': b'-- Up-to-date: /home/com9/uet_ws/install/ur_dashboard_msgs/include/ur_dashboard_msgs/ur_dashboard_msgs/msg/operational_mode.hpp\n'}
[2.635353] (ur_dashboard_msgs) StdoutLine: {'line': b'-- Up-to-date: /home/com9/uet_ws/install/ur_dashboard_msgs/include/ur_dashboard_msgs/ur_dashboard_msgs/msg/version_information.hpp\n'}
[2.635387] (ur_dashboard_msgs) StdoutLine: {'line': b'-- Up-to-date: /home/com9/uet_ws/install/ur_dashboard_msgs/include/ur_dashboard_msgs/ur_dashboard_msgs/msg/safety_mode.hpp\n'}
[2.635425] (ur_dashboard_msgs) StdoutLine: {'line': b'-- Up-to-date: /home/com9/uet_ws/install/ur_dashboard_msgs/include/ur_dashboard_msgs/ur_dashboard_msgs/msg/safety_status.hpp\n'}
[2.635460] (ur_dashboard_msgs) StdoutLine: {'line': b'-- Up-to-date: /home/com9/uet_ws/install/ur_dashboard_msgs/include/ur_dashboard_msgs/ur_dashboard_msgs/msg/detail\n'}
[2.635493] (ur_dashboard_msgs) StdoutLine: {'line': b'-- Up-to-date: /home/com9/uet_ws/install/ur_dashboard_msgs/include/ur_dashboard_msgs/ur_dashboard_msgs/msg/detail/user_role__struct.hpp\n'}
[2.635526] (ur_dashboard_msgs) StdoutLine: {'line': b'-- Up-to-date: /home/com9/uet_ws/install/ur_dashboard_msgs/include/ur_dashboard_msgs/ur_dashboard_msgs/msg/detail/safety_mode__builder.hpp\n'}
[2.635559] (ur_dashboard_msgs) StdoutLine: {'line': b'-- Up-to-date: /home/com9/uet_ws/install/ur_dashboard_msgs/include/ur_dashboard_msgs/ur_dashboard_msgs/msg/detail/safety_mode__struct.hpp\n'}
[2.635591] (ur_dashboard_msgs) StdoutLine: {'line': b'-- Up-to-date: /home/com9/uet_ws/install/ur_dashboard_msgs/include/ur_dashboard_msgs/ur_dashboard_msgs/msg/detail/program_state__traits.hpp\n'}
[2.635626] (ur_dashboard_msgs) StdoutLine: {'line': b'-- Up-to-date: /home/com9/uet_ws/install/ur_dashboard_msgs/include/ur_dashboard_msgs/ur_dashboard_msgs/msg/detail/operational_mode__struct.hpp\n'}
[2.635658] (ur_dashboard_msgs) StdoutLine: {'line': b'-- Up-to-date: /home/com9/uet_ws/install/ur_dashboard_msgs/include/ur_dashboard_msgs/ur_dashboard_msgs/msg/detail/program_information__struct.hpp\n'}
[2.635692] (ur_dashboard_msgs) StdoutLine: {'line': b'-- Up-to-date: /home/com9/uet_ws/install/ur_dashboard_msgs/include/ur_dashboard_msgs/ur_dashboard_msgs/msg/detail/safety_status__type_support.hpp\n'}
[2.635725] (ur_dashboard_msgs) StdoutLine: {'line': b'-- Up-to-date: /home/com9/uet_ws/install/ur_dashboard_msgs/include/ur_dashboard_msgs/ur_dashboard_msgs/msg/detail/robot_mode__builder.hpp\n'}
[2.635758] (ur_dashboard_msgs) StdoutLine: {'line': b'-- Up-to-date: /home/com9/uet_ws/install/ur_dashboard_msgs/include/ur_dashboard_msgs/ur_dashboard_msgs/msg/detail/program_information__type_support.hpp\n'}
[2.635792] (ur_dashboard_msgs) StdoutLine: {'line': b'-- Up-to-date: /home/com9/uet_ws/install/ur_dashboard_msgs/include/ur_dashboard_msgs/ur_dashboard_msgs/msg/detail/operational_mode__type_support.hpp\n'}
[2.635825] (ur_dashboard_msgs) StdoutLine: {'line': b'-- Up-to-date: /home/com9/uet_ws/install/ur_dashboard_msgs/include/ur_dashboard_msgs/ur_dashboard_msgs/msg/detail/safety_status__struct.hpp\n'}
[2.635859] (ur_dashboard_msgs) StdoutLine: {'line': b'-- Up-to-date: /home/com9/uet_ws/install/ur_dashboard_msgs/include/ur_dashboard_msgs/ur_dashboard_msgs/msg/detail/operational_mode__builder.hpp\n'}
[2.635892] (ur_dashboard_msgs) StdoutLine: {'line': b'-- Up-to-date: /home/com9/uet_ws/install/ur_dashboard_msgs/include/ur_dashboard_msgs/ur_dashboard_msgs/msg/detail/user_role__traits.hpp\n'}
[2.635925] (ur_dashboard_msgs) StdoutLine: {'line': b'-- Up-to-date: /home/com9/uet_ws/install/ur_dashboard_msgs/include/ur_dashboard_msgs/ur_dashboard_msgs/msg/detail/version_information__struct.hpp\n'}
[2.635959] (ur_dashboard_msgs) StdoutLine: {'line': b'-- Up-to-date: /home/com9/uet_ws/install/ur_dashboard_msgs/include/ur_dashboard_msgs/ur_dashboard_msgs/msg/detail/safety_mode__traits.hpp\n'}
[2.635993] (ur_dashboard_msgs) StdoutLine: {'line': b'-- Up-to-date: /home/com9/uet_ws/install/ur_dashboard_msgs/include/ur_dashboard_msgs/ur_dashboard_msgs/msg/detail/version_information__traits.hpp\n'}
[2.636026] (ur_dashboard_msgs) StdoutLine: {'line': b'-- Up-to-date: /home/com9/uet_ws/install/ur_dashboard_msgs/include/ur_dashboard_msgs/ur_dashboard_msgs/msg/detail/robot_mode__type_support.hpp\n'}
[2.636060] (ur_dashboard_msgs) StdoutLine: {'line': b'-- Up-to-date: /home/com9/uet_ws/install/ur_dashboard_msgs/include/ur_dashboard_msgs/ur_dashboard_msgs/msg/detail/operational_mode__traits.hpp\n'}
[2.636093] (ur_dashboard_msgs) StdoutLine: {'line': b'-- Up-to-date: /home/com9/uet_ws/install/ur_dashboard_msgs/include/ur_dashboard_msgs/ur_dashboard_msgs/msg/detail/robot_mode__struct.hpp\n'}
[2.636127] (ur_dashboard_msgs) StdoutLine: {'line': b'-- Up-to-date: /home/com9/uet_ws/install/ur_dashboard_msgs/include/ur_dashboard_msgs/ur_dashboard_msgs/msg/detail/program_state__type_support.hpp\n'}
[2.636165] (ur_dashboard_msgs) StdoutLine: {'line': b'-- Up-to-date: /home/com9/uet_ws/install/ur_dashboard_msgs/include/ur_dashboard_msgs/ur_dashboard_msgs/msg/detail/safety_mode__type_support.hpp\n'}
[2.636198] (ur_dashboard_msgs) StdoutLine: {'line': b'-- Up-to-date: /home/com9/uet_ws/install/ur_dashboard_msgs/include/ur_dashboard_msgs/ur_dashboard_msgs/msg/detail/program_information__builder.hpp\n'}
[2.636234] (ur_dashboard_msgs) StdoutLine: {'line': b'-- Up-to-date: /home/com9/uet_ws/install/ur_dashboard_msgs/include/ur_dashboard_msgs/ur_dashboard_msgs/msg/detail/safety_status__traits.hpp\n'}
[2.636268] (ur_dashboard_msgs) StdoutLine: {'line': b'-- Up-to-date: /home/com9/uet_ws/install/ur_dashboard_msgs/include/ur_dashboard_msgs/ur_dashboard_msgs/msg/detail/program_state__struct.hpp\n'}
[2.636301] (ur_dashboard_msgs) StdoutLine: {'line': b'-- Up-to-date: /home/com9/uet_ws/install/ur_dashboard_msgs/include/ur_dashboard_msgs/ur_dashboard_msgs/msg/detail/program_information__traits.hpp\n'}
[2.636335] (ur_dashboard_msgs) StdoutLine: {'line': b'-- Up-to-date: /home/com9/uet_ws/install/ur_dashboard_msgs/include/ur_dashboard_msgs/ur_dashboard_msgs/msg/detail/user_role__builder.hpp\n'}
[2.636369] (ur_dashboard_msgs) StdoutLine: {'line': b'-- Up-to-date: /home/com9/uet_ws/install/ur_dashboard_msgs/include/ur_dashboard_msgs/ur_dashboard_msgs/msg/detail/version_information__builder.hpp\n'}
[2.636403] (ur_dashboard_msgs) StdoutLine: {'line': b'-- Up-to-date: /home/com9/uet_ws/install/ur_dashboard_msgs/include/ur_dashboard_msgs/ur_dashboard_msgs/msg/detail/program_state__builder.hpp\n'}
[2.636447] (ur_dashboard_msgs) StdoutLine: {'line': b'-- Up-to-date: /home/com9/uet_ws/install/ur_dashboard_msgs/include/ur_dashboard_msgs/ur_dashboard_msgs/msg/detail/version_information__type_support.hpp\n'}
[2.636483] (ur_dashboard_msgs) StdoutLine: {'line': b'-- Up-to-date: /home/com9/uet_ws/install/ur_dashboard_msgs/include/ur_dashboard_msgs/ur_dashboard_msgs/msg/detail/safety_status__builder.hpp\n'}
[2.636517] (ur_dashboard_msgs) StdoutLine: {'line': b'-- Up-to-date: /home/com9/uet_ws/install/ur_dashboard_msgs/include/ur_dashboard_msgs/ur_dashboard_msgs/msg/detail/robot_mode__traits.hpp\n'}
[2.636550] (ur_dashboard_msgs) StdoutLine: {'line': b'-- Up-to-date: /home/com9/uet_ws/install/ur_dashboard_msgs/include/ur_dashboard_msgs/ur_dashboard_msgs/msg/detail/user_role__type_support.hpp\n'}
[2.636584] (ur_dashboard_msgs) StdoutLine: {'line': b'-- Up-to-date: /home/com9/uet_ws/install/ur_dashboard_msgs/include/ur_dashboard_msgs/ur_dashboard_msgs/msg/robot_mode.hpp\n'}
[2.636618] (ur_dashboard_msgs) StdoutLine: {'line': b'-- Up-to-date: /home/com9/uet_ws/install/ur_dashboard_msgs/include/ur_dashboard_msgs/ur_dashboard_msgs/srv\n'}
[2.636650] (ur_dashboard_msgs) StdoutLine: {'line': b'-- Up-to-date: /home/com9/uet_ws/install/ur_dashboard_msgs/include/ur_dashboard_msgs/ur_dashboard_msgs/srv/set_user_role.hpp\n'}
[2.636683] (ur_dashboard_msgs) StdoutLine: {'line': b'-- Up-to-date: /home/com9/uet_ws/install/ur_dashboard_msgs/include/ur_dashboard_msgs/ur_dashboard_msgs/srv/get_user_role.hpp\n'}
[2.636716] (ur_dashboard_msgs) StdoutLine: {'line': b'-- Up-to-date: /home/com9/uet_ws/install/ur_dashboard_msgs/include/ur_dashboard_msgs/ur_dashboard_msgs/srv/get_robot_model.hpp\n'}
[2.636749] (ur_dashboard_msgs) StdoutLine: {'line': b'-- Up-to-date: /home/com9/uet_ws/install/ur_dashboard_msgs/include/ur_dashboard_msgs/ur_dashboard_msgs/srv/generate_flight_report.hpp\n'}
[2.636782] (ur_dashboard_msgs) StdoutLine: {'line': b'-- Up-to-date: /home/com9/uet_ws/install/ur_dashboard_msgs/include/ur_dashboard_msgs/ur_dashboard_msgs/srv/get_serial_number.hpp\n'}
[2.636816] (ur_dashboard_msgs) StdoutLine: {'line': b'-- Up-to-date: /home/com9/uet_ws/install/ur_dashboard_msgs/include/ur_dashboard_msgs/ur_dashboard_msgs/srv/get_safety_mode.hpp\n'}
[2.636849] (ur_dashboard_msgs) StdoutLine: {'line': b'-- Up-to-date: /home/com9/uet_ws/install/ur_dashboard_msgs/include/ur_dashboard_msgs/ur_dashboard_msgs/srv/upload_program.hpp\n'}
[2.636883] (ur_dashboard_msgs) StdoutLine: {'line': b'-- Up-to-date: /home/com9/uet_ws/install/ur_dashboard_msgs/include/ur_dashboard_msgs/ur_dashboard_msgs/srv/get_robot_mode.hpp\n'}
[2.636917] (ur_dashboard_msgs) StdoutLine: {'line': b'-- Up-to-date: /home/com9/uet_ws/install/ur_dashboard_msgs/include/ur_dashboard_msgs/ur_dashboard_msgs/srv/generate_support_file.hpp\n'}
[2.636951] (ur_dashboard_msgs) StdoutLine: {'line': b'-- Up-to-date: /home/com9/uet_ws/install/ur_dashboard_msgs/include/ur_dashboard_msgs/ur_dashboard_msgs/srv/get_poly_scope_version.hpp\n'}
[2.636983] (ur_dashboard_msgs) StdoutLine: {'line': b'-- Up-to-date: /home/com9/uet_ws/install/ur_dashboard_msgs/include/ur_dashboard_msgs/ur_dashboard_msgs/srv/download_program.hpp\n'}
[2.637016] (ur_dashboard_msgs) StdoutLine: {'line': b'-- Up-to-date: /home/com9/uet_ws/install/ur_dashboard_msgs/include/ur_dashboard_msgs/ur_dashboard_msgs/srv/is_program_saved.hpp\n'}
[2.637052] (ur_dashboard_msgs) StdoutLine: {'line': b'-- Up-to-date: /home/com9/uet_ws/install/ur_dashboard_msgs/include/ur_dashboard_msgs/ur_dashboard_msgs/srv/is_program_running.hpp\n'}
[2.637085] (ur_dashboard_msgs) StdoutLine: {'line': b'-- Up-to-date: /home/com9/uet_ws/install/ur_dashboard_msgs/include/ur_dashboard_msgs/ur_dashboard_msgs/srv/load.hpp\n'}
[2.637117] (ur_dashboard_msgs) StdoutLine: {'line': b'-- Up-to-date: /home/com9/uet_ws/install/ur_dashboard_msgs/include/ur_dashboard_msgs/ur_dashboard_msgs/srv/popup.hpp\n'}
[2.637149] (ur_dashboard_msgs) StdoutLine: {'line': b'-- Up-to-date: /home/com9/uet_ws/install/ur_dashboard_msgs/include/ur_dashboard_msgs/ur_dashboard_msgs/srv/get_loaded_program.hpp\n'}
[2.637183] (ur_dashboard_msgs) StdoutLine: {'line': b'-- Up-to-date: /home/com9/uet_ws/install/ur_dashboard_msgs/include/ur_dashboard_msgs/ur_dashboard_msgs/srv/raw_request.hpp\n'}
[2.637223] (ur_dashboard_msgs) StdoutLine: {'line': b'-- Up-to-date: /home/com9/uet_ws/install/ur_dashboard_msgs/include/ur_dashboard_msgs/ur_dashboard_msgs/srv/get_program_state.hpp\n'}
[2.637255] (ur_dashboard_msgs) StdoutLine: {'line': b'-- Up-to-date: /home/com9/uet_ws/install/ur_dashboard_msgs/include/ur_dashboard_msgs/ur_dashboard_msgs/srv/detail\n'}
[2.637288] (ur_dashboard_msgs) StdoutLine: {'line': b'-- Up-to-date: /home/com9/uet_ws/install/ur_dashboard_msgs/include/ur_dashboard_msgs/ur_dashboard_msgs/srv/detail/get_robot_model__struct.hpp\n'}
[2.637320] (ur_dashboard_msgs) StdoutLine: {'line': b'-- Up-to-date: /home/com9/uet_ws/install/ur_dashboard_msgs/include/ur_dashboard_msgs/ur_dashboard_msgs/srv/detail/generate_support_file__traits.hpp\n'}
[2.637352] (ur_dashboard_msgs) StdoutLine: {'line': b'-- Up-to-date: /home/com9/uet_ws/install/ur_dashboard_msgs/include/ur_dashboard_msgs/ur_dashboard_msgs/srv/detail/get_programs__type_support.hpp\n'}
[2.637385] (ur_dashboard_msgs) StdoutLine: {'line': b'-- Up-to-date: /home/com9/uet_ws/install/ur_dashboard_msgs/include/ur_dashboard_msgs/ur_dashboard_msgs/srv/detail/set_user_role__traits.hpp\n'}
[2.637420] (ur_dashboard_msgs) StdoutLine: {'line': b'-- Up-to-date: /home/com9/uet_ws/install/ur_dashboard_msgs/include/ur_dashboard_msgs/ur_dashboard_msgs/srv/detail/get_poly_scope_version__traits.hpp\n'}
[2.637456] (ur_dashboard_msgs) StdoutLine: {'line': b'-- Up-to-date: /home/com9/uet_ws/install/ur_dashboard_msgs/include/ur_dashboard_msgs/ur_dashboard_msgs/srv/detail/generate_support_file__builder.hpp\n'}
[2.637488] (ur_dashboard_msgs) StdoutLine: {'line': b'-- Up-to-date: /home/com9/uet_ws/install/ur_dashboard_msgs/include/ur_dashboard_msgs/ur_dashboard_msgs/srv/detail/popup__type_support.hpp\n'}
[2.637522] (ur_dashboard_msgs) StdoutLine: {'line': b'-- Up-to-date: /home/com9/uet_ws/install/ur_dashboard_msgs/include/ur_dashboard_msgs/ur_dashboard_msgs/srv/detail/get_poly_scope_version__struct.hpp\n'}
[2.637555] (ur_dashboard_msgs) StdoutLine: {'line': b'-- Up-to-date: /home/com9/uet_ws/install/ur_dashboard_msgs/include/ur_dashboard_msgs/ur_dashboard_msgs/srv/detail/add_to_log__traits.hpp\n'}
[2.637587] (ur_dashboard_msgs) StdoutLine: {'line': b'-- Up-to-date: /home/com9/uet_ws/install/ur_dashboard_msgs/include/ur_dashboard_msgs/ur_dashboard_msgs/srv/detail/set_operational_mode__struct.hpp\n'}
[2.637620] (ur_dashboard_msgs) StdoutLine: {'line': b'-- Up-to-date: /home/com9/uet_ws/install/ur_dashboard_msgs/include/ur_dashboard_msgs/ur_dashboard_msgs/srv/detail/get_robot_mode__struct.hpp\n'}
[2.637653] (ur_dashboard_msgs) StdoutLine: {'line': b'-- Up-to-date: /home/com9/uet_ws/install/ur_dashboard_msgs/include/ur_dashboard_msgs/ur_dashboard_msgs/srv/detail/is_in_remote_control__builder.hpp\n'}
[2.637684] (ur_dashboard_msgs) StdoutLine: {'line': b'-- Up-to-date: /home/com9/uet_ws/install/ur_dashboard_msgs/include/ur_dashboard_msgs/ur_dashboard_msgs/srv/detail/upload_program__traits.hpp\n'}
[2.637716] (ur_dashboard_msgs) StdoutLine: {'line': b'-- Up-to-date: /home/com9/uet_ws/install/ur_dashboard_msgs/include/ur_dashboard_msgs/ur_dashboard_msgs/srv/detail/get_operational_mode__type_support.hpp\n'}
[2.637751] (ur_dashboard_msgs) StdoutLine: {'line': b'-- Up-to-date: /home/com9/uet_ws/install/ur_dashboard_msgs/include/ur_dashboard_msgs/ur_dashboard_msgs/srv/detail/get_robot_mode__traits.hpp\n'}
[2.637784] (ur_dashboard_msgs) StdoutLine: {'line': b'-- Up-to-date: /home/com9/uet_ws/install/ur_dashboard_msgs/include/ur_dashboard_msgs/ur_dashboard_msgs/srv/detail/is_program_saved__struct.hpp\n'}
[2.637817] (ur_dashboard_msgs) StdoutLine: {'line': b'-- Up-to-date: /home/com9/uet_ws/install/ur_dashboard_msgs/include/ur_dashboard_msgs/ur_dashboard_msgs/srv/detail/get_operational_mode__traits.hpp\n'}
[2.637850] (ur_dashboard_msgs) StdoutLine: {'line': b'-- Up-to-date: /home/com9/uet_ws/install/ur_dashboard_msgs/include/ur_dashboard_msgs/ur_dashboard_msgs/srv/detail/get_robot_model__type_support.hpp\n'}
[2.637882] (ur_dashboard_msgs) StdoutLine: {'line': b'-- Up-to-date: /home/com9/uet_ws/install/ur_dashboard_msgs/include/ur_dashboard_msgs/ur_dashboard_msgs/srv/detail/load__builder.hpp\n'}
[2.637915] (ur_dashboard_msgs) StdoutLine: {'line': b'-- Up-to-date: /home/com9/uet_ws/install/ur_dashboard_msgs/include/ur_dashboard_msgs/ur_dashboard_msgs/srv/detail/set_user_role__builder.hpp\n'}
[2.637948] (ur_dashboard_msgs) StdoutLine: {'line': b'-- Up-to-date: /home/com9/uet_ws/install/ur_dashboard_msgs/include/ur_dashboard_msgs/ur_dashboard_msgs/srv/detail/get_robot_model__builder.hpp\n'}
[2.637980] (ur_dashboard_msgs) StdoutLine: {'line': b'-- Up-to-date: /home/com9/uet_ws/install/ur_dashboard_msgs/include/ur_dashboard_msgs/ur_dashboard_msgs/srv/detail/get_safety_mode__type_support.hpp\n'}
[2.638014] (ur_dashboard_msgs) StdoutLine: {'line': b'-- Up-to-date: /home/com9/uet_ws/install/ur_dashboard_msgs/include/ur_dashboard_msgs/ur_dashboard_msgs/srv/detail/add_to_log__type_support.hpp\n'}
[2.638046] (ur_dashboard_msgs) StdoutLine: {'line': b'-- Up-to-date: /home/com9/uet_ws/install/ur_dashboard_msgs/include/ur_dashboard_msgs/ur_dashboard_msgs/srv/detail/generate_flight_report__type_support.hpp\n'}
[2.638081] (ur_dashboard_msgs) StdoutLine: {'line': b'-- Up-to-date: /home/com9/uet_ws/install/ur_dashboard_msgs/include/ur_dashboard_msgs/ur_dashboard_msgs/srv/detail/upload_program__struct.hpp\n'}
[2.638119] (ur_dashboard_msgs) StdoutLine: {'line': b'-- Up-to-date: /home/com9/uet_ws/install/ur_dashboard_msgs/include/ur_dashboard_msgs/ur_dashboard_msgs/srv/detail/set_operational_mode__builder.hpp\n'}
[2.638152] (ur_dashboard_msgs) StdoutLine: {'line': b'-- Up-to-date: /home/com9/uet_ws/install/ur_dashboard_msgs/include/ur_dashboard_msgs/ur_dashboard_msgs/srv/detail/get_programs__struct.hpp\n'}
[2.638191] (ur_dashboard_msgs) StdoutLine: {'line': b'-- Up-to-date: /home/com9/uet_ws/install/ur_dashboard_msgs/include/ur_dashboard_msgs/ur_dashboard_msgs/srv/detail/get_robot_mode__builder.hpp\n'}
[2.638224] (ur_dashboard_msgs) StdoutLine: {'line': b'-- Up-to-date: /home/com9/uet_ws/install/ur_dashboard_msgs/include/ur_dashboard_msgs/ur_dashboard_msgs/srv/detail/get_program_state__traits.hpp\n'}
[2.638258] (ur_dashboard_msgs) StdoutLine: {'line': b'-- Up-to-date: /home/com9/uet_ws/install/ur_dashboard_msgs/include/ur_dashboard_msgs/ur_dashboard_msgs/srv/detail/load__type_support.hpp\n'}
[2.638292] (ur_dashboard_msgs) StdoutLine: {'line': b'-- Up-to-date: /home/com9/uet_ws/install/ur_dashboard_msgs/include/ur_dashboard_msgs/ur_dashboard_msgs/srv/detail/is_program_running__builder.hpp\n'}
[2.638326] (ur_dashboard_msgs) StdoutLine: {'line': b'-- Up-to-date: /home/com9/uet_ws/install/ur_dashboard_msgs/include/ur_dashboard_msgs/ur_dashboard_msgs/srv/detail/get_poly_scope_version__builder.hpp\n'}
[2.638358] (ur_dashboard_msgs) StdoutLine: {'line': b'-- Up-to-date: /home/com9/uet_ws/install/ur_dashboard_msgs/include/ur_dashboard_msgs/ur_dashboard_msgs/srv/detail/set_operational_mode__traits.hpp\n'}
[2.638390] (ur_dashboard_msgs) StdoutLine: {'line': b'-- Up-to-date: /home/com9/uet_ws/install/ur_dashboard_msgs/include/ur_dashboard_msgs/ur_dashboard_msgs/srv/detail/upload_program__type_support.hpp\n'}
[2.638431] (ur_dashboard_msgs) StdoutLine: {'line': b'-- Up-to-date: /home/com9/uet_ws/install/ur_dashboard_msgs/include/ur_dashboard_msgs/ur_dashboard_msgs/srv/detail/generate_support_file__type_support.hpp\n'}
[2.638466] (ur_dashboard_msgs) StdoutLine: {'line': b'-- Up-to-date: /home/com9/uet_ws/install/ur_dashboard_msgs/include/ur_dashboard_msgs/ur_dashboard_msgs/srv/detail/raw_request__type_support.hpp\n'}
[2.638498] (ur_dashboard_msgs) StdoutLine: {'line': b'-- Up-to-date: /home/com9/uet_ws/install/ur_dashboard_msgs/include/ur_dashboard_msgs/ur_dashboard_msgs/srv/detail/is_program_running__traits.hpp\n'}
[2.638532] (ur_dashboard_msgs) StdoutLine: {'line': b'-- Up-to-date: /home/com9/uet_ws/install/ur_dashboard_msgs/include/ur_dashboard_msgs/ur_dashboard_msgs/srv/detail/add_to_log__struct.hpp\n'}
[2.638565] (ur_dashboard_msgs) StdoutLine: {'line': b'-- Up-to-date: /home/com9/uet_ws/install/ur_dashboard_msgs/include/ur_dashboard_msgs/ur_dashboard_msgs/srv/detail/download_program__type_support.hpp\n'}
[2.638599] (ur_dashboard_msgs) StdoutLine: {'line': b'-- Up-to-date: /home/com9/uet_ws/install/ur_dashboard_msgs/include/ur_dashboard_msgs/ur_dashboard_msgs/srv/detail/get_safety_mode__struct.hpp\n'}
[2.638632] (ur_dashboard_msgs) StdoutLine: {'line': b'-- Up-to-date: /home/com9/uet_ws/install/ur_dashboard_msgs/include/ur_dashboard_msgs/ur_dashboard_msgs/srv/detail/get_program_state__struct.hpp\n'}
[2.638666] (ur_dashboard_msgs) StdoutLine: {'line': b'-- Up-to-date: /home/com9/uet_ws/install/ur_dashboard_msgs/include/ur_dashboard_msgs/ur_dashboard_msgs/srv/detail/popup__struct.hpp\n'}
[2.638698] (ur_dashboard_msgs) StdoutLine: {'line': b'-- Up-to-date: /home/com9/uet_ws/install/ur_dashboard_msgs/include/ur_dashboard_msgs/ur_dashboard_msgs/srv/detail/get_user_role__builder.hpp\n'}
[2.638731] (ur_dashboard_msgs) StdoutLine: {'line': b'-- Up-to-date: /home/com9/uet_ws/install/ur_dashboard_msgs/include/ur_dashboard_msgs/ur_dashboard_msgs/srv/detail/popup__builder.hpp\n'}
[2.638763] (ur_dashboard_msgs) StdoutLine: {'line': b'-- Up-to-date: /home/com9/uet_ws/install/ur_dashboard_msgs/include/ur_dashboard_msgs/ur_dashboard_msgs/srv/detail/get_serial_number__type_support.hpp\n'}
[2.638795] (ur_dashboard_msgs) StdoutLine: {'line': b'-- Up-to-date: /home/com9/uet_ws/install/ur_dashboard_msgs/include/ur_dashboard_msgs/ur_dashboard_msgs/srv/detail/get_safety_mode__traits.hpp\n'}
[2.638828] (ur_dashboard_msgs) StdoutLine: {'line': b'-- Up-to-date: /home/com9/uet_ws/install/ur_dashboard_msgs/include/ur_dashboard_msgs/ur_dashboard_msgs/srv/detail/popup__traits.hpp\n'}
[2.638859] (ur_dashboard_msgs) StdoutLine: {'line': b'-- Up-to-date: /home/com9/uet_ws/install/ur_dashboard_msgs/include/ur_dashboard_msgs/ur_dashboard_msgs/srv/detail/is_in_remote_control__struct.hpp\n'}
[2.638893] (ur_dashboard_msgs) StdoutLine: {'line': b'-- Up-to-date: /home/com9/uet_ws/install/ur_dashboard_msgs/include/ur_dashboard_msgs/ur_dashboard_msgs/srv/detail/set_user_role__struct.hpp\n'}
[2.638926] (ur_dashboard_msgs) StdoutLine: {'line': b'-- Up-to-date: /home/com9/uet_ws/install/ur_dashboard_msgs/include/ur_dashboard_msgs/ur_dashboard_msgs/srv/detail/is_program_running__type_support.hpp\n'}
[2.638959] (ur_dashboard_msgs) StdoutLine: {'line': b'-- Up-to-date: /home/com9/uet_ws/install/ur_dashboard_msgs/include/ur_dashboard_msgs/ur_dashboard_msgs/srv/detail/get_safety_status__struct.hpp\n'}
[2.638991] (ur_dashboard_msgs) StdoutLine: {'line': b'-- Up-to-date: /home/com9/uet_ws/install/ur_dashboard_msgs/include/ur_dashboard_msgs/ur_dashboard_msgs/srv/detail/upload_program__builder.hpp\n'}
[2.639028] (ur_dashboard_msgs) StdoutLine: {'line': b'-- Up-to-date: /home/com9/uet_ws/install/ur_dashboard_msgs/include/ur_dashboard_msgs/ur_dashboard_msgs/srv/detail/get_loaded_program__builder.hpp\n'}
[2.639061] (ur_dashboard_msgs) StdoutLine: {'line': b'-- Up-to-date: /home/com9/uet_ws/install/ur_dashboard_msgs/include/ur_dashboard_msgs/ur_dashboard_msgs/srv/detail/set_user_role__type_support.hpp\n'}
[2.639094] (ur_dashboard_msgs) StdoutLine: {'line': b'-- Up-to-date: /home/com9/uet_ws/install/ur_dashboard_msgs/include/ur_dashboard_msgs/ur_dashboard_msgs/srv/detail/load__struct.hpp\n'}
[2.639128] (ur_dashboard_msgs) StdoutLine: {'line': b'-- Up-to-date: /home/com9/uet_ws/install/ur_dashboard_msgs/include/ur_dashboard_msgs/ur_dashboard_msgs/srv/detail/get_program_state__type_support.hpp\n'}
[2.639170] (ur_dashboard_msgs) StdoutLine: {'line': b'-- Up-to-date: /home/com9/uet_ws/install/ur_dashboard_msgs/include/ur_dashboard_msgs/ur_dashboard_msgs/srv/detail/raw_request__struct.hpp\n'}
[2.639202] (ur_dashboard_msgs) StdoutLine: {'line': b'-- Up-to-date: /home/com9/uet_ws/install/ur_dashboard_msgs/include/ur_dashboard_msgs/ur_dashboard_msgs/srv/detail/raw_request__builder.hpp\n'}
[2.639235] (ur_dashboard_msgs) StdoutLine: {'line': b'-- Up-to-date: /home/com9/uet_ws/install/ur_dashboard_msgs/include/ur_dashboard_msgs/ur_dashboard_msgs/srv/detail/generate_flight_report__traits.hpp\n'}
[2.639268] (ur_dashboard_msgs) StdoutLine: {'line': b'-- Up-to-date: /home/com9/uet_ws/install/ur_dashboard_msgs/include/ur_dashboard_msgs/ur_dashboard_msgs/srv/detail/get_operational_mode__builder.hpp\n'}
[2.639302] (ur_dashboard_msgs) StdoutLine: {'line': b'-- Up-to-date: /home/com9/uet_ws/install/ur_dashboard_msgs/include/ur_dashboard_msgs/ur_dashboard_msgs/srv/detail/get_safety_status__traits.hpp\n'}
[2.639336] (ur_dashboard_msgs) StdoutLine: {'line': b'-- Up-to-date: /home/com9/uet_ws/install/ur_dashboard_msgs/include/ur_dashboard_msgs/ur_dashboard_msgs/srv/detail/get_user_role__traits.hpp\n'}
[2.639370] (ur_dashboard_msgs) StdoutLine: {'line': b'-- Up-to-date: /home/com9/uet_ws/install/ur_dashboard_msgs/include/ur_dashboard_msgs/ur_dashboard_msgs/srv/detail/generate_support_file__struct.hpp\n'}
[2.639406] (ur_dashboard_msgs) StdoutLine: {'line': b'-- Up-to-date: /home/com9/uet_ws/install/ur_dashboard_msgs/include/ur_dashboard_msgs/ur_dashboard_msgs/srv/detail/get_program_state__builder.hpp\n'}
[2.639447] (ur_dashboard_msgs) StdoutLine: {'line': b'-- Up-to-date: /home/com9/uet_ws/install/ur_dashboard_msgs/include/ur_dashboard_msgs/ur_dashboard_msgs/srv/detail/get_programs__builder.hpp\n'}
[2.639483] (ur_dashboard_msgs) StdoutLine: {'line': b'-- Up-to-date: /home/com9/uet_ws/install/ur_dashboard_msgs/include/ur_dashboard_msgs/ur_dashboard_msgs/srv/detail/is_in_remote_control__traits.hpp\n'}
[2.639516] (ur_dashboard_msgs) StdoutLine: {'line': b'-- Up-to-date: /home/com9/uet_ws/install/ur_dashboard_msgs/include/ur_dashboard_msgs/ur_dashboard_msgs/srv/detail/get_poly_scope_version__type_support.hpp\n'}
[2.639549] (ur_dashboard_msgs) StdoutLine: {'line': b'-- Up-to-date: /home/com9/uet_ws/install/ur_dashboard_msgs/include/ur_dashboard_msgs/ur_dashboard_msgs/srv/detail/get_programs__traits.hpp\n'}
[2.639582] (ur_dashboard_msgs) StdoutLine: {'line': b'-- Up-to-date: /home/com9/uet_ws/install/ur_dashboard_msgs/include/ur_dashboard_msgs/ur_dashboard_msgs/srv/detail/get_loaded_program__traits.hpp\n'}
[2.639614] (ur_dashboard_msgs) StdoutLine: {'line': b'-- Up-to-date: /home/com9/uet_ws/install/ur_dashboard_msgs/include/ur_dashboard_msgs/ur_dashboard_msgs/srv/detail/get_operational_mode__struct.hpp\n'}
[2.639647] (ur_dashboard_msgs) StdoutLine: {'line': b'-- Up-to-date: /home/com9/uet_ws/install/ur_dashboard_msgs/include/ur_dashboard_msgs/ur_dashboard_msgs/srv/detail/generate_flight_report__struct.hpp\n'}
[2.639680] (ur_dashboard_msgs) StdoutLine: {'line': b'-- Up-to-date: /home/com9/uet_ws/install/ur_dashboard_msgs/include/ur_dashboard_msgs/ur_dashboard_msgs/srv/detail/generate_flight_report__builder.hpp\n'}
[2.639713] (ur_dashboard_msgs) StdoutLine: {'line': b'-- Up-to-date: /home/com9/uet_ws/install/ur_dashboard_msgs/include/ur_dashboard_msgs/ur_dashboard_msgs/srv/detail/is_program_saved__type_support.hpp\n'}
[2.639746] (ur_dashboard_msgs) StdoutLine: {'line': b'-- Up-to-date: /home/com9/uet_ws/install/ur_dashboard_msgs/include/ur_dashboard_msgs/ur_dashboard_msgs/srv/detail/is_in_remote_control__type_support.hpp\n'}
[2.639779] (ur_dashboard_msgs) StdoutLine: {'line': b'-- Up-to-date: /home/com9/uet_ws/install/ur_dashboard_msgs/include/ur_dashboard_msgs/ur_dashboard_msgs/srv/detail/get_safety_mode__builder.hpp\n'}
[2.639815] (ur_dashboard_msgs) StdoutLine: {'line': b'-- Up-to-date: /home/com9/uet_ws/install/ur_dashboard_msgs/include/ur_dashboard_msgs/ur_dashboard_msgs/srv/detail/get_safety_status__type_support.hpp\n'}
[2.639849] (ur_dashboard_msgs) StdoutLine: {'line': b'-- Up-to-date: /home/com9/uet_ws/install/ur_dashboard_msgs/include/ur_dashboard_msgs/ur_dashboard_msgs/srv/detail/get_robot_model__traits.hpp\n'}
[2.639882] (ur_dashboard_msgs) StdoutLine: {'line': b'-- Up-to-date: /home/com9/uet_ws/install/ur_dashboard_msgs/include/ur_dashboard_msgs/ur_dashboard_msgs/srv/detail/get_user_role__type_support.hpp\n'}
[2.639915] (ur_dashboard_msgs) StdoutLine: {'line': b'-- Up-to-date: /home/com9/uet_ws/install/ur_dashboard_msgs/include/ur_dashboard_msgs/ur_dashboard_msgs/srv/detail/download_program__builder.hpp\n'}
[2.639952] (ur_dashboard_msgs) StdoutLine: {'line': b'-- Up-to-date: /home/com9/uet_ws/install/ur_dashboard_msgs/include/ur_dashboard_msgs/ur_dashboard_msgs/srv/detail/get_serial_number__traits.hpp\n'}
[2.639985] (ur_dashboard_msgs) StdoutLine: {'line': b'-- Up-to-date: /home/com9/uet_ws/install/ur_dashboard_msgs/include/ur_dashboard_msgs/ur_dashboard_msgs/srv/detail/is_program_running__struct.hpp\n'}
[2.640018] (ur_dashboard_msgs) StdoutLine: {'line': b'-- Up-to-date: /home/com9/uet_ws/install/ur_dashboard_msgs/include/ur_dashboard_msgs/ur_dashboard_msgs/srv/detail/get_robot_mode__type_support.hpp\n'}
[2.640052] (ur_dashboard_msgs) StdoutLine: {'line': b'-- Up-to-date: /home/com9/uet_ws/install/ur_dashboard_msgs/include/ur_dashboard_msgs/ur_dashboard_msgs/srv/detail/set_operational_mode__type_support.hpp\n'}
[2.640084] (ur_dashboard_msgs) StdoutLine: {'line': b'-- Up-to-date: /home/com9/uet_ws/install/ur_dashboard_msgs/include/ur_dashboard_msgs/ur_dashboard_msgs/srv/detail/load__traits.hpp\n'}
[2.640124] (ur_dashboard_msgs) StdoutLine: {'line': b'-- Up-to-date: /home/com9/uet_ws/install/ur_dashboard_msgs/include/ur_dashboard_msgs/ur_dashboard_msgs/srv/detail/is_program_saved__builder.hpp\n'}
[2.640157] (ur_dashboard_msgs) StdoutLine: {'line': b'-- Up-to-date: /home/com9/uet_ws/install/ur_dashboard_msgs/include/ur_dashboard_msgs/ur_dashboard_msgs/srv/detail/get_safety_status__builder.hpp\n'}
[2.640191] (ur_dashboard_msgs) StdoutLine: {'line': b'-- Up-to-date: /home/com9/uet_ws/install/ur_dashboard_msgs/include/ur_dashboard_msgs/ur_dashboard_msgs/srv/detail/download_program__struct.hpp\n'}
[2.640224] (ur_dashboard_msgs) StdoutLine: {'line': b'-- Up-to-date: /home/com9/uet_ws/install/ur_dashboard_msgs/include/ur_dashboard_msgs/ur_dashboard_msgs/srv/detail/get_user_role__struct.hpp\n'}
[2.640257] (ur_dashboard_msgs) StdoutLine: {'line': b'-- Up-to-date: /home/com9/uet_ws/install/ur_dashboard_msgs/include/ur_dashboard_msgs/ur_dashboard_msgs/srv/detail/download_program__traits.hpp\n'}
[2.640289] (ur_dashboard_msgs) StdoutLine: {'line': b'-- Up-to-date: /home/com9/uet_ws/install/ur_dashboard_msgs/include/ur_dashboard_msgs/ur_dashboard_msgs/srv/detail/get_serial_number__struct.hpp\n'}
[2.640323] (ur_dashboard_msgs) StdoutLine: {'line': b'-- Up-to-date: /home/com9/uet_ws/install/ur_dashboard_msgs/include/ur_dashboard_msgs/ur_dashboard_msgs/srv/detail/raw_request__traits.hpp\n'}
[2.640356] (ur_dashboard_msgs) StdoutLine: {'line': b'-- Up-to-date: /home/com9/uet_ws/install/ur_dashboard_msgs/include/ur_dashboard_msgs/ur_dashboard_msgs/srv/detail/get_serial_number__builder.hpp\n'}
[2.640389] (ur_dashboard_msgs) StdoutLine: {'line': b'-- Up-to-date: /home/com9/uet_ws/install/ur_dashboard_msgs/include/ur_dashboard_msgs/ur_dashboard_msgs/srv/detail/add_to_log__builder.hpp\n'}
[2.640426] (ur_dashboard_msgs) StdoutLine: {'line': b'-- Up-to-date: /home/com9/uet_ws/install/ur_dashboard_msgs/include/ur_dashboard_msgs/ur_dashboard_msgs/srv/detail/get_loaded_program__type_support.hpp\n'}
[2.640460] (ur_dashboard_msgs) StdoutLine: {'line': b'-- Up-to-date: /home/com9/uet_ws/install/ur_dashboard_msgs/include/ur_dashboard_msgs/ur_dashboard_msgs/srv/detail/is_program_saved__traits.hpp\n'}
[2.640495] (ur_dashboard_msgs) StdoutLine: {'line': b'-- Up-to-date: /home/com9/uet_ws/install/ur_dashboard_msgs/include/ur_dashboard_msgs/ur_dashboard_msgs/srv/detail/get_loaded_program__struct.hpp\n'}
[2.640528] (ur_dashboard_msgs) StdoutLine: {'line': b'-- Up-to-date: /home/com9/uet_ws/install/ur_dashboard_msgs/include/ur_dashboard_msgs/ur_dashboard_msgs/srv/get_safety_status.hpp\n'}
[2.640562] (ur_dashboard_msgs) StdoutLine: {'line': b'-- Up-to-date: /home/com9/uet_ws/install/ur_dashboard_msgs/include/ur_dashboard_msgs/ur_dashboard_msgs/srv/get_operational_mode.hpp\n'}
[2.640595] (ur_dashboard_msgs) StdoutLine: {'line': b'-- Up-to-date: /home/com9/uet_ws/install/ur_dashboard_msgs/include/ur_dashboard_msgs/ur_dashboard_msgs/srv/set_operational_mode.hpp\n'}
[2.640628] (ur_dashboard_msgs) StdoutLine: {'line': b'-- Up-to-date: /home/com9/uet_ws/install/ur_dashboard_msgs/include/ur_dashboard_msgs/ur_dashboard_msgs/srv/get_programs.hpp\n'}
[2.640662] (ur_dashboard_msgs) StdoutLine: {'line': b'-- Up-to-date: /home/com9/uet_ws/install/ur_dashboard_msgs/include/ur_dashboard_msgs/ur_dashboard_msgs/srv/is_in_remote_control.hpp\n'}
[2.640696] (ur_dashboard_msgs) StdoutLine: {'line': b'-- Up-to-date: /home/com9/uet_ws/install/ur_dashboard_msgs/include/ur_dashboard_msgs/ur_dashboard_msgs/srv/add_to_log.hpp\n'}
[2.640729] (ur_dashboard_msgs) StdoutLine: {'line': b'-- Up-to-date: /home/com9/uet_ws/install/ur_dashboard_msgs/include/ur_dashboard_msgs/ur_dashboard_msgs/action\n'}
[2.640763] (ur_dashboard_msgs) StdoutLine: {'line': b'-- Up-to-date: /home/com9/uet_ws/install/ur_dashboard_msgs/include/ur_dashboard_msgs/ur_dashboard_msgs/action/detail\n'}
[2.640796] (ur_dashboard_msgs) StdoutLine: {'line': b'-- Up-to-date: /home/com9/uet_ws/install/ur_dashboard_msgs/include/ur_dashboard_msgs/ur_dashboard_msgs/action/detail/set_mode__traits.hpp\n'}
[2.640829] (ur_dashboard_msgs) StdoutLine: {'line': b'-- Up-to-date: /home/com9/uet_ws/install/ur_dashboard_msgs/include/ur_dashboard_msgs/ur_dashboard_msgs/action/detail/set_mode__builder.hpp\n'}
[2.640863] (ur_dashboard_msgs) StdoutLine: {'line': b'-- Up-to-date: /home/com9/uet_ws/install/ur_dashboard_msgs/include/ur_dashboard_msgs/ur_dashboard_msgs/action/detail/set_mode__struct.hpp\n'}
[2.640901] (ur_dashboard_msgs) StdoutLine: {'line': b'-- Up-to-date: /home/com9/uet_ws/install/ur_dashboard_msgs/include/ur_dashboard_msgs/ur_dashboard_msgs/action/detail/set_mode__type_support.hpp\n'}
[2.640934] (ur_dashboard_msgs) StdoutLine: {'line': b'-- Up-to-date: /home/com9/uet_ws/install/ur_dashboard_msgs/include/ur_dashboard_msgs/ur_dashboard_msgs/action/set_mode.hpp\n'}
[2.640967] (ur_dashboard_msgs) StdoutLine: {'line': b'-- Up-to-date: /home/com9/uet_ws/install/ur_dashboard_msgs/include/ur_dashboard_msgs/ur_dashboard_msgs\n'}
[2.641000] (ur_dashboard_msgs) StdoutLine: {'line': b'-- Up-to-date: /home/com9/uet_ws/install/ur_dashboard_msgs/include/ur_dashboard_msgs/ur_dashboard_msgs/msg\n'}
[2.641032] (ur_dashboard_msgs) StdoutLine: {'line': b'-- Up-to-date: /home/com9/uet_ws/install/ur_dashboard_msgs/include/ur_dashboard_msgs/ur_dashboard_msgs/msg/detail\n'}
[2.641065] (ur_dashboard_msgs) StdoutLine: {'line': b'-- Up-to-date: /home/com9/uet_ws/install/ur_dashboard_msgs/include/ur_dashboard_msgs/ur_dashboard_msgs/msg/detail/version_information__rosidl_typesupport_fastrtps_cpp.hpp\n'}
[2.641099] (ur_dashboard_msgs) StdoutLine: {'line': b'-- Up-to-date: /home/com9/uet_ws/install/ur_dashboard_msgs/include/ur_dashboard_msgs/ur_dashboard_msgs/msg/detail/program_information__rosidl_typesupport_fastrtps_cpp.hpp\n'}
[2.641138] (ur_dashboard_msgs) StdoutLine: {'line': b'-- Up-to-date: /home/com9/uet_ws/install/ur_dashboard_msgs/include/ur_dashboard_msgs/ur_dashboard_msgs/msg/detail/program_state__rosidl_typesupport_fastrtps_cpp.hpp\n'}
[2.641171] (ur_dashboard_msgs) StdoutLine: {'line': b'-- Up-to-date: /home/com9/uet_ws/install/ur_dashboard_msgs/include/ur_dashboard_msgs/ur_dashboard_msgs/msg/detail/safety_mode__rosidl_typesupport_fastrtps_cpp.hpp\n'}
[2.641205] (ur_dashboard_msgs) StdoutLine: {'line': b'-- Up-to-date: /home/com9/uet_ws/install/ur_dashboard_msgs/include/ur_dashboard_msgs/ur_dashboard_msgs/msg/detail/dds_fastrtps\n'}
[2.641240] (ur_dashboard_msgs) StdoutLine: {'line': b'-- Up-to-date: /home/com9/uet_ws/install/ur_dashboard_msgs/include/ur_dashboard_msgs/ur_dashboard_msgs/msg/detail/safety_status__rosidl_typesupport_fastrtps_cpp.hpp\n'}
[2.641275] (ur_dashboard_msgs) StdoutLine: {'line': b'-- Up-to-date: /home/com9/uet_ws/install/ur_dashboard_msgs/include/ur_dashboard_msgs/ur_dashboard_msgs/msg/detail/robot_mode__rosidl_typesupport_fastrtps_cpp.hpp\n'}
[2.641308] (ur_dashboard_msgs) StdoutLine: {'line': b'-- Up-to-date: /home/com9/uet_ws/install/ur_dashboard_msgs/include/ur_dashboard_msgs/ur_dashboard_msgs/msg/detail/user_role__rosidl_typesupport_fastrtps_cpp.hpp\n'}
[2.641341] (ur_dashboard_msgs) StdoutLine: {'line': b'-- Up-to-date: /home/com9/uet_ws/install/ur_dashboard_msgs/include/ur_dashboard_msgs/ur_dashboard_msgs/msg/detail/operational_mode__rosidl_typesupport_fastrtps_cpp.hpp\n'}
[2.641373] (ur_dashboard_msgs) StdoutLine: {'line': b'-- Up-to-date: /home/com9/uet_ws/install/ur_dashboard_msgs/include/ur_dashboard_msgs/ur_dashboard_msgs/msg/rosidl_typesupport_fastrtps_cpp__visibility_control.h\n'}
[2.641407] (ur_dashboard_msgs) StdoutLine: {'line': b'-- Up-to-date: /home/com9/uet_ws/install/ur_dashboard_msgs/include/ur_dashboard_msgs/ur_dashboard_msgs/srv\n'}
[2.641444] (ur_dashboard_msgs) StdoutLine: {'line': b'-- Up-to-date: /home/com9/uet_ws/install/ur_dashboard_msgs/include/ur_dashboard_msgs/ur_dashboard_msgs/srv/detail\n'}
[2.641479] (ur_dashboard_msgs) StdoutLine: {'line': b'-- Up-to-date: /home/com9/uet_ws/install/ur_dashboard_msgs/include/ur_dashboard_msgs/ur_dashboard_msgs/srv/detail/is_program_saved__rosidl_typesupport_fastrtps_cpp.hpp\n'}
[2.641514] (ur_dashboard_msgs) StdoutLine: {'line': b'-- Up-to-date: /home/com9/uet_ws/install/ur_dashboard_msgs/include/ur_dashboard_msgs/ur_dashboard_msgs/srv/detail/get_program_state__rosidl_typesupport_fastrtps_cpp.hpp\n'}
[2.641549] (ur_dashboard_msgs) StdoutLine: {'line': b'-- Up-to-date: /home/com9/uet_ws/install/ur_dashboard_msgs/include/ur_dashboard_msgs/ur_dashboard_msgs/srv/detail/get_serial_number__rosidl_typesupport_fastrtps_cpp.hpp\n'}
[2.641582] (ur_dashboard_msgs) StdoutLine: {'line': b'-- Up-to-date: /home/com9/uet_ws/install/ur_dashboard_msgs/include/ur_dashboard_msgs/ur_dashboard_msgs/srv/detail/is_in_remote_control__rosidl_typesupport_fastrtps_cpp.hpp\n'}
[2.641618] (ur_dashboard_msgs) StdoutLine: {'line': b'-- Up-to-date: /home/com9/uet_ws/install/ur_dashboard_msgs/include/ur_dashboard_msgs/ur_dashboard_msgs/srv/detail/get_robot_model__rosidl_typesupport_fastrtps_cpp.hpp\n'}
[2.641652] (ur_dashboard_msgs) StdoutLine: {'line': b'-- Up-to-date: /home/com9/uet_ws/install/ur_dashboard_msgs/include/ur_dashboard_msgs/ur_dashboard_msgs/srv/detail/raw_request__rosidl_typesupport_fastrtps_cpp.hpp\n'}
[2.641685] (ur_dashboard_msgs) StdoutLine: {'line': b'-- Up-to-date: /home/com9/uet_ws/install/ur_dashboard_msgs/include/ur_dashboard_msgs/ur_dashboard_msgs/srv/detail/dds_fastrtps\n'}
[2.641719] (ur_dashboard_msgs) StdoutLine: {'line': b'-- Up-to-date: /home/com9/uet_ws/install/ur_dashboard_msgs/include/ur_dashboard_msgs/ur_dashboard_msgs/srv/detail/get_safety_mode__rosidl_typesupport_fastrtps_cpp.hpp\n'}
[2.641752] (ur_dashboard_msgs) StdoutLine: {'line': b'-- Up-to-date: /home/com9/uet_ws/install/ur_dashboard_msgs/include/ur_dashboard_msgs/ur_dashboard_msgs/srv/detail/get_poly_scope_version__rosidl_typesupport_fastrtps_cpp.hpp\n'}
[2.641789] (ur_dashboard_msgs) StdoutLine: {'line': b'-- Up-to-date: /home/com9/uet_ws/install/ur_dashboard_msgs/include/ur_dashboard_msgs/ur_dashboard_msgs/srv/detail/get_user_role__rosidl_typesupport_fastrtps_cpp.hpp\n'}
[2.641822] (ur_dashboard_msgs) StdoutLine: {'line': b'-- Up-to-date: /home/com9/uet_ws/install/ur_dashboard_msgs/include/ur_dashboard_msgs/ur_dashboard_msgs/srv/detail/generate_flight_report__rosidl_typesupport_fastrtps_cpp.hpp\n'}
[2.641855] (ur_dashboard_msgs) StdoutLine: {'line': b'-- Up-to-date: /home/com9/uet_ws/install/ur_dashboard_msgs/include/ur_dashboard_msgs/ur_dashboard_msgs/srv/detail/is_program_running__rosidl_typesupport_fastrtps_cpp.hpp\n'}
[2.641889] (ur_dashboard_msgs) StdoutLine: {'line': b'-- Up-to-date: /home/com9/uet_ws/install/ur_dashboard_msgs/include/ur_dashboard_msgs/ur_dashboard_msgs/srv/detail/generate_support_file__rosidl_typesupport_fastrtps_cpp.hpp\n'}
[2.641922] (ur_dashboard_msgs) StdoutLine: {'line': b'-- Up-to-date: /home/com9/uet_ws/install/ur_dashboard_msgs/include/ur_dashboard_msgs/ur_dashboard_msgs/srv/detail/get_safety_status__rosidl_typesupport_fastrtps_cpp.hpp\n'}
[2.641954] (ur_dashboard_msgs) StdoutLine: {'line': b'-- Up-to-date: /home/com9/uet_ws/install/ur_dashboard_msgs/include/ur_dashboard_msgs/ur_dashboard_msgs/srv/detail/set_operational_mode__rosidl_typesupport_fastrtps_cpp.hpp\n'}
[2.641987] (ur_dashboard_msgs) StdoutLine: {'line': b'-- Up-to-date: /home/com9/uet_ws/install/ur_dashboard_msgs/include/ur_dashboard_msgs/ur_dashboard_msgs/srv/detail/get_robot_mode__rosidl_typesupport_fastrtps_cpp.hpp\n'}
[2.642025] (ur_dashboard_msgs) StdoutLine: {'line': b'-- Up-to-date: /home/com9/uet_ws/install/ur_dashboard_msgs/include/ur_dashboard_msgs/ur_dashboard_msgs/srv/detail/get_operational_mode__rosidl_typesupport_fastrtps_cpp.hpp\n'}
[2.642058] (ur_dashboard_msgs) StdoutLine: {'line': b'-- Up-to-date: /home/com9/uet_ws/install/ur_dashboard_msgs/include/ur_dashboard_msgs/ur_dashboard_msgs/srv/detail/get_loaded_program__rosidl_typesupport_fastrtps_cpp.hpp\n'}
[2.642090] (ur_dashboard_msgs) StdoutLine: {'line': b'-- Up-to-date: /home/com9/uet_ws/install/ur_dashboard_msgs/include/ur_dashboard_msgs/ur_dashboard_msgs/srv/detail/add_to_log__rosidl_typesupport_fastrtps_cpp.hpp\n'}
[2.642123] (ur_dashboard_msgs) StdoutLine: {'line': b'-- Up-to-date: /home/com9/uet_ws/install/ur_dashboard_msgs/include/ur_dashboard_msgs/ur_dashboard_msgs/srv/detail/load__rosidl_typesupport_fastrtps_cpp.hpp\n'}
[2.642155] (ur_dashboard_msgs) StdoutLine: {'line': b'-- Up-to-date: /home/com9/uet_ws/install/ur_dashboard_msgs/include/ur_dashboard_msgs/ur_dashboard_msgs/srv/detail/popup__rosidl_typesupport_fastrtps_cpp.hpp\n'}
[2.642188] (ur_dashboard_msgs) StdoutLine: {'line': b'-- Up-to-date: /home/com9/uet_ws/install/ur_dashboard_msgs/include/ur_dashboard_msgs/ur_dashboard_msgs/srv/detail/download_program__rosidl_typesupport_fastrtps_cpp.hpp\n'}
[2.642220] (ur_dashboard_msgs) StdoutLine: {'line': b'-- Up-to-date: /home/com9/uet_ws/install/ur_dashboard_msgs/include/ur_dashboard_msgs/ur_dashboard_msgs/srv/detail/upload_program__rosidl_typesupport_fastrtps_cpp.hpp\n'}
[2.642255] (ur_dashboard_msgs) StdoutLine: {'line': b'-- Up-to-date: /home/com9/uet_ws/install/ur_dashboard_msgs/include/ur_dashboard_msgs/ur_dashboard_msgs/srv/detail/get_programs__rosidl_typesupport_fastrtps_cpp.hpp\n'}
[2.642287] (ur_dashboard_msgs) StdoutLine: {'line': b'-- Up-to-date: /home/com9/uet_ws/install/ur_dashboard_msgs/include/ur_dashboard_msgs/ur_dashboard_msgs/srv/detail/set_user_role__rosidl_typesupport_fastrtps_cpp.hpp\n'}
[2.642320] (ur_dashboard_msgs) StdoutLine: {'line': b'-- Up-to-date: /home/com9/uet_ws/install/ur_dashboard_msgs/include/ur_dashboard_msgs/ur_dashboard_msgs/action\n'}
[2.642352] (ur_dashboard_msgs) StdoutLine: {'line': b'-- Up-to-date: /home/com9/uet_ws/install/ur_dashboard_msgs/include/ur_dashboard_msgs/ur_dashboard_msgs/action/detail\n'}
[2.642387] (ur_dashboard_msgs) StdoutLine: {'line': b'-- Up-to-date: /home/com9/uet_ws/install/ur_dashboard_msgs/include/ur_dashboard_msgs/ur_dashboard_msgs/action/detail/set_mode__rosidl_typesupport_fastrtps_cpp.hpp\n'}
[2.642423] (ur_dashboard_msgs) StdoutLine: {'line': b'-- Up-to-date: /home/com9/uet_ws/install/ur_dashboard_msgs/include/ur_dashboard_msgs/ur_dashboard_msgs/action/detail/dds_fastrtps\n'}
[2.642458] (ur_dashboard_msgs) StdoutLine: {'line': b'-- Up-to-date: /home/com9/uet_ws/install/ur_dashboard_msgs/lib/libur_dashboard_msgs__rosidl_typesupport_fastrtps_cpp.so\n'}
[2.642492] (ur_dashboard_msgs) StdoutLine: {'line': b'-- Up-to-date: /home/com9/uet_ws/install/ur_dashboard_msgs/include/ur_dashboard_msgs/ur_dashboard_msgs\n'}
[2.642526] (ur_dashboard_msgs) StdoutLine: {'line': b'-- Up-to-date: /home/com9/uet_ws/install/ur_dashboard_msgs/include/ur_dashboard_msgs/ur_dashboard_msgs/msg\n'}
[2.642559] (ur_dashboard_msgs) StdoutLine: {'line': b'-- Up-to-date: /home/com9/uet_ws/install/ur_dashboard_msgs/include/ur_dashboard_msgs/ur_dashboard_msgs/msg/detail\n'}
[2.642592] (ur_dashboard_msgs) StdoutLine: {'line': b'-- Up-to-date: /home/com9/uet_ws/install/ur_dashboard_msgs/include/ur_dashboard_msgs/ur_dashboard_msgs/msg/detail/safety_status__type_support.cpp\n'}
[2.642629] (ur_dashboard_msgs) StdoutLine: {'line': b'-- Up-to-date: /home/com9/uet_ws/install/ur_dashboard_msgs/include/ur_dashboard_msgs/ur_dashboard_msgs/msg/detail/version_information__type_support.cpp\n'}
[2.642661] (ur_dashboard_msgs) StdoutLine: {'line': b'-- Up-to-date: /home/com9/uet_ws/install/ur_dashboard_msgs/include/ur_dashboard_msgs/ur_dashboard_msgs/msg/detail/safety_status__rosidl_typesupport_introspection_cpp.hpp\n'}
[2.642694] (ur_dashboard_msgs) StdoutLine: {'line': b'-- Up-to-date: /home/com9/uet_ws/install/ur_dashboard_msgs/include/ur_dashboard_msgs/ur_dashboard_msgs/msg/detail/program_state__rosidl_typesupport_introspection_cpp.hpp\n'}
[2.642727] (ur_dashboard_msgs) StdoutLine: {'line': b'-- Up-to-date: /home/com9/uet_ws/install/ur_dashboard_msgs/include/ur_dashboard_msgs/ur_dashboard_msgs/msg/detail/operational_mode__type_support.cpp\n'}
[2.642759] (ur_dashboard_msgs) StdoutLine: {'line': b'-- Up-to-date: /home/com9/uet_ws/install/ur_dashboard_msgs/include/ur_dashboard_msgs/ur_dashboard_msgs/msg/detail/robot_mode__rosidl_typesupport_introspection_cpp.hpp\n'}
[2.642792] (ur_dashboard_msgs) StdoutLine: {'line': b'-- Up-to-date: /home/com9/uet_ws/install/ur_dashboard_msgs/include/ur_dashboard_msgs/ur_dashboard_msgs/msg/detail/safety_mode__type_support.cpp\n'}
[2.642824] (ur_dashboard_msgs) StdoutLine: {'line': b'-- Up-to-date: /home/com9/uet_ws/install/ur_dashboard_msgs/include/ur_dashboard_msgs/ur_dashboard_msgs/msg/detail/version_information__rosidl_typesupport_introspection_cpp.hpp\n'}
[2.642858] (ur_dashboard_msgs) StdoutLine: {'line': b'-- Up-to-date: /home/com9/uet_ws/install/ur_dashboard_msgs/include/ur_dashboard_msgs/ur_dashboard_msgs/msg/detail/program_information__type_support.cpp\n'}
[2.642890] (ur_dashboard_msgs) StdoutLine: {'line': b'-- Up-to-date: /home/com9/uet_ws/install/ur_dashboard_msgs/include/ur_dashboard_msgs/ur_dashboard_msgs/msg/detail/program_state__type_support.cpp\n'}
[2.642928] (ur_dashboard_msgs) StdoutLine: {'line': b'-- Up-to-date: /home/com9/uet_ws/install/ur_dashboard_msgs/include/ur_dashboard_msgs/ur_dashboard_msgs/msg/detail/safety_mode__rosidl_typesupport_introspection_cpp.hpp\n'}
[2.642961] (ur_dashboard_msgs) StdoutLine: {'line': b'-- Up-to-date: /home/com9/uet_ws/install/ur_dashboard_msgs/include/ur_dashboard_msgs/ur_dashboard_msgs/msg/detail/user_role__type_support.cpp\n'}
[2.642994] (ur_dashboard_msgs) StdoutLine: {'line': b'-- Up-to-date: /home/com9/uet_ws/install/ur_dashboard_msgs/include/ur_dashboard_msgs/ur_dashboard_msgs/msg/detail/robot_mode__type_support.cpp\n'}
[2.643027] (ur_dashboard_msgs) StdoutLine: {'line': b'-- Up-to-date: /home/com9/uet_ws/install/ur_dashboard_msgs/include/ur_dashboard_msgs/ur_dashboard_msgs/msg/detail/user_role__rosidl_typesupport_introspection_cpp.hpp\n'}
[2.643062] (ur_dashboard_msgs) StdoutLine: {'line': b'-- Up-to-date: /home/com9/uet_ws/install/ur_dashboard_msgs/include/ur_dashboard_msgs/ur_dashboard_msgs/msg/detail/program_information__rosidl_typesupport_introspection_cpp.hpp\n'}
[2.643095] (ur_dashboard_msgs) StdoutLine: {'line': b'-- Up-to-date: /home/com9/uet_ws/install/ur_dashboard_msgs/include/ur_dashboard_msgs/ur_dashboard_msgs/msg/detail/operational_mode__rosidl_typesupport_introspection_cpp.hpp\n'}
[2.643127] (ur_dashboard_msgs) StdoutLine: {'line': b'-- Up-to-date: /home/com9/uet_ws/install/ur_dashboard_msgs/include/ur_dashboard_msgs/ur_dashboard_msgs/srv\n'}
[2.643160] (ur_dashboard_msgs) StdoutLine: {'line': b'-- Up-to-date: /home/com9/uet_ws/install/ur_dashboard_msgs/include/ur_dashboard_msgs/ur_dashboard_msgs/srv/detail\n'}
[2.643194] (ur_dashboard_msgs) StdoutLine: {'line': b'-- Up-to-date: /home/com9/uet_ws/install/ur_dashboard_msgs/include/ur_dashboard_msgs/ur_dashboard_msgs/srv/detail/get_safety_mode__type_support.cpp\n'}
[2.643227] (ur_dashboard_msgs) StdoutLine: {'line': b'-- Up-to-date: /home/com9/uet_ws/install/ur_dashboard_msgs/include/ur_dashboard_msgs/ur_dashboard_msgs/srv/detail/raw_request__rosidl_typesupport_introspection_cpp.hpp\n'}
[2.643261] (ur_dashboard_msgs) StdoutLine: {'line': b'-- Up-to-date: /home/com9/uet_ws/install/ur_dashboard_msgs/include/ur_dashboard_msgs/ur_dashboard_msgs/srv/detail/get_operational_mode__rosidl_typesupport_introspection_cpp.hpp\n'}
[2.643294] (ur_dashboard_msgs) StdoutLine: {'line': b'-- Up-to-date: /home/com9/uet_ws/install/ur_dashboard_msgs/include/ur_dashboard_msgs/ur_dashboard_msgs/srv/detail/download_program__type_support.cpp\n'}
[2.643327] (ur_dashboard_msgs) StdoutLine: {'line': b'-- Up-to-date: /home/com9/uet_ws/install/ur_dashboard_msgs/include/ur_dashboard_msgs/ur_dashboard_msgs/srv/detail/get_loaded_program__type_support.cpp\n'}
[2.643360] (ur_dashboard_msgs) StdoutLine: {'line': b'-- Up-to-date: /home/com9/uet_ws/install/ur_dashboard_msgs/include/ur_dashboard_msgs/ur_dashboard_msgs/srv/detail/get_serial_number__rosidl_typesupport_introspection_cpp.hpp\n'}
[2.643394] (ur_dashboard_msgs) StdoutLine: {'line': b'-- Up-to-date: /home/com9/uet_ws/install/ur_dashboard_msgs/include/ur_dashboard_msgs/ur_dashboard_msgs/srv/detail/get_robot_model__rosidl_typesupport_introspection_cpp.hpp\n'}
[2.643437] (ur_dashboard_msgs) StdoutLine: {'line': b'-- Up-to-date: /home/com9/uet_ws/install/ur_dashboard_msgs/include/ur_dashboard_msgs/ur_dashboard_msgs/srv/detail/is_in_remote_control__type_support.cpp\n'}
[2.643480] (ur_dashboard_msgs) StdoutLine: {'line': b'-- Up-to-date: /home/com9/uet_ws/install/ur_dashboard_msgs/include/ur_dashboard_msgs/ur_dashboard_msgs/srv/detail/get_user_role__type_support.cpp\n'}
[2.643514] (ur_dashboard_msgs) StdoutLine: {'line': b'-- Up-to-date: /home/com9/uet_ws/install/ur_dashboard_msgs/include/ur_dashboard_msgs/ur_dashboard_msgs/srv/detail/is_program_saved__type_support.cpp\n'}
[2.643548] (ur_dashboard_msgs) StdoutLine: {'line': b'-- Up-to-date: /home/com9/uet_ws/install/ur_dashboard_msgs/include/ur_dashboard_msgs/ur_dashboard_msgs/srv/detail/popup__rosidl_typesupport_introspection_cpp.hpp\n'}
[2.643582] (ur_dashboard_msgs) StdoutLine: {'line': b'-- Up-to-date: /home/com9/uet_ws/install/ur_dashboard_msgs/include/ur_dashboard_msgs/ur_dashboard_msgs/srv/detail/get_programs__type_support.cpp\n'}
[2.643615] (ur_dashboard_msgs) StdoutLine: {'line': b'-- Up-to-date: /home/com9/uet_ws/install/ur_dashboard_msgs/include/ur_dashboard_msgs/ur_dashboard_msgs/srv/detail/upload_program__rosidl_typesupport_introspection_cpp.hpp\n'}
[2.643648] (ur_dashboard_msgs) StdoutLine: {'line': b'-- Up-to-date: /home/com9/uet_ws/install/ur_dashboard_msgs/include/ur_dashboard_msgs/ur_dashboard_msgs/srv/detail/generate_support_file__type_support.cpp\n'}
[2.643680] (ur_dashboard_msgs) StdoutLine: {'line': b'-- Up-to-date: /home/com9/uet_ws/install/ur_dashboard_msgs/include/ur_dashboard_msgs/ur_dashboard_msgs/srv/detail/get_user_role__rosidl_typesupport_introspection_cpp.hpp\n'}
[2.643713] (ur_dashboard_msgs) StdoutLine: {'line': b'-- Up-to-date: /home/com9/uet_ws/install/ur_dashboard_msgs/include/ur_dashboard_msgs/ur_dashboard_msgs/srv/detail/get_poly_scope_version__rosidl_typesupport_introspection_cpp.hpp\n'}
[2.643748] (ur_dashboard_msgs) StdoutLine: {'line': b'-- Up-to-date: /home/com9/uet_ws/install/ur_dashboard_msgs/include/ur_dashboard_msgs/ur_dashboard_msgs/srv/detail/is_in_remote_control__rosidl_typesupport_introspection_cpp.hpp\n'}
[2.643781] (ur_dashboard_msgs) StdoutLine: {'line': b'-- Up-to-date: /home/com9/uet_ws/install/ur_dashboard_msgs/include/ur_dashboard_msgs/ur_dashboard_msgs/srv/detail/set_user_role__type_support.cpp\n'}
[2.643821] (ur_dashboard_msgs) StdoutLine: {'line': b'-- Up-to-date: /home/com9/uet_ws/install/ur_dashboard_msgs/include/ur_dashboard_msgs/ur_dashboard_msgs/srv/detail/get_robot_model__type_support.cpp\n'}
[2.643856] (ur_dashboard_msgs) StdoutLine: {'line': b'-- Up-to-date: /home/com9/uet_ws/install/ur_dashboard_msgs/include/ur_dashboard_msgs/ur_dashboard_msgs/srv/detail/get_robot_mode__type_support.cpp\n'}
[2.643890] (ur_dashboard_msgs) StdoutLine: {'line': b'-- Up-to-date: /home/com9/uet_ws/install/ur_dashboard_msgs/include/ur_dashboard_msgs/ur_dashboard_msgs/srv/detail/generate_flight_report__rosidl_typesupport_introspection_cpp.hpp\n'}
[2.643925] (ur_dashboard_msgs) StdoutLine: {'line': b'-- Up-to-date: /home/com9/uet_ws/install/ur_dashboard_msgs/include/ur_dashboard_msgs/ur_dashboard_msgs/srv/detail/get_operational_mode__type_support.cpp\n'}
[2.643959] (ur_dashboard_msgs) StdoutLine: {'line': b'-- Up-to-date: /home/com9/uet_ws/install/ur_dashboard_msgs/include/ur_dashboard_msgs/ur_dashboard_msgs/srv/detail/is_program_running__rosidl_typesupport_introspection_cpp.hpp\n'}
[2.643993] (ur_dashboard_msgs) StdoutLine: {'line': b'-- Up-to-date: /home/com9/uet_ws/install/ur_dashboard_msgs/include/ur_dashboard_msgs/ur_dashboard_msgs/srv/detail/set_operational_mode__type_support.cpp\n'}
[2.644026] (ur_dashboard_msgs) StdoutLine: {'line': b'-- Up-to-date: /home/com9/uet_ws/install/ur_dashboard_msgs/include/ur_dashboard_msgs/ur_dashboard_msgs/srv/detail/get_programs__rosidl_typesupport_introspection_cpp.hpp\n'}
[2.644060] (ur_dashboard_msgs) StdoutLine: {'line': b'-- Up-to-date: /home/com9/uet_ws/install/ur_dashboard_msgs/include/ur_dashboard_msgs/ur_dashboard_msgs/srv/detail/get_program_state__type_support.cpp\n'}
[2.644093] (ur_dashboard_msgs) StdoutLine: {'line': b'-- Up-to-date: /home/com9/uet_ws/install/ur_dashboard_msgs/include/ur_dashboard_msgs/ur_dashboard_msgs/srv/detail/get_safety_mode__rosidl_typesupport_introspection_cpp.hpp\n'}
[2.644126] (ur_dashboard_msgs) StdoutLine: {'line': b'-- Up-to-date: /home/com9/uet_ws/install/ur_dashboard_msgs/include/ur_dashboard_msgs/ur_dashboard_msgs/srv/detail/get_safety_status__rosidl_typesupport_introspection_cpp.hpp\n'}
[2.644159] (ur_dashboard_msgs) StdoutLine: {'line': b'-- Up-to-date: /home/com9/uet_ws/install/ur_dashboard_msgs/include/ur_dashboard_msgs/ur_dashboard_msgs/srv/detail/get_loaded_program__rosidl_typesupport_introspection_cpp.hpp\n'}
[2.644193] (ur_dashboard_msgs) StdoutLine: {'line': b'-- Up-to-date: /home/com9/uet_ws/install/ur_dashboard_msgs/include/ur_dashboard_msgs/ur_dashboard_msgs/srv/detail/get_poly_scope_version__type_support.cpp\n'}
[2.644226] (ur_dashboard_msgs) StdoutLine: {'line': b'-- Up-to-date: /home/com9/uet_ws/install/ur_dashboard_msgs/include/ur_dashboard_msgs/ur_dashboard_msgs/srv/detail/add_to_log__type_support.cpp\n'}
[2.644259] (ur_dashboard_msgs) StdoutLine: {'line': b'-- Up-to-date: /home/com9/uet_ws/install/ur_dashboard_msgs/include/ur_dashboard_msgs/ur_dashboard_msgs/srv/detail/get_serial_number__type_support.cpp\n'}
[2.644297] (ur_dashboard_msgs) StdoutLine: {'line': b'-- Up-to-date: /home/com9/uet_ws/install/ur_dashboard_msgs/include/ur_dashboard_msgs/ur_dashboard_msgs/srv/detail/get_safety_status__type_support.cpp\n'}
[2.644331] (ur_dashboard_msgs) StdoutLine: {'line': b'-- Up-to-date: /home/com9/uet_ws/install/ur_dashboard_msgs/include/ur_dashboard_msgs/ur_dashboard_msgs/srv/detail/generate_flight_report__type_support.cpp\n'}
[2.644365] (ur_dashboard_msgs) StdoutLine: {'line': b'-- Up-to-date: /home/com9/uet_ws/install/ur_dashboard_msgs/include/ur_dashboard_msgs/ur_dashboard_msgs/srv/detail/add_to_log__rosidl_typesupport_introspection_cpp.hpp\n'}
[2.644399] (ur_dashboard_msgs) StdoutLine: {'line': b'-- Up-to-date: /home/com9/uet_ws/install/ur_dashboard_msgs/include/ur_dashboard_msgs/ur_dashboard_msgs/srv/detail/generate_support_file__rosidl_typesupport_introspection_cpp.hpp\n'}
[2.644437] (ur_dashboard_msgs) StdoutLine: {'line': b'-- Up-to-date: /home/com9/uet_ws/install/ur_dashboard_msgs/include/ur_dashboard_msgs/ur_dashboard_msgs/srv/detail/get_robot_mode__rosidl_typesupport_introspection_cpp.hpp\n'}
[2.644473] (ur_dashboard_msgs) StdoutLine: {'line': b'-- Up-to-date: /home/com9/uet_ws/install/ur_dashboard_msgs/include/ur_dashboard_msgs/ur_dashboard_msgs/srv/detail/popup__type_support.cpp\n'}
[2.644508] (ur_dashboard_msgs) StdoutLine: {'line': b'-- Up-to-date: /home/com9/uet_ws/install/ur_dashboard_msgs/include/ur_dashboard_msgs/ur_dashboard_msgs/srv/detail/load__rosidl_typesupport_introspection_cpp.hpp\n'}
[2.644541] (ur_dashboard_msgs) StdoutLine: {'line': b'-- Up-to-date: /home/com9/uet_ws/install/ur_dashboard_msgs/include/ur_dashboard_msgs/ur_dashboard_msgs/srv/detail/upload_program__type_support.cpp\n'}
[2.644573] (ur_dashboard_msgs) StdoutLine: {'line': b'-- Up-to-date: /home/com9/uet_ws/install/ur_dashboard_msgs/include/ur_dashboard_msgs/ur_dashboard_msgs/srv/detail/download_program__rosidl_typesupport_introspection_cpp.hpp\n'}
[2.644607] (ur_dashboard_msgs) StdoutLine: {'line': b'-- Up-to-date: /home/com9/uet_ws/install/ur_dashboard_msgs/include/ur_dashboard_msgs/ur_dashboard_msgs/srv/detail/is_program_saved__rosidl_typesupport_introspection_cpp.hpp\n'}
[2.644638] (ur_dashboard_msgs) StdoutLine: {'line': b'-- Up-to-date: /home/com9/uet_ws/install/ur_dashboard_msgs/include/ur_dashboard_msgs/ur_dashboard_msgs/srv/detail/set_user_role__rosidl_typesupport_introspection_cpp.hpp\n'}
[2.644671] (ur_dashboard_msgs) StdoutLine: {'line': b'-- Up-to-date: /home/com9/uet_ws/install/ur_dashboard_msgs/include/ur_dashboard_msgs/ur_dashboard_msgs/srv/detail/set_operational_mode__rosidl_typesupport_introspection_cpp.hpp\n'}
[2.644709] (ur_dashboard_msgs) StdoutLine: {'line': b'-- Up-to-date: /home/com9/uet_ws/install/ur_dashboard_msgs/include/ur_dashboard_msgs/ur_dashboard_msgs/srv/detail/raw_request__type_support.cpp\n'}
[2.644742] (ur_dashboard_msgs) StdoutLine: {'line': b'-- Up-to-date: /home/com9/uet_ws/install/ur_dashboard_msgs/include/ur_dashboard_msgs/ur_dashboard_msgs/srv/detail/load__type_support.cpp\n'}
[2.644775] (ur_dashboard_msgs) StdoutLine: {'line': b'-- Up-to-date: /home/com9/uet_ws/install/ur_dashboard_msgs/include/ur_dashboard_msgs/ur_dashboard_msgs/srv/detail/get_program_state__rosidl_typesupport_introspection_cpp.hpp\n'}
[2.644807] (ur_dashboard_msgs) StdoutLine: {'line': b'-- Up-to-date: /home/com9/uet_ws/install/ur_dashboard_msgs/include/ur_dashboard_msgs/ur_dashboard_msgs/srv/detail/is_program_running__type_support.cpp\n'}
[2.644840] (ur_dashboard_msgs) StdoutLine: {'line': b'-- Up-to-date: /home/com9/uet_ws/install/ur_dashboard_msgs/include/ur_dashboard_msgs/ur_dashboard_msgs/action\n'}
[2.644872] (ur_dashboard_msgs) StdoutLine: {'line': b'-- Up-to-date: /home/com9/uet_ws/install/ur_dashboard_msgs/include/ur_dashboard_msgs/ur_dashboard_msgs/action/detail\n'}
[2.644904] (ur_dashboard_msgs) StdoutLine: {'line': b'-- Up-to-date: /home/com9/uet_ws/install/ur_dashboard_msgs/include/ur_dashboard_msgs/ur_dashboard_msgs/action/detail/set_mode__rosidl_typesupport_introspection_cpp.hpp\n'}
[2.644938] (ur_dashboard_msgs) StdoutLine: {'line': b'-- Up-to-date: /home/com9/uet_ws/install/ur_dashboard_msgs/include/ur_dashboard_msgs/ur_dashboard_msgs/action/detail/set_mode__type_support.cpp\n'}
[2.644971] (ur_dashboard_msgs) StdoutLine: {'line': b'-- Up-to-date: /home/com9/uet_ws/install/ur_dashboard_msgs/lib/libur_dashboard_msgs__rosidl_typesupport_introspection_cpp.so\n'}
[2.645004] (ur_dashboard_msgs) StdoutLine: {'line': b'-- Up-to-date: /home/com9/uet_ws/install/ur_dashboard_msgs/lib/libur_dashboard_msgs__rosidl_typesupport_cpp.so\n'}
[2.645038] (ur_dashboard_msgs) StdoutLine: {'line': b'-- Up-to-date: /home/com9/uet_ws/install/ur_dashboard_msgs/share/ur_dashboard_msgs/environment/pythonpath.sh\n'}
[2.645072] (ur_dashboard_msgs) StdoutLine: {'line': b'-- Up-to-date: /home/com9/uet_ws/install/ur_dashboard_msgs/share/ur_dashboard_msgs/environment/pythonpath.dsv\n'}
[2.645106] (ur_dashboard_msgs) StdoutLine: {'line': b'-- Up-to-date: /home/com9/uet_ws/install/ur_dashboard_msgs/local/lib/python3.10/dist-packages/ur_dashboard_msgs-2.13.1-py3.10.egg-info\n'}
[2.645141] (ur_dashboard_msgs) StdoutLine: {'line': b'-- Installing: /home/com9/uet_ws/install/ur_dashboard_msgs/local/lib/python3.10/dist-packages/ur_dashboard_msgs-2.13.1-py3.10.egg-info/dependency_links.txt\n'}
[2.645180] (ur_dashboard_msgs) StdoutLine: {'line': b'-- Installing: /home/com9/uet_ws/install/ur_dashboard_msgs/local/lib/python3.10/dist-packages/ur_dashboard_msgs-2.13.1-py3.10.egg-info/top_level.txt\n'}
[2.645213] (ur_dashboard_msgs) StdoutLine: {'line': b'-- Installing: /home/com9/uet_ws/install/ur_dashboard_msgs/local/lib/python3.10/dist-packages/ur_dashboard_msgs-2.13.1-py3.10.egg-info/SOURCES.txt\n'}
[2.645247] (ur_dashboard_msgs) StdoutLine: {'line': b'-- Installing: /home/com9/uet_ws/install/ur_dashboard_msgs/local/lib/python3.10/dist-packages/ur_dashboard_msgs-2.13.1-py3.10.egg-info/PKG-INFO\n'}
[2.645280] (ur_dashboard_msgs) StdoutLine: {'line': b'-- Up-to-date: /home/com9/uet_ws/install/ur_dashboard_msgs/local/lib/python3.10/dist-packages/ur_dashboard_msgs\n'}
[2.645314] (ur_dashboard_msgs) StdoutLine: {'line': b'-- Up-to-date: /home/com9/uet_ws/install/ur_dashboard_msgs/local/lib/python3.10/dist-packages/ur_dashboard_msgs/ur_dashboard_msgs_s__rosidl_typesupport_c.cpython-310-x86_64-linux-gnu.so\n'}
[2.645347] (ur_dashboard_msgs) StdoutLine: {'line': b'-- Up-to-date: /home/com9/uet_ws/install/ur_dashboard_msgs/local/lib/python3.10/dist-packages/ur_dashboard_msgs/libur_dashboard_msgs__rosidl_generator_py.so\n'}
[2.645381] (ur_dashboard_msgs) StdoutLine: {'line': b'-- Up-to-date: /home/com9/uet_ws/install/ur_dashboard_msgs/local/lib/python3.10/dist-packages/ur_dashboard_msgs/msg\n'}
[2.645420] (ur_dashboard_msgs) StdoutLine: {'line': b'-- Up-to-date: /home/com9/uet_ws/install/ur_dashboard_msgs/local/lib/python3.10/dist-packages/ur_dashboard_msgs/msg/_safety_mode_s.c\n'}
[2.645456] (ur_dashboard_msgs) StdoutLine: {'line': b'-- Up-to-date: /home/com9/uet_ws/install/ur_dashboard_msgs/local/lib/python3.10/dist-packages/ur_dashboard_msgs/msg/_robot_mode.py\n'}
[2.645490] (ur_dashboard_msgs) StdoutLine: {'line': b'-- Up-to-date: /home/com9/uet_ws/install/ur_dashboard_msgs/local/lib/python3.10/dist-packages/ur_dashboard_msgs/msg/_program_state_s.c\n'}
[2.645524] (ur_dashboard_msgs) StdoutLine: {'line': b'-- Up-to-date: /home/com9/uet_ws/install/ur_dashboard_msgs/local/lib/python3.10/dist-packages/ur_dashboard_msgs/msg/_operational_mode_s.c\n'}
[2.645556] (ur_dashboard_msgs) StdoutLine: {'line': b'-- Up-to-date: /home/com9/uet_ws/install/ur_dashboard_msgs/local/lib/python3.10/dist-packages/ur_dashboard_msgs/msg/_program_information.py\n'}
[2.645588] (ur_dashboard_msgs) StdoutLine: {'line': b'-- Up-to-date: /home/com9/uet_ws/install/ur_dashboard_msgs/local/lib/python3.10/dist-packages/ur_dashboard_msgs/msg/_safety_status.py\n'}
[2.645623] (ur_dashboard_msgs) StdoutLine: {'line': b'-- Up-to-date: /home/com9/uet_ws/install/ur_dashboard_msgs/local/lib/python3.10/dist-packages/ur_dashboard_msgs/msg/_user_role.py\n'}
[2.645656] (ur_dashboard_msgs) StdoutLine: {'line': b'-- Up-to-date: /home/com9/uet_ws/install/ur_dashboard_msgs/local/lib/python3.10/dist-packages/ur_dashboard_msgs/msg/_safety_status_s.c\n'}
[2.645695] (ur_dashboard_msgs) StdoutLine: {'line': b'-- Up-to-date: /home/com9/uet_ws/install/ur_dashboard_msgs/local/lib/python3.10/dist-packages/ur_dashboard_msgs/msg/__init__.py\n'}
[2.645728] (ur_dashboard_msgs) StdoutLine: {'line': b'-- Up-to-date: /home/com9/uet_ws/install/ur_dashboard_msgs/local/lib/python3.10/dist-packages/ur_dashboard_msgs/msg/_version_information_s.c\n'}
[2.645761] (ur_dashboard_msgs) StdoutLine: {'line': b'-- Up-to-date: /home/com9/uet_ws/install/ur_dashboard_msgs/local/lib/python3.10/dist-packages/ur_dashboard_msgs/msg/_version_information.py\n'}
[2.645796] (ur_dashboard_msgs) StdoutLine: {'line': b'-- Up-to-date: /home/com9/uet_ws/install/ur_dashboard_msgs/local/lib/python3.10/dist-packages/ur_dashboard_msgs/msg/_program_information_s.c\n'}
[2.645830] (ur_dashboard_msgs) StdoutLine: {'line': b'-- Up-to-date: /home/com9/uet_ws/install/ur_dashboard_msgs/local/lib/python3.10/dist-packages/ur_dashboard_msgs/msg/_safety_mode.py\n'}
[2.645868] (ur_dashboard_msgs) StdoutLine: {'line': b'-- Up-to-date: /home/com9/uet_ws/install/ur_dashboard_msgs/local/lib/python3.10/dist-packages/ur_dashboard_msgs/msg/_program_state.py\n'}
[2.645902] (ur_dashboard_msgs) StdoutLine: {'line': b'-- Up-to-date: /home/com9/uet_ws/install/ur_dashboard_msgs/local/lib/python3.10/dist-packages/ur_dashboard_msgs/msg/_user_role_s.c\n'}
[2.645936] (ur_dashboard_msgs) StdoutLine: {'line': b'-- Up-to-date: /home/com9/uet_ws/install/ur_dashboard_msgs/local/lib/python3.10/dist-packages/ur_dashboard_msgs/msg/_robot_mode_s.c\n'}
[2.645971] (ur_dashboard_msgs) StdoutLine: {'line': b'-- Up-to-date: /home/com9/uet_ws/install/ur_dashboard_msgs/local/lib/python3.10/dist-packages/ur_dashboard_msgs/msg/_operational_mode.py\n'}
[2.646007] (ur_dashboard_msgs) StdoutLine: {'line': b'-- Up-to-date: /home/com9/uet_ws/install/ur_dashboard_msgs/local/lib/python3.10/dist-packages/ur_dashboard_msgs/_ur_dashboard_msgs_s.ep.rosidl_typesupport_c.c\n'}
[2.646041] (ur_dashboard_msgs) StdoutLine: {'line': b'-- Up-to-date: /home/com9/uet_ws/install/ur_dashboard_msgs/local/lib/python3.10/dist-packages/ur_dashboard_msgs/__init__.py\n'}
[2.646073] (ur_dashboard_msgs) StdoutLine: {'line': b'-- Up-to-date: /home/com9/uet_ws/install/ur_dashboard_msgs/local/lib/python3.10/dist-packages/ur_dashboard_msgs/_ur_dashboard_msgs_s.ep.rosidl_typesupport_introspection_c.c\n'}
[2.646108] (ur_dashboard_msgs) StdoutLine: {'line': b'-- Up-to-date: /home/com9/uet_ws/install/ur_dashboard_msgs/local/lib/python3.10/dist-packages/ur_dashboard_msgs/srv\n'}
[2.646150] (ur_dashboard_msgs) StdoutLine: {'line': b'-- Up-to-date: /home/com9/uet_ws/install/ur_dashboard_msgs/local/lib/python3.10/dist-packages/ur_dashboard_msgs/srv/_is_program_running.py\n'}
[2.646184] (ur_dashboard_msgs) StdoutLine: {'line': b'-- Up-to-date: /home/com9/uet_ws/install/ur_dashboard_msgs/local/lib/python3.10/dist-packages/ur_dashboard_msgs/srv/_get_serial_number_s.c\n'}
[2.646217] (ur_dashboard_msgs) StdoutLine: {'line': b'-- Up-to-date: /home/com9/uet_ws/install/ur_dashboard_msgs/local/lib/python3.10/dist-packages/ur_dashboard_msgs/srv/_get_safety_mode_s.c\n'}
[2.646250] (ur_dashboard_msgs) StdoutLine: {'line': b'-- Up-to-date: /home/com9/uet_ws/install/ur_dashboard_msgs/local/lib/python3.10/dist-packages/ur_dashboard_msgs/srv/_generate_support_file.py\n'}
[2.646284] (ur_dashboard_msgs) StdoutLine: {'line': b'-- Up-to-date: /home/com9/uet_ws/install/ur_dashboard_msgs/local/lib/python3.10/dist-packages/ur_dashboard_msgs/srv/_set_operational_mode_s.c\n'}
[2.646317] (ur_dashboard_msgs) StdoutLine: {'line': b'-- Up-to-date: /home/com9/uet_ws/install/ur_dashboard_msgs/local/lib/python3.10/dist-packages/ur_dashboard_msgs/srv/_get_loaded_program.py\n'}
[2.646349] (ur_dashboard_msgs) StdoutLine: {'line': b'-- Up-to-date: /home/com9/uet_ws/install/ur_dashboard_msgs/local/lib/python3.10/dist-packages/ur_dashboard_msgs/srv/_get_user_role.py\n'}
[2.646380] (ur_dashboard_msgs) StdoutLine: {'line': b'-- Up-to-date: /home/com9/uet_ws/install/ur_dashboard_msgs/local/lib/python3.10/dist-packages/ur_dashboard_msgs/srv/_get_safety_mode.py\n'}
[2.646415] (ur_dashboard_msgs) StdoutLine: {'line': b'-- Up-to-date: /home/com9/uet_ws/install/ur_dashboard_msgs/local/lib/python3.10/dist-packages/ur_dashboard_msgs/srv/_set_user_role_s.c\n'}
[2.646451] (ur_dashboard_msgs) StdoutLine: {'line': b'-- Up-to-date: /home/com9/uet_ws/install/ur_dashboard_msgs/local/lib/python3.10/dist-packages/ur_dashboard_msgs/srv/_get_program_state_s.c\n'}
[2.646484] (ur_dashboard_msgs) StdoutLine: {'line': b'-- Up-to-date: /home/com9/uet_ws/install/ur_dashboard_msgs/local/lib/python3.10/dist-packages/ur_dashboard_msgs/srv/_get_operational_mode_s.c\n'}
[2.646518] (ur_dashboard_msgs) StdoutLine: {'line': b'-- Up-to-date: /home/com9/uet_ws/install/ur_dashboard_msgs/local/lib/python3.10/dist-packages/ur_dashboard_msgs/srv/_get_robot_model_s.c\n'}
[2.646551] (ur_dashboard_msgs) StdoutLine: {'line': b'-- Up-to-date: /home/com9/uet_ws/install/ur_dashboard_msgs/local/lib/python3.10/dist-packages/ur_dashboard_msgs/srv/_download_program_s.c\n'}
[2.646587] (ur_dashboard_msgs) StdoutLine: {'line': b'-- Up-to-date: /home/com9/uet_ws/install/ur_dashboard_msgs/local/lib/python3.10/dist-packages/ur_dashboard_msgs/srv/_is_program_running_s.c\n'}
[2.646621] (ur_dashboard_msgs) StdoutLine: {'line': b'-- Up-to-date: /home/com9/uet_ws/install/ur_dashboard_msgs/local/lib/python3.10/dist-packages/ur_dashboard_msgs/srv/__init__.py\n'}
[2.646654] (ur_dashboard_msgs) StdoutLine: {'line': b'-- Up-to-date: /home/com9/uet_ws/install/ur_dashboard_msgs/local/lib/python3.10/dist-packages/ur_dashboard_msgs/srv/_generate_flight_report.py\n'}
[2.646686] (ur_dashboard_msgs) StdoutLine: {'line': b'-- Up-to-date: /home/com9/uet_ws/install/ur_dashboard_msgs/local/lib/python3.10/dist-packages/ur_dashboard_msgs/srv/_get_programs.py\n'}
[2.646726] (ur_dashboard_msgs) StdoutLine: {'line': b'-- Up-to-date: /home/com9/uet_ws/install/ur_dashboard_msgs/local/lib/python3.10/dist-packages/ur_dashboard_msgs/srv/_get_operational_mode.py\n'}
[2.646761] (ur_dashboard_msgs) StdoutLine: {'line': b'-- Up-to-date: /home/com9/uet_ws/install/ur_dashboard_msgs/local/lib/python3.10/dist-packages/ur_dashboard_msgs/srv/_get_robot_mode.py\n'}
[2.646794] (ur_dashboard_msgs) StdoutLine: {'line': b'-- Up-to-date: /home/com9/uet_ws/install/ur_dashboard_msgs/local/lib/python3.10/dist-packages/ur_dashboard_msgs/srv/_set_user_role.py\n'}
[2.646827] (ur_dashboard_msgs) StdoutLine: {'line': b'-- Up-to-date: /home/com9/uet_ws/install/ur_dashboard_msgs/local/lib/python3.10/dist-packages/ur_dashboard_msgs/srv/_upload_program.py\n'}
[2.646861] (ur_dashboard_msgs) StdoutLine: {'line': b'-- Up-to-date: /home/com9/uet_ws/install/ur_dashboard_msgs/local/lib/python3.10/dist-packages/ur_dashboard_msgs/srv/_popup.py\n'}
[2.646894] (ur_dashboard_msgs) StdoutLine: {'line': b'-- Up-to-date: /home/com9/uet_ws/install/ur_dashboard_msgs/local/lib/python3.10/dist-packages/ur_dashboard_msgs/srv/_load.py\n'}
[2.646927] (ur_dashboard_msgs) StdoutLine: {'line': b'-- Up-to-date: /home/com9/uet_ws/install/ur_dashboard_msgs/local/lib/python3.10/dist-packages/ur_dashboard_msgs/srv/_generate_flight_report_s.c\n'}
[2.646959] (ur_dashboard_msgs) StdoutLine: {'line': b'-- Up-to-date: /home/com9/uet_ws/install/ur_dashboard_msgs/local/lib/python3.10/dist-packages/ur_dashboard_msgs/srv/_get_robot_model.py\n'}
[2.646991] (ur_dashboard_msgs) StdoutLine: {'line': b'-- Up-to-date: /home/com9/uet_ws/install/ur_dashboard_msgs/local/lib/python3.10/dist-packages/ur_dashboard_msgs/srv/_get_programs_s.c\n'}
[2.647024] (ur_dashboard_msgs) StdoutLine: {'line': b'-- Up-to-date: /home/com9/uet_ws/install/ur_dashboard_msgs/local/lib/python3.10/dist-packages/ur_dashboard_msgs/srv/_get_user_role_s.c\n'}
[2.647057] (ur_dashboard_msgs) StdoutLine: {'line': b'-- Up-to-date: /home/com9/uet_ws/install/ur_dashboard_msgs/local/lib/python3.10/dist-packages/ur_dashboard_msgs/srv/_download_program.py\n'}
[2.647095] (ur_dashboard_msgs) StdoutLine: {'line': b'-- Up-to-date: /home/com9/uet_ws/install/ur_dashboard_msgs/local/lib/python3.10/dist-packages/ur_dashboard_msgs/srv/_is_program_saved_s.c\n'}
[2.647130] (ur_dashboard_msgs) StdoutLine: {'line': b'-- Up-to-date: /home/com9/uet_ws/install/ur_dashboard_msgs/local/lib/python3.10/dist-packages/ur_dashboard_msgs/srv/_raw_request_s.c\n'}
[2.647165] (ur_dashboard_msgs) StdoutLine: {'line': b'-- Up-to-date: /home/com9/uet_ws/install/ur_dashboard_msgs/local/lib/python3.10/dist-packages/ur_dashboard_msgs/srv/_is_in_remote_control_s.c\n'}
[2.647199] (ur_dashboard_msgs) StdoutLine: {'line': b'-- Up-to-date: /home/com9/uet_ws/install/ur_dashboard_msgs/local/lib/python3.10/dist-packages/ur_dashboard_msgs/srv/_get_serial_number.py\n'}
[2.647233] (ur_dashboard_msgs) StdoutLine: {'line': b'-- Up-to-date: /home/com9/uet_ws/install/ur_dashboard_msgs/local/lib/python3.10/dist-packages/ur_dashboard_msgs/srv/_is_in_remote_control.py\n'}
[2.647268] (ur_dashboard_msgs) StdoutLine: {'line': b'-- Up-to-date: /home/com9/uet_ws/install/ur_dashboard_msgs/local/lib/python3.10/dist-packages/ur_dashboard_msgs/srv/_get_poly_scope_version_s.c\n'}
[2.647302] (ur_dashboard_msgs) StdoutLine: {'line': b'-- Up-to-date: /home/com9/uet_ws/install/ur_dashboard_msgs/local/lib/python3.10/dist-packages/ur_dashboard_msgs/srv/_get_poly_scope_version.py\n'}
[2.647335] (ur_dashboard_msgs) StdoutLine: {'line': b'-- Up-to-date: /home/com9/uet_ws/install/ur_dashboard_msgs/local/lib/python3.10/dist-packages/ur_dashboard_msgs/srv/_add_to_log.py\n'}
[2.647368] (ur_dashboard_msgs) StdoutLine: {'line': b'-- Up-to-date: /home/com9/uet_ws/install/ur_dashboard_msgs/local/lib/python3.10/dist-packages/ur_dashboard_msgs/srv/_add_to_log_s.c\n'}
[2.647401] (ur_dashboard_msgs) StdoutLine: {'line': b'-- Up-to-date: /home/com9/uet_ws/install/ur_dashboard_msgs/local/lib/python3.10/dist-packages/ur_dashboard_msgs/srv/_raw_request.py\n'}
[2.647438] (ur_dashboard_msgs) StdoutLine: {'line': b'-- Up-to-date: /home/com9/uet_ws/install/ur_dashboard_msgs/local/lib/python3.10/dist-packages/ur_dashboard_msgs/srv/_is_program_saved.py\n'}
[2.647471] (ur_dashboard_msgs) StdoutLine: {'line': b'-- Up-to-date: /home/com9/uet_ws/install/ur_dashboard_msgs/local/lib/python3.10/dist-packages/ur_dashboard_msgs/srv/_generate_support_file_s.c\n'}
[2.647504] (ur_dashboard_msgs) StdoutLine: {'line': b'-- Up-to-date: /home/com9/uet_ws/install/ur_dashboard_msgs/local/lib/python3.10/dist-packages/ur_dashboard_msgs/srv/_get_robot_mode_s.c\n'}
[2.647538] (ur_dashboard_msgs) StdoutLine: {'line': b'-- Up-to-date: /home/com9/uet_ws/install/ur_dashboard_msgs/local/lib/python3.10/dist-packages/ur_dashboard_msgs/srv/_get_safety_status.py\n'}
[2.647570] (ur_dashboard_msgs) StdoutLine: {'line': b'-- Up-to-date: /home/com9/uet_ws/install/ur_dashboard_msgs/local/lib/python3.10/dist-packages/ur_dashboard_msgs/srv/_load_s.c\n'}
[2.647602] (ur_dashboard_msgs) StdoutLine: {'line': b'-- Up-to-date: /home/com9/uet_ws/install/ur_dashboard_msgs/local/lib/python3.10/dist-packages/ur_dashboard_msgs/srv/_popup_s.c\n'}
[2.647635] (ur_dashboard_msgs) StdoutLine: {'line': b'-- Up-to-date: /home/com9/uet_ws/install/ur_dashboard_msgs/local/lib/python3.10/dist-packages/ur_dashboard_msgs/srv/_set_operational_mode.py\n'}
[2.647667] (ur_dashboard_msgs) StdoutLine: {'line': b'-- Up-to-date: /home/com9/uet_ws/install/ur_dashboard_msgs/local/lib/python3.10/dist-packages/ur_dashboard_msgs/srv/_get_safety_status_s.c\n'}
[2.647700] (ur_dashboard_msgs) StdoutLine: {'line': b'-- Up-to-date: /home/com9/uet_ws/install/ur_dashboard_msgs/local/lib/python3.10/dist-packages/ur_dashboard_msgs/srv/_get_program_state.py\n'}
[2.647739] (ur_dashboard_msgs) StdoutLine: {'line': b'-- Up-to-date: /home/com9/uet_ws/install/ur_dashboard_msgs/local/lib/python3.10/dist-packages/ur_dashboard_msgs/srv/_get_loaded_program_s.c\n'}
[2.647771] (ur_dashboard_msgs) StdoutLine: {'line': b'-- Up-to-date: /home/com9/uet_ws/install/ur_dashboard_msgs/local/lib/python3.10/dist-packages/ur_dashboard_msgs/srv/_upload_program_s.c\n'}
[2.647808] (ur_dashboard_msgs) StdoutLine: {'line': b'-- Up-to-date: /home/com9/uet_ws/install/ur_dashboard_msgs/local/lib/python3.10/dist-packages/ur_dashboard_msgs/_ur_dashboard_msgs_s.ep.rosidl_typesupport_fastrtps_c.c\n'}
[2.647855] (ur_dashboard_msgs) StdoutLine: {'line': b'-- Up-to-date: /home/com9/uet_ws/install/ur_dashboard_msgs/local/lib/python3.10/dist-packages/ur_dashboard_msgs/ur_dashboard_msgs_s__rosidl_typesupport_fastrtps_c.cpython-310-x86_64-linux-gnu.so\n'}
[2.647894] (ur_dashboard_msgs) StdoutLine: {'line': b'-- Up-to-date: /home/com9/uet_ws/install/ur_dashboard_msgs/local/lib/python3.10/dist-packages/ur_dashboard_msgs/ur_dashboard_msgs_s__rosidl_typesupport_introspection_c.cpython-310-x86_64-linux-gnu.so\n'}
[2.647931] (ur_dashboard_msgs) StdoutLine: {'line': b'-- Up-to-date: /home/com9/uet_ws/install/ur_dashboard_msgs/local/lib/python3.10/dist-packages/ur_dashboard_msgs/action\n'}
[2.647965] (ur_dashboard_msgs) StdoutLine: {'line': b'-- Up-to-date: /home/com9/uet_ws/install/ur_dashboard_msgs/local/lib/python3.10/dist-packages/ur_dashboard_msgs/action/_set_mode_s.c\n'}
[2.647999] (ur_dashboard_msgs) StdoutLine: {'line': b'-- Up-to-date: /home/com9/uet_ws/install/ur_dashboard_msgs/local/lib/python3.10/dist-packages/ur_dashboard_msgs/action/__init__.py\n'}
[2.648043] (ur_dashboard_msgs) StdoutLine: {'line': b'-- Up-to-date: /home/com9/uet_ws/install/ur_dashboard_msgs/local/lib/python3.10/dist-packages/ur_dashboard_msgs/action/_set_mode.py\n'}
[2.652875] (ur_dashboard_msgs) StdoutLine: {'line': b"Listing '/home/com9/uet_ws/install/ur_dashboard_msgs/local/lib/python3.10/dist-packages/ur_dashboard_msgs'...\n"}
[2.652925] (ur_dashboard_msgs) StdoutLine: {'line': b"Listing '/home/com9/uet_ws/install/ur_dashboard_msgs/local/lib/python3.10/dist-packages/ur_dashboard_msgs/action'...\n"}
[2.652958] (ur_dashboard_msgs) StdoutLine: {'line': b"Listing '/home/com9/uet_ws/install/ur_dashboard_msgs/local/lib/python3.10/dist-packages/ur_dashboard_msgs/msg'...\n"}
[2.652991] (ur_dashboard_msgs) StdoutLine: {'line': b"Listing '/home/com9/uet_ws/install/ur_dashboard_msgs/local/lib/python3.10/dist-packages/ur_dashboard_msgs/srv'...\n"}
[2.655709] (ur_dashboard_msgs) StdoutLine: {'line': b'-- Up-to-date: /home/com9/uet_ws/install/ur_dashboard_msgs/local/lib/python3.10/dist-packages/ur_dashboard_msgs/ur_dashboard_msgs_s__rosidl_typesupport_fastrtps_c.cpython-310-x86_64-linux-gnu.so\n'}
[2.655889] (ur_dashboard_msgs) StdoutLine: {'line': b'-- Up-to-date: /home/com9/uet_ws/install/ur_dashboard_msgs/local/lib/python3.10/dist-packages/ur_dashboard_msgs/ur_dashboard_msgs_s__rosidl_typesupport_introspection_c.cpython-310-x86_64-linux-gnu.so\n'}
[2.656053] (ur_dashboard_msgs) StdoutLine: {'line': b'-- Up-to-date: /home/com9/uet_ws/install/ur_dashboard_msgs/local/lib/python3.10/dist-packages/ur_dashboard_msgs/ur_dashboard_msgs_s__rosidl_typesupport_c.cpython-310-x86_64-linux-gnu.so\n'}
[2.656227] (ur_dashboard_msgs) StdoutLine: {'line': b'-- Up-to-date: /home/com9/uet_ws/install/ur_dashboard_msgs/lib/libur_dashboard_msgs__rosidl_generator_py.so\n'}
[2.656301] (ur_dashboard_msgs) StdoutLine: {'line': b'-- Up-to-date: /home/com9/uet_ws/install/ur_dashboard_msgs/share/ament_index/resource_index/rust_packages/ur_dashboard_msgs\n'}
[2.656351] (ur_dashboard_msgs) StdoutLine: {'line': b'-- Up-to-date: /home/com9/uet_ws/install/ur_dashboard_msgs/share/ur_dashboard_msgs/rust\n'}
[2.656406] (ur_dashboard_msgs) StdoutLine: {'line': b'-- Up-to-date: /home/com9/uet_ws/install/ur_dashboard_msgs/share/ur_dashboard_msgs/rust/Cargo.toml\n'}
[2.656477] (ur_dashboard_msgs) StdoutLine: {'line': b'-- Up-to-date: /home/com9/uet_ws/install/ur_dashboard_msgs/share/ur_dashboard_msgs/rust/src\n'}
[2.656514] (ur_dashboard_msgs) StdoutLine: {'line': b'-- Up-to-date: /home/com9/uet_ws/install/ur_dashboard_msgs/share/ur_dashboard_msgs/rust/src/msg\n'}
[2.656548] (ur_dashboard_msgs) StdoutLine: {'line': b'-- Up-to-date: /home/com9/uet_ws/install/ur_dashboard_msgs/share/ur_dashboard_msgs/rust/src/msg/rmw.rs\n'}
[2.656586] (ur_dashboard_msgs) StdoutLine: {'line': b'-- Up-to-date: /home/com9/uet_ws/install/ur_dashboard_msgs/share/ur_dashboard_msgs/rust/src/srv\n'}
[2.656620] (ur_dashboard_msgs) StdoutLine: {'line': b'-- Up-to-date: /home/com9/uet_ws/install/ur_dashboard_msgs/share/ur_dashboard_msgs/rust/src/srv/rmw.rs\n'}
[2.656679] (ur_dashboard_msgs) StdoutLine: {'line': b'-- Up-to-date: /home/com9/uet_ws/install/ur_dashboard_msgs/share/ur_dashboard_msgs/rust/src/lib.rs\n'}
[2.656712] (ur_dashboard_msgs) StdoutLine: {'line': b'-- Up-to-date: /home/com9/uet_ws/install/ur_dashboard_msgs/share/ur_dashboard_msgs/rust/src/msg.rs\n'}
[2.656748] (ur_dashboard_msgs) StdoutLine: {'line': b'-- Up-to-date: /home/com9/uet_ws/install/ur_dashboard_msgs/share/ur_dashboard_msgs/rust/src/action.rs\n'}
[2.656784] (ur_dashboard_msgs) StdoutLine: {'line': b'-- Up-to-date: /home/com9/uet_ws/install/ur_dashboard_msgs/share/ur_dashboard_msgs/rust/src/srv.rs\n'}
[2.656829] (ur_dashboard_msgs) StdoutLine: {'line': b'-- Up-to-date: /home/com9/uet_ws/install/ur_dashboard_msgs/share/ur_dashboard_msgs/rust/src/action\n'}
[2.656862] (ur_dashboard_msgs) StdoutLine: {'line': b'-- Up-to-date: /home/com9/uet_ws/install/ur_dashboard_msgs/share/ur_dashboard_msgs/rust/src/action/rmw.rs\n'}
[2.656903] (ur_dashboard_msgs) StdoutLine: {'line': b'-- Up-to-date: /home/com9/uet_ws/install/ur_dashboard_msgs/share/ur_dashboard_msgs/rust/build.rs\n'}
[2.656946] (ur_dashboard_msgs) StdoutLine: {'line': b'-- Up-to-date: /home/com9/uet_ws/install/ur_dashboard_msgs/share/ur_dashboard_msgs/msg/ProgramInformation.idl\n'}
[2.656986] (ur_dashboard_msgs) StdoutLine: {'line': b'-- Up-to-date: /home/com9/uet_ws/install/ur_dashboard_msgs/share/ur_dashboard_msgs/msg/ProgramState.idl\n'}
[2.657029] (ur_dashboard_msgs) StdoutLine: {'line': b'-- Up-to-date: /home/com9/uet_ws/install/ur_dashboard_msgs/share/ur_dashboard_msgs/msg/RobotMode.idl\n'}
[2.657062] (ur_dashboard_msgs) StdoutLine: {'line': b'-- Up-to-date: /home/com9/uet_ws/install/ur_dashboard_msgs/share/ur_dashboard_msgs/msg/SafetyMode.idl\n'}
[2.657106] (ur_dashboard_msgs) StdoutLine: {'line': b'-- Up-to-date: /home/com9/uet_ws/install/ur_dashboard_msgs/share/ur_dashboard_msgs/msg/OperationalMode.idl\n'}
[2.657145] (ur_dashboard_msgs) StdoutLine: {'line': b'-- Up-to-date: /home/com9/uet_ws/install/ur_dashboard_msgs/share/ur_dashboard_msgs/msg/UserRole.idl\n'}
[2.657187] (ur_dashboard_msgs) StdoutLine: {'line': b'-- Up-to-date: /home/com9/uet_ws/install/ur_dashboard_msgs/share/ur_dashboard_msgs/msg/VersionInformation.idl\n'}
[2.657221] (ur_dashboard_msgs) StdoutLine: {'line': b'-- Up-to-date: /home/com9/uet_ws/install/ur_dashboard_msgs/share/ur_dashboard_msgs/msg/SafetyStatus.idl\n'}
[2.657253] (ur_dashboard_msgs) StdoutLine: {'line': b'-- Up-to-date: /home/com9/uet_ws/install/ur_dashboard_msgs/share/ur_dashboard_msgs/srv/AddToLog.idl\n'}
[2.657298] (ur_dashboard_msgs) StdoutLine: {'line': b'-- Up-to-date: /home/com9/uet_ws/install/ur_dashboard_msgs/share/ur_dashboard_msgs/srv/DownloadProgram.idl\n'}
[2.657342] (ur_dashboard_msgs) StdoutLine: {'line': b'-- Up-to-date: /home/com9/uet_ws/install/ur_dashboard_msgs/share/ur_dashboard_msgs/srv/GetLoadedProgram.idl\n'}
[2.657374] (ur_dashboard_msgs) StdoutLine: {'line': b'-- Up-to-date: /home/com9/uet_ws/install/ur_dashboard_msgs/share/ur_dashboard_msgs/srv/GetPrograms.idl\n'}
[2.657415] (ur_dashboard_msgs) StdoutLine: {'line': b'-- Up-to-date: /home/com9/uet_ws/install/ur_dashboard_msgs/share/ur_dashboard_msgs/srv/GetProgramState.idl\n'}
[2.657460] (ur_dashboard_msgs) StdoutLine: {'line': b'-- Up-to-date: /home/com9/uet_ws/install/ur_dashboard_msgs/share/ur_dashboard_msgs/srv/GetRobotMode.idl\n'}
[2.657508] (ur_dashboard_msgs) StdoutLine: {'line': b'-- Up-to-date: /home/com9/uet_ws/install/ur_dashboard_msgs/share/ur_dashboard_msgs/srv/GetSafetyMode.idl\n'}
[2.657540] (ur_dashboard_msgs) StdoutLine: {'line': b'-- Up-to-date: /home/com9/uet_ws/install/ur_dashboard_msgs/share/ur_dashboard_msgs/srv/IsProgramRunning.idl\n'}
[2.657576] (ur_dashboard_msgs) StdoutLine: {'line': b'-- Up-to-date: /home/com9/uet_ws/install/ur_dashboard_msgs/share/ur_dashboard_msgs/srv/IsProgramSaved.idl\n'}
[2.657625] (ur_dashboard_msgs) StdoutLine: {'line': b'-- Up-to-date: /home/com9/uet_ws/install/ur_dashboard_msgs/share/ur_dashboard_msgs/srv/Load.idl\n'}
[2.657669] (ur_dashboard_msgs) StdoutLine: {'line': b'-- Up-to-date: /home/com9/uet_ws/install/ur_dashboard_msgs/share/ur_dashboard_msgs/srv/Popup.idl\n'}
[2.657699] (ur_dashboard_msgs) StdoutLine: {'line': b'-- Up-to-date: /home/com9/uet_ws/install/ur_dashboard_msgs/share/ur_dashboard_msgs/srv/RawRequest.idl\n'}
[2.657733] (ur_dashboard_msgs) StdoutLine: {'line': b'-- Up-to-date: /home/com9/uet_ws/install/ur_dashboard_msgs/share/ur_dashboard_msgs/srv/IsInRemoteControl.idl\n'}
[2.657768] (ur_dashboard_msgs) StdoutLine: {'line': b'-- Up-to-date: /home/com9/uet_ws/install/ur_dashboard_msgs/share/ur_dashboard_msgs/srv/UploadProgram.idl\n'}
[2.657802] (ur_dashboard_msgs) StdoutLine: {'line': b'-- Up-to-date: /home/com9/uet_ws/install/ur_dashboard_msgs/share/ur_dashboard_msgs/srv/GetPolyScopeVersion.idl\n'}
[2.657837] (ur_dashboard_msgs) StdoutLine: {'line': b'-- Up-to-date: /home/com9/uet_ws/install/ur_dashboard_msgs/share/ur_dashboard_msgs/srv/GetSerialNumber.idl\n'}
[2.657882] (ur_dashboard_msgs) StdoutLine: {'line': b'-- Up-to-date: /home/com9/uet_ws/install/ur_dashboard_msgs/share/ur_dashboard_msgs/srv/GetUserRole.idl\n'}
[2.657929] (ur_dashboard_msgs) StdoutLine: {'line': b'-- Up-to-date: /home/com9/uet_ws/install/ur_dashboard_msgs/share/ur_dashboard_msgs/srv/SetUserRole.idl\n'}
[2.657961] (ur_dashboard_msgs) StdoutLine: {'line': b'-- Up-to-date: /home/com9/uet_ws/install/ur_dashboard_msgs/share/ur_dashboard_msgs/srv/SetOperationalMode.idl\n'}
[2.658002] (ur_dashboard_msgs) StdoutLine: {'line': b'-- Up-to-date: /home/com9/uet_ws/install/ur_dashboard_msgs/share/ur_dashboard_msgs/srv/GetOperationalMode.idl\n'}
[2.658040] (ur_dashboard_msgs) StdoutLine: {'line': b'-- Up-to-date: /home/com9/uet_ws/install/ur_dashboard_msgs/share/ur_dashboard_msgs/srv/GetRobotModel.idl\n'}
[2.658074] (ur_dashboard_msgs) StdoutLine: {'line': b'-- Up-to-date: /home/com9/uet_ws/install/ur_dashboard_msgs/share/ur_dashboard_msgs/srv/GetSafetyStatus.idl\n'}
[2.658111] (ur_dashboard_msgs) StdoutLine: {'line': b'-- Up-to-date: /home/com9/uet_ws/install/ur_dashboard_msgs/share/ur_dashboard_msgs/srv/GenerateFlightReport.idl\n'}
[2.658160] (ur_dashboard_msgs) StdoutLine: {'line': b'-- Up-to-date: /home/com9/uet_ws/install/ur_dashboard_msgs/share/ur_dashboard_msgs/srv/GenerateSupportFile.idl\n'}
[2.658192] (ur_dashboard_msgs) StdoutLine: {'line': b'-- Up-to-date: /home/com9/uet_ws/install/ur_dashboard_msgs/share/ur_dashboard_msgs/action/SetMode.idl\n'}
[2.658228] (ur_dashboard_msgs) StdoutLine: {'line': b'-- Up-to-date: /home/com9/uet_ws/install/ur_dashboard_msgs/share/ur_dashboard_msgs/msg/ProgramInformation.msg\n'}
[2.658273] (ur_dashboard_msgs) StdoutLine: {'line': b'-- Up-to-date: /home/com9/uet_ws/install/ur_dashboard_msgs/share/ur_dashboard_msgs/msg/ProgramState.msg\n'}
[2.658317] (ur_dashboard_msgs) StdoutLine: {'line': b'-- Up-to-date: /home/com9/uet_ws/install/ur_dashboard_msgs/share/ur_dashboard_msgs/msg/RobotMode.msg\n'}
[2.658351] (ur_dashboard_msgs) StdoutLine: {'line': b'-- Up-to-date: /home/com9/uet_ws/install/ur_dashboard_msgs/share/ur_dashboard_msgs/msg/SafetyMode.msg\n'}
[2.658398] (ur_dashboard_msgs) StdoutLine: {'line': b'-- Up-to-date: /home/com9/uet_ws/install/ur_dashboard_msgs/share/ur_dashboard_msgs/msg/OperationalMode.msg\n'}
[2.658452] (ur_dashboard_msgs) StdoutLine: {'line': b'-- Up-to-date: /home/com9/uet_ws/install/ur_dashboard_msgs/share/ur_dashboard_msgs/msg/UserRole.msg\n'}
[2.658494] (ur_dashboard_msgs) StdoutLine: {'line': b'-- Up-to-date: /home/com9/uet_ws/install/ur_dashboard_msgs/share/ur_dashboard_msgs/msg/VersionInformation.msg\n'}
[2.658540] (ur_dashboard_msgs) StdoutLine: {'line': b'-- Up-to-date: /home/com9/uet_ws/install/ur_dashboard_msgs/share/ur_dashboard_msgs/msg/SafetyStatus.msg\n'}
[2.658572] (ur_dashboard_msgs) StdoutLine: {'line': b'-- Up-to-date: /home/com9/uet_ws/install/ur_dashboard_msgs/share/ur_dashboard_msgs/srv/AddToLog.srv\n'}
[2.658609] (ur_dashboard_msgs) StdoutLine: {'line': b'-- Up-to-date: /home/com9/uet_ws/install/ur_dashboard_msgs/share/ur_dashboard_msgs/srv/AddToLog_Request.msg\n'}
[2.658655] (ur_dashboard_msgs) StdoutLine: {'line': b'-- Up-to-date: /home/com9/uet_ws/install/ur_dashboard_msgs/share/ur_dashboard_msgs/srv/AddToLog_Response.msg\n'}
[2.658688] (ur_dashboard_msgs) StdoutLine: {'line': b'-- Up-to-date: /home/com9/uet_ws/install/ur_dashboard_msgs/share/ur_dashboard_msgs/srv/DownloadProgram.srv\n'}
[2.658733] (ur_dashboard_msgs) StdoutLine: {'line': b'-- Up-to-date: /home/com9/uet_ws/install/ur_dashboard_msgs/share/ur_dashboard_msgs/srv/DownloadProgram_Request.msg\n'}
[2.658770] (ur_dashboard_msgs) StdoutLine: {'line': b'-- Up-to-date: /home/com9/uet_ws/install/ur_dashboard_msgs/share/ur_dashboard_msgs/srv/DownloadProgram_Response.msg\n'}
[2.658806] (ur_dashboard_msgs) StdoutLine: {'line': b'-- Up-to-date: /home/com9/uet_ws/install/ur_dashboard_msgs/share/ur_dashboard_msgs/srv/GetLoadedProgram.srv\n'}
[2.658843] (ur_dashboard_msgs) StdoutLine: {'line': b'-- Up-to-date: /home/com9/uet_ws/install/ur_dashboard_msgs/share/ur_dashboard_msgs/srv/GetLoadedProgram_Request.msg\n'}
[2.658891] (ur_dashboard_msgs) StdoutLine: {'line': b'-- Up-to-date: /home/com9/uet_ws/install/ur_dashboard_msgs/share/ur_dashboard_msgs/srv/GetLoadedProgram_Response.msg\n'}
[2.658924] (ur_dashboard_msgs) StdoutLine: {'line': b'-- Up-to-date: /home/com9/uet_ws/install/ur_dashboard_msgs/share/ur_dashboard_msgs/srv/GetPrograms.srv\n'}
[2.658967] (ur_dashboard_msgs) StdoutLine: {'line': b'-- Up-to-date: /home/com9/uet_ws/install/ur_dashboard_msgs/share/ur_dashboard_msgs/srv/GetPrograms_Request.msg\n'}
[2.659000] (ur_dashboard_msgs) StdoutLine: {'line': b'-- Up-to-date: /home/com9/uet_ws/install/ur_dashboard_msgs/share/ur_dashboard_msgs/srv/GetPrograms_Response.msg\n'}
[2.659033] (ur_dashboard_msgs) StdoutLine: {'line': b'-- Up-to-date: /home/com9/uet_ws/install/ur_dashboard_msgs/share/ur_dashboard_msgs/srv/GetProgramState.srv\n'}
[2.659067] (ur_dashboard_msgs) StdoutLine: {'line': b'-- Up-to-date: /home/com9/uet_ws/install/ur_dashboard_msgs/share/ur_dashboard_msgs/srv/GetProgramState_Request.msg\n'}
[2.659102] (ur_dashboard_msgs) StdoutLine: {'line': b'-- Up-to-date: /home/com9/uet_ws/install/ur_dashboard_msgs/share/ur_dashboard_msgs/srv/GetProgramState_Response.msg\n'}
[2.659139] (ur_dashboard_msgs) StdoutLine: {'line': b'-- Up-to-date: /home/com9/uet_ws/install/ur_dashboard_msgs/share/ur_dashboard_msgs/srv/GetRobotMode.srv\n'}
[2.659175] (ur_dashboard_msgs) StdoutLine: {'line': b'-- Up-to-date: /home/com9/uet_ws/install/ur_dashboard_msgs/share/ur_dashboard_msgs/srv/GetRobotMode_Request.msg\n'}
[2.659225] (ur_dashboard_msgs) StdoutLine: {'line': b'-- Up-to-date: /home/com9/uet_ws/install/ur_dashboard_msgs/share/ur_dashboard_msgs/srv/GetRobotMode_Response.msg\n'}
[2.659258] (ur_dashboard_msgs) StdoutLine: {'line': b'-- Up-to-date: /home/com9/uet_ws/install/ur_dashboard_msgs/share/ur_dashboard_msgs/srv/GetSafetyMode.srv\n'}
[2.659305] (ur_dashboard_msgs) StdoutLine: {'line': b'-- Up-to-date: /home/com9/uet_ws/install/ur_dashboard_msgs/share/ur_dashboard_msgs/srv/GetSafetyMode_Request.msg\n'}
[2.659338] (ur_dashboard_msgs) StdoutLine: {'line': b'-- Up-to-date: /home/com9/uet_ws/install/ur_dashboard_msgs/share/ur_dashboard_msgs/srv/GetSafetyMode_Response.msg\n'}
[2.659377] (ur_dashboard_msgs) StdoutLine: {'line': b'-- Up-to-date: /home/com9/uet_ws/install/ur_dashboard_msgs/share/ur_dashboard_msgs/srv/IsProgramRunning.srv\n'}
[2.659422] (ur_dashboard_msgs) StdoutLine: {'line': b'-- Up-to-date: /home/com9/uet_ws/install/ur_dashboard_msgs/share/ur_dashboard_msgs/srv/IsProgramRunning_Request.msg\n'}
[2.659455] (ur_dashboard_msgs) StdoutLine: {'line': b'-- Up-to-date: /home/com9/uet_ws/install/ur_dashboard_msgs/share/ur_dashboard_msgs/srv/IsProgramRunning_Response.msg\n'}
[2.659491] (ur_dashboard_msgs) StdoutLine: {'line': b'-- Up-to-date: /home/com9/uet_ws/install/ur_dashboard_msgs/share/ur_dashboard_msgs/srv/IsProgramSaved.srv\n'}
[2.659554] (ur_dashboard_msgs) StdoutLine: {'line': b'-- Up-to-date: /home/com9/uet_ws/install/ur_dashboard_msgs/share/ur_dashboard_msgs/srv/IsProgramSaved_Request.msg\n'}
[2.659615] (ur_dashboard_msgs) StdoutLine: {'line': b'-- Up-to-date: /home/com9/uet_ws/install/ur_dashboard_msgs/share/ur_dashboard_msgs/srv/IsProgramSaved_Response.msg\n'}
[2.659660] (ur_dashboard_msgs) StdoutLine: {'line': b'-- Up-to-date: /home/com9/uet_ws/install/ur_dashboard_msgs/share/ur_dashboard_msgs/srv/Load.srv\n'}
[2.659693] (ur_dashboard_msgs) StdoutLine: {'line': b'-- Up-to-date: /home/com9/uet_ws/install/ur_dashboard_msgs/share/ur_dashboard_msgs/srv/Load_Request.msg\n'}
[2.659745] (ur_dashboard_msgs) StdoutLine: {'line': b'-- Up-to-date: /home/com9/uet_ws/install/ur_dashboard_msgs/share/ur_dashboard_msgs/srv/Load_Response.msg\n'}
[2.659777] (ur_dashboard_msgs) StdoutLine: {'line': b'-- Up-to-date: /home/com9/uet_ws/install/ur_dashboard_msgs/share/ur_dashboard_msgs/srv/Popup.srv\n'}
[2.659830] (ur_dashboard_msgs) StdoutLine: {'line': b'-- Up-to-date: /home/com9/uet_ws/install/ur_dashboard_msgs/share/ur_dashboard_msgs/srv/Popup_Request.msg\n'}
[2.659874] (ur_dashboard_msgs) StdoutLine: {'line': b'-- Up-to-date: /home/com9/uet_ws/install/ur_dashboard_msgs/share/ur_dashboard_msgs/srv/Popup_Response.msg\n'}
[2.659932] (ur_dashboard_msgs) StdoutLine: {'line': b'-- Up-to-date: /home/com9/uet_ws/install/ur_dashboard_msgs/share/ur_dashboard_msgs/srv/RawRequest.srv\n'}
[2.659971] (ur_dashboard_msgs) StdoutLine: {'line': b'-- Up-to-date: /home/com9/uet_ws/install/ur_dashboard_msgs/share/ur_dashboard_msgs/srv/RawRequest_Request.msg\n'}
[2.660006] (ur_dashboard_msgs) StdoutLine: {'line': b'-- Up-to-date: /home/com9/uet_ws/install/ur_dashboard_msgs/share/ur_dashboard_msgs/srv/RawRequest_Response.msg\n'}
[2.660077] (ur_dashboard_msgs) StdoutLine: {'line': b'-- Up-to-date: /home/com9/uet_ws/install/ur_dashboard_msgs/share/ur_dashboard_msgs/srv/IsInRemoteControl.srv\n'}
[2.660109] (ur_dashboard_msgs) StdoutLine: {'line': b'-- Up-to-date: /home/com9/uet_ws/install/ur_dashboard_msgs/share/ur_dashboard_msgs/srv/IsInRemoteControl_Request.msg\n'}
[2.660149] (ur_dashboard_msgs) StdoutLine: {'line': b'-- Up-to-date: /home/com9/uet_ws/install/ur_dashboard_msgs/share/ur_dashboard_msgs/srv/IsInRemoteControl_Response.msg\n'}
[2.660218] (ur_dashboard_msgs) StdoutLine: {'line': b'-- Up-to-date: /home/com9/uet_ws/install/ur_dashboard_msgs/share/ur_dashboard_msgs/srv/UploadProgram.srv\n'}
[2.660283] (ur_dashboard_msgs) StdoutLine: {'line': b'-- Up-to-date: /home/com9/uet_ws/install/ur_dashboard_msgs/share/ur_dashboard_msgs/srv/UploadProgram_Request.msg\n'}
[2.660325] (ur_dashboard_msgs) StdoutLine: {'line': b'-- Up-to-date: /home/com9/uet_ws/install/ur_dashboard_msgs/share/ur_dashboard_msgs/srv/UploadProgram_Response.msg\n'}
[2.660354] (ur_dashboard_msgs) StdoutLine: {'line': b'-- Up-to-date: /home/com9/uet_ws/install/ur_dashboard_msgs/share/ur_dashboard_msgs/srv/GetPolyScopeVersion.srv\n'}
[2.660410] (ur_dashboard_msgs) StdoutLine: {'line': b'-- Up-to-date: /home/com9/uet_ws/install/ur_dashboard_msgs/share/ur_dashboard_msgs/srv/GetPolyScopeVersion_Request.msg\n'}
[2.660454] (ur_dashboard_msgs) StdoutLine: {'line': b'-- Up-to-date: /home/com9/uet_ws/install/ur_dashboard_msgs/share/ur_dashboard_msgs/srv/GetPolyScopeVersion_Response.msg\n'}
[2.660483] (ur_dashboard_msgs) StdoutLine: {'line': b'-- Up-to-date: /home/com9/uet_ws/install/ur_dashboard_msgs/share/ur_dashboard_msgs/srv/GetSerialNumber.srv\n'}
[2.660523] (ur_dashboard_msgs) StdoutLine: {'line': b'-- Up-to-date: /home/com9/uet_ws/install/ur_dashboard_msgs/share/ur_dashboard_msgs/srv/GetSerialNumber_Request.msg\n'}
[2.660563] (ur_dashboard_msgs) StdoutLine: {'line': b'-- Up-to-date: /home/com9/uet_ws/install/ur_dashboard_msgs/share/ur_dashboard_msgs/srv/GetSerialNumber_Response.msg\n'}
[2.660615] (ur_dashboard_msgs) StdoutLine: {'line': b'-- Up-to-date: /home/com9/uet_ws/install/ur_dashboard_msgs/share/ur_dashboard_msgs/srv/GetUserRole.srv\n'}
[2.660667] (ur_dashboard_msgs) StdoutLine: {'line': b'-- Up-to-date: /home/com9/uet_ws/install/ur_dashboard_msgs/share/ur_dashboard_msgs/srv/GetUserRole_Request.msg\n'}
[2.660708] (ur_dashboard_msgs) StdoutLine: {'line': b'-- Up-to-date: /home/com9/uet_ws/install/ur_dashboard_msgs/share/ur_dashboard_msgs/srv/GetUserRole_Response.msg\n'}
[2.660756] (ur_dashboard_msgs) StdoutLine: {'line': b'-- Up-to-date: /home/com9/uet_ws/install/ur_dashboard_msgs/share/ur_dashboard_msgs/srv/SetUserRole.srv\n'}
[2.660794] (ur_dashboard_msgs) StdoutLine: {'line': b'-- Up-to-date: /home/com9/uet_ws/install/ur_dashboard_msgs/share/ur_dashboard_msgs/srv/SetUserRole_Request.msg\n'}
[2.660843] (ur_dashboard_msgs) StdoutLine: {'line': b'-- Up-to-date: /home/com9/uet_ws/install/ur_dashboard_msgs/share/ur_dashboard_msgs/srv/SetUserRole_Response.msg\n'}
[2.660872] (ur_dashboard_msgs) StdoutLine: {'line': b'-- Up-to-date: /home/com9/uet_ws/install/ur_dashboard_msgs/share/ur_dashboard_msgs/srv/SetOperationalMode.srv\n'}
[2.660918] (ur_dashboard_msgs) StdoutLine: {'line': b'-- Up-to-date: /home/com9/uet_ws/install/ur_dashboard_msgs/share/ur_dashboard_msgs/srv/SetOperationalMode_Request.msg\n'}
[2.660946] (ur_dashboard_msgs) StdoutLine: {'line': b'-- Up-to-date: /home/com9/uet_ws/install/ur_dashboard_msgs/share/ur_dashboard_msgs/srv/SetOperationalMode_Response.msg\n'}
[2.660994] (ur_dashboard_msgs) StdoutLine: {'line': b'-- Up-to-date: /home/com9/uet_ws/install/ur_dashboard_msgs/share/ur_dashboard_msgs/srv/GetOperationalMode.srv\n'}
[2.661039] (ur_dashboard_msgs) StdoutLine: {'line': b'-- Up-to-date: /home/com9/uet_ws/install/ur_dashboard_msgs/share/ur_dashboard_msgs/srv/GetOperationalMode_Request.msg\n'}
[2.661072] (ur_dashboard_msgs) StdoutLine: {'line': b'-- Up-to-date: /home/com9/uet_ws/install/ur_dashboard_msgs/share/ur_dashboard_msgs/srv/GetOperationalMode_Response.msg\n'}
[2.661119] (ur_dashboard_msgs) StdoutLine: {'line': b'-- Up-to-date: /home/com9/uet_ws/install/ur_dashboard_msgs/share/ur_dashboard_msgs/srv/GetRobotModel.srv\n'}
[2.661159] (ur_dashboard_msgs) StdoutLine: {'line': b'-- Up-to-date: /home/com9/uet_ws/install/ur_dashboard_msgs/share/ur_dashboard_msgs/srv/GetRobotModel_Request.msg\n'}
[2.661208] (ur_dashboard_msgs) StdoutLine: {'line': b'-- Up-to-date: /home/com9/uet_ws/install/ur_dashboard_msgs/share/ur_dashboard_msgs/srv/GetRobotModel_Response.msg\n'}
[2.661250] (ur_dashboard_msgs) StdoutLine: {'line': b'-- Up-to-date: /home/com9/uet_ws/install/ur_dashboard_msgs/share/ur_dashboard_msgs/srv/GetSafetyStatus.srv\n'}
[2.661290] (ur_dashboard_msgs) StdoutLine: {'line': b'-- Up-to-date: /home/com9/uet_ws/install/ur_dashboard_msgs/share/ur_dashboard_msgs/srv/GetSafetyStatus_Request.msg\n'}
[2.661330] (ur_dashboard_msgs) StdoutLine: {'line': b'-- Up-to-date: /home/com9/uet_ws/install/ur_dashboard_msgs/share/ur_dashboard_msgs/srv/GetSafetyStatus_Response.msg\n'}
[2.661358] (ur_dashboard_msgs) StdoutLine: {'line': b'-- Up-to-date: /home/com9/uet_ws/install/ur_dashboard_msgs/share/ur_dashboard_msgs/srv/GenerateFlightReport.srv\n'}
[2.661403] (ur_dashboard_msgs) StdoutLine: {'line': b'-- Up-to-date: /home/com9/uet_ws/install/ur_dashboard_msgs/share/ur_dashboard_msgs/srv/GenerateFlightReport_Request.msg\n'}
[2.661450] (ur_dashboard_msgs) StdoutLine: {'line': b'-- Up-to-date: /home/com9/uet_ws/install/ur_dashboard_msgs/share/ur_dashboard_msgs/srv/GenerateFlightReport_Response.msg\n'}
[2.661490] (ur_dashboard_msgs) StdoutLine: {'line': b'-- Up-to-date: /home/com9/uet_ws/install/ur_dashboard_msgs/share/ur_dashboard_msgs/srv/GenerateSupportFile.srv\n'}
[2.661547] (ur_dashboard_msgs) StdoutLine: {'line': b'-- Up-to-date: /home/com9/uet_ws/install/ur_dashboard_msgs/share/ur_dashboard_msgs/srv/GenerateSupportFile_Request.msg\n'}
[2.661575] (ur_dashboard_msgs) StdoutLine: {'line': b'-- Up-to-date: /home/com9/uet_ws/install/ur_dashboard_msgs/share/ur_dashboard_msgs/srv/GenerateSupportFile_Response.msg\n'}
[2.661618] (ur_dashboard_msgs) StdoutLine: {'line': b'-- Up-to-date: /home/com9/uet_ws/install/ur_dashboard_msgs/share/ur_dashboard_msgs/action/SetMode.action\n'}
[2.661658] (ur_dashboard_msgs) StdoutLine: {'line': b'-- Up-to-date: /home/com9/uet_ws/install/ur_dashboard_msgs/share/ament_index/resource_index/package_run_dependencies/ur_dashboard_msgs\n'}
[2.661698] (ur_dashboard_msgs) StdoutLine: {'line': b'-- Up-to-date: /home/com9/uet_ws/install/ur_dashboard_msgs/share/ament_index/resource_index/parent_prefix_path/ur_dashboard_msgs\n'}
[2.661740] (ur_dashboard_msgs) StdoutLine: {'line': b'-- Up-to-date: /home/com9/uet_ws/install/ur_dashboard_msgs/share/ur_dashboard_msgs/environment/ament_prefix_path.sh\n'}
[2.661769] (ur_dashboard_msgs) StdoutLine: {'line': b'-- Up-to-date: /home/com9/uet_ws/install/ur_dashboard_msgs/share/ur_dashboard_msgs/environment/ament_prefix_path.dsv\n'}
[2.661797] (ur_dashboard_msgs) StdoutLine: {'line': b'-- Up-to-date: /home/com9/uet_ws/install/ur_dashboard_msgs/share/ur_dashboard_msgs/environment/path.sh\n'}
[2.661823] (ur_dashboard_msgs) StdoutLine: {'line': b'-- Up-to-date: /home/com9/uet_ws/install/ur_dashboard_msgs/share/ur_dashboard_msgs/environment/path.dsv\n'}
[2.661850] (ur_dashboard_msgs) StdoutLine: {'line': b'-- Up-to-date: /home/com9/uet_ws/install/ur_dashboard_msgs/share/ur_dashboard_msgs/local_setup.bash\n'}
[2.661893] (ur_dashboard_msgs) StdoutLine: {'line': b'-- Up-to-date: /home/com9/uet_ws/install/ur_dashboard_msgs/share/ur_dashboard_msgs/local_setup.sh\n'}
[2.661921] (ur_dashboard_msgs) StdoutLine: {'line': b'-- Up-to-date: /home/com9/uet_ws/install/ur_dashboard_msgs/share/ur_dashboard_msgs/local_setup.zsh\n'}
[2.661947] (ur_dashboard_msgs) StdoutLine: {'line': b'-- Up-to-date: /home/com9/uet_ws/install/ur_dashboard_msgs/share/ur_dashboard_msgs/local_setup.dsv\n'}
[2.661974] (ur_dashboard_msgs) StdoutLine: {'line': b'-- Installing: /home/com9/uet_ws/install/ur_dashboard_msgs/share/ur_dashboard_msgs/package.dsv\n'}
[2.662001] (ur_dashboard_msgs) StdoutLine: {'line': b'-- Up-to-date: /home/com9/uet_ws/install/ur_dashboard_msgs/share/ament_index/resource_index/packages/ur_dashboard_msgs\n'}
[2.662043] (ur_dashboard_msgs) StdoutLine: {'line': b'-- Up-to-date: /home/com9/uet_ws/install/ur_dashboard_msgs/share/ur_dashboard_msgs/cmake/export_ur_dashboard_msgs__rosidl_generator_cExport.cmake\n'}
[2.662094] (ur_dashboard_msgs) StdoutLine: {'line': b'-- Up-to-date: /home/com9/uet_ws/install/ur_dashboard_msgs/share/ur_dashboard_msgs/cmake/export_ur_dashboard_msgs__rosidl_generator_cExport-noconfig.cmake\n'}
[2.662211] (ur_dashboard_msgs) StdoutLine: {'line': b'-- Up-to-date: /home/com9/uet_ws/install/ur_dashboard_msgs/share/ur_dashboard_msgs/cmake/export_ur_dashboard_msgs__rosidl_typesupport_fastrtps_cExport.cmake\n'}
[2.662271] (ur_dashboard_msgs) StdoutLine: {'line': b'-- Up-to-date: /home/com9/uet_ws/install/ur_dashboard_msgs/share/ur_dashboard_msgs/cmake/export_ur_dashboard_msgs__rosidl_typesupport_fastrtps_cExport-noconfig.cmake\n'}
[2.662389] (ur_dashboard_msgs) StdoutLine: {'line': b'-- Up-to-date: /home/com9/uet_ws/install/ur_dashboard_msgs/share/ur_dashboard_msgs/cmake/ur_dashboard_msgs__rosidl_typesupport_introspection_cExport.cmake\n'}
[2.662459] (ur_dashboard_msgs) StdoutLine: {'line': b'-- Up-to-date: /home/com9/uet_ws/install/ur_dashboard_msgs/share/ur_dashboard_msgs/cmake/ur_dashboard_msgs__rosidl_typesupport_introspection_cExport-noconfig.cmake\n'}
[2.662579] (ur_dashboard_msgs) StdoutLine: {'line': b'-- Up-to-date: /home/com9/uet_ws/install/ur_dashboard_msgs/share/ur_dashboard_msgs/cmake/ur_dashboard_msgs__rosidl_typesupport_cExport.cmake\n'}
[2.662636] (ur_dashboard_msgs) StdoutLine: {'line': b'-- Up-to-date: /home/com9/uet_ws/install/ur_dashboard_msgs/share/ur_dashboard_msgs/cmake/ur_dashboard_msgs__rosidl_typesupport_cExport-noconfig.cmake\n'}
[2.662735] (ur_dashboard_msgs) StdoutLine: {'line': b'-- Up-to-date: /home/com9/uet_ws/install/ur_dashboard_msgs/share/ur_dashboard_msgs/cmake/export_ur_dashboard_msgs__rosidl_generator_cppExport.cmake\n'}
[2.662877] (ur_dashboard_msgs) StdoutLine: {'line': b'-- Up-to-date: /home/com9/uet_ws/install/ur_dashboard_msgs/share/ur_dashboard_msgs/cmake/export_ur_dashboard_msgs__rosidl_typesupport_fastrtps_cppExport.cmake\n'}
[2.662918] (ur_dashboard_msgs) StdoutLine: {'line': b'-- Up-to-date: /home/com9/uet_ws/install/ur_dashboard_msgs/share/ur_dashboard_msgs/cmake/export_ur_dashboard_msgs__rosidl_typesupport_fastrtps_cppExport-noconfig.cmake\n'}
[2.663058] (ur_dashboard_msgs) StdoutLine: {'line': b'-- Up-to-date: /home/com9/uet_ws/install/ur_dashboard_msgs/share/ur_dashboard_msgs/cmake/ur_dashboard_msgs__rosidl_typesupport_introspection_cppExport.cmake\n'}
[2.663100] (ur_dashboard_msgs) StdoutLine: {'line': b'-- Up-to-date: /home/com9/uet_ws/install/ur_dashboard_msgs/share/ur_dashboard_msgs/cmake/ur_dashboard_msgs__rosidl_typesupport_introspection_cppExport-noconfig.cmake\n'}
[2.663244] (ur_dashboard_msgs) StdoutLine: {'line': b'-- Up-to-date: /home/com9/uet_ws/install/ur_dashboard_msgs/share/ur_dashboard_msgs/cmake/ur_dashboard_msgs__rosidl_typesupport_cppExport.cmake\n'}
[2.663324] (ur_dashboard_msgs) StdoutLine: {'line': b'-- Up-to-date: /home/com9/uet_ws/install/ur_dashboard_msgs/share/ur_dashboard_msgs/cmake/ur_dashboard_msgs__rosidl_typesupport_cppExport-noconfig.cmake\n'}
[2.663549] (ur_dashboard_msgs) StdoutLine: {'line': b'-- Up-to-date: /home/com9/uet_ws/install/ur_dashboard_msgs/share/ur_dashboard_msgs/cmake/export_ur_dashboard_msgs__rosidl_generator_pyExport.cmake\n'}
[2.663609] (ur_dashboard_msgs) StdoutLine: {'line': b'-- Up-to-date: /home/com9/uet_ws/install/ur_dashboard_msgs/share/ur_dashboard_msgs/cmake/export_ur_dashboard_msgs__rosidl_generator_pyExport-noconfig.cmake\n'}
[2.663686] (ur_dashboard_msgs) StdoutLine: {'line': b'-- Up-to-date: /home/com9/uet_ws/install/ur_dashboard_msgs/share/ur_dashboard_msgs/cmake/rosidl_cmake-extras.cmake\n'}
[2.663742] (ur_dashboard_msgs) StdoutLine: {'line': b'-- Up-to-date: /home/com9/uet_ws/install/ur_dashboard_msgs/share/ur_dashboard_msgs/cmake/ament_cmake_export_dependencies-extras.cmake\n'}
[2.663815] (ur_dashboard_msgs) StdoutLine: {'line': b'-- Up-to-date: /home/com9/uet_ws/install/ur_dashboard_msgs/share/ur_dashboard_msgs/cmake/ament_cmake_export_include_directories-extras.cmake\n'}
[2.663863] (ur_dashboard_msgs) StdoutLine: {'line': b'-- Up-to-date: /home/com9/uet_ws/install/ur_dashboard_msgs/share/ur_dashboard_msgs/cmake/ament_cmake_export_libraries-extras.cmake\n'}
[2.663938] (ur_dashboard_msgs) StdoutLine: {'line': b'-- Up-to-date: /home/com9/uet_ws/install/ur_dashboard_msgs/share/ur_dashboard_msgs/cmake/ament_cmake_export_targets-extras.cmake\n'}
[2.663986] (ur_dashboard_msgs) StdoutLine: {'line': b'-- Up-to-date: /home/com9/uet_ws/install/ur_dashboard_msgs/share/ur_dashboard_msgs/cmake/rosidl_cmake_export_typesupport_targets-extras.cmake\n'}
[2.664058] (ur_dashboard_msgs) StdoutLine: {'line': b'-- Up-to-date: /home/com9/uet_ws/install/ur_dashboard_msgs/share/ur_dashboard_msgs/cmake/rosidl_cmake_export_typesupport_libraries-extras.cmake\n'}
[2.664121] (ur_dashboard_msgs) StdoutLine: {'line': b'-- Up-to-date: /home/com9/uet_ws/install/ur_dashboard_msgs/share/ur_dashboard_msgs/cmake/ur_dashboard_msgsConfig.cmake\n'}
[2.664166] (ur_dashboard_msgs) StdoutLine: {'line': b'-- Up-to-date: /home/com9/uet_ws/install/ur_dashboard_msgs/share/ur_dashboard_msgs/cmake/ur_dashboard_msgsConfig-version.cmake\n'}
[2.664222] (ur_dashboard_msgs) StdoutLine: {'line': b'-- Up-to-date: /home/com9/uet_ws/install/ur_dashboard_msgs/share/ur_dashboard_msgs/package.xml\n'}
[2.666141] (ur_dashboard_msgs) CommandEnded: {'returncode': 0}
[2.676515] (ur_dashboard_msgs) JobEnded: {'identifier': 'ur_dashboard_msgs', 'rc': 0}
[2.677119] (ur_moveit_config) JobStarted: {'identifier': 'ur_moveit_config'}
[2.679734] (ur_moveit_config) JobProgress: {'identifier': 'ur_moveit_config', 'progress': 'cmake'}
[2.680070] (ur_moveit_config) JobProgress: {'identifier': 'ur_moveit_config', 'progress': 'build'}
[2.680243] (ur_moveit_config) Command: {'cmd': ['/usr/bin/cmake', '--build', '/home/com9/uet_ws/build/ur_moveit_config'], 'cwd': '/home/com9/uet_ws/build/ur_moveit_config', 'env': OrderedDict([('LESSOPEN', '| /usr/bin/lesspipe %s'), ('CMAKE_BUILD_PARALLEL_LEVEL', '1'), ('USER', 'com9'), ('XDG_SESSION_TYPE', 'wayland'), ('SHLVL', '1'), ('LD_LIBRARY_PATH', '/opt/ros/humble/opt/rviz_ogre_vendor/lib:/opt/ros/humble/lib/x86_64-linux-gnu:/opt/ros/humble/lib'), ('HOME', '/home/com9'), ('CONDA_SHLVL', '0'), ('CYCLONEDDS_URI', '<CycloneDDS><Domain><General><DontRoute>true</></></></>'), ('OLDPWD', '/home/com9'), ('DESKTOP_SESSION', 'ubuntu'), ('ROS_PYTHON_VERSION', '3'), ('GNOME_SHELL_SESSION_MODE', 'ubuntu'), ('GTK_MODULES', 'gail:atk-bridge'), ('MAKEFLAGS', '-j1'), ('SYSTEMD_EXEC_PID', '17504'), ('IM_CONFIG_CHECK_ENV', '1'), ('DBUS_SESSION_BUS_ADDRESS', 'unix:path=/run/user/1000/bus'), ('COLORTERM', 'truecolor'), ('_CE_M', ''), ('_CONDA_ROOT', '/home/com9/miniconda3'), ('IM_CONFIG_PHASE', '1'), ('WAYLAND_DISPLAY', 'wayland-0'), ('ROS_DISTRO', 'humble'), ('LOGNAME', 'com9'), ('_', '/usr/bin/colcon'), ('ROS_VERSION', '2'), ('XDG_SESSION_CLASS', 'user'), ('USERNAME', 'com9'), ('TERM', 'xterm-256color'), ('GNOME_DESKTOP_SESSION_ID', 'this-is-deprecated'), ('_CE_CONDA', ''), ('ROS_LOCALHOST_ONLY', '0'), ('PATH', '/opt/ros/humble/bin:/home/com9/.local/bin:/home/com9/miniconda3/condabin:/home/com9/.local/bin:/home/com9/.local/bin:/home/com9/.local/bin:/home/com9/.local/bin:/usr/local/sbin:/usr/local/bin:/usr/sbin:/usr/bin:/sbin:/bin:/usr/games:/usr/local/games:/snap/bin:/snap/bin'), ('SESSION_MANAGER', 'local/com9:@/tmp/.ICE-unix/17475,unix/com9:/tmp/.ICE-unix/17475'), ('XDG_MENU_PREFIX', 'gnome-'), ('GNOME_TERMINAL_SCREEN', '/org/gnome/Terminal/screen/1e4f803a_2b37_47e5_adad_92bb3b9bc006'), ('GNOME_SETUP_DISPLAY', ':1'), ('XDG_RUNTIME_DIR', '/run/user/1000'), ('DISPLAY', ':0'), ('LANG', 'en_US.UTF-8'), ('XDG_CURRENT_DESKTOP', 'ubuntu:GNOME'), ('XMODIFIERS', '@im=ibus'), ('XDG_SESSION_DESKTOP', 'ubuntu'), ('XAUTHORITY', '/run/user/1000/.mutter-Xwaylandauth.W7ZTS3'), ('LS_COLORS', 'rs=0:di=01;34:ln=01;36:mh=00:pi=40;33:so=01;35:do=01;35:bd=40;33;01:cd=40;33;01:or=40;31;01:mi=00:su=37;41:sg=30;43:ca=30;41:tw=30;42:ow=34;42:st=37;44:ex=01;32:*.tar=01;31:*.tgz=01;31:*.arc=01;31:*.arj=01;31:*.taz=01;31:*.lha=01;31:*.lz4=01;31:*.lzh=01;31:*.lzma=01;31:*.tlz=01;31:*.txz=01;31:*.tzo=01;31:*.t7z=01;31:*.zip=01;31:*.z=01;31:*.dz=01;31:*.gz=01;31:*.lrz=01;31:*.lz=01;31:*.lzo=01;31:*.xz=01;31:*.zst=01;31:*.tzst=01;31:*.bz2=01;31:*.bz=01;31:*.tbz=01;31:*.tbz2=01;31:*.tz=01;31:*.deb=01;31:*.rpm=01;31:*.jar=01;31:*.war=01;31:*.ear=01;31:*.sar=01;31:*.rar=01;31:*.alz=01;31:*.ace=01;31:*.zoo=01;31:*.cpio=01;31:*.7z=01;31:*.rz=01;31:*.cab=01;31:*.wim=01;31:*.swm=01;31:*.dwm=01;31:*.esd=01;31:*.jpg=01;35:*.jpeg=01;35:*.mjpg=01;35:*.mjpeg=01;35:*.gif=01;35:*.bmp=01;35:*.pbm=01;35:*.pgm=01;35:*.ppm=01;35:*.tga=01;35:*.xbm=01;35:*.xpm=01;35:*.tif=01;35:*.tiff=01;35:*.png=01;35:*.svg=01;35:*.svgz=01;35:*.mng=01;35:*.pcx=01;35:*.mov=01;35:*.mpg=01;35:*.mpeg=01;35:*.m2v=01;35:*.mkv=01;35:*.webm=01;35:*.webp=01;35:*.ogm=01;35:*.mp4=01;35:*.m4v=01;35:*.mp4v=01;35:*.vob=01;35:*.qt=01;35:*.nuv=01;35:*.wmv=01;35:*.asf=01;35:*.rm=01;35:*.rmvb=01;35:*.flc=01;35:*.avi=01;35:*.fli=01;35:*.flv=01;35:*.gl=01;35:*.dl=01;35:*.xcf=01;35:*.xwd=01;35:*.yuv=01;35:*.cgm=01;35:*.emf=01;35:*.ogv=01;35:*.ogx=01;35:*.aac=00;36:*.au=00;36:*.flac=00;36:*.m4a=00;36:*.mid=00;36:*.midi=00;36:*.mka=00;36:*.mp3=00;36:*.mpc=00;36:*.ogg=00;36:*.ra=00;36:*.wav=00;36:*.oga=00;36:*.opus=00;36:*.spx=00;36:*.xspf=00;36:'), ('GNOME_TERMINAL_SERVICE', ':1.363'), ('SSH_AGENT_LAUNCHER', 'gnome-keyring'), ('SSH_AUTH_SOCK', '/run/user/1000/keyring/ssh'), ('AMENT_PREFIX_PATH', '/opt/ros/humble'), ('CONDA_PYTHON_EXE', '/home/com9/miniconda3/bin/python'), ('SHELL', '/bin/bash'), ('QT_ACCESSIBILITY', '1'), ('GDMSESSION', 'ubuntu'), ('LESSCLOSE', '/usr/bin/lesspipe %s %s'), ('_CONDA_EXE', '/home/com9/miniconda3/bin/conda'), ('QT_IM_MODULE', 'ibus'), ('PWD', '/home/com9/uet_ws/build/ur_moveit_config'), ('LC_ALL', 'en_US.UTF-8'), ('XDG_CONFIG_DIRS', '/etc/xdg/xdg-ubuntu:/etc/xdg'), ('CONDA_EXE', '/home/com9/miniconda3/bin/conda'), ('XDG_DATA_DIRS', '/usr/share/ubuntu:/usr/local/share/:/usr/share/:/var/lib/snapd/desktop'), ('PYTHONPATH', '/opt/ros/humble/lib/python3.10/site-packages:/opt/ros/humble/local/lib/python3.10/dist-packages'), ('COLCON', '1'), ('VTE_VERSION', '6800'), ('CMAKE_PREFIX_PATH', '/opt/ros/humble')]), 'shell': False}
[2.703320] (-) TimerEvent: {}
[2.715378] (ur_moveit_config) StdoutLine: {'line': b'Built target ament_cmake_python_copy_ur_moveit_config\n'}
[2.803489] (-) TimerEvent: {}
[2.842442] (ur_moveit_config) StdoutLine: {'line': b'running egg_info\n'}
[2.842791] (ur_moveit_config) StdoutLine: {'line': b'writing ur_moveit_config.egg-info/PKG-INFO\n'}
[2.842935] (ur_moveit_config) StdoutLine: {'line': b'writing dependency_links to ur_moveit_config.egg-info/dependency_links.txt\n'}
[2.843020] (ur_moveit_config) StdoutLine: {'line': b'writing top-level names to ur_moveit_config.egg-info/top_level.txt\n'}
[2.844210] (ur_moveit_config) StdoutLine: {'line': b"reading manifest file 'ur_moveit_config.egg-info/SOURCES.txt'\n"}
[2.844511] (ur_moveit_config) StdoutLine: {'line': b"writing manifest file 'ur_moveit_config.egg-info/SOURCES.txt'\n"}
[2.865562] (ur_moveit_config) StdoutLine: {'line': b'Built target ament_cmake_python_build_ur_moveit_config_egg\n'}
[2.872536] (ur_moveit_config) CommandEnded: {'returncode': 0}
[2.873332] (ur_moveit_config) JobProgress: {'identifier': 'ur_moveit_config', 'progress': 'install'}
[2.873590] (ur_moveit_config) Command: {'cmd': ['/usr/bin/cmake', '--install', '/home/com9/uet_ws/build/ur_moveit_config'], 'cwd': '/home/com9/uet_ws/build/ur_moveit_config', 'env': OrderedDict([('LESSOPEN', '| /usr/bin/lesspipe %s'), ('CMAKE_BUILD_PARALLEL_LEVEL', '1'), ('USER', 'com9'), ('XDG_SESSION_TYPE', 'wayland'), ('SHLVL', '1'), ('LD_LIBRARY_PATH', '/opt/ros/humble/opt/rviz_ogre_vendor/lib:/opt/ros/humble/lib/x86_64-linux-gnu:/opt/ros/humble/lib'), ('HOME', '/home/com9'), ('CONDA_SHLVL', '0'), ('CYCLONEDDS_URI', '<CycloneDDS><Domain><General><DontRoute>true</></></></>'), ('OLDPWD', '/home/com9'), ('DESKTOP_SESSION', 'ubuntu'), ('ROS_PYTHON_VERSION', '3'), ('GNOME_SHELL_SESSION_MODE', 'ubuntu'), ('GTK_MODULES', 'gail:atk-bridge'), ('MAKEFLAGS', '-j1'), ('SYSTEMD_EXEC_PID', '17504'), ('IM_CONFIG_CHECK_ENV', '1'), ('DBUS_SESSION_BUS_ADDRESS', 'unix:path=/run/user/1000/bus'), ('COLORTERM', 'truecolor'), ('_CE_M', ''), ('_CONDA_ROOT', '/home/com9/miniconda3'), ('IM_CONFIG_PHASE', '1'), ('WAYLAND_DISPLAY', 'wayland-0'), ('ROS_DISTRO', 'humble'), ('LOGNAME', 'com9'), ('_', '/usr/bin/colcon'), ('ROS_VERSION', '2'), ('XDG_SESSION_CLASS', 'user'), ('USERNAME', 'com9'), ('TERM', 'xterm-256color'), ('GNOME_DESKTOP_SESSION_ID', 'this-is-deprecated'), ('_CE_CONDA', ''), ('ROS_LOCALHOST_ONLY', '0'), ('PATH', '/opt/ros/humble/bin:/home/com9/.local/bin:/home/com9/miniconda3/condabin:/home/com9/.local/bin:/home/com9/.local/bin:/home/com9/.local/bin:/home/com9/.local/bin:/usr/local/sbin:/usr/local/bin:/usr/sbin:/usr/bin:/sbin:/bin:/usr/games:/usr/local/games:/snap/bin:/snap/bin'), ('SESSION_MANAGER', 'local/com9:@/tmp/.ICE-unix/17475,unix/com9:/tmp/.ICE-unix/17475'), ('XDG_MENU_PREFIX', 'gnome-'), ('GNOME_TERMINAL_SCREEN', '/org/gnome/Terminal/screen/1e4f803a_2b37_47e5_adad_92bb3b9bc006'), ('GNOME_SETUP_DISPLAY', ':1'), ('XDG_RUNTIME_DIR', '/run/user/1000'), ('DISPLAY', ':0'), ('LANG', 'en_US.UTF-8'), ('XDG_CURRENT_DESKTOP', 'ubuntu:GNOME'), ('XMODIFIERS', '@im=ibus'), ('XDG_SESSION_DESKTOP', 'ubuntu'), ('XAUTHORITY', '/run/user/1000/.mutter-Xwaylandauth.W7ZTS3'), ('LS_COLORS', 'rs=0:di=01;34:ln=01;36:mh=00:pi=40;33:so=01;35:do=01;35:bd=40;33;01:cd=40;33;01:or=40;31;01:mi=00:su=37;41:sg=30;43:ca=30;41:tw=30;42:ow=34;42:st=37;44:ex=01;32:*.tar=01;31:*.tgz=01;31:*.arc=01;31:*.arj=01;31:*.taz=01;31:*.lha=01;31:*.lz4=01;31:*.lzh=01;31:*.lzma=01;31:*.tlz=01;31:*.txz=01;31:*.tzo=01;31:*.t7z=01;31:*.zip=01;31:*.z=01;31:*.dz=01;31:*.gz=01;31:*.lrz=01;31:*.lz=01;31:*.lzo=01;31:*.xz=01;31:*.zst=01;31:*.tzst=01;31:*.bz2=01;31:*.bz=01;31:*.tbz=01;31:*.tbz2=01;31:*.tz=01;31:*.deb=01;31:*.rpm=01;31:*.jar=01;31:*.war=01;31:*.ear=01;31:*.sar=01;31:*.rar=01;31:*.alz=01;31:*.ace=01;31:*.zoo=01;31:*.cpio=01;31:*.7z=01;31:*.rz=01;31:*.cab=01;31:*.wim=01;31:*.swm=01;31:*.dwm=01;31:*.esd=01;31:*.jpg=01;35:*.jpeg=01;35:*.mjpg=01;35:*.mjpeg=01;35:*.gif=01;35:*.bmp=01;35:*.pbm=01;35:*.pgm=01;35:*.ppm=01;35:*.tga=01;35:*.xbm=01;35:*.xpm=01;35:*.tif=01;35:*.tiff=01;35:*.png=01;35:*.svg=01;35:*.svgz=01;35:*.mng=01;35:*.pcx=01;35:*.mov=01;35:*.mpg=01;35:*.mpeg=01;35:*.m2v=01;35:*.mkv=01;35:*.webm=01;35:*.webp=01;35:*.ogm=01;35:*.mp4=01;35:*.m4v=01;35:*.mp4v=01;35:*.vob=01;35:*.qt=01;35:*.nuv=01;35:*.wmv=01;35:*.asf=01;35:*.rm=01;35:*.rmvb=01;35:*.flc=01;35:*.avi=01;35:*.fli=01;35:*.flv=01;35:*.gl=01;35:*.dl=01;35:*.xcf=01;35:*.xwd=01;35:*.yuv=01;35:*.cgm=01;35:*.emf=01;35:*.ogv=01;35:*.ogx=01;35:*.aac=00;36:*.au=00;36:*.flac=00;36:*.m4a=00;36:*.mid=00;36:*.midi=00;36:*.mka=00;36:*.mp3=00;36:*.mpc=00;36:*.ogg=00;36:*.ra=00;36:*.wav=00;36:*.oga=00;36:*.opus=00;36:*.spx=00;36:*.xspf=00;36:'), ('GNOME_TERMINAL_SERVICE', ':1.363'), ('SSH_AGENT_LAUNCHER', 'gnome-keyring'), ('SSH_AUTH_SOCK', '/run/user/1000/keyring/ssh'), ('AMENT_PREFIX_PATH', '/opt/ros/humble'), ('CONDA_PYTHON_EXE', '/home/com9/miniconda3/bin/python'), ('SHELL', '/bin/bash'), ('QT_ACCESSIBILITY', '1'), ('GDMSESSION', 'ubuntu'), ('LESSCLOSE', '/usr/bin/lesspipe %s %s'), ('_CONDA_EXE', '/home/com9/miniconda3/bin/conda'), ('QT_IM_MODULE', 'ibus'), ('PWD', '/home/com9/uet_ws/build/ur_moveit_config'), ('LC_ALL', 'en_US.UTF-8'), ('XDG_CONFIG_DIRS', '/etc/xdg/xdg-ubuntu:/etc/xdg'), ('CONDA_EXE', '/home/com9/miniconda3/bin/conda'), ('XDG_DATA_DIRS', '/usr/share/ubuntu:/usr/local/share/:/usr/share/:/var/lib/snapd/desktop'), ('PYTHONPATH', '/opt/ros/humble/lib/python3.10/site-packages:/opt/ros/humble/local/lib/python3.10/dist-packages'), ('COLCON', '1'), ('VTE_VERSION', '6800'), ('CMAKE_PREFIX_PATH', '/opt/ros/humble')]), 'shell': False}
[2.878631] (ur_moveit_config) StdoutLine: {'line': b'-- Install configuration: ""\n'}
[2.878758] (ur_moveit_config) StdoutLine: {'line': b'-- Up-to-date: /home/com9/uet_ws/install/ur_moveit_config/share/ur_moveit_config/config\n'}
[2.878914] (ur_moveit_config) StdoutLine: {'line': b'-- Up-to-date: /home/com9/uet_ws/install/ur_moveit_config/share/ur_moveit_config/config/ompl_planning.yaml\n'}
[2.879036] (ur_moveit_config) StdoutLine: {'line': b'-- Up-to-date: /home/com9/uet_ws/install/ur_moveit_config/share/ur_moveit_config/config/ur_servo.yaml\n'}
[2.879116] (ur_moveit_config) StdoutLine: {'line': b'-- Up-to-date: /home/com9/uet_ws/install/ur_moveit_config/share/ur_moveit_config/config/joint_limits.yaml\n'}
[2.879202] (ur_moveit_config) StdoutLine: {'line': b'-- Up-to-date: /home/com9/uet_ws/install/ur_moveit_config/share/ur_moveit_config/config/controllers.yaml\n'}
[2.879287] (ur_moveit_config) StdoutLine: {'line': b'-- Up-to-date: /home/com9/uet_ws/install/ur_moveit_config/share/ur_moveit_config/config/kinematics.yaml\n'}
[2.879364] (ur_moveit_config) StdoutLine: {'line': b'-- Up-to-date: /home/com9/uet_ws/install/ur_moveit_config/share/ur_moveit_config/launch\n'}
[2.879434] (ur_moveit_config) StdoutLine: {'line': b'-- Up-to-date: /home/com9/uet_ws/install/ur_moveit_config/share/ur_moveit_config/launch/ur_moveit.launch.py\n'}
[2.879507] (ur_moveit_config) StdoutLine: {'line': b'-- Up-to-date: /home/com9/uet_ws/install/ur_moveit_config/share/ur_moveit_config/rviz\n'}
[2.879572] (ur_moveit_config) StdoutLine: {'line': b'-- Up-to-date: /home/com9/uet_ws/install/ur_moveit_config/share/ur_moveit_config/rviz/view_robot.rviz\n'}
[2.879637] (ur_moveit_config) StdoutLine: {'line': b'-- Up-to-date: /home/com9/uet_ws/install/ur_moveit_config/share/ur_moveit_config/srdf\n'}
[2.879699] (ur_moveit_config) StdoutLine: {'line': b'-- Up-to-date: /home/com9/uet_ws/install/ur_moveit_config/share/ur_moveit_config/srdf/ur3_with_susgrip.srdf.xacro\n'}
[2.879763] (ur_moveit_config) StdoutLine: {'line': b'-- Up-to-date: /home/com9/uet_ws/install/ur_moveit_config/share/ur_moveit_config/srdf/ur.srdf.xacro\n'}
[2.879826] (ur_moveit_config) StdoutLine: {'line': b'-- Up-to-date: /home/com9/uet_ws/install/ur_moveit_config/share/ur_moveit_config/srdf/ur_macro.srdf.xacro\n'}
[2.879890] (ur_moveit_config) StdoutLine: {'line': b'-- Up-to-date: /home/com9/uet_ws/install/ur_moveit_config/share/ur_moveit_config/environment/pythonpath.sh\n'}
[2.879953] (ur_moveit_config) StdoutLine: {'line': b'-- Up-to-date: /home/com9/uet_ws/install/ur_moveit_config/share/ur_moveit_config/environment/pythonpath.dsv\n'}
[2.880015] (ur_moveit_config) StdoutLine: {'line': b'-- Up-to-date: /home/com9/uet_ws/install/ur_moveit_config/local/lib/python3.10/dist-packages/ur_moveit_config-2.13.1-py3.10.egg-info\n'}
[2.880079] (ur_moveit_config) StdoutLine: {'line': b'-- Installing: /home/com9/uet_ws/install/ur_moveit_config/local/lib/python3.10/dist-packages/ur_moveit_config-2.13.1-py3.10.egg-info/dependency_links.txt\n'}
[2.880142] (ur_moveit_config) StdoutLine: {'line': b'-- Installing: /home/com9/uet_ws/install/ur_moveit_config/local/lib/python3.10/dist-packages/ur_moveit_config-2.13.1-py3.10.egg-info/top_level.txt\n'}
[2.880206] (ur_moveit_config) StdoutLine: {'line': b'-- Installing: /home/com9/uet_ws/install/ur_moveit_config/local/lib/python3.10/dist-packages/ur_moveit_config-2.13.1-py3.10.egg-info/SOURCES.txt\n'}
[2.880270] (ur_moveit_config) StdoutLine: {'line': b'-- Installing: /home/com9/uet_ws/install/ur_moveit_config/local/lib/python3.10/dist-packages/ur_moveit_config-2.13.1-py3.10.egg-info/PKG-INFO\n'}
[2.880345] (ur_moveit_config) StdoutLine: {'line': b'-- Up-to-date: /home/com9/uet_ws/install/ur_moveit_config/local/lib/python3.10/dist-packages/ur_moveit_config\n'}
[2.880415] (ur_moveit_config) StdoutLine: {'line': b'-- Up-to-date: /home/com9/uet_ws/install/ur_moveit_config/local/lib/python3.10/dist-packages/ur_moveit_config/__init__.py\n'}
[2.880489] (ur_moveit_config) StdoutLine: {'line': b'-- Up-to-date: /home/com9/uet_ws/install/ur_moveit_config/local/lib/python3.10/dist-packages/ur_moveit_config/launch_common.py\n'}
[2.899210] (ur_moveit_config) StdoutLine: {'line': b"Listing '/home/com9/uet_ws/install/ur_moveit_config/local/lib/python3.10/dist-packages/ur_moveit_config'...\n"}
[2.902130] (ur_moveit_config) StdoutLine: {'line': b'-- Up-to-date: /home/com9/uet_ws/install/ur_moveit_config/local/lib/python3.10/dist-packages/launch_common.py\n'}
[2.903563] (-) TimerEvent: {}
[2.929967] (ur_moveit_config) StdoutLine: {'line': b'-- Up-to-date: /home/com9/uet_ws/install/ur_moveit_config/share/ament_index/resource_index/package_run_dependencies/ur_moveit_config\n'}
[2.930188] (ur_moveit_config) StdoutLine: {'line': b'-- Up-to-date: /home/com9/uet_ws/install/ur_moveit_config/share/ament_index/resource_index/parent_prefix_path/ur_moveit_config\n'}
[2.930294] (ur_moveit_config) StdoutLine: {'line': b'-- Up-to-date: /home/com9/uet_ws/install/ur_moveit_config/share/ur_moveit_config/environment/ament_prefix_path.sh\n'}
[2.930364] (ur_moveit_config) StdoutLine: {'line': b'-- Up-to-date: /home/com9/uet_ws/install/ur_moveit_config/share/ur_moveit_config/environment/ament_prefix_path.dsv\n'}
[2.930445] (ur_moveit_config) StdoutLine: {'line': b'-- Up-to-date: /home/com9/uet_ws/install/ur_moveit_config/share/ur_moveit_config/environment/path.sh\n'}
[2.930518] (ur_moveit_config) StdoutLine: {'line': b'-- Up-to-date: /home/com9/uet_ws/install/ur_moveit_config/share/ur_moveit_config/environment/path.dsv\n'}
[2.930584] (ur_moveit_config) StdoutLine: {'line': b'-- Up-to-date: /home/com9/uet_ws/install/ur_moveit_config/share/ur_moveit_config/local_setup.bash\n'}
[2.930668] (ur_moveit_config) StdoutLine: {'line': b'-- Up-to-date: /home/com9/uet_ws/install/ur_moveit_config/share/ur_moveit_config/local_setup.sh\n'}
[2.930732] (ur_moveit_config) StdoutLine: {'line': b'-- Up-to-date: /home/com9/uet_ws/install/ur_moveit_config/share/ur_moveit_config/local_setup.zsh\n'}
[2.930796] (ur_moveit_config) StdoutLine: {'line': b'-- Up-to-date: /home/com9/uet_ws/install/ur_moveit_config/share/ur_moveit_config/local_setup.dsv\n'}
[2.930859] (ur_moveit_config) StdoutLine: {'line': b'-- Up-to-date: /home/com9/uet_ws/install/ur_moveit_config/share/ur_moveit_config/package.dsv\n'}
[2.930921] (ur_moveit_config) StdoutLine: {'line': b'-- Up-to-date: /home/com9/uet_ws/install/ur_moveit_config/share/ament_index/resource_index/packages/ur_moveit_config\n'}
[2.930985] (ur_moveit_config) StdoutLine: {'line': b'-- Up-to-date: /home/com9/uet_ws/install/ur_moveit_config/share/ur_moveit_config/cmake/ur_moveit_configConfig.cmake\n'}
[2.931050] (ur_moveit_config) StdoutLine: {'line': b'-- Up-to-date: /home/com9/uet_ws/install/ur_moveit_config/share/ur_moveit_config/cmake/ur_moveit_configConfig-version.cmake\n'}
[2.931115] (ur_moveit_config) StdoutLine: {'line': b'-- Up-to-date: /home/com9/uet_ws/install/ur_moveit_config/share/ur_moveit_config/package.xml\n'}
[2.931808] (ur_moveit_config) CommandEnded: {'returncode': 0}
[2.939070] (ur_moveit_config) JobEnded: {'identifier': 'ur_moveit_config', 'rc': 0}
[2.939857] (susgrip_2f_gazebo) JobStarted: {'identifier': 'susgrip_2f_gazebo'}
[3.003707] (-) TimerEvent: {}
[3.104009] (-) TimerEvent: {}
[3.204298] (-) TimerEvent: {}
[3.247912] (susgrip_2f_gazebo) Command: {'cmd': ['/usr/bin/python3', '-W', 'ignore:setup.py install is deprecated', '-W', 'ignore:easy_install command is deprecated', 'setup.py', 'egg_info', '--egg-base', '../../../build/susgrip_2f_gazebo', 'build', '--build-base', '/home/com9/uet_ws/build/susgrip_2f_gazebo/build', 'install', '--record', '/home/com9/uet_ws/build/susgrip_2f_gazebo/install.log', '--install-scripts', '$base/lib/susgrip_2f_gazebo', '--single-version-externally-managed', 'install_data'], 'cwd': '/home/com9/uet_ws/src/susgrip_2f/susgrip_2f_gazebo', 'env': {'LESSOPEN': '| /usr/bin/lesspipe %s', 'CMAKE_BUILD_PARALLEL_LEVEL': '1', 'USER': 'com9', 'XDG_SESSION_TYPE': 'wayland', 'SHLVL': '1', 'LD_LIBRARY_PATH': '/opt/ros/humble/opt/rviz_ogre_vendor/lib:/opt/ros/humble/lib/x86_64-linux-gnu:/opt/ros/humble/lib', 'HOME': '/home/com9', 'CONDA_SHLVL': '0', 'CYCLONEDDS_URI': '<CycloneDDS><Domain><General><DontRoute>true</></></></>', 'OLDPWD': '/home/com9', 'DESKTOP_SESSION': 'ubuntu', 'ROS_PYTHON_VERSION': '3', 'GNOME_SHELL_SESSION_MODE': 'ubuntu', 'GTK_MODULES': 'gail:atk-bridge', 'MAKEFLAGS': '-j1', 'SYSTEMD_EXEC_PID': '17504', 'IM_CONFIG_CHECK_ENV': '1', 'DBUS_SESSION_BUS_ADDRESS': 'unix:path=/run/user/1000/bus', 'COLORTERM': 'truecolor', '_CE_M': '', '_CONDA_ROOT': '/home/com9/miniconda3', 'IM_CONFIG_PHASE': '1', 'WAYLAND_DISPLAY': 'wayland-0', 'ROS_DISTRO': 'humble', 'LOGNAME': 'com9', '_': '/usr/bin/colcon', 'ROS_VERSION': '2', 'XDG_SESSION_CLASS': 'user', 'USERNAME': 'com9', 'TERM': 'xterm-256color', 'GNOME_DESKTOP_SESSION_ID': 'this-is-deprecated', '_CE_CONDA': '', 'ROS_LOCALHOST_ONLY': '0', 'PATH': '/opt/ros/humble/bin:/home/com9/.local/bin:/home/com9/miniconda3/condabin:/home/com9/.local/bin:/home/com9/.local/bin:/home/com9/.local/bin:/home/com9/.local/bin:/usr/local/sbin:/usr/local/bin:/usr/sbin:/usr/bin:/sbin:/bin:/usr/games:/usr/local/games:/snap/bin:/snap/bin', 'SESSION_MANAGER': 'local/com9:@/tmp/.ICE-unix/17475,unix/com9:/tmp/.ICE-unix/17475', 'XDG_MENU_PREFIX': 'gnome-', 'GNOME_TERMINAL_SCREEN': '/org/gnome/Terminal/screen/1e4f803a_2b37_47e5_adad_92bb3b9bc006', 'GNOME_SETUP_DISPLAY': ':1', 'XDG_RUNTIME_DIR': '/run/user/1000', 'DISPLAY': ':0', 'LANG': 'en_US.UTF-8', 'XDG_CURRENT_DESKTOP': 'ubuntu:GNOME', 'XMODIFIERS': '@im=ibus', 'XDG_SESSION_DESKTOP': 'ubuntu', 'XAUTHORITY': '/run/user/1000/.mutter-Xwaylandauth.W7ZTS3', 'LS_COLORS': 'rs=0:di=01;34:ln=01;36:mh=00:pi=40;33:so=01;35:do=01;35:bd=40;33;01:cd=40;33;01:or=40;31;01:mi=00:su=37;41:sg=30;43:ca=30;41:tw=30;42:ow=34;42:st=37;44:ex=01;32:*.tar=01;31:*.tgz=01;31:*.arc=01;31:*.arj=01;31:*.taz=01;31:*.lha=01;31:*.lz4=01;31:*.lzh=01;31:*.lzma=01;31:*.tlz=01;31:*.txz=01;31:*.tzo=01;31:*.t7z=01;31:*.zip=01;31:*.z=01;31:*.dz=01;31:*.gz=01;31:*.lrz=01;31:*.lz=01;31:*.lzo=01;31:*.xz=01;31:*.zst=01;31:*.tzst=01;31:*.bz2=01;31:*.bz=01;31:*.tbz=01;31:*.tbz2=01;31:*.tz=01;31:*.deb=01;31:*.rpm=01;31:*.jar=01;31:*.war=01;31:*.ear=01;31:*.sar=01;31:*.rar=01;31:*.alz=01;31:*.ace=01;31:*.zoo=01;31:*.cpio=01;31:*.7z=01;31:*.rz=01;31:*.cab=01;31:*.wim=01;31:*.swm=01;31:*.dwm=01;31:*.esd=01;31:*.jpg=01;35:*.jpeg=01;35:*.mjpg=01;35:*.mjpeg=01;35:*.gif=01;35:*.bmp=01;35:*.pbm=01;35:*.pgm=01;35:*.ppm=01;35:*.tga=01;35:*.xbm=01;35:*.xpm=01;35:*.tif=01;35:*.tiff=01;35:*.png=01;35:*.svg=01;35:*.svgz=01;35:*.mng=01;35:*.pcx=01;35:*.mov=01;35:*.mpg=01;35:*.mpeg=01;35:*.m2v=01;35:*.mkv=01;35:*.webm=01;35:*.webp=01;35:*.ogm=01;35:*.mp4=01;35:*.m4v=01;35:*.mp4v=01;35:*.vob=01;35:*.qt=01;35:*.nuv=01;35:*.wmv=01;35:*.asf=01;35:*.rm=01;35:*.rmvb=01;35:*.flc=01;35:*.avi=01;35:*.fli=01;35:*.flv=01;35:*.gl=01;35:*.dl=01;35:*.xcf=01;35:*.xwd=01;35:*.yuv=01;35:*.cgm=01;35:*.emf=01;35:*.ogv=01;35:*.ogx=01;35:*.aac=00;36:*.au=00;36:*.flac=00;36:*.m4a=00;36:*.mid=00;36:*.midi=00;36:*.mka=00;36:*.mp3=00;36:*.mpc=00;36:*.ogg=00;36:*.ra=00;36:*.wav=00;36:*.oga=00;36:*.opus=00;36:*.spx=00;36:*.xspf=00;36:', 'GNOME_TERMINAL_SERVICE': ':1.363', 'SSH_AGENT_LAUNCHER': 'gnome-keyring', 'SSH_AUTH_SOCK': '/run/user/1000/keyring/ssh', 'AMENT_PREFIX_PATH': '/home/com9/uet_ws/install/susgrip_2f_description:/opt/ros/humble', 'CONDA_PYTHON_EXE': '/home/com9/miniconda3/bin/python', 'SHELL': '/bin/bash', 'QT_ACCESSIBILITY': '1', 'GDMSESSION': 'ubuntu', 'LESSCLOSE': '/usr/bin/lesspipe %s %s', '_CONDA_EXE': '/home/com9/miniconda3/bin/conda', 'QT_IM_MODULE': 'ibus', 'PWD': '/home/com9/uet_ws/build/susgrip_2f_gazebo', 'LC_ALL': 'en_US.UTF-8', 'XDG_CONFIG_DIRS': '/etc/xdg/xdg-ubuntu:/etc/xdg', 'CONDA_EXE': '/home/com9/miniconda3/bin/conda', 'XDG_DATA_DIRS': '/usr/share/ubuntu:/usr/local/share/:/usr/share/:/var/lib/snapd/desktop', 'PYTHONPATH': '/home/com9/uet_ws/build/susgrip_2f_gazebo/prefix_override:/usr/lib/python3/dist-packages/colcon_core/task/python/colcon_distutils_commands:/home/com9/uet_ws/install/susgrip_2f_gazebo/lib/python3.10/site-packages:/home/com9/uet_ws/install/susgrip_2f_description/lib/python3.10/site-packages:/opt/ros/humble/lib/python3.10/site-packages:/opt/ros/humble/local/lib/python3.10/dist-packages', 'COLCON': '1', 'VTE_VERSION': '6800'}, 'shell': False}
[3.304418] (-) TimerEvent: {}
[3.366983] (susgrip_2f_gazebo) StdoutLine: {'line': b'running egg_info\n'}
[3.367275] (susgrip_2f_gazebo) StdoutLine: {'line': b'writing ../../../build/susgrip_2f_gazebo/susgrip_2f_gazebo.egg-info/PKG-INFO\n'}
[3.367462] (susgrip_2f_gazebo) StdoutLine: {'line': b'writing dependency_links to ../../../build/susgrip_2f_gazebo/susgrip_2f_gazebo.egg-info/dependency_links.txt\n'}
[3.367585] (susgrip_2f_gazebo) StdoutLine: {'line': b'writing entry points to ../../../build/susgrip_2f_gazebo/susgrip_2f_gazebo.egg-info/entry_points.txt\n'}
[3.367656] (susgrip_2f_gazebo) StdoutLine: {'line': b'writing top-level names to ../../../build/susgrip_2f_gazebo/susgrip_2f_gazebo.egg-info/top_level.txt\n'}
[3.368477] (susgrip_2f_gazebo) StdoutLine: {'line': b"reading manifest file '../../../build/susgrip_2f_gazebo/susgrip_2f_gazebo.egg-info/SOURCES.txt'\n"}
[3.368840] (susgrip_2f_gazebo) StdoutLine: {'line': b"writing manifest file '../../../build/susgrip_2f_gazebo/susgrip_2f_gazebo.egg-info/SOURCES.txt'\n"}
[3.368910] (susgrip_2f_gazebo) StdoutLine: {'line': b'running build\n'}
[3.368974] (susgrip_2f_gazebo) StdoutLine: {'line': b'running build_py\n'}
[3.369066] (susgrip_2f_gazebo) StdoutLine: {'line': b'running install\n'}
[3.369188] (susgrip_2f_gazebo) StdoutLine: {'line': b'running install_lib\n'}
[3.369867] (susgrip_2f_gazebo) StdoutLine: {'line': b'running install_data\n'}
[3.369938] (susgrip_2f_gazebo) StdoutLine: {'line': b'running install_egg_info\n'}
[3.371348] (susgrip_2f_gazebo) StdoutLine: {'line': b"removing '/home/com9/uet_ws/install/susgrip_2f_gazebo/lib/python3.10/site-packages/susgrip_2f_gazebo-0.0.0-py3.10.egg-info' (and everything under it)\n"}
[3.371539] (susgrip_2f_gazebo) StdoutLine: {'line': b'Copying ../../../build/susgrip_2f_gazebo/susgrip_2f_gazebo.egg-info to /home/com9/uet_ws/install/susgrip_2f_gazebo/lib/python3.10/site-packages/susgrip_2f_gazebo-0.0.0-py3.10.egg-info\n'}
[3.371825] (susgrip_2f_gazebo) StdoutLine: {'line': b'running install_scripts\n'}
[3.383817] (susgrip_2f_gazebo) StdoutLine: {'line': b'Installing gazebo_joint_publisher script to /home/com9/uet_ws/install/susgrip_2f_gazebo/lib/susgrip_2f_gazebo\n'}
[3.383891] (susgrip_2f_gazebo) StdoutLine: {'line': b'Installing integrated_gazebo_joint_publisher script to /home/com9/uet_ws/install/susgrip_2f_gazebo/lib/susgrip_2f_gazebo\n'}
[3.384095] (susgrip_2f_gazebo) StdoutLine: {'line': b"writing list of installed files to '/home/com9/uet_ws/build/susgrip_2f_gazebo/install.log'\n"}
[3.396746] (susgrip_2f_gazebo) CommandEnded: {'returncode': 0}
[3.400558] (susgrip_2f_gazebo) JobEnded: {'identifier': 'susgrip_2f_gazebo', 'rc': 0}
[3.401188] (ur_controllers) JobStarted: {'identifier': 'ur_controllers'}
[3.404472] (-) TimerEvent: {}
[3.405754] (ur_controllers) JobProgress: {'identifier': 'ur_controllers', 'progress': 'cmake'}
[3.406151] (ur_controllers) JobProgress: {'identifier': 'ur_controllers', 'progress': 'build'}
[3.406384] (ur_controllers) Command: {'cmd': ['/usr/bin/cmake', '--build', '/home/com9/uet_ws/build/ur_controllers'], 'cwd': '/home/com9/uet_ws/build/ur_controllers', 'env': OrderedDict([('LESSOPEN', '| /usr/bin/lesspipe %s'), ('CMAKE_BUILD_PARALLEL_LEVEL', '1'), ('USER', 'com9'), ('XDG_SESSION_TYPE', 'wayland'), ('SHLVL', '1'), ('LD_LIBRARY_PATH', '/home/com9/uet_ws/install/ur_dashboard_msgs/lib:/opt/ros/humble/opt/rviz_ogre_vendor/lib:/opt/ros/humble/lib/x86_64-linux-gnu:/opt/ros/humble/lib'), ('HOME', '/home/com9'), ('CONDA_SHLVL', '0'), ('CYCLONEDDS_URI', '<CycloneDDS><Domain><General><DontRoute>true</></></></>'), ('OLDPWD', '/home/com9'), ('DESKTOP_SESSION', 'ubuntu'), ('ROS_PYTHON_VERSION', '3'), ('GNOME_SHELL_SESSION_MODE', 'ubuntu'), ('GTK_MODULES', 'gail:atk-bridge'), ('MAKEFLAGS', '-j1'), ('SYSTEMD_EXEC_PID', '17504'), ('IM_CONFIG_CHECK_ENV', '1'), ('DBUS_SESSION_BUS_ADDRESS', 'unix:path=/run/user/1000/bus'), ('COLORTERM', 'truecolor'), ('_CE_M', ''), ('_CONDA_ROOT', '/home/com9/miniconda3'), ('IM_CONFIG_PHASE', '1'), ('WAYLAND_DISPLAY', 'wayland-0'), ('ROS_DISTRO', 'humble'), ('LOGNAME', 'com9'), ('_', '/usr/bin/colcon'), ('ROS_VERSION', '2'), ('XDG_SESSION_CLASS', 'user'), ('USERNAME', 'com9'), ('TERM', 'xterm-256color'), ('GNOME_DESKTOP_SESSION_ID', 'this-is-deprecated'), ('_CE_CONDA', ''), ('ROS_LOCALHOST_ONLY', '0'), ('PATH', '/opt/ros/humble/bin:/home/com9/.local/bin:/home/com9/miniconda3/condabin:/home/com9/.local/bin:/home/com9/.local/bin:/home/com9/.local/bin:/home/com9/.local/bin:/usr/local/sbin:/usr/local/bin:/usr/sbin:/usr/bin:/sbin:/bin:/usr/games:/usr/local/games:/snap/bin:/snap/bin'), ('SESSION_MANAGER', 'local/com9:@/tmp/.ICE-unix/17475,unix/com9:/tmp/.ICE-unix/17475'), ('XDG_MENU_PREFIX', 'gnome-'), ('GNOME_TERMINAL_SCREEN', '/org/gnome/Terminal/screen/1e4f803a_2b37_47e5_adad_92bb3b9bc006'), ('GNOME_SETUP_DISPLAY', ':1'), ('XDG_RUNTIME_DIR', '/run/user/1000'), ('DISPLAY', ':0'), ('LANG', 'en_US.UTF-8'), ('XDG_CURRENT_DESKTOP', 'ubuntu:GNOME'), ('XMODIFIERS', '@im=ibus'), ('XDG_SESSION_DESKTOP', 'ubuntu'), ('XAUTHORITY', '/run/user/1000/.mutter-Xwaylandauth.W7ZTS3'), ('LS_COLORS', 'rs=0:di=01;34:ln=01;36:mh=00:pi=40;33:so=01;35:do=01;35:bd=40;33;01:cd=40;33;01:or=40;31;01:mi=00:su=37;41:sg=30;43:ca=30;41:tw=30;42:ow=34;42:st=37;44:ex=01;32:*.tar=01;31:*.tgz=01;31:*.arc=01;31:*.arj=01;31:*.taz=01;31:*.lha=01;31:*.lz4=01;31:*.lzh=01;31:*.lzma=01;31:*.tlz=01;31:*.txz=01;31:*.tzo=01;31:*.t7z=01;31:*.zip=01;31:*.z=01;31:*.dz=01;31:*.gz=01;31:*.lrz=01;31:*.lz=01;31:*.lzo=01;31:*.xz=01;31:*.zst=01;31:*.tzst=01;31:*.bz2=01;31:*.bz=01;31:*.tbz=01;31:*.tbz2=01;31:*.tz=01;31:*.deb=01;31:*.rpm=01;31:*.jar=01;31:*.war=01;31:*.ear=01;31:*.sar=01;31:*.rar=01;31:*.alz=01;31:*.ace=01;31:*.zoo=01;31:*.cpio=01;31:*.7z=01;31:*.rz=01;31:*.cab=01;31:*.wim=01;31:*.swm=01;31:*.dwm=01;31:*.esd=01;31:*.jpg=01;35:*.jpeg=01;35:*.mjpg=01;35:*.mjpeg=01;35:*.gif=01;35:*.bmp=01;35:*.pbm=01;35:*.pgm=01;35:*.ppm=01;35:*.tga=01;35:*.xbm=01;35:*.xpm=01;35:*.tif=01;35:*.tiff=01;35:*.png=01;35:*.svg=01;35:*.svgz=01;35:*.mng=01;35:*.pcx=01;35:*.mov=01;35:*.mpg=01;35:*.mpeg=01;35:*.m2v=01;35:*.mkv=01;35:*.webm=01;35:*.webp=01;35:*.ogm=01;35:*.mp4=01;35:*.m4v=01;35:*.mp4v=01;35:*.vob=01;35:*.qt=01;35:*.nuv=01;35:*.wmv=01;35:*.asf=01;35:*.rm=01;35:*.rmvb=01;35:*.flc=01;35:*.avi=01;35:*.fli=01;35:*.flv=01;35:*.gl=01;35:*.dl=01;35:*.xcf=01;35:*.xwd=01;35:*.yuv=01;35:*.cgm=01;35:*.emf=01;35:*.ogv=01;35:*.ogx=01;35:*.aac=00;36:*.au=00;36:*.flac=00;36:*.m4a=00;36:*.mid=00;36:*.midi=00;36:*.mka=00;36:*.mp3=00;36:*.mpc=00;36:*.ogg=00;36:*.ra=00;36:*.wav=00;36:*.oga=00;36:*.opus=00;36:*.spx=00;36:*.xspf=00;36:'), ('GNOME_TERMINAL_SERVICE', ':1.363'), ('SSH_AGENT_LAUNCHER', 'gnome-keyring'), ('SSH_AUTH_SOCK', '/run/user/1000/keyring/ssh'), ('AMENT_PREFIX_PATH', '/home/com9/uet_ws/install/ur_dashboard_msgs:/opt/ros/humble'), ('CONDA_PYTHON_EXE', '/home/com9/miniconda3/bin/python'), ('SHELL', '/bin/bash'), ('QT_ACCESSIBILITY', '1'), ('GDMSESSION', 'ubuntu'), ('LESSCLOSE', '/usr/bin/lesspipe %s %s'), ('_CONDA_EXE', '/home/com9/miniconda3/bin/conda'), ('QT_IM_MODULE', 'ibus'), ('PWD', '/home/com9/uet_ws/build/ur_controllers'), ('LC_ALL', 'en_US.UTF-8'), ('XDG_CONFIG_DIRS', '/etc/xdg/xdg-ubuntu:/etc/xdg'), ('CONDA_EXE', '/home/com9/miniconda3/bin/conda'), ('XDG_DATA_DIRS', '/usr/share/ubuntu:/usr/local/share/:/usr/share/:/var/lib/snapd/desktop'), ('PYTHONPATH', '/home/com9/uet_ws/install/ur_dashboard_msgs/local/lib/python3.10/dist-packages:/opt/ros/humble/lib/python3.10/site-packages:/opt/ros/humble/local/lib/python3.10/dist-packages'), ('COLCON', '1'), ('VTE_VERSION', '6800'), ('CMAKE_PREFIX_PATH', '/home/com9/uet_ws/install/ur_dashboard_msgs:/opt/ros/humble')]), 'shell': False}
[3.442145] (ur_controllers) StdoutLine: {'line': b'[  4%] Built target tool_contact_controller_parameters\n'}
[3.455529] (ur_controllers) StdoutLine: {'line': b'[  9%] Built target force_mode_controller_parameters\n'}
[3.467546] (ur_controllers) StdoutLine: {'line': b'[ 13%] Built target friction_model_controller_parameters\n'}
[3.480110] (ur_controllers) StdoutLine: {'line': b'[ 18%] Built target gpio_controller_parameters\n'}
[3.492290] (ur_controllers) StdoutLine: {'line': b'[ 23%] Built target speed_scaling_state_broadcaster_parameters\n'}
[3.504541] (-) TimerEvent: {}
[3.505719] (ur_controllers) StdoutLine: {'line': b'[ 27%] Built target scaled_joint_trajectory_controller_parameters\n'}
[3.517700] (ur_controllers) StdoutLine: {'line': b'[ 32%] Built target freedrive_mode_controller_parameters\n'}
[3.530153] (ur_controllers) StdoutLine: {'line': b'[ 37%] Built target passthrough_trajectory_controller_parameters\n'}
[3.541944] (ur_controllers) StdoutLine: {'line': b'[ 41%] Built target ur_configuration_controller_parameters\n'}
[3.554454] (ur_controllers) StdoutLine: {'line': b'\x1b[35m\x1b[1mConsolidate compiler generated dependencies of target ur_controllers\x1b[0m\n'}
[3.583829] (ur_controllers) StdoutLine: {'line': b'[ 65%] Built target ur_controllers\n'}
[3.590088] (ur_controllers) StdoutLine: {'line': b'\x1b[35m\x1b[1mConsolidate compiler generated dependencies of target gmock_main\x1b[0m\n'}
[3.598241] (ur_controllers) StdoutLine: {'line': b'[ 69%] Built target gmock_main\n'}
[3.604600] (-) TimerEvent: {}
[3.605100] (ur_controllers) StdoutLine: {'line': b'\x1b[35m\x1b[1mConsolidate compiler generated dependencies of target gmock\x1b[0m\n'}
[3.614801] (ur_controllers) StdoutLine: {'line': b'[ 76%] Built target gmock\n'}
[3.621939] (ur_controllers) StdoutLine: {'line': b'\x1b[35m\x1b[1mConsolidate compiler generated dependencies of target test_load_force_mode_controller\x1b[0m\n'}
[3.637718] (ur_controllers) StdoutLine: {'line': b'[ 81%] Built target test_load_force_mode_controller\n'}
[3.645740] (ur_controllers) StdoutLine: {'line': b'\x1b[35m\x1b[1mConsolidate compiler generated dependencies of target test_load_freedrive_mode_controller\x1b[0m\n'}
[3.657680] (ur_controllers) StdoutLine: {'line': b'[ 86%] Built target test_load_freedrive_mode_controller\n'}
[3.665610] (ur_controllers) StdoutLine: {'line': b'\x1b[35m\x1b[1mConsolidate compiler generated dependencies of target test_load_scaled_joint_trajectory_controller\x1b[0m\n'}
[3.679233] (ur_controllers) StdoutLine: {'line': b'[ 90%] Built target test_load_scaled_joint_trajectory_controller\n'}
[3.687719] (ur_controllers) StdoutLine: {'line': b'\x1b[35m\x1b[1mConsolidate compiler generated dependencies of target test_scaled_joint_trajectory_controller_sampling\x1b[0m\n'}
[3.700009] (ur_controllers) StdoutLine: {'line': b'[ 95%] Built target test_scaled_joint_trajectory_controller_sampling\n'}
[3.704699] (-) TimerEvent: {}
[3.708320] (ur_controllers) StdoutLine: {'line': b'\x1b[35m\x1b[1mConsolidate compiler generated dependencies of target test_load_friction_model_controller\x1b[0m\n'}
[3.720771] (ur_controllers) StdoutLine: {'line': b'[100%] Built target test_load_friction_model_controller\n'}
[3.729620] (ur_controllers) CommandEnded: {'returncode': 0}
[3.730406] (ur_controllers) JobProgress: {'identifier': 'ur_controllers', 'progress': 'install'}
[3.730657] (ur_controllers) Command: {'cmd': ['/usr/bin/cmake', '--install', '/home/com9/uet_ws/build/ur_controllers'], 'cwd': '/home/com9/uet_ws/build/ur_controllers', 'env': OrderedDict([('LESSOPEN', '| /usr/bin/lesspipe %s'), ('CMAKE_BUILD_PARALLEL_LEVEL', '1'), ('USER', 'com9'), ('XDG_SESSION_TYPE', 'wayland'), ('SHLVL', '1'), ('LD_LIBRARY_PATH', '/home/com9/uet_ws/install/ur_dashboard_msgs/lib:/opt/ros/humble/opt/rviz_ogre_vendor/lib:/opt/ros/humble/lib/x86_64-linux-gnu:/opt/ros/humble/lib'), ('HOME', '/home/com9'), ('CONDA_SHLVL', '0'), ('CYCLONEDDS_URI', '<CycloneDDS><Domain><General><DontRoute>true</></></></>'), ('OLDPWD', '/home/com9'), ('DESKTOP_SESSION', 'ubuntu'), ('ROS_PYTHON_VERSION', '3'), ('GNOME_SHELL_SESSION_MODE', 'ubuntu'), ('GTK_MODULES', 'gail:atk-bridge'), ('MAKEFLAGS', '-j1'), ('SYSTEMD_EXEC_PID', '17504'), ('IM_CONFIG_CHECK_ENV', '1'), ('DBUS_SESSION_BUS_ADDRESS', 'unix:path=/run/user/1000/bus'), ('COLORTERM', 'truecolor'), ('_CE_M', ''), ('_CONDA_ROOT', '/home/com9/miniconda3'), ('IM_CONFIG_PHASE', '1'), ('WAYLAND_DISPLAY', 'wayland-0'), ('ROS_DISTRO', 'humble'), ('LOGNAME', 'com9'), ('_', '/usr/bin/colcon'), ('ROS_VERSION', '2'), ('XDG_SESSION_CLASS', 'user'), ('USERNAME', 'com9'), ('TERM', 'xterm-256color'), ('GNOME_DESKTOP_SESSION_ID', 'this-is-deprecated'), ('_CE_CONDA', ''), ('ROS_LOCALHOST_ONLY', '0'), ('PATH', '/opt/ros/humble/bin:/home/com9/.local/bin:/home/com9/miniconda3/condabin:/home/com9/.local/bin:/home/com9/.local/bin:/home/com9/.local/bin:/home/com9/.local/bin:/usr/local/sbin:/usr/local/bin:/usr/sbin:/usr/bin:/sbin:/bin:/usr/games:/usr/local/games:/snap/bin:/snap/bin'), ('SESSION_MANAGER', 'local/com9:@/tmp/.ICE-unix/17475,unix/com9:/tmp/.ICE-unix/17475'), ('XDG_MENU_PREFIX', 'gnome-'), ('GNOME_TERMINAL_SCREEN', '/org/gnome/Terminal/screen/1e4f803a_2b37_47e5_adad_92bb3b9bc006'), ('GNOME_SETUP_DISPLAY', ':1'), ('XDG_RUNTIME_DIR', '/run/user/1000'), ('DISPLAY', ':0'), ('LANG', 'en_US.UTF-8'), ('XDG_CURRENT_DESKTOP', 'ubuntu:GNOME'), ('XMODIFIERS', '@im=ibus'), ('XDG_SESSION_DESKTOP', 'ubuntu'), ('XAUTHORITY', '/run/user/1000/.mutter-Xwaylandauth.W7ZTS3'), ('LS_COLORS', 'rs=0:di=01;34:ln=01;36:mh=00:pi=40;33:so=01;35:do=01;35:bd=40;33;01:cd=40;33;01:or=40;31;01:mi=00:su=37;41:sg=30;43:ca=30;41:tw=30;42:ow=34;42:st=37;44:ex=01;32:*.tar=01;31:*.tgz=01;31:*.arc=01;31:*.arj=01;31:*.taz=01;31:*.lha=01;31:*.lz4=01;31:*.lzh=01;31:*.lzma=01;31:*.tlz=01;31:*.txz=01;31:*.tzo=01;31:*.t7z=01;31:*.zip=01;31:*.z=01;31:*.dz=01;31:*.gz=01;31:*.lrz=01;31:*.lz=01;31:*.lzo=01;31:*.xz=01;31:*.zst=01;31:*.tzst=01;31:*.bz2=01;31:*.bz=01;31:*.tbz=01;31:*.tbz2=01;31:*.tz=01;31:*.deb=01;31:*.rpm=01;31:*.jar=01;31:*.war=01;31:*.ear=01;31:*.sar=01;31:*.rar=01;31:*.alz=01;31:*.ace=01;31:*.zoo=01;31:*.cpio=01;31:*.7z=01;31:*.rz=01;31:*.cab=01;31:*.wim=01;31:*.swm=01;31:*.dwm=01;31:*.esd=01;31:*.jpg=01;35:*.jpeg=01;35:*.mjpg=01;35:*.mjpeg=01;35:*.gif=01;35:*.bmp=01;35:*.pbm=01;35:*.pgm=01;35:*.ppm=01;35:*.tga=01;35:*.xbm=01;35:*.xpm=01;35:*.tif=01;35:*.tiff=01;35:*.png=01;35:*.svg=01;35:*.svgz=01;35:*.mng=01;35:*.pcx=01;35:*.mov=01;35:*.mpg=01;35:*.mpeg=01;35:*.m2v=01;35:*.mkv=01;35:*.webm=01;35:*.webp=01;35:*.ogm=01;35:*.mp4=01;35:*.m4v=01;35:*.mp4v=01;35:*.vob=01;35:*.qt=01;35:*.nuv=01;35:*.wmv=01;35:*.asf=01;35:*.rm=01;35:*.rmvb=01;35:*.flc=01;35:*.avi=01;35:*.fli=01;35:*.flv=01;35:*.gl=01;35:*.dl=01;35:*.xcf=01;35:*.xwd=01;35:*.yuv=01;35:*.cgm=01;35:*.emf=01;35:*.ogv=01;35:*.ogx=01;35:*.aac=00;36:*.au=00;36:*.flac=00;36:*.m4a=00;36:*.mid=00;36:*.midi=00;36:*.mka=00;36:*.mp3=00;36:*.mpc=00;36:*.ogg=00;36:*.ra=00;36:*.wav=00;36:*.oga=00;36:*.opus=00;36:*.spx=00;36:*.xspf=00;36:'), ('GNOME_TERMINAL_SERVICE', ':1.363'), ('SSH_AGENT_LAUNCHER', 'gnome-keyring'), ('SSH_AUTH_SOCK', '/run/user/1000/keyring/ssh'), ('AMENT_PREFIX_PATH', '/home/com9/uet_ws/install/ur_dashboard_msgs:/opt/ros/humble'), ('CONDA_PYTHON_EXE', '/home/com9/miniconda3/bin/python'), ('SHELL', '/bin/bash'), ('QT_ACCESSIBILITY', '1'), ('GDMSESSION', 'ubuntu'), ('LESSCLOSE', '/usr/bin/lesspipe %s %s'), ('_CONDA_EXE', '/home/com9/miniconda3/bin/conda'), ('QT_IM_MODULE', 'ibus'), ('PWD', '/home/com9/uet_ws/build/ur_controllers'), ('LC_ALL', 'en_US.UTF-8'), ('XDG_CONFIG_DIRS', '/etc/xdg/xdg-ubuntu:/etc/xdg'), ('CONDA_EXE', '/home/com9/miniconda3/bin/conda'), ('XDG_DATA_DIRS', '/usr/share/ubuntu:/usr/local/share/:/usr/share/:/var/lib/snapd/desktop'), ('PYTHONPATH', '/home/com9/uet_ws/install/ur_dashboard_msgs/local/lib/python3.10/dist-packages:/opt/ros/humble/lib/python3.10/site-packages:/opt/ros/humble/local/lib/python3.10/dist-packages'), ('COLCON', '1'), ('VTE_VERSION', '6800'), ('CMAKE_PREFIX_PATH', '/home/com9/uet_ws/install/ur_dashboard_msgs:/opt/ros/humble')]), 'shell': False}
[3.737007] (ur_controllers) StdoutLine: {'line': b'-- Install configuration: ""\n'}
[3.737227] (ur_controllers) StdoutLine: {'line': b'-- Up-to-date: /home/com9/uet_ws/install/ur_controllers/include/ur_controllers\n'}
[3.737322] (ur_controllers) StdoutLine: {'line': b'-- Up-to-date: /home/com9/uet_ws/install/ur_controllers/include/ur_controllers/scaled_joint_trajectory_controller_parameters.hpp\n'}
[3.737405] (ur_controllers) StdoutLine: {'line': b'-- Up-to-date: /home/com9/uet_ws/install/ur_controllers/include/ur_controllers/gpio_controller_parameters.hpp\n'}
[3.737558] (ur_controllers) StdoutLine: {'line': b'-- Up-to-date: /home/com9/uet_ws/install/ur_controllers/include/ur_controllers/tool_contact_controller_parameters.hpp\n'}
[3.737647] (ur_controllers) StdoutLine: {'line': b'-- Up-to-date: /home/com9/uet_ws/install/ur_controllers/include/ur_controllers/ur_configuration_controller_parameters.hpp\n'}
[3.737702] (ur_controllers) StdoutLine: {'line': b'-- Up-to-date: /home/com9/uet_ws/install/ur_controllers/include/ur_controllers/passthrough_trajectory_controller_parameters.hpp\n'}
[3.737766] (ur_controllers) StdoutLine: {'line': b'-- Up-to-date: /home/com9/uet_ws/install/ur_controllers/include/ur_controllers/freedrive_mode_controller_parameters.hpp\n'}
[3.737802] (ur_controllers) StdoutLine: {'line': b'-- Up-to-date: /home/com9/uet_ws/install/ur_controllers/include/ur_controllers/friction_model_controller_parameters.hpp\n'}
[3.737834] (ur_controllers) StdoutLine: {'line': b'-- Up-to-date: /home/com9/uet_ws/install/ur_controllers/include/ur_controllers/speed_scaling_state_broadcaster_parameters.hpp\n'}
[3.737867] (ur_controllers) StdoutLine: {'line': b'-- Up-to-date: /home/com9/uet_ws/install/ur_controllers/include/ur_controllers/force_mode_controller_parameters.hpp\n'}
[3.737898] (ur_controllers) StdoutLine: {'line': b'-- Up-to-date: /home/com9/uet_ws/install/ur_controllers/include/ur_controllers\n'}
[3.737931] (ur_controllers) StdoutLine: {'line': b'-- Up-to-date: /home/com9/uet_ws/install/ur_controllers/include/ur_controllers/scaled_joint_trajectory_controller_parameters.hpp\n'}
[3.737962] (ur_controllers) StdoutLine: {'line': b'-- Up-to-date: /home/com9/uet_ws/install/ur_controllers/include/ur_controllers/gpio_controller_parameters.hpp\n'}
[3.737994] (ur_controllers) StdoutLine: {'line': b'-- Up-to-date: /home/com9/uet_ws/install/ur_controllers/include/ur_controllers/tool_contact_controller_parameters.hpp\n'}
[3.738045] (ur_controllers) StdoutLine: {'line': b'-- Up-to-date: /home/com9/uet_ws/install/ur_controllers/include/ur_controllers/ur_configuration_controller_parameters.hpp\n'}
[3.738097] (ur_controllers) StdoutLine: {'line': b'-- Up-to-date: /home/com9/uet_ws/install/ur_controllers/include/ur_controllers/passthrough_trajectory_controller_parameters.hpp\n'}
[3.738130] (ur_controllers) StdoutLine: {'line': b'-- Up-to-date: /home/com9/uet_ws/install/ur_controllers/include/ur_controllers/freedrive_mode_controller_parameters.hpp\n'}
[3.738162] (ur_controllers) StdoutLine: {'line': b'-- Up-to-date: /home/com9/uet_ws/install/ur_controllers/include/ur_controllers/friction_model_controller_parameters.hpp\n'}
[3.738193] (ur_controllers) StdoutLine: {'line': b'-- Up-to-date: /home/com9/uet_ws/install/ur_controllers/include/ur_controllers/speed_scaling_state_broadcaster_parameters.hpp\n'}
[3.738247] (ur_controllers) StdoutLine: {'line': b'-- Up-to-date: /home/com9/uet_ws/install/ur_controllers/include/ur_controllers/force_mode_controller_parameters.hpp\n'}
[3.738279] (ur_controllers) StdoutLine: {'line': b'-- Up-to-date: /home/com9/uet_ws/install/ur_controllers/include/ur_controllers\n'}
[3.738327] (ur_controllers) StdoutLine: {'line': b'-- Up-to-date: /home/com9/uet_ws/install/ur_controllers/include/ur_controllers/scaled_joint_trajectory_controller_parameters.hpp\n'}
[3.738361] (ur_controllers) StdoutLine: {'line': b'-- Up-to-date: /home/com9/uet_ws/install/ur_controllers/include/ur_controllers/gpio_controller_parameters.hpp\n'}
[3.738392] (ur_controllers) StdoutLine: {'line': b'-- Up-to-date: /home/com9/uet_ws/install/ur_controllers/include/ur_controllers/tool_contact_controller_parameters.hpp\n'}
[3.738440] (ur_controllers) StdoutLine: {'line': b'-- Up-to-date: /home/com9/uet_ws/install/ur_controllers/include/ur_controllers/ur_configuration_controller_parameters.hpp\n'}
[3.738469] (ur_controllers) StdoutLine: {'line': b'-- Up-to-date: /home/com9/uet_ws/install/ur_controllers/include/ur_controllers/passthrough_trajectory_controller_parameters.hpp\n'}
[3.738498] (ur_controllers) StdoutLine: {'line': b'-- Up-to-date: /home/com9/uet_ws/install/ur_controllers/include/ur_controllers/freedrive_mode_controller_parameters.hpp\n'}
[3.738526] (ur_controllers) StdoutLine: {'line': b'-- Up-to-date: /home/com9/uet_ws/install/ur_controllers/include/ur_controllers/friction_model_controller_parameters.hpp\n'}
[3.738557] (ur_controllers) StdoutLine: {'line': b'-- Up-to-date: /home/com9/uet_ws/install/ur_controllers/include/ur_controllers/speed_scaling_state_broadcaster_parameters.hpp\n'}
[3.738588] (ur_controllers) StdoutLine: {'line': b'-- Up-to-date: /home/com9/uet_ws/install/ur_controllers/include/ur_controllers/force_mode_controller_parameters.hpp\n'}
[3.738644] (ur_controllers) StdoutLine: {'line': b'-- Up-to-date: /home/com9/uet_ws/install/ur_controllers/include/ur_controllers\n'}
[3.738676] (ur_controllers) StdoutLine: {'line': b'-- Up-to-date: /home/com9/uet_ws/install/ur_controllers/include/ur_controllers/scaled_joint_trajectory_controller_parameters.hpp\n'}
[3.738718] (ur_controllers) StdoutLine: {'line': b'-- Up-to-date: /home/com9/uet_ws/install/ur_controllers/include/ur_controllers/gpio_controller_parameters.hpp\n'}
[3.738748] (ur_controllers) StdoutLine: {'line': b'-- Up-to-date: /home/com9/uet_ws/install/ur_controllers/include/ur_controllers/tool_contact_controller_parameters.hpp\n'}
[3.738776] (ur_controllers) StdoutLine: {'line': b'-- Up-to-date: /home/com9/uet_ws/install/ur_controllers/include/ur_controllers/ur_configuration_controller_parameters.hpp\n'}
[3.738805] (ur_controllers) StdoutLine: {'line': b'-- Up-to-date: /home/com9/uet_ws/install/ur_controllers/include/ur_controllers/passthrough_trajectory_controller_parameters.hpp\n'}
[3.738832] (ur_controllers) StdoutLine: {'line': b'-- Up-to-date: /home/com9/uet_ws/install/ur_controllers/include/ur_controllers/freedrive_mode_controller_parameters.hpp\n'}
[3.738860] (ur_controllers) StdoutLine: {'line': b'-- Up-to-date: /home/com9/uet_ws/install/ur_controllers/include/ur_controllers/friction_model_controller_parameters.hpp\n'}
[3.738889] (ur_controllers) StdoutLine: {'line': b'-- Up-to-date: /home/com9/uet_ws/install/ur_controllers/include/ur_controllers/speed_scaling_state_broadcaster_parameters.hpp\n'}
[3.738919] (ur_controllers) StdoutLine: {'line': b'-- Up-to-date: /home/com9/uet_ws/install/ur_controllers/include/ur_controllers/force_mode_controller_parameters.hpp\n'}
[3.738947] (ur_controllers) StdoutLine: {'line': b'-- Up-to-date: /home/com9/uet_ws/install/ur_controllers/include/ur_controllers\n'}
[3.738976] (ur_controllers) StdoutLine: {'line': b'-- Up-to-date: /home/com9/uet_ws/install/ur_controllers/include/ur_controllers/scaled_joint_trajectory_controller_parameters.hpp\n'}
[3.739004] (ur_controllers) StdoutLine: {'line': b'-- Up-to-date: /home/com9/uet_ws/install/ur_controllers/include/ur_controllers/gpio_controller_parameters.hpp\n'}
[3.739032] (ur_controllers) StdoutLine: {'line': b'-- Up-to-date: /home/com9/uet_ws/install/ur_controllers/include/ur_controllers/tool_contact_controller_parameters.hpp\n'}
[3.739062] (ur_controllers) StdoutLine: {'line': b'-- Up-to-date: /home/com9/uet_ws/install/ur_controllers/include/ur_controllers/ur_configuration_controller_parameters.hpp\n'}
[3.739090] (ur_controllers) StdoutLine: {'line': b'-- Up-to-date: /home/com9/uet_ws/install/ur_controllers/include/ur_controllers/passthrough_trajectory_controller_parameters.hpp\n'}
[3.739119] (ur_controllers) StdoutLine: {'line': b'-- Up-to-date: /home/com9/uet_ws/install/ur_controllers/include/ur_controllers/freedrive_mode_controller_parameters.hpp\n'}
[3.739147] (ur_controllers) StdoutLine: {'line': b'-- Up-to-date: /home/com9/uet_ws/install/ur_controllers/include/ur_controllers/friction_model_controller_parameters.hpp\n'}
[3.739177] (ur_controllers) StdoutLine: {'line': b'-- Up-to-date: /home/com9/uet_ws/install/ur_controllers/include/ur_controllers/speed_scaling_state_broadcaster_parameters.hpp\n'}
[3.739205] (ur_controllers) StdoutLine: {'line': b'-- Up-to-date: /home/com9/uet_ws/install/ur_controllers/include/ur_controllers/force_mode_controller_parameters.hpp\n'}
[3.739232] (ur_controllers) StdoutLine: {'line': b'-- Up-to-date: /home/com9/uet_ws/install/ur_controllers/include/ur_controllers\n'}
[3.739261] (ur_controllers) StdoutLine: {'line': b'-- Up-to-date: /home/com9/uet_ws/install/ur_controllers/include/ur_controllers/scaled_joint_trajectory_controller_parameters.hpp\n'}
[3.739290] (ur_controllers) StdoutLine: {'line': b'-- Up-to-date: /home/com9/uet_ws/install/ur_controllers/include/ur_controllers/gpio_controller_parameters.hpp\n'}
[3.739320] (ur_controllers) StdoutLine: {'line': b'-- Up-to-date: /home/com9/uet_ws/install/ur_controllers/include/ur_controllers/tool_contact_controller_parameters.hpp\n'}
[3.739348] (ur_controllers) StdoutLine: {'line': b'-- Up-to-date: /home/com9/uet_ws/install/ur_controllers/include/ur_controllers/ur_configuration_controller_parameters.hpp\n'}
[3.739375] (ur_controllers) StdoutLine: {'line': b'-- Up-to-date: /home/com9/uet_ws/install/ur_controllers/include/ur_controllers/passthrough_trajectory_controller_parameters.hpp\n'}
[3.739407] (ur_controllers) StdoutLine: {'line': b'-- Up-to-date: /home/com9/uet_ws/install/ur_controllers/include/ur_controllers/freedrive_mode_controller_parameters.hpp\n'}
[3.739443] (ur_controllers) StdoutLine: {'line': b'-- Up-to-date: /home/com9/uet_ws/install/ur_controllers/include/ur_controllers/friction_model_controller_parameters.hpp\n'}
[3.739472] (ur_controllers) StdoutLine: {'line': b'-- Up-to-date: /home/com9/uet_ws/install/ur_controllers/include/ur_controllers/speed_scaling_state_broadcaster_parameters.hpp\n'}
[3.739500] (ur_controllers) StdoutLine: {'line': b'-- Up-to-date: /home/com9/uet_ws/install/ur_controllers/include/ur_controllers/force_mode_controller_parameters.hpp\n'}
[3.739527] (ur_controllers) StdoutLine: {'line': b'-- Up-to-date: /home/com9/uet_ws/install/ur_controllers/include/ur_controllers\n'}
[3.739556] (ur_controllers) StdoutLine: {'line': b'-- Up-to-date: /home/com9/uet_ws/install/ur_controllers/include/ur_controllers/scaled_joint_trajectory_controller_parameters.hpp\n'}
[3.739583] (ur_controllers) StdoutLine: {'line': b'-- Up-to-date: /home/com9/uet_ws/install/ur_controllers/include/ur_controllers/gpio_controller_parameters.hpp\n'}
[3.739642] (ur_controllers) StdoutLine: {'line': b'-- Up-to-date: /home/com9/uet_ws/install/ur_controllers/include/ur_controllers/tool_contact_controller_parameters.hpp\n'}
[3.739676] (ur_controllers) StdoutLine: {'line': b'-- Up-to-date: /home/com9/uet_ws/install/ur_controllers/include/ur_controllers/ur_configuration_controller_parameters.hpp\n'}
[3.739732] (ur_controllers) StdoutLine: {'line': b'-- Up-to-date: /home/com9/uet_ws/install/ur_controllers/include/ur_controllers/passthrough_trajectory_controller_parameters.hpp\n'}
[3.739788] (ur_controllers) StdoutLine: {'line': b'-- Up-to-date: /home/com9/uet_ws/install/ur_controllers/include/ur_controllers/freedrive_mode_controller_parameters.hpp\n'}
[3.739820] (ur_controllers) StdoutLine: {'line': b'-- Up-to-date: /home/com9/uet_ws/install/ur_controllers/include/ur_controllers/friction_model_controller_parameters.hpp\n'}
[3.739860] (ur_controllers) StdoutLine: {'line': b'-- Up-to-date: /home/com9/uet_ws/install/ur_controllers/include/ur_controllers/speed_scaling_state_broadcaster_parameters.hpp\n'}
[3.739891] (ur_controllers) StdoutLine: {'line': b'-- Up-to-date: /home/com9/uet_ws/install/ur_controllers/include/ur_controllers/force_mode_controller_parameters.hpp\n'}
[3.739923] (ur_controllers) StdoutLine: {'line': b'-- Up-to-date: /home/com9/uet_ws/install/ur_controllers/include/ur_controllers\n'}
[3.740041] (ur_controllers) StdoutLine: {'line': b'-- Up-to-date: /home/com9/uet_ws/install/ur_controllers/include/ur_controllers/scaled_joint_trajectory_controller_parameters.hpp\n'}
[3.740076] (ur_controllers) StdoutLine: {'line': b'-- Up-to-date: /home/com9/uet_ws/install/ur_controllers/include/ur_controllers/gpio_controller_parameters.hpp\n'}
[3.740108] (ur_controllers) StdoutLine: {'line': b'-- Up-to-date: /home/com9/uet_ws/install/ur_controllers/include/ur_controllers/tool_contact_controller_parameters.hpp\n'}
[3.740138] (ur_controllers) StdoutLine: {'line': b'-- Up-to-date: /home/com9/uet_ws/install/ur_controllers/include/ur_controllers/ur_configuration_controller_parameters.hpp\n'}
[3.740169] (ur_controllers) StdoutLine: {'line': b'-- Up-to-date: /home/com9/uet_ws/install/ur_controllers/include/ur_controllers/passthrough_trajectory_controller_parameters.hpp\n'}
[3.740200] (ur_controllers) StdoutLine: {'line': b'-- Up-to-date: /home/com9/uet_ws/install/ur_controllers/include/ur_controllers/freedrive_mode_controller_parameters.hpp\n'}
[3.740231] (ur_controllers) StdoutLine: {'line': b'-- Up-to-date: /home/com9/uet_ws/install/ur_controllers/include/ur_controllers/friction_model_controller_parameters.hpp\n'}
[3.740261] (ur_controllers) StdoutLine: {'line': b'-- Up-to-date: /home/com9/uet_ws/install/ur_controllers/include/ur_controllers/speed_scaling_state_broadcaster_parameters.hpp\n'}
[3.740291] (ur_controllers) StdoutLine: {'line': b'-- Up-to-date: /home/com9/uet_ws/install/ur_controllers/include/ur_controllers/force_mode_controller_parameters.hpp\n'}
[3.740321] (ur_controllers) StdoutLine: {'line': b'-- Up-to-date: /home/com9/uet_ws/install/ur_controllers/include/ur_controllers\n'}
[3.740351] (ur_controllers) StdoutLine: {'line': b'-- Up-to-date: /home/com9/uet_ws/install/ur_controllers/include/ur_controllers/scaled_joint_trajectory_controller_parameters.hpp\n'}
[3.740381] (ur_controllers) StdoutLine: {'line': b'-- Up-to-date: /home/com9/uet_ws/install/ur_controllers/include/ur_controllers/gpio_controller_parameters.hpp\n'}
[3.740414] (ur_controllers) StdoutLine: {'line': b'-- Up-to-date: /home/com9/uet_ws/install/ur_controllers/include/ur_controllers/tool_contact_controller_parameters.hpp\n'}
[3.740447] (ur_controllers) StdoutLine: {'line': b'-- Up-to-date: /home/com9/uet_ws/install/ur_controllers/include/ur_controllers/ur_configuration_controller_parameters.hpp\n'}
[3.740505] (ur_controllers) StdoutLine: {'line': b'-- Up-to-date: /home/com9/uet_ws/install/ur_controllers/include/ur_controllers/passthrough_trajectory_controller_parameters.hpp\n'}
[3.740537] (ur_controllers) StdoutLine: {'line': b'-- Up-to-date: /home/com9/uet_ws/install/ur_controllers/include/ur_controllers/freedrive_mode_controller_parameters.hpp\n'}
[3.740645] (ur_controllers) StdoutLine: {'line': b'-- Up-to-date: /home/com9/uet_ws/install/ur_controllers/include/ur_controllers/friction_model_controller_parameters.hpp\n'}
[3.741119] (ur_controllers) StdoutLine: {'line': b'-- Up-to-date: /home/com9/uet_ws/install/ur_controllers/include/ur_controllers/speed_scaling_state_broadcaster_parameters.hpp\n'}
[3.741185] (ur_controllers) StdoutLine: {'line': b'-- Up-to-date: /home/com9/uet_ws/install/ur_controllers/include/ur_controllers/force_mode_controller_parameters.hpp\n'}
[3.741260] (ur_controllers) StdoutLine: {'line': b'-- Up-to-date: /home/com9/uet_ws/install/ur_controllers/share/ur_controllers/controller_plugins.xml\n'}
[3.741327] (ur_controllers) StdoutLine: {'line': b'-- Up-to-date: /home/com9/uet_ws/install/ur_controllers/lib/libur_controllers.so\n'}
[3.741370] (ur_controllers) StdoutLine: {'line': b'-- Up-to-date: /home/com9/uet_ws/install/ur_controllers/include\n'}
[3.741409] (ur_controllers) StdoutLine: {'line': b'-- Up-to-date: /home/com9/uet_ws/install/ur_controllers/include/ur_controllers\n'}
[3.741581] (ur_controllers) StdoutLine: {'line': b'-- Up-to-date: /home/com9/uet_ws/install/ur_controllers/include/ur_controllers/tool_contact_controller.hpp\n'}
[3.741628] (ur_controllers) StdoutLine: {'line': b'-- Up-to-date: /home/com9/uet_ws/install/ur_controllers/include/ur_controllers/force_mode_controller.hpp\n'}
[3.741673] (ur_controllers) StdoutLine: {'line': b'-- Up-to-date: /home/com9/uet_ws/install/ur_controllers/include/ur_controllers/scaled_joint_trajectory_controller.hpp\n'}
[3.741713] (ur_controllers) StdoutLine: {'line': b'-- Up-to-date: /home/com9/uet_ws/install/ur_controllers/include/ur_controllers/speed_scaling_state_broadcaster.hpp\n'}
[3.741752] (ur_controllers) StdoutLine: {'line': b'-- Up-to-date: /home/com9/uet_ws/install/ur_controllers/include/ur_controllers/friction_model_controller.hpp\n'}
[3.741791] (ur_controllers) StdoutLine: {'line': b'-- Up-to-date: /home/com9/uet_ws/install/ur_controllers/include/ur_controllers/freedrive_mode_controller.hpp\n'}
[3.741830] (ur_controllers) StdoutLine: {'line': b'-- Up-to-date: /home/com9/uet_ws/install/ur_controllers/include/ur_controllers/passthrough_trajectory_controller.hpp\n'}
[3.741869] (ur_controllers) StdoutLine: {'line': b'-- Up-to-date: /home/com9/uet_ws/install/ur_controllers/include/ur_controllers/ur_configuration_controller.hpp\n'}
[3.741908] (ur_controllers) StdoutLine: {'line': b'-- Up-to-date: /home/com9/uet_ws/install/ur_controllers/include/ur_controllers/gpio_controller.hpp\n'}
[3.741948] (ur_controllers) StdoutLine: {'line': b'-- Up-to-date: /home/com9/uet_ws/install/ur_controllers/share/ur_controllers/controller_plugins.xml\n'}
[3.741988] (ur_controllers) StdoutLine: {'line': b'-- Up-to-date: /home/com9/uet_ws/install/ur_controllers/share/ur_controllers/environment/library_path.sh\n'}
[3.742028] (ur_controllers) StdoutLine: {'line': b'-- Up-to-date: /home/com9/uet_ws/install/ur_controllers/share/ur_controllers/environment/library_path.dsv\n'}
[3.742071] (ur_controllers) StdoutLine: {'line': b'-- Up-to-date: /home/com9/uet_ws/install/ur_controllers/share/ament_index/resource_index/package_run_dependencies/ur_controllers\n'}
[3.742114] (ur_controllers) StdoutLine: {'line': b'-- Up-to-date: /home/com9/uet_ws/install/ur_controllers/share/ament_index/resource_index/parent_prefix_path/ur_controllers\n'}
[3.742153] (ur_controllers) StdoutLine: {'line': b'-- Up-to-date: /home/com9/uet_ws/install/ur_controllers/share/ur_controllers/environment/ament_prefix_path.sh\n'}
[3.742191] (ur_controllers) StdoutLine: {'line': b'-- Up-to-date: /home/com9/uet_ws/install/ur_controllers/share/ur_controllers/environment/ament_prefix_path.dsv\n'}
[3.742230] (ur_controllers) StdoutLine: {'line': b'-- Up-to-date: /home/com9/uet_ws/install/ur_controllers/share/ur_controllers/environment/path.sh\n'}
[3.742269] (ur_controllers) StdoutLine: {'line': b'-- Up-to-date: /home/com9/uet_ws/install/ur_controllers/share/ur_controllers/environment/path.dsv\n'}
[3.742307] (ur_controllers) StdoutLine: {'line': b'-- Up-to-date: /home/com9/uet_ws/install/ur_controllers/share/ur_controllers/local_setup.bash\n'}
[3.742344] (ur_controllers) StdoutLine: {'line': b'-- Up-to-date: /home/com9/uet_ws/install/ur_controllers/share/ur_controllers/local_setup.sh\n'}
[3.742382] (ur_controllers) StdoutLine: {'line': b'-- Up-to-date: /home/com9/uet_ws/install/ur_controllers/share/ur_controllers/local_setup.zsh\n'}
[3.742463] (ur_controllers) StdoutLine: {'line': b'-- Up-to-date: /home/com9/uet_ws/install/ur_controllers/share/ur_controllers/local_setup.dsv\n'}
[3.742578] (ur_controllers) StdoutLine: {'line': b'-- Installing: /home/com9/uet_ws/install/ur_controllers/share/ur_controllers/package.dsv\n'}
[3.742622] (ur_controllers) StdoutLine: {'line': b'-- Up-to-date: /home/com9/uet_ws/install/ur_controllers/share/ament_index/resource_index/packages/ur_controllers\n'}
[3.742662] (ur_controllers) StdoutLine: {'line': b'-- Up-to-date: /home/com9/uet_ws/install/ur_controllers/share/ament_index/resource_index/controller_interface__pluginlib__plugin/ur_controllers\n'}
[3.742702] (ur_controllers) StdoutLine: {'line': b'-- Up-to-date: /home/com9/uet_ws/install/ur_controllers/share/ur_controllers/cmake/ament_cmake_export_dependencies-extras.cmake\n'}
[3.742741] (ur_controllers) StdoutLine: {'line': b'-- Up-to-date: /home/com9/uet_ws/install/ur_controllers/share/ur_controllers/cmake/ament_cmake_export_include_directories-extras.cmake\n'}
[3.742805] (ur_controllers) StdoutLine: {'line': b'-- Up-to-date: /home/com9/uet_ws/install/ur_controllers/share/ur_controllers/cmake/ament_cmake_export_libraries-extras.cmake\n'}
[3.742850] (ur_controllers) StdoutLine: {'line': b'-- Up-to-date: /home/com9/uet_ws/install/ur_controllers/share/ur_controllers/cmake/ur_controllersConfig.cmake\n'}
[3.742889] (ur_controllers) StdoutLine: {'line': b'-- Up-to-date: /home/com9/uet_ws/install/ur_controllers/share/ur_controllers/cmake/ur_controllersConfig-version.cmake\n'}
[3.742927] (ur_controllers) StdoutLine: {'line': b'-- Up-to-date: /home/com9/uet_ws/install/ur_controllers/share/ur_controllers/package.xml\n'}
[3.742965] (ur_controllers) CommandEnded: {'returncode': 0}
[3.750906] (ur_controllers) JobEnded: {'identifier': 'ur_controllers', 'rc': 0}
[3.751650] (ur_bringup) JobStarted: {'identifier': 'ur_bringup'}
[3.757354] (ur_bringup) JobProgress: {'identifier': 'ur_bringup', 'progress': 'cmake'}
[3.757686] (ur_bringup) JobProgress: {'identifier': 'ur_bringup', 'progress': 'build'}
[3.757790] (ur_bringup) Command: {'cmd': ['/usr/bin/cmake', '--build', '/home/com9/uet_ws/build/ur_bringup'], 'cwd': '/home/com9/uet_ws/build/ur_bringup', 'env': OrderedDict([('LESSOPEN', '| /usr/bin/lesspipe %s'), ('CMAKE_BUILD_PARALLEL_LEVEL', '1'), ('USER', 'com9'), ('XDG_SESSION_TYPE', 'wayland'), ('SHLVL', '1'), ('LD_LIBRARY_PATH', '/home/com9/uet_ws/install/ur_controllers/lib:/home/com9/uet_ws/install/ur_dashboard_msgs/lib:/opt/ros/humble/opt/rviz_ogre_vendor/lib:/opt/ros/humble/lib/x86_64-linux-gnu:/opt/ros/humble/lib'), ('HOME', '/home/com9'), ('CONDA_SHLVL', '0'), ('CYCLONEDDS_URI', '<CycloneDDS><Domain><General><DontRoute>true</></></></>'), ('OLDPWD', '/home/com9'), ('DESKTOP_SESSION', 'ubuntu'), ('ROS_PYTHON_VERSION', '3'), ('GNOME_SHELL_SESSION_MODE', 'ubuntu'), ('GTK_MODULES', 'gail:atk-bridge'), ('MAKEFLAGS', '-j1'), ('SYSTEMD_EXEC_PID', '17504'), ('IM_CONFIG_CHECK_ENV', '1'), ('DBUS_SESSION_BUS_ADDRESS', 'unix:path=/run/user/1000/bus'), ('COLORTERM', 'truecolor'), ('_CE_M', ''), ('_CONDA_ROOT', '/home/com9/miniconda3'), ('IM_CONFIG_PHASE', '1'), ('WAYLAND_DISPLAY', 'wayland-0'), ('ROS_DISTRO', 'humble'), ('LOGNAME', 'com9'), ('_', '/usr/bin/colcon'), ('ROS_VERSION', '2'), ('XDG_SESSION_CLASS', 'user'), ('USERNAME', 'com9'), ('TERM', 'xterm-256color'), ('GNOME_DESKTOP_SESSION_ID', 'this-is-deprecated'), ('_CE_CONDA', ''), ('ROS_LOCALHOST_ONLY', '0'), ('PATH', '/opt/ros/humble/bin:/home/com9/.local/bin:/home/com9/miniconda3/condabin:/home/com9/.local/bin:/home/com9/.local/bin:/home/com9/.local/bin:/home/com9/.local/bin:/usr/local/sbin:/usr/local/bin:/usr/sbin:/usr/bin:/sbin:/bin:/usr/games:/usr/local/games:/snap/bin:/snap/bin'), ('SESSION_MANAGER', 'local/com9:@/tmp/.ICE-unix/17475,unix/com9:/tmp/.ICE-unix/17475'), ('XDG_MENU_PREFIX', 'gnome-'), ('GNOME_TERMINAL_SCREEN', '/org/gnome/Terminal/screen/1e4f803a_2b37_47e5_adad_92bb3b9bc006'), ('GNOME_SETUP_DISPLAY', ':1'), ('XDG_RUNTIME_DIR', '/run/user/1000'), ('DISPLAY', ':0'), ('LANG', 'en_US.UTF-8'), ('XDG_CURRENT_DESKTOP', 'ubuntu:GNOME'), ('XMODIFIERS', '@im=ibus'), ('XDG_SESSION_DESKTOP', 'ubuntu'), ('XAUTHORITY', '/run/user/1000/.mutter-Xwaylandauth.W7ZTS3'), ('LS_COLORS', 'rs=0:di=01;34:ln=01;36:mh=00:pi=40;33:so=01;35:do=01;35:bd=40;33;01:cd=40;33;01:or=40;31;01:mi=00:su=37;41:sg=30;43:ca=30;41:tw=30;42:ow=34;42:st=37;44:ex=01;32:*.tar=01;31:*.tgz=01;31:*.arc=01;31:*.arj=01;31:*.taz=01;31:*.lha=01;31:*.lz4=01;31:*.lzh=01;31:*.lzma=01;31:*.tlz=01;31:*.txz=01;31:*.tzo=01;31:*.t7z=01;31:*.zip=01;31:*.z=01;31:*.dz=01;31:*.gz=01;31:*.lrz=01;31:*.lz=01;31:*.lzo=01;31:*.xz=01;31:*.zst=01;31:*.tzst=01;31:*.bz2=01;31:*.bz=01;31:*.tbz=01;31:*.tbz2=01;31:*.tz=01;31:*.deb=01;31:*.rpm=01;31:*.jar=01;31:*.war=01;31:*.ear=01;31:*.sar=01;31:*.rar=01;31:*.alz=01;31:*.ace=01;31:*.zoo=01;31:*.cpio=01;31:*.7z=01;31:*.rz=01;31:*.cab=01;31:*.wim=01;31:*.swm=01;31:*.dwm=01;31:*.esd=01;31:*.jpg=01;35:*.jpeg=01;35:*.mjpg=01;35:*.mjpeg=01;35:*.gif=01;35:*.bmp=01;35:*.pbm=01;35:*.pgm=01;35:*.ppm=01;35:*.tga=01;35:*.xbm=01;35:*.xpm=01;35:*.tif=01;35:*.tiff=01;35:*.png=01;35:*.svg=01;35:*.svgz=01;35:*.mng=01;35:*.pcx=01;35:*.mov=01;35:*.mpg=01;35:*.mpeg=01;35:*.m2v=01;35:*.mkv=01;35:*.webm=01;35:*.webp=01;35:*.ogm=01;35:*.mp4=01;35:*.m4v=01;35:*.mp4v=01;35:*.vob=01;35:*.qt=01;35:*.nuv=01;35:*.wmv=01;35:*.asf=01;35:*.rm=01;35:*.rmvb=01;35:*.flc=01;35:*.avi=01;35:*.fli=01;35:*.flv=01;35:*.gl=01;35:*.dl=01;35:*.xcf=01;35:*.xwd=01;35:*.yuv=01;35:*.cgm=01;35:*.emf=01;35:*.ogv=01;35:*.ogx=01;35:*.aac=00;36:*.au=00;36:*.flac=00;36:*.m4a=00;36:*.mid=00;36:*.midi=00;36:*.mka=00;36:*.mp3=00;36:*.mpc=00;36:*.ogg=00;36:*.ra=00;36:*.wav=00;36:*.oga=00;36:*.opus=00;36:*.spx=00;36:*.xspf=00;36:'), ('GNOME_TERMINAL_SERVICE', ':1.363'), ('SSH_AGENT_LAUNCHER', 'gnome-keyring'), ('SSH_AUTH_SOCK', '/run/user/1000/keyring/ssh'), ('AMENT_PREFIX_PATH', '/home/com9/uet_ws/install/ur_controllers:/home/com9/uet_ws/install/ur_dashboard_msgs:/opt/ros/humble'), ('CONDA_PYTHON_EXE', '/home/com9/miniconda3/bin/python'), ('SHELL', '/bin/bash'), ('QT_ACCESSIBILITY', '1'), ('GDMSESSION', 'ubuntu'), ('LESSCLOSE', '/usr/bin/lesspipe %s %s'), ('_CONDA_EXE', '/home/com9/miniconda3/bin/conda'), ('QT_IM_MODULE', 'ibus'), ('PWD', '/home/com9/uet_ws/build/ur_bringup'), ('LC_ALL', 'en_US.UTF-8'), ('XDG_CONFIG_DIRS', '/etc/xdg/xdg-ubuntu:/etc/xdg'), ('CONDA_EXE', '/home/com9/miniconda3/bin/conda'), ('XDG_DATA_DIRS', '/usr/share/ubuntu:/usr/local/share/:/usr/share/:/var/lib/snapd/desktop'), ('PYTHONPATH', '/home/com9/uet_ws/install/ur_dashboard_msgs/local/lib/python3.10/dist-packages:/opt/ros/humble/lib/python3.10/site-packages:/opt/ros/humble/local/lib/python3.10/dist-packages'), ('COLCON', '1'), ('VTE_VERSION', '6800'), ('CMAKE_PREFIX_PATH', '/home/com9/uet_ws/install/ur_controllers:/home/com9/uet_ws/install/ur_dashboard_msgs:/opt/ros/humble')]), 'shell': False}
[3.784770] (ur_bringup) CommandEnded: {'returncode': 0}
[3.785343] (ur_bringup) JobProgress: {'identifier': 'ur_bringup', 'progress': 'install'}
[3.785576] (ur_bringup) Command: {'cmd': ['/usr/bin/cmake', '--install', '/home/com9/uet_ws/build/ur_bringup'], 'cwd': '/home/com9/uet_ws/build/ur_bringup', 'env': OrderedDict([('LESSOPEN', '| /usr/bin/lesspipe %s'), ('CMAKE_BUILD_PARALLEL_LEVEL', '1'), ('USER', 'com9'), ('XDG_SESSION_TYPE', 'wayland'), ('SHLVL', '1'), ('LD_LIBRARY_PATH', '/home/com9/uet_ws/install/ur_controllers/lib:/home/com9/uet_ws/install/ur_dashboard_msgs/lib:/opt/ros/humble/opt/rviz_ogre_vendor/lib:/opt/ros/humble/lib/x86_64-linux-gnu:/opt/ros/humble/lib'), ('HOME', '/home/com9'), ('CONDA_SHLVL', '0'), ('CYCLONEDDS_URI', '<CycloneDDS><Domain><General><DontRoute>true</></></></>'), ('OLDPWD', '/home/com9'), ('DESKTOP_SESSION', 'ubuntu'), ('ROS_PYTHON_VERSION', '3'), ('GNOME_SHELL_SESSION_MODE', 'ubuntu'), ('GTK_MODULES', 'gail:atk-bridge'), ('MAKEFLAGS', '-j1'), ('SYSTEMD_EXEC_PID', '17504'), ('IM_CONFIG_CHECK_ENV', '1'), ('DBUS_SESSION_BUS_ADDRESS', 'unix:path=/run/user/1000/bus'), ('COLORTERM', 'truecolor'), ('_CE_M', ''), ('_CONDA_ROOT', '/home/com9/miniconda3'), ('IM_CONFIG_PHASE', '1'), ('WAYLAND_DISPLAY', 'wayland-0'), ('ROS_DISTRO', 'humble'), ('LOGNAME', 'com9'), ('_', '/usr/bin/colcon'), ('ROS_VERSION', '2'), ('XDG_SESSION_CLASS', 'user'), ('USERNAME', 'com9'), ('TERM', 'xterm-256color'), ('GNOME_DESKTOP_SESSION_ID', 'this-is-deprecated'), ('_CE_CONDA', ''), ('ROS_LOCALHOST_ONLY', '0'), ('PATH', '/opt/ros/humble/bin:/home/com9/.local/bin:/home/com9/miniconda3/condabin:/home/com9/.local/bin:/home/com9/.local/bin:/home/com9/.local/bin:/home/com9/.local/bin:/usr/local/sbin:/usr/local/bin:/usr/sbin:/usr/bin:/sbin:/bin:/usr/games:/usr/local/games:/snap/bin:/snap/bin'), ('SESSION_MANAGER', 'local/com9:@/tmp/.ICE-unix/17475,unix/com9:/tmp/.ICE-unix/17475'), ('XDG_MENU_PREFIX', 'gnome-'), ('GNOME_TERMINAL_SCREEN', '/org/gnome/Terminal/screen/1e4f803a_2b37_47e5_adad_92bb3b9bc006'), ('GNOME_SETUP_DISPLAY', ':1'), ('XDG_RUNTIME_DIR', '/run/user/1000'), ('DISPLAY', ':0'), ('LANG', 'en_US.UTF-8'), ('XDG_CURRENT_DESKTOP', 'ubuntu:GNOME'), ('XMODIFIERS', '@im=ibus'), ('XDG_SESSION_DESKTOP', 'ubuntu'), ('XAUTHORITY', '/run/user/1000/.mutter-Xwaylandauth.W7ZTS3'), ('LS_COLORS', 'rs=0:di=01;34:ln=01;36:mh=00:pi=40;33:so=01;35:do=01;35:bd=40;33;01:cd=40;33;01:or=40;31;01:mi=00:su=37;41:sg=30;43:ca=30;41:tw=30;42:ow=34;42:st=37;44:ex=01;32:*.tar=01;31:*.tgz=01;31:*.arc=01;31:*.arj=01;31:*.taz=01;31:*.lha=01;31:*.lz4=01;31:*.lzh=01;31:*.lzma=01;31:*.tlz=01;31:*.txz=01;31:*.tzo=01;31:*.t7z=01;31:*.zip=01;31:*.z=01;31:*.dz=01;31:*.gz=01;31:*.lrz=01;31:*.lz=01;31:*.lzo=01;31:*.xz=01;31:*.zst=01;31:*.tzst=01;31:*.bz2=01;31:*.bz=01;31:*.tbz=01;31:*.tbz2=01;31:*.tz=01;31:*.deb=01;31:*.rpm=01;31:*.jar=01;31:*.war=01;31:*.ear=01;31:*.sar=01;31:*.rar=01;31:*.alz=01;31:*.ace=01;31:*.zoo=01;31:*.cpio=01;31:*.7z=01;31:*.rz=01;31:*.cab=01;31:*.wim=01;31:*.swm=01;31:*.dwm=01;31:*.esd=01;31:*.jpg=01;35:*.jpeg=01;35:*.mjpg=01;35:*.mjpeg=01;35:*.gif=01;35:*.bmp=01;35:*.pbm=01;35:*.pgm=01;35:*.ppm=01;35:*.tga=01;35:*.xbm=01;35:*.xpm=01;35:*.tif=01;35:*.tiff=01;35:*.png=01;35:*.svg=01;35:*.svgz=01;35:*.mng=01;35:*.pcx=01;35:*.mov=01;35:*.mpg=01;35:*.mpeg=01;35:*.m2v=01;35:*.mkv=01;35:*.webm=01;35:*.webp=01;35:*.ogm=01;35:*.mp4=01;35:*.m4v=01;35:*.mp4v=01;35:*.vob=01;35:*.qt=01;35:*.nuv=01;35:*.wmv=01;35:*.asf=01;35:*.rm=01;35:*.rmvb=01;35:*.flc=01;35:*.avi=01;35:*.fli=01;35:*.flv=01;35:*.gl=01;35:*.dl=01;35:*.xcf=01;35:*.xwd=01;35:*.yuv=01;35:*.cgm=01;35:*.emf=01;35:*.ogv=01;35:*.ogx=01;35:*.aac=00;36:*.au=00;36:*.flac=00;36:*.m4a=00;36:*.mid=00;36:*.midi=00;36:*.mka=00;36:*.mp3=00;36:*.mpc=00;36:*.ogg=00;36:*.ra=00;36:*.wav=00;36:*.oga=00;36:*.opus=00;36:*.spx=00;36:*.xspf=00;36:'), ('GNOME_TERMINAL_SERVICE', ':1.363'), ('SSH_AGENT_LAUNCHER', 'gnome-keyring'), ('SSH_AUTH_SOCK', '/run/user/1000/keyring/ssh'), ('AMENT_PREFIX_PATH', '/home/com9/uet_ws/install/ur_controllers:/home/com9/uet_ws/install/ur_dashboard_msgs:/opt/ros/humble'), ('CONDA_PYTHON_EXE', '/home/com9/miniconda3/bin/python'), ('SHELL', '/bin/bash'), ('QT_ACCESSIBILITY', '1'), ('GDMSESSION', 'ubuntu'), ('LESSCLOSE', '/usr/bin/lesspipe %s %s'), ('_CONDA_EXE', '/home/com9/miniconda3/bin/conda'), ('QT_IM_MODULE', 'ibus'), ('PWD', '/home/com9/uet_ws/build/ur_bringup'), ('LC_ALL', 'en_US.UTF-8'), ('XDG_CONFIG_DIRS', '/etc/xdg/xdg-ubuntu:/etc/xdg'), ('CONDA_EXE', '/home/com9/miniconda3/bin/conda'), ('XDG_DATA_DIRS', '/usr/share/ubuntu:/usr/local/share/:/usr/share/:/var/lib/snapd/desktop'), ('PYTHONPATH', '/home/com9/uet_ws/install/ur_dashboard_msgs/local/lib/python3.10/dist-packages:/opt/ros/humble/lib/python3.10/site-packages:/opt/ros/humble/local/lib/python3.10/dist-packages'), ('COLCON', '1'), ('VTE_VERSION', '6800'), ('CMAKE_PREFIX_PATH', '/home/com9/uet_ws/install/ur_controllers:/home/com9/uet_ws/install/ur_dashboard_msgs:/opt/ros/humble')]), 'shell': False}
[3.790126] (ur_bringup) StdoutLine: {'line': b'-- Install configuration: ""\n'}
[3.790237] (ur_bringup) StdoutLine: {'line': b'-- Up-to-date: /home/com9/uet_ws/install/ur_bringup/share/ur_bringup/config\n'}
[3.790278] (ur_bringup) StdoutLine: {'line': b'-- Up-to-date: /home/com9/uet_ws/install/ur_bringup/share/ur_bringup/config/test_goal_publishers_config.yaml\n'}
[3.790347] (ur_bringup) StdoutLine: {'line': b'-- Up-to-date: /home/com9/uet_ws/install/ur_bringup/share/ur_bringup/config/ur18_update_rate.yaml\n'}
[3.790456] (ur_bringup) StdoutLine: {'line': b'-- Up-to-date: /home/com9/uet_ws/install/ur_bringup/share/ur_bringup/config/ur10e_update_rate.yaml\n'}
[3.790528] (ur_bringup) StdoutLine: {'line': b'-- Up-to-date: /home/com9/uet_ws/install/ur_bringup/share/ur_bringup/config/ur10_update_rate.yaml\n'}
[3.790570] (ur_bringup) StdoutLine: {'line': b'-- Up-to-date: /home/com9/uet_ws/install/ur_bringup/share/ur_bringup/config/ur16e_update_rate.yaml\n'}
[3.790609] (ur_bringup) StdoutLine: {'line': b'-- Up-to-date: /home/com9/uet_ws/install/ur_bringup/share/ur_bringup/config/ur3e_update_rate.yaml\n'}
[3.790647] (ur_bringup) StdoutLine: {'line': b'-- Up-to-date: /home/com9/uet_ws/install/ur_bringup/share/ur_bringup/config/ur8long_update_rate.yaml\n'}
[3.790685] (ur_bringup) StdoutLine: {'line': b'-- Up-to-date: /home/com9/uet_ws/install/ur_bringup/share/ur_bringup/config/test_velocity_goal_publishers_config.yaml\n'}
[3.790764] (ur_bringup) StdoutLine: {'line': b'-- Up-to-date: /home/com9/uet_ws/install/ur_bringup/share/ur_bringup/config/ur5_update_rate.yaml\n'}
[3.790813] (ur_bringup) StdoutLine: {'line': b'-- Up-to-date: /home/com9/uet_ws/install/ur_bringup/share/ur_bringup/config/ur3_update_rate.yaml\n'}
[3.790843] (ur_bringup) StdoutLine: {'line': b'-- Up-to-date: /home/com9/uet_ws/install/ur_bringup/share/ur_bringup/config/ur_controllers.yaml\n'}
[3.790873] (ur_bringup) StdoutLine: {'line': b'-- Up-to-date: /home/com9/uet_ws/install/ur_bringup/share/ur_bringup/config/ur5e_update_rate.yaml\n'}
[3.790903] (ur_bringup) StdoutLine: {'line': b'-- Up-to-date: /home/com9/uet_ws/install/ur_bringup/share/ur_bringup/launch\n'}
[3.790931] (ur_bringup) StdoutLine: {'line': b'-- Up-to-date: /home/com9/uet_ws/install/ur_bringup/share/ur_bringup/launch/ur8long.launch.py\n'}
[3.790959] (ur_bringup) StdoutLine: {'line': b'-- Up-to-date: /home/com9/uet_ws/install/ur_bringup/share/ur_bringup/launch/test_forward_velocity_controller.launch.py\n'}
[3.790987] (ur_bringup) StdoutLine: {'line': b'-- Up-to-date: /home/com9/uet_ws/install/ur_bringup/share/ur_bringup/launch/ur5.launch.py\n'}
[3.791016] (ur_bringup) StdoutLine: {'line': b'-- Up-to-date: /home/com9/uet_ws/install/ur_bringup/share/ur_bringup/launch/ur15.launch.py\n'}
[3.791044] (ur_bringup) StdoutLine: {'line': b'-- Up-to-date: /home/com9/uet_ws/install/ur_bringup/share/ur_bringup/launch/ur10.launch.py\n'}
[3.791072] (ur_bringup) StdoutLine: {'line': b'-- Up-to-date: /home/com9/uet_ws/install/ur_bringup/share/ur_bringup/launch/ur7e.launch.py\n'}
[3.791100] (ur_bringup) StdoutLine: {'line': b'-- Up-to-date: /home/com9/uet_ws/install/ur_bringup/share/ur_bringup/launch/ur16e.launch.py\n'}
[3.791127] (ur_bringup) StdoutLine: {'line': b'-- Up-to-date: /home/com9/uet_ws/install/ur_bringup/share/ur_bringup/launch/test_scaled_joint_trajectory_controller.launch.py\n'}
[3.791160] (ur_bringup) StdoutLine: {'line': b'-- Up-to-date: /home/com9/uet_ws/install/ur_bringup/share/ur_bringup/launch/ur_dashboard_client.launch.py\n'}
[3.791190] (ur_bringup) StdoutLine: {'line': b'-- Up-to-date: /home/com9/uet_ws/install/ur_bringup/share/ur_bringup/launch/ur12e.launch.py\n'}
[3.791219] (ur_bringup) StdoutLine: {'line': b'-- Up-to-date: /home/com9/uet_ws/install/ur_bringup/share/ur_bringup/launch/ur5e.launch.py\n'}
[3.791249] (ur_bringup) StdoutLine: {'line': b'-- Up-to-date: /home/com9/uet_ws/install/ur_bringup/share/ur_bringup/launch/ur3e.launch.py\n'}
[3.791276] (ur_bringup) StdoutLine: {'line': b'-- Up-to-date: /home/com9/uet_ws/install/ur_bringup/share/ur_bringup/launch/ur3.launch.py\n'}
[3.791303] (ur_bringup) StdoutLine: {'line': b'-- Up-to-date: /home/com9/uet_ws/install/ur_bringup/share/ur_bringup/launch/ur30.launch.py\n'}
[3.791331] (ur_bringup) StdoutLine: {'line': b'-- Up-to-date: /home/com9/uet_ws/install/ur_bringup/share/ur_bringup/launch/ur20.launch.py\n'}
[3.791360] (ur_bringup) StdoutLine: {'line': b'-- Up-to-date: /home/com9/uet_ws/install/ur_bringup/share/ur_bringup/launch/test_joint_trajectory_controller.launch.py\n'}
[3.791390] (ur_bringup) StdoutLine: {'line': b'-- Up-to-date: /home/com9/uet_ws/install/ur_bringup/share/ur_bringup/launch/ur10e.launch.py\n'}
[3.791448] (ur_bringup) StdoutLine: {'line': b'-- Up-to-date: /home/com9/uet_ws/install/ur_bringup/share/ur_bringup/launch/ur_control.launch.py\n'}
[3.791488] (ur_bringup) StdoutLine: {'line': b'-- Up-to-date: /home/com9/uet_ws/install/ur_bringup/share/ur_bringup/launch/ur18.launch.py\n'}
[3.791548] (ur_bringup) StdoutLine: {'line': b'-- Up-to-date: /home/com9/uet_ws/install/ur_bringup/lib/ur_bringup/start_ursim.sh\n'}
[3.791586] (ur_bringup) StdoutLine: {'line': b'-- Up-to-date: /home/com9/uet_ws/install/ur_bringup/share/ament_index/resource_index/package_run_dependencies/ur_bringup\n'}
[3.791635] (ur_bringup) StdoutLine: {'line': b'-- Up-to-date: /home/com9/uet_ws/install/ur_bringup/share/ament_index/resource_index/parent_prefix_path/ur_bringup\n'}
[3.791810] (ur_bringup) StdoutLine: {'line': b'-- Up-to-date: /home/com9/uet_ws/install/ur_bringup/share/ur_bringup/environment/ament_prefix_path.sh\n'}
[3.791908] (ur_bringup) StdoutLine: {'line': b'-- Up-to-date: /home/com9/uet_ws/install/ur_bringup/share/ur_bringup/environment/ament_prefix_path.dsv\n'}
[3.791965] (ur_bringup) StdoutLine: {'line': b'-- Up-to-date: /home/com9/uet_ws/install/ur_bringup/share/ur_bringup/environment/path.sh\n'}
[3.792007] (ur_bringup) StdoutLine: {'line': b'-- Up-to-date: /home/com9/uet_ws/install/ur_bringup/share/ur_bringup/environment/path.dsv\n'}
[3.792068] (ur_bringup) StdoutLine: {'line': b'-- Up-to-date: /home/com9/uet_ws/install/ur_bringup/share/ur_bringup/local_setup.bash\n'}
[3.792104] (ur_bringup) StdoutLine: {'line': b'-- Up-to-date: /home/com9/uet_ws/install/ur_bringup/share/ur_bringup/local_setup.sh\n'}
[3.792569] (ur_bringup) StdoutLine: {'line': b'-- Up-to-date: /home/com9/uet_ws/install/ur_bringup/share/ur_bringup/local_setup.zsh\n'}
[3.792770] (ur_bringup) StdoutLine: {'line': b'-- Up-to-date: /home/com9/uet_ws/install/ur_bringup/share/ur_bringup/local_setup.dsv\n'}
[3.792835] (ur_bringup) StdoutLine: {'line': b'-- Up-to-date: /home/com9/uet_ws/install/ur_bringup/share/ur_bringup/package.dsv\n'}
[3.792878] (ur_bringup) StdoutLine: {'line': b'-- Up-to-date: /home/com9/uet_ws/install/ur_bringup/share/ament_index/resource_index/packages/ur_bringup\n'}
[3.792918] (ur_bringup) StdoutLine: {'line': b'-- Up-to-date: /home/com9/uet_ws/install/ur_bringup/share/ur_bringup/cmake/ur_bringupConfig.cmake\n'}
[3.792960] (ur_bringup) StdoutLine: {'line': b'-- Up-to-date: /home/com9/uet_ws/install/ur_bringup/share/ur_bringup/cmake/ur_bringupConfig-version.cmake\n'}
[3.793000] (ur_bringup) StdoutLine: {'line': b'-- Up-to-date: /home/com9/uet_ws/install/ur_bringup/share/ur_bringup/package.xml\n'}
[3.793042] (ur_bringup) CommandEnded: {'returncode': 0}
[3.799832] (ur_bringup) JobEnded: {'identifier': 'ur_bringup', 'rc': 0}
[3.800950] (ur_robot_driver) JobStarted: {'identifier': 'ur_robot_driver'}
[3.804772] (-) TimerEvent: {}
[3.806300] (ur_robot_driver) JobProgress: {'identifier': 'ur_robot_driver', 'progress': 'cmake'}
[3.806749] (ur_robot_driver) JobProgress: {'identifier': 'ur_robot_driver', 'progress': 'build'}
[3.807170] (ur_robot_driver) Command: {'cmd': ['/usr/bin/cmake', '--build', '/home/com9/uet_ws/build/ur_robot_driver'], 'cwd': '/home/com9/uet_ws/build/ur_robot_driver', 'env': OrderedDict([('LESSOPEN', '| /usr/bin/lesspipe %s'), ('CMAKE_BUILD_PARALLEL_LEVEL', '1'), ('USER', 'com9'), ('XDG_SESSION_TYPE', 'wayland'), ('SHLVL', '1'), ('LD_LIBRARY_PATH', '/home/com9/uet_ws/install/ur_controllers/lib:/home/com9/uet_ws/install/ur_dashboard_msgs/lib:/opt/ros/humble/opt/rviz_ogre_vendor/lib:/opt/ros/humble/lib/x86_64-linux-gnu:/opt/ros/humble/lib'), ('HOME', '/home/com9'), ('CONDA_SHLVL', '0'), ('CYCLONEDDS_URI', '<CycloneDDS><Domain><General><DontRoute>true</></></></>'), ('OLDPWD', '/home/com9'), ('DESKTOP_SESSION', 'ubuntu'), ('ROS_PYTHON_VERSION', '3'), ('GNOME_SHELL_SESSION_MODE', 'ubuntu'), ('GTK_MODULES', 'gail:atk-bridge'), ('MAKEFLAGS', '-j1'), ('SYSTEMD_EXEC_PID', '17504'), ('IM_CONFIG_CHECK_ENV', '1'), ('DBUS_SESSION_BUS_ADDRESS', 'unix:path=/run/user/1000/bus'), ('COLORTERM', 'truecolor'), ('_CE_M', ''), ('_CONDA_ROOT', '/home/com9/miniconda3'), ('IM_CONFIG_PHASE', '1'), ('WAYLAND_DISPLAY', 'wayland-0'), ('ROS_DISTRO', 'humble'), ('LOGNAME', 'com9'), ('_', '/usr/bin/colcon'), ('ROS_VERSION', '2'), ('XDG_SESSION_CLASS', 'user'), ('USERNAME', 'com9'), ('TERM', 'xterm-256color'), ('GNOME_DESKTOP_SESSION_ID', 'this-is-deprecated'), ('_CE_CONDA', ''), ('ROS_LOCALHOST_ONLY', '0'), ('PATH', '/opt/ros/humble/bin:/home/com9/.local/bin:/home/com9/miniconda3/condabin:/home/com9/.local/bin:/home/com9/.local/bin:/home/com9/.local/bin:/home/com9/.local/bin:/usr/local/sbin:/usr/local/bin:/usr/sbin:/usr/bin:/sbin:/bin:/usr/games:/usr/local/games:/snap/bin:/snap/bin'), ('SESSION_MANAGER', 'local/com9:@/tmp/.ICE-unix/17475,unix/com9:/tmp/.ICE-unix/17475'), ('XDG_MENU_PREFIX', 'gnome-'), ('GNOME_TERMINAL_SCREEN', '/org/gnome/Terminal/screen/1e4f803a_2b37_47e5_adad_92bb3b9bc006'), ('GNOME_SETUP_DISPLAY', ':1'), ('XDG_RUNTIME_DIR', '/run/user/1000'), ('DISPLAY', ':0'), ('LANG', 'en_US.UTF-8'), ('XDG_CURRENT_DESKTOP', 'ubuntu:GNOME'), ('XMODIFIERS', '@im=ibus'), ('XDG_SESSION_DESKTOP', 'ubuntu'), ('XAUTHORITY', '/run/user/1000/.mutter-Xwaylandauth.W7ZTS3'), ('LS_COLORS', 'rs=0:di=01;34:ln=01;36:mh=00:pi=40;33:so=01;35:do=01;35:bd=40;33;01:cd=40;33;01:or=40;31;01:mi=00:su=37;41:sg=30;43:ca=30;41:tw=30;42:ow=34;42:st=37;44:ex=01;32:*.tar=01;31:*.tgz=01;31:*.arc=01;31:*.arj=01;31:*.taz=01;31:*.lha=01;31:*.lz4=01;31:*.lzh=01;31:*.lzma=01;31:*.tlz=01;31:*.txz=01;31:*.tzo=01;31:*.t7z=01;31:*.zip=01;31:*.z=01;31:*.dz=01;31:*.gz=01;31:*.lrz=01;31:*.lz=01;31:*.lzo=01;31:*.xz=01;31:*.zst=01;31:*.tzst=01;31:*.bz2=01;31:*.bz=01;31:*.tbz=01;31:*.tbz2=01;31:*.tz=01;31:*.deb=01;31:*.rpm=01;31:*.jar=01;31:*.war=01;31:*.ear=01;31:*.sar=01;31:*.rar=01;31:*.alz=01;31:*.ace=01;31:*.zoo=01;31:*.cpio=01;31:*.7z=01;31:*.rz=01;31:*.cab=01;31:*.wim=01;31:*.swm=01;31:*.dwm=01;31:*.esd=01;31:*.jpg=01;35:*.jpeg=01;35:*.mjpg=01;35:*.mjpeg=01;35:*.gif=01;35:*.bmp=01;35:*.pbm=01;35:*.pgm=01;35:*.ppm=01;35:*.tga=01;35:*.xbm=01;35:*.xpm=01;35:*.tif=01;35:*.tiff=01;35:*.png=01;35:*.svg=01;35:*.svgz=01;35:*.mng=01;35:*.pcx=01;35:*.mov=01;35:*.mpg=01;35:*.mpeg=01;35:*.m2v=01;35:*.mkv=01;35:*.webm=01;35:*.webp=01;35:*.ogm=01;35:*.mp4=01;35:*.m4v=01;35:*.mp4v=01;35:*.vob=01;35:*.qt=01;35:*.nuv=01;35:*.wmv=01;35:*.asf=01;35:*.rm=01;35:*.rmvb=01;35:*.flc=01;35:*.avi=01;35:*.fli=01;35:*.flv=01;35:*.gl=01;35:*.dl=01;35:*.xcf=01;35:*.xwd=01;35:*.yuv=01;35:*.cgm=01;35:*.emf=01;35:*.ogv=01;35:*.ogx=01;35:*.aac=00;36:*.au=00;36:*.flac=00;36:*.m4a=00;36:*.mid=00;36:*.midi=00;36:*.mka=00;36:*.mp3=00;36:*.mpc=00;36:*.ogg=00;36:*.ra=00;36:*.wav=00;36:*.oga=00;36:*.opus=00;36:*.spx=00;36:*.xspf=00;36:'), ('GNOME_TERMINAL_SERVICE', ':1.363'), ('SSH_AGENT_LAUNCHER', 'gnome-keyring'), ('SSH_AUTH_SOCK', '/run/user/1000/keyring/ssh'), ('AMENT_PREFIX_PATH', '/home/com9/uet_ws/install/ur_controllers:/home/com9/uet_ws/install/ur_dashboard_msgs:/opt/ros/humble'), ('CONDA_PYTHON_EXE', '/home/com9/miniconda3/bin/python'), ('SHELL', '/bin/bash'), ('QT_ACCESSIBILITY', '1'), ('GDMSESSION', 'ubuntu'), ('LESSCLOSE', '/usr/bin/lesspipe %s %s'), ('_CONDA_EXE', '/home/com9/miniconda3/bin/conda'), ('QT_IM_MODULE', 'ibus'), ('PWD', '/home/com9/uet_ws/build/ur_robot_driver'), ('LC_ALL', 'en_US.UTF-8'), ('XDG_CONFIG_DIRS', '/etc/xdg/xdg-ubuntu:/etc/xdg'), ('CONDA_EXE', '/home/com9/miniconda3/bin/conda'), ('XDG_DATA_DIRS', '/usr/share/ubuntu:/usr/local/share/:/usr/share/:/var/lib/snapd/desktop'), ('PYTHONPATH', '/home/com9/uet_ws/install/ur_dashboard_msgs/local/lib/python3.10/dist-packages:/opt/ros/humble/lib/python3.10/site-packages:/opt/ros/humble/local/lib/python3.10/dist-packages'), ('COLCON', '1'), ('VTE_VERSION', '6800'), ('CMAKE_PREFIX_PATH', '/home/com9/uet_ws/install/ur_controllers:/home/com9/uet_ws/install/ur_dashboard_msgs:/opt/ros/humble')]), 'shell': False}
[3.837030] (ur_robot_driver) StdoutLine: {'line': b'\x1b[35m\x1b[1mConsolidate compiler generated dependencies of target ur_robot_driver_plugin\x1b[0m\n'}
[3.854722] (ur_robot_driver) StdoutLine: {'line': b'[ 22%] Built target ur_robot_driver_plugin\n'}
[3.863012] (ur_robot_driver) StdoutLine: {'line': b'\x1b[35m\x1b[1mConsolidate compiler generated dependencies of target dashboard_client\x1b[0m\n'}
[3.877948] (ur_robot_driver) StdoutLine: {'line': b'[ 40%] Built target dashboard_client\n'}
[3.885929] (ur_robot_driver) StdoutLine: {'line': b'\x1b[35m\x1b[1mConsolidate compiler generated dependencies of target ur_ros2_control_node\x1b[0m\n'}
[3.897365] (ur_robot_driver) StdoutLine: {'line': b'[ 50%] Built target ur_ros2_control_node\n'}
[3.904868] (-) TimerEvent: {}
[3.905018] (ur_robot_driver) StdoutLine: {'line': b'\x1b[35m\x1b[1mConsolidate compiler generated dependencies of target controller_stopper_node\x1b[0m\n'}
[3.917095] (ur_robot_driver) StdoutLine: {'line': b'[ 63%] Built target controller_stopper_node\n'}
[3.926174] (ur_robot_driver) StdoutLine: {'line': b'\x1b[35m\x1b[1mConsolidate compiler generated dependencies of target robot_state_helper\x1b[0m\n'}
[3.940362] (ur_robot_driver) StdoutLine: {'line': b'[ 81%] Built target robot_state_helper\n'}
[3.949398] (ur_robot_driver) StdoutLine: {'line': b'\x1b[35m\x1b[1mConsolidate compiler generated dependencies of target urscript_interface\x1b[0m\n'}
[3.960991] (ur_robot_driver) StdoutLine: {'line': b'[ 90%] Built target urscript_interface\n'}
[3.968524] (ur_robot_driver) StdoutLine: {'line': b'\x1b[35m\x1b[1mConsolidate compiler generated dependencies of target trajectory_until_node\x1b[0m\n'}
[3.979446] (ur_robot_driver) StdoutLine: {'line': b'[100%] Built target trajectory_until_node\n'}
[3.995701] (ur_robot_driver) StdoutLine: {'line': b'[100%] Built target ament_cmake_python_copy_ur_robot_driver\n'}
[4.004977] (-) TimerEvent: {}
[4.105178] (-) TimerEvent: {}
[4.118667] (ur_robot_driver) StdoutLine: {'line': b'running egg_info\n'}
[4.119024] (ur_robot_driver) StdoutLine: {'line': b'writing ur_robot_driver.egg-info/PKG-INFO\n'}
[4.119142] (ur_robot_driver) StdoutLine: {'line': b'writing dependency_links to ur_robot_driver.egg-info/dependency_links.txt\n'}
[4.119190] (ur_robot_driver) StdoutLine: {'line': b'writing top-level names to ur_robot_driver.egg-info/top_level.txt\n'}
[4.120223] (ur_robot_driver) StdoutLine: {'line': b"reading manifest file 'ur_robot_driver.egg-info/SOURCES.txt'\n"}
[4.120614] (ur_robot_driver) StdoutLine: {'line': b"writing manifest file 'ur_robot_driver.egg-info/SOURCES.txt'\n"}
[4.136593] (ur_robot_driver) StdoutLine: {'line': b'[100%] Built target ament_cmake_python_build_ur_robot_driver_egg\n'}
[4.143910] (ur_robot_driver) CommandEnded: {'returncode': 0}
[4.144645] (ur_robot_driver) JobProgress: {'identifier': 'ur_robot_driver', 'progress': 'install'}
[4.144806] (ur_robot_driver) Command: {'cmd': ['/usr/bin/cmake', '--install', '/home/com9/uet_ws/build/ur_robot_driver'], 'cwd': '/home/com9/uet_ws/build/ur_robot_driver', 'env': OrderedDict([('LESSOPEN', '| /usr/bin/lesspipe %s'), ('CMAKE_BUILD_PARALLEL_LEVEL', '1'), ('USER', 'com9'), ('XDG_SESSION_TYPE', 'wayland'), ('SHLVL', '1'), ('LD_LIBRARY_PATH', '/home/com9/uet_ws/install/ur_controllers/lib:/home/com9/uet_ws/install/ur_dashboard_msgs/lib:/opt/ros/humble/opt/rviz_ogre_vendor/lib:/opt/ros/humble/lib/x86_64-linux-gnu:/opt/ros/humble/lib'), ('HOME', '/home/com9'), ('CONDA_SHLVL', '0'), ('CYCLONEDDS_URI', '<CycloneDDS><Domain><General><DontRoute>true</></></></>'), ('OLDPWD', '/home/com9'), ('DESKTOP_SESSION', 'ubuntu'), ('ROS_PYTHON_VERSION', '3'), ('GNOME_SHELL_SESSION_MODE', 'ubuntu'), ('GTK_MODULES', 'gail:atk-bridge'), ('MAKEFLAGS', '-j1'), ('SYSTEMD_EXEC_PID', '17504'), ('IM_CONFIG_CHECK_ENV', '1'), ('DBUS_SESSION_BUS_ADDRESS', 'unix:path=/run/user/1000/bus'), ('COLORTERM', 'truecolor'), ('_CE_M', ''), ('_CONDA_ROOT', '/home/com9/miniconda3'), ('IM_CONFIG_PHASE', '1'), ('WAYLAND_DISPLAY', 'wayland-0'), ('ROS_DISTRO', 'humble'), ('LOGNAME', 'com9'), ('_', '/usr/bin/colcon'), ('ROS_VERSION', '2'), ('XDG_SESSION_CLASS', 'user'), ('USERNAME', 'com9'), ('TERM', 'xterm-256color'), ('GNOME_DESKTOP_SESSION_ID', 'this-is-deprecated'), ('_CE_CONDA', ''), ('ROS_LOCALHOST_ONLY', '0'), ('PATH', '/opt/ros/humble/bin:/home/com9/.local/bin:/home/com9/miniconda3/condabin:/home/com9/.local/bin:/home/com9/.local/bin:/home/com9/.local/bin:/home/com9/.local/bin:/usr/local/sbin:/usr/local/bin:/usr/sbin:/usr/bin:/sbin:/bin:/usr/games:/usr/local/games:/snap/bin:/snap/bin'), ('SESSION_MANAGER', 'local/com9:@/tmp/.ICE-unix/17475,unix/com9:/tmp/.ICE-unix/17475'), ('XDG_MENU_PREFIX', 'gnome-'), ('GNOME_TERMINAL_SCREEN', '/org/gnome/Terminal/screen/1e4f803a_2b37_47e5_adad_92bb3b9bc006'), ('GNOME_SETUP_DISPLAY', ':1'), ('XDG_RUNTIME_DIR', '/run/user/1000'), ('DISPLAY', ':0'), ('LANG', 'en_US.UTF-8'), ('XDG_CURRENT_DESKTOP', 'ubuntu:GNOME'), ('XMODIFIERS', '@im=ibus'), ('XDG_SESSION_DESKTOP', 'ubuntu'), ('XAUTHORITY', '/run/user/1000/.mutter-Xwaylandauth.W7ZTS3'), ('LS_COLORS', 'rs=0:di=01;34:ln=01;36:mh=00:pi=40;33:so=01;35:do=01;35:bd=40;33;01:cd=40;33;01:or=40;31;01:mi=00:su=37;41:sg=30;43:ca=30;41:tw=30;42:ow=34;42:st=37;44:ex=01;32:*.tar=01;31:*.tgz=01;31:*.arc=01;31:*.arj=01;31:*.taz=01;31:*.lha=01;31:*.lz4=01;31:*.lzh=01;31:*.lzma=01;31:*.tlz=01;31:*.txz=01;31:*.tzo=01;31:*.t7z=01;31:*.zip=01;31:*.z=01;31:*.dz=01;31:*.gz=01;31:*.lrz=01;31:*.lz=01;31:*.lzo=01;31:*.xz=01;31:*.zst=01;31:*.tzst=01;31:*.bz2=01;31:*.bz=01;31:*.tbz=01;31:*.tbz2=01;31:*.tz=01;31:*.deb=01;31:*.rpm=01;31:*.jar=01;31:*.war=01;31:*.ear=01;31:*.sar=01;31:*.rar=01;31:*.alz=01;31:*.ace=01;31:*.zoo=01;31:*.cpio=01;31:*.7z=01;31:*.rz=01;31:*.cab=01;31:*.wim=01;31:*.swm=01;31:*.dwm=01;31:*.esd=01;31:*.jpg=01;35:*.jpeg=01;35:*.mjpg=01;35:*.mjpeg=01;35:*.gif=01;35:*.bmp=01;35:*.pbm=01;35:*.pgm=01;35:*.ppm=01;35:*.tga=01;35:*.xbm=01;35:*.xpm=01;35:*.tif=01;35:*.tiff=01;35:*.png=01;35:*.svg=01;35:*.svgz=01;35:*.mng=01;35:*.pcx=01;35:*.mov=01;35:*.mpg=01;35:*.mpeg=01;35:*.m2v=01;35:*.mkv=01;35:*.webm=01;35:*.webp=01;35:*.ogm=01;35:*.mp4=01;35:*.m4v=01;35:*.mp4v=01;35:*.vob=01;35:*.qt=01;35:*.nuv=01;35:*.wmv=01;35:*.asf=01;35:*.rm=01;35:*.rmvb=01;35:*.flc=01;35:*.avi=01;35:*.fli=01;35:*.flv=01;35:*.gl=01;35:*.dl=01;35:*.xcf=01;35:*.xwd=01;35:*.yuv=01;35:*.cgm=01;35:*.emf=01;35:*.ogv=01;35:*.ogx=01;35:*.aac=00;36:*.au=00;36:*.flac=00;36:*.m4a=00;36:*.mid=00;36:*.midi=00;36:*.mka=00;36:*.mp3=00;36:*.mpc=00;36:*.ogg=00;36:*.ra=00;36:*.wav=00;36:*.oga=00;36:*.opus=00;36:*.spx=00;36:*.xspf=00;36:'), ('GNOME_TERMINAL_SERVICE', ':1.363'), ('SSH_AGENT_LAUNCHER', 'gnome-keyring'), ('SSH_AUTH_SOCK', '/run/user/1000/keyring/ssh'), ('AMENT_PREFIX_PATH', '/home/com9/uet_ws/install/ur_controllers:/home/com9/uet_ws/install/ur_dashboard_msgs:/opt/ros/humble'), ('CONDA_PYTHON_EXE', '/home/com9/miniconda3/bin/python'), ('SHELL', '/bin/bash'), ('QT_ACCESSIBILITY', '1'), ('GDMSESSION', 'ubuntu'), ('LESSCLOSE', '/usr/bin/lesspipe %s %s'), ('_CONDA_EXE', '/home/com9/miniconda3/bin/conda'), ('QT_IM_MODULE', 'ibus'), ('PWD', '/home/com9/uet_ws/build/ur_robot_driver'), ('LC_ALL', 'en_US.UTF-8'), ('XDG_CONFIG_DIRS', '/etc/xdg/xdg-ubuntu:/etc/xdg'), ('CONDA_EXE', '/home/com9/miniconda3/bin/conda'), ('XDG_DATA_DIRS', '/usr/share/ubuntu:/usr/local/share/:/usr/share/:/var/lib/snapd/desktop'), ('PYTHONPATH', '/home/com9/uet_ws/install/ur_dashboard_msgs/local/lib/python3.10/dist-packages:/opt/ros/humble/lib/python3.10/site-packages:/opt/ros/humble/local/lib/python3.10/dist-packages'), ('COLCON', '1'), ('VTE_VERSION', '6800'), ('CMAKE_PREFIX_PATH', '/home/com9/uet_ws/install/ur_controllers:/home/com9/uet_ws/install/ur_dashboard_msgs:/opt/ros/humble')]), 'shell': False}
[4.150536] (ur_robot_driver) StdoutLine: {'line': b'-- Install configuration: "RelWithDebInfo"\n'}
[4.150645] (ur_robot_driver) StdoutLine: {'line': b'-- Up-to-date: /home/com9/uet_ws/install/ur_robot_driver/share/ur_robot_driver/hardware_interface_plugin.xml\n'}
[4.150711] (ur_robot_driver) StdoutLine: {'line': b'-- Up-to-date: /home/com9/uet_ws/install/ur_robot_driver/lib/ur_robot_driver/controller_stopper_node\n'}
[4.150808] (ur_robot_driver) StdoutLine: {'line': b'-- Up-to-date: /home/com9/uet_ws/install/ur_robot_driver/lib/ur_robot_driver/dashboard_client\n'}
[4.150931] (ur_robot_driver) StdoutLine: {'line': b'-- Up-to-date: /home/com9/uet_ws/install/ur_robot_driver/lib/ur_robot_driver/robot_state_helper\n'}
[4.151059] (ur_robot_driver) StdoutLine: {'line': b'-- Up-to-date: /home/com9/uet_ws/install/ur_robot_driver/lib/ur_robot_driver/trajectory_until_node\n'}
[4.151182] (ur_robot_driver) StdoutLine: {'line': b'-- Up-to-date: /home/com9/uet_ws/install/ur_robot_driver/lib/ur_robot_driver/ur_ros2_control_node\n'}
[4.151305] (ur_robot_driver) StdoutLine: {'line': b'-- Up-to-date: /home/com9/uet_ws/install/ur_robot_driver/lib/ur_robot_driver/urscript_interface\n'}
[4.151441] (ur_robot_driver) StdoutLine: {'line': b'-- Up-to-date: /home/com9/uet_ws/install/ur_robot_driver/lib/libur_robot_driver_plugin.so\n'}
[4.151518] (ur_robot_driver) StdoutLine: {'line': b'-- Up-to-date: /home/com9/uet_ws/install/ur_robot_driver/include\n'}
[4.151597] (ur_robot_driver) StdoutLine: {'line': b'-- Up-to-date: /home/com9/uet_ws/install/ur_robot_driver/include/ur_robot_driver\n'}
[4.151651] (ur_robot_driver) StdoutLine: {'line': b'-- Up-to-date: /home/com9/uet_ws/install/ur_robot_driver/include/ur_robot_driver/controller_stopper.hpp\n'}
[4.151696] (ur_robot_driver) StdoutLine: {'line': b'-- Up-to-date: /home/com9/uet_ws/install/ur_robot_driver/include/ur_robot_driver/trajectory_until_node.hpp\n'}
[4.151744] (ur_robot_driver) StdoutLine: {'line': b'-- Up-to-date: /home/com9/uet_ws/install/ur_robot_driver/include/ur_robot_driver/urcl_log_handler.hpp\n'}
[4.151808] (ur_robot_driver) StdoutLine: {'line': b'-- Up-to-date: /home/com9/uet_ws/install/ur_robot_driver/include/ur_robot_driver/hardware_interface.hpp\n'}
[4.151836] (ur_robot_driver) StdoutLine: {'line': b'-- Up-to-date: /home/com9/uet_ws/install/ur_robot_driver/include/ur_robot_driver/dashboard_client_ros.hpp\n'}
[4.151880] (ur_robot_driver) StdoutLine: {'line': b'-- Up-to-date: /home/com9/uet_ws/install/ur_robot_driver/include/ur_robot_driver/robot_state_helper.hpp\n'}
[4.151910] (ur_robot_driver) StdoutLine: {'line': b'-- Up-to-date: /home/com9/uet_ws/install/ur_robot_driver/share/ur_robot_driver/environment/library_path.sh\n'}
[4.151952] (ur_robot_driver) StdoutLine: {'line': b'-- Up-to-date: /home/com9/uet_ws/install/ur_robot_driver/share/ur_robot_driver/environment/library_path.dsv\n'}
[4.151991] (ur_robot_driver) StdoutLine: {'line': b'-- Up-to-date: /home/com9/uet_ws/install/ur_robot_driver/share/ur_robot_driver/resources\n'}
[4.152031] (ur_robot_driver) StdoutLine: {'line': b'-- Up-to-date: /home/com9/uet_ws/install/ur_robot_driver/share/ur_robot_driver/resources/rs485-1.0.urcap\n'}
[4.152059] (ur_robot_driver) StdoutLine: {'line': b'-- Up-to-date: /home/com9/uet_ws/install/ur_robot_driver/share/ur_robot_driver/resources/rtde_input_recipe.txt\n'}
[4.152106] (ur_robot_driver) StdoutLine: {'line': b'-- Up-to-date: /home/com9/uet_ws/install/ur_robot_driver/share/ur_robot_driver/resources/externalcontrol-1.0.5.urcap\n'}
[4.152136] (ur_robot_driver) StdoutLine: {'line': b'-- Up-to-date: /home/com9/uet_ws/install/ur_robot_driver/share/ur_robot_driver/resources/ros_control.urscript\n'}
[4.152163] (ur_robot_driver) StdoutLine: {'line': b'-- Up-to-date: /home/com9/uet_ws/install/ur_robot_driver/share/ur_robot_driver/resources/rtde_output_recipe.txt\n'}
[4.152191] (ur_robot_driver) StdoutLine: {'line': b'-- Up-to-date: /home/com9/uet_ws/install/ur_robot_driver/include\n'}
[4.152218] (ur_robot_driver) StdoutLine: {'line': b'-- Up-to-date: /home/com9/uet_ws/install/ur_robot_driver/include/ur_robot_driver\n'}
[4.152246] (ur_robot_driver) StdoutLine: {'line': b'-- Up-to-date: /home/com9/uet_ws/install/ur_robot_driver/include/ur_robot_driver/controller_stopper.hpp\n'}
[4.152274] (ur_robot_driver) StdoutLine: {'line': b'-- Up-to-date: /home/com9/uet_ws/install/ur_robot_driver/include/ur_robot_driver/trajectory_until_node.hpp\n'}
[4.152307] (ur_robot_driver) StdoutLine: {'line': b'-- Up-to-date: /home/com9/uet_ws/install/ur_robot_driver/include/ur_robot_driver/urcl_log_handler.hpp\n'}
[4.152334] (ur_robot_driver) StdoutLine: {'line': b'-- Up-to-date: /home/com9/uet_ws/install/ur_robot_driver/include/ur_robot_driver/hardware_interface.hpp\n'}
[4.152361] (ur_robot_driver) StdoutLine: {'line': b'-- Up-to-date: /home/com9/uet_ws/install/ur_robot_driver/include/ur_robot_driver/dashboard_client_ros.hpp\n'}
[4.152388] (ur_robot_driver) StdoutLine: {'line': b'-- Up-to-date: /home/com9/uet_ws/install/ur_robot_driver/include/ur_robot_driver/robot_state_helper.hpp\n'}
[4.152420] (ur_robot_driver) StdoutLine: {'line': b'-- Up-to-date: /home/com9/uet_ws/install/ur_robot_driver/share/ur_robot_driver/environment/pythonpath.sh\n'}
[4.152450] (ur_robot_driver) StdoutLine: {'line': b'-- Up-to-date: /home/com9/uet_ws/install/ur_robot_driver/share/ur_robot_driver/environment/pythonpath.dsv\n'}
[4.152477] (ur_robot_driver) StdoutLine: {'line': b'-- Up-to-date: /home/com9/uet_ws/install/ur_robot_driver/local/lib/python3.10/dist-packages/ur_robot_driver-2.13.1-py3.10.egg-info\n'}
[4.152507] (ur_robot_driver) StdoutLine: {'line': b'-- Installing: /home/com9/uet_ws/install/ur_robot_driver/local/lib/python3.10/dist-packages/ur_robot_driver-2.13.1-py3.10.egg-info/dependency_links.txt\n'}
[4.152536] (ur_robot_driver) StdoutLine: {'line': b'-- Installing: /home/com9/uet_ws/install/ur_robot_driver/local/lib/python3.10/dist-packages/ur_robot_driver-2.13.1-py3.10.egg-info/top_level.txt\n'}
[4.152564] (ur_robot_driver) StdoutLine: {'line': b'-- Installing: /home/com9/uet_ws/install/ur_robot_driver/local/lib/python3.10/dist-packages/ur_robot_driver-2.13.1-py3.10.egg-info/SOURCES.txt\n'}
[4.152600] (ur_robot_driver) StdoutLine: {'line': b'-- Installing: /home/com9/uet_ws/install/ur_robot_driver/local/lib/python3.10/dist-packages/ur_robot_driver-2.13.1-py3.10.egg-info/PKG-INFO\n'}
[4.152631] (ur_robot_driver) StdoutLine: {'line': b'-- Up-to-date: /home/com9/uet_ws/install/ur_robot_driver/local/lib/python3.10/dist-packages/ur_robot_driver\n'}
[4.152661] (ur_robot_driver) StdoutLine: {'line': b'-- Up-to-date: /home/com9/uet_ws/install/ur_robot_driver/local/lib/python3.10/dist-packages/ur_robot_driver/__init__.py\n'}
[4.171189] (ur_robot_driver) StdoutLine: {'line': b"Listing '/home/com9/uet_ws/install/ur_robot_driver/local/lib/python3.10/dist-packages/ur_robot_driver'...\n"}
[4.173957] (ur_robot_driver) StdoutLine: {'line': b'-- Up-to-date: /home/com9/uet_ws/install/ur_robot_driver/lib/ur_robot_driver/tool_communication.py\n'}
[4.174078] (ur_robot_driver) StdoutLine: {'line': b'-- Up-to-date: /home/com9/uet_ws/install/ur_robot_driver/lib/ur_robot_driver/example_move.py\n'}
[4.174136] (ur_robot_driver) StdoutLine: {'line': b'-- Up-to-date: /home/com9/uet_ws/install/ur_robot_driver/lib/ur_robot_driver/start_ursim.sh\n'}
[4.174187] (ur_robot_driver) StdoutLine: {'line': b'-- Up-to-date: /home/com9/uet_ws/install/ur_robot_driver/lib/ur_robot_driver/examples.py\n'}
[4.174237] (ur_robot_driver) StdoutLine: {'line': b'-- Up-to-date: /home/com9/uet_ws/install/ur_robot_driver/lib/ur_robot_driver/force_mode.py\n'}
[4.174284] (ur_robot_driver) StdoutLine: {'line': b'-- Up-to-date: /home/com9/uet_ws/install/ur_robot_driver/lib/ur_robot_driver/move_until_example.py\n'}
[4.174333] (ur_robot_driver) StdoutLine: {'line': b'-- Up-to-date: /home/com9/uet_ws/install/ur_robot_driver/bin/wait_dashboard_server.sh\n'}
[4.174393] (ur_robot_driver) StdoutLine: {'line': b'-- Up-to-date: /home/com9/uet_ws/install/ur_robot_driver/lib/ur_robot_driver/start_ursim.sh\n'}
[4.174448] (ur_robot_driver) StdoutLine: {'line': b'-- Up-to-date: /home/com9/uet_ws/install/ur_robot_driver/share/ur_robot_driver/config\n'}
[4.174540] (ur_robot_driver) StdoutLine: {'line': b'-- Up-to-date: /home/com9/uet_ws/install/ur_robot_driver/share/ur_robot_driver/config/ur7e_update_rate.yaml\n'}
[4.174590] (ur_robot_driver) StdoutLine: {'line': b'-- Up-to-date: /home/com9/uet_ws/install/ur_robot_driver/share/ur_robot_driver/config/ur12e_update_rate.yaml\n'}
[4.174643] (ur_robot_driver) StdoutLine: {'line': b'-- Up-to-date: /home/com9/uet_ws/install/ur_robot_driver/share/ur_robot_driver/config/test_goal_publishers_config.yaml\n'}
[4.174694] (ur_robot_driver) StdoutLine: {'line': b'-- Up-to-date: /home/com9/uet_ws/install/ur_robot_driver/share/ur_robot_driver/config/ur30_update_rate.yaml\n'}
[4.174746] (ur_robot_driver) StdoutLine: {'line': b'-- Up-to-date: /home/com9/uet_ws/install/ur_robot_driver/share/ur_robot_driver/config/ur18_update_rate.yaml\n'}
[4.174799] (ur_robot_driver) StdoutLine: {'line': b'-- Up-to-date: /home/com9/uet_ws/install/ur_robot_driver/share/ur_robot_driver/config/ur15_update_rate.yaml\n'}
[4.174852] (ur_robot_driver) StdoutLine: {'line': b'-- Up-to-date: /home/com9/uet_ws/install/ur_robot_driver/share/ur_robot_driver/config/ur20_update_rate.yaml\n'}
[4.174905] (ur_robot_driver) StdoutLine: {'line': b'-- Up-to-date: /home/com9/uet_ws/install/ur_robot_driver/share/ur_robot_driver/config/ur10e_update_rate.yaml\n'}
[4.175016] (ur_robot_driver) StdoutLine: {'line': b'-- Up-to-date: /home/com9/uet_ws/install/ur_robot_driver/share/ur_robot_driver/config/ur10_update_rate.yaml\n'}
[4.175059] (ur_robot_driver) StdoutLine: {'line': b'-- Up-to-date: /home/com9/uet_ws/install/ur_robot_driver/share/ur_robot_driver/config/ur16e_update_rate.yaml\n'}
[4.175097] (ur_robot_driver) StdoutLine: {'line': b'-- Up-to-date: /home/com9/uet_ws/install/ur_robot_driver/share/ur_robot_driver/config/ur3e_update_rate.yaml\n'}
[4.175141] (ur_robot_driver) StdoutLine: {'line': b'-- Up-to-date: /home/com9/uet_ws/install/ur_robot_driver/share/ur_robot_driver/config/ur8long_update_rate.yaml\n'}
[4.175191] (ur_robot_driver) StdoutLine: {'line': b'-- Up-to-date: /home/com9/uet_ws/install/ur_robot_driver/share/ur_robot_driver/config/test_velocity_goal_publishers_config.yaml\n'}
[4.175244] (ur_robot_driver) StdoutLine: {'line': b'-- Up-to-date: /home/com9/uet_ws/install/ur_robot_driver/share/ur_robot_driver/config/ur5_update_rate.yaml\n'}
[4.175331] (ur_robot_driver) StdoutLine: {'line': b'-- Up-to-date: /home/com9/uet_ws/install/ur_robot_driver/share/ur_robot_driver/config/ur3_update_rate.yaml\n'}
[4.175385] (ur_robot_driver) StdoutLine: {'line': b'-- Up-to-date: /home/com9/uet_ws/install/ur_robot_driver/share/ur_robot_driver/config/ur_controllers.yaml\n'}
[4.175448] (ur_robot_driver) StdoutLine: {'line': b'-- Up-to-date: /home/com9/uet_ws/install/ur_robot_driver/share/ur_robot_driver/config/ur5e_update_rate.yaml\n'}
[4.175507] (ur_robot_driver) StdoutLine: {'line': b'-- Up-to-date: /home/com9/uet_ws/install/ur_robot_driver/share/ur_robot_driver/launch\n'}
[4.175577] (ur_robot_driver) StdoutLine: {'line': b'-- Up-to-date: /home/com9/uet_ws/install/ur_robot_driver/share/ur_robot_driver/launch/ur8long.launch.py\n'}
[4.175626] (ur_robot_driver) StdoutLine: {'line': b'-- Up-to-date: /home/com9/uet_ws/install/ur_robot_driver/share/ur_robot_driver/launch/test_forward_velocity_controller.launch.py\n'}
[4.175671] (ur_robot_driver) StdoutLine: {'line': b'-- Up-to-date: /home/com9/uet_ws/install/ur_robot_driver/share/ur_robot_driver/launch/ur5.launch.py\n'}
[4.175713] (ur_robot_driver) StdoutLine: {'line': b'-- Up-to-date: /home/com9/uet_ws/install/ur_robot_driver/share/ur_robot_driver/launch/ur15.launch.py\n'}
[4.175753] (ur_robot_driver) StdoutLine: {'line': b'-- Up-to-date: /home/com9/uet_ws/install/ur_robot_driver/share/ur_robot_driver/launch/ur10.launch.py\n'}
[4.175796] (ur_robot_driver) StdoutLine: {'line': b'-- Up-to-date: /home/com9/uet_ws/install/ur_robot_driver/share/ur_robot_driver/launch/ur7e.launch.py\n'}
[4.175837] (ur_robot_driver) StdoutLine: {'line': b'-- Up-to-date: /home/com9/uet_ws/install/ur_robot_driver/share/ur_robot_driver/launch/ur16e.launch.py\n'}
[4.175876] (ur_robot_driver) StdoutLine: {'line': b'-- Up-to-date: /home/com9/uet_ws/install/ur_robot_driver/share/ur_robot_driver/launch/test_scaled_joint_trajectory_controller.launch.py\n'}
[4.175915] (ur_robot_driver) StdoutLine: {'line': b'-- Up-to-date: /home/com9/uet_ws/install/ur_robot_driver/share/ur_robot_driver/launch/ur_dashboard_client.launch.py\n'}
[4.175959] (ur_robot_driver) StdoutLine: {'line': b'-- Up-to-date: /home/com9/uet_ws/install/ur_robot_driver/share/ur_robot_driver/launch/ur12e.launch.py\n'}
[4.175999] (ur_robot_driver) StdoutLine: {'line': b'-- Up-to-date: /home/com9/uet_ws/install/ur_robot_driver/share/ur_robot_driver/launch/ur5e.launch.py\n'}
[4.176037] (ur_robot_driver) StdoutLine: {'line': b'-- Up-to-date: /home/com9/uet_ws/install/ur_robot_driver/share/ur_robot_driver/launch/ur3e.launch.py\n'}
[4.176073] (ur_robot_driver) StdoutLine: {'line': b'-- Up-to-date: /home/com9/uet_ws/install/ur_robot_driver/share/ur_robot_driver/launch/ur3.launch.py\n'}
[4.176111] (ur_robot_driver) StdoutLine: {'line': b'-- Up-to-date: /home/com9/uet_ws/install/ur_robot_driver/share/ur_robot_driver/launch/ur30.launch.py\n'}
[4.176151] (ur_robot_driver) StdoutLine: {'line': b'-- Up-to-date: /home/com9/uet_ws/install/ur_robot_driver/share/ur_robot_driver/launch/ur20.launch.py\n'}
[4.176188] (ur_robot_driver) StdoutLine: {'line': b'-- Up-to-date: /home/com9/uet_ws/install/ur_robot_driver/share/ur_robot_driver/launch/test_joint_trajectory_controller.launch.py\n'}
[4.176231] (ur_robot_driver) StdoutLine: {'line': b'-- Up-to-date: /home/com9/uet_ws/install/ur_robot_driver/share/ur_robot_driver/launch/ur10e.launch.py\n'}
[4.176272] (ur_robot_driver) StdoutLine: {'line': b'-- Up-to-date: /home/com9/uet_ws/install/ur_robot_driver/share/ur_robot_driver/launch/ur_control.launch.py\n'}
[4.176313] (ur_robot_driver) StdoutLine: {'line': b'-- Up-to-date: /home/com9/uet_ws/install/ur_robot_driver/share/ur_robot_driver/launch/ur18.launch.py\n'}
[4.176354] (ur_robot_driver) StdoutLine: {'line': b'-- Up-to-date: /home/com9/uet_ws/install/ur_robot_driver/share/ament_index/resource_index/package_run_dependencies/ur_robot_driver\n'}
[4.176392] (ur_robot_driver) StdoutLine: {'line': b'-- Up-to-date: /home/com9/uet_ws/install/ur_robot_driver/share/ament_index/resource_index/parent_prefix_path/ur_robot_driver\n'}
[4.176439] (ur_robot_driver) StdoutLine: {'line': b'-- Up-to-date: /home/com9/uet_ws/install/ur_robot_driver/share/ur_robot_driver/environment/ament_prefix_path.sh\n'}
[4.176482] (ur_robot_driver) StdoutLine: {'line': b'-- Up-to-date: /home/com9/uet_ws/install/ur_robot_driver/share/ur_robot_driver/environment/ament_prefix_path.dsv\n'}
[4.176519] (ur_robot_driver) StdoutLine: {'line': b'-- Up-to-date: /home/com9/uet_ws/install/ur_robot_driver/share/ur_robot_driver/environment/path.sh\n'}
[4.176559] (ur_robot_driver) StdoutLine: {'line': b'-- Up-to-date: /home/com9/uet_ws/install/ur_robot_driver/share/ur_robot_driver/environment/path.dsv\n'}
[4.176598] (ur_robot_driver) StdoutLine: {'line': b'-- Up-to-date: /home/com9/uet_ws/install/ur_robot_driver/share/ur_robot_driver/local_setup.bash\n'}
[4.176634] (ur_robot_driver) StdoutLine: {'line': b'-- Up-to-date: /home/com9/uet_ws/install/ur_robot_driver/share/ur_robot_driver/local_setup.sh\n'}
[4.176691] (ur_robot_driver) StdoutLine: {'line': b'-- Up-to-date: /home/com9/uet_ws/install/ur_robot_driver/share/ur_robot_driver/local_setup.zsh\n'}
[4.176732] (ur_robot_driver) StdoutLine: {'line': b'-- Up-to-date: /home/com9/uet_ws/install/ur_robot_driver/share/ur_robot_driver/local_setup.dsv\n'}
[4.176796] (ur_robot_driver) StdoutLine: {'line': b'-- Installing: /home/com9/uet_ws/install/ur_robot_driver/share/ur_robot_driver/package.dsv\n'}
[4.176837] (ur_robot_driver) StdoutLine: {'line': b'-- Up-to-date: /home/com9/uet_ws/install/ur_robot_driver/share/ament_index/resource_index/packages/ur_robot_driver\n'}
[4.176877] (ur_robot_driver) StdoutLine: {'line': b'-- Up-to-date: /home/com9/uet_ws/install/ur_robot_driver/share/ament_index/resource_index/hardware_interface__pluginlib__plugin/ur_robot_driver\n'}
[4.176925] (ur_robot_driver) StdoutLine: {'line': b'-- Up-to-date: /home/com9/uet_ws/install/ur_robot_driver/share/ur_robot_driver/cmake/ament_cmake_export_include_directories-extras.cmake\n'}
[4.176960] (ur_robot_driver) StdoutLine: {'line': b'-- Up-to-date: /home/com9/uet_ws/install/ur_robot_driver/share/ur_robot_driver/cmake/ament_cmake_export_libraries-extras.cmake\n'}
[4.177083] (ur_robot_driver) StdoutLine: {'line': b'-- Up-to-date: /home/com9/uet_ws/install/ur_robot_driver/share/ur_robot_driver/cmake/ament_cmake_export_dependencies-extras.cmake\n'}
[4.177126] (ur_robot_driver) StdoutLine: {'line': b'-- Up-to-date: /home/com9/uet_ws/install/ur_robot_driver/share/ur_robot_driver/cmake/ur_robot_driverConfig.cmake\n'}
[4.177215] (ur_robot_driver) StdoutLine: {'line': b'-- Up-to-date: /home/com9/uet_ws/install/ur_robot_driver/share/ur_robot_driver/cmake/ur_robot_driverConfig-version.cmake\n'}
[4.177312] (ur_robot_driver) StdoutLine: {'line': b'-- Up-to-date: /home/com9/uet_ws/install/ur_robot_driver/share/ur_robot_driver/package.xml\n'}
[4.177578] (ur_robot_driver) CommandEnded: {'returncode': 0}
[4.189573] (ur_robot_driver) JobEnded: {'identifier': 'ur_robot_driver', 'rc': 0}
[4.190152] (ur_simulation_gz) JobStarted: {'identifier': 'ur_simulation_gz'}
[4.196752] (ur_simulation_gz) JobProgress: {'identifier': 'ur_simulation_gz', 'progress': 'cmake'}
[4.197289] (ur_simulation_gz) JobProgress: {'identifier': 'ur_simulation_gz', 'progress': 'build'}
[4.197488] (ur_simulation_gz) Command: {'cmd': ['/usr/bin/cmake', '--build', '/home/com9/uet_ws/build/ur_simulation_gz'], 'cwd': '/home/com9/uet_ws/build/ur_simulation_gz', 'env': OrderedDict([('LESSOPEN', '| /usr/bin/lesspipe %s'), ('CMAKE_BUILD_PARALLEL_LEVEL', '1'), ('USER', 'com9'), ('XDG_SESSION_TYPE', 'wayland'), ('SHLVL', '1'), ('LD_LIBRARY_PATH', '/home/com9/uet_ws/install/ur_controllers/lib:/home/com9/uet_ws/install/ur_dashboard_msgs/lib:/opt/ros/humble/opt/rviz_ogre_vendor/lib:/opt/ros/humble/lib/x86_64-linux-gnu:/opt/ros/humble/lib'), ('HOME', '/home/com9'), ('CONDA_SHLVL', '0'), ('CYCLONEDDS_URI', '<CycloneDDS><Domain><General><DontRoute>true</></></></>'), ('OLDPWD', '/home/com9'), ('DESKTOP_SESSION', 'ubuntu'), ('ROS_PYTHON_VERSION', '3'), ('GNOME_SHELL_SESSION_MODE', 'ubuntu'), ('GTK_MODULES', 'gail:atk-bridge'), ('MAKEFLAGS', '-j1'), ('SYSTEMD_EXEC_PID', '17504'), ('IM_CONFIG_CHECK_ENV', '1'), ('DBUS_SESSION_BUS_ADDRESS', 'unix:path=/run/user/1000/bus'), ('COLORTERM', 'truecolor'), ('_CE_M', ''), ('_CONDA_ROOT', '/home/com9/miniconda3'), ('IM_CONFIG_PHASE', '1'), ('WAYLAND_DISPLAY', 'wayland-0'), ('ROS_DISTRO', 'humble'), ('LOGNAME', 'com9'), ('_', '/usr/bin/colcon'), ('ROS_VERSION', '2'), ('XDG_SESSION_CLASS', 'user'), ('USERNAME', 'com9'), ('TERM', 'xterm-256color'), ('GNOME_DESKTOP_SESSION_ID', 'this-is-deprecated'), ('_CE_CONDA', ''), ('ROS_LOCALHOST_ONLY', '0'), ('PATH', '/opt/ros/humble/bin:/home/com9/.local/bin:/home/com9/miniconda3/condabin:/home/com9/.local/bin:/home/com9/.local/bin:/home/com9/.local/bin:/home/com9/.local/bin:/usr/local/sbin:/usr/local/bin:/usr/sbin:/usr/bin:/sbin:/bin:/usr/games:/usr/local/games:/snap/bin:/snap/bin'), ('SESSION_MANAGER', 'local/com9:@/tmp/.ICE-unix/17475,unix/com9:/tmp/.ICE-unix/17475'), ('XDG_MENU_PREFIX', 'gnome-'), ('GNOME_TERMINAL_SCREEN', '/org/gnome/Terminal/screen/1e4f803a_2b37_47e5_adad_92bb3b9bc006'), ('GNOME_SETUP_DISPLAY', ':1'), ('XDG_RUNTIME_DIR', '/run/user/1000'), ('DISPLAY', ':0'), ('LANG', 'en_US.UTF-8'), ('XDG_CURRENT_DESKTOP', 'ubuntu:GNOME'), ('XMODIFIERS', '@im=ibus'), ('XDG_SESSION_DESKTOP', 'ubuntu'), ('XAUTHORITY', '/run/user/1000/.mutter-Xwaylandauth.W7ZTS3'), ('LS_COLORS', 'rs=0:di=01;34:ln=01;36:mh=00:pi=40;33:so=01;35:do=01;35:bd=40;33;01:cd=40;33;01:or=40;31;01:mi=00:su=37;41:sg=30;43:ca=30;41:tw=30;42:ow=34;42:st=37;44:ex=01;32:*.tar=01;31:*.tgz=01;31:*.arc=01;31:*.arj=01;31:*.taz=01;31:*.lha=01;31:*.lz4=01;31:*.lzh=01;31:*.lzma=01;31:*.tlz=01;31:*.txz=01;31:*.tzo=01;31:*.t7z=01;31:*.zip=01;31:*.z=01;31:*.dz=01;31:*.gz=01;31:*.lrz=01;31:*.lz=01;31:*.lzo=01;31:*.xz=01;31:*.zst=01;31:*.tzst=01;31:*.bz2=01;31:*.bz=01;31:*.tbz=01;31:*.tbz2=01;31:*.tz=01;31:*.deb=01;31:*.rpm=01;31:*.jar=01;31:*.war=01;31:*.ear=01;31:*.sar=01;31:*.rar=01;31:*.alz=01;31:*.ace=01;31:*.zoo=01;31:*.cpio=01;31:*.7z=01;31:*.rz=01;31:*.cab=01;31:*.wim=01;31:*.swm=01;31:*.dwm=01;31:*.esd=01;31:*.jpg=01;35:*.jpeg=01;35:*.mjpg=01;35:*.mjpeg=01;35:*.gif=01;35:*.bmp=01;35:*.pbm=01;35:*.pgm=01;35:*.ppm=01;35:*.tga=01;35:*.xbm=01;35:*.xpm=01;35:*.tif=01;35:*.tiff=01;35:*.png=01;35:*.svg=01;35:*.svgz=01;35:*.mng=01;35:*.pcx=01;35:*.mov=01;35:*.mpg=01;35:*.mpeg=01;35:*.m2v=01;35:*.mkv=01;35:*.webm=01;35:*.webp=01;35:*.ogm=01;35:*.mp4=01;35:*.m4v=01;35:*.mp4v=01;35:*.vob=01;35:*.qt=01;35:*.nuv=01;35:*.wmv=01;35:*.asf=01;35:*.rm=01;35:*.rmvb=01;35:*.flc=01;35:*.avi=01;35:*.fli=01;35:*.flv=01;35:*.gl=01;35:*.dl=01;35:*.xcf=01;35:*.xwd=01;35:*.yuv=01;35:*.cgm=01;35:*.emf=01;35:*.ogv=01;35:*.ogx=01;35:*.aac=00;36:*.au=00;36:*.flac=00;36:*.m4a=00;36:*.mid=00;36:*.midi=00;36:*.mka=00;36:*.mp3=00;36:*.mpc=00;36:*.ogg=00;36:*.ra=00;36:*.wav=00;36:*.oga=00;36:*.opus=00;36:*.spx=00;36:*.xspf=00;36:'), ('GNOME_TERMINAL_SERVICE', ':1.363'), ('SSH_AGENT_LAUNCHER', 'gnome-keyring'), ('SSH_AUTH_SOCK', '/run/user/1000/keyring/ssh'), ('AMENT_PREFIX_PATH', '/home/com9/uet_ws/install/ur_controllers:/home/com9/uet_ws/install/ur_moveit_config:/home/com9/uet_ws/install/ur_dashboard_msgs:/opt/ros/humble'), ('CONDA_PYTHON_EXE', '/home/com9/miniconda3/bin/python'), ('SHELL', '/bin/bash'), ('QT_ACCESSIBILITY', '1'), ('GDMSESSION', 'ubuntu'), ('LESSCLOSE', '/usr/bin/lesspipe %s %s'), ('_CONDA_EXE', '/home/com9/miniconda3/bin/conda'), ('QT_IM_MODULE', 'ibus'), ('PWD', '/home/com9/uet_ws/build/ur_simulation_gz'), ('LC_ALL', 'en_US.UTF-8'), ('XDG_CONFIG_DIRS', '/etc/xdg/xdg-ubuntu:/etc/xdg'), ('CONDA_EXE', '/home/com9/miniconda3/bin/conda'), ('XDG_DATA_DIRS', '/usr/share/ubuntu:/usr/local/share/:/usr/share/:/var/lib/snapd/desktop'), ('PYTHONPATH', '/home/com9/uet_ws/install/ur_moveit_config/local/lib/python3.10/dist-packages:/home/com9/uet_ws/install/ur_dashboard_msgs/local/lib/python3.10/dist-packages:/opt/ros/humble/lib/python3.10/site-packages:/opt/ros/humble/local/lib/python3.10/dist-packages'), ('COLCON', '1'), ('VTE_VERSION', '6800'), ('CMAKE_PREFIX_PATH', '/home/com9/uet_ws/install/ur_controllers:/home/com9/uet_ws/install/ur_moveit_config:/home/com9/uet_ws/install/ur_dashboard_msgs:/opt/ros/humble')]), 'shell': False}
[4.205270] (-) TimerEvent: {}
[4.222972] (ur_simulation_gz) CommandEnded: {'returncode': 0}
[4.223472] (ur_simulation_gz) JobProgress: {'identifier': 'ur_simulation_gz', 'progress': 'install'}
[4.223671] (ur_simulation_gz) Command: {'cmd': ['/usr/bin/cmake', '--install', '/home/com9/uet_ws/build/ur_simulation_gz'], 'cwd': '/home/com9/uet_ws/build/ur_simulation_gz', 'env': OrderedDict([('LESSOPEN', '| /usr/bin/lesspipe %s'), ('CMAKE_BUILD_PARALLEL_LEVEL', '1'), ('USER', 'com9'), ('XDG_SESSION_TYPE', 'wayland'), ('SHLVL', '1'), ('LD_LIBRARY_PATH', '/home/com9/uet_ws/install/ur_controllers/lib:/home/com9/uet_ws/install/ur_dashboard_msgs/lib:/opt/ros/humble/opt/rviz_ogre_vendor/lib:/opt/ros/humble/lib/x86_64-linux-gnu:/opt/ros/humble/lib'), ('HOME', '/home/com9'), ('CONDA_SHLVL', '0'), ('CYCLONEDDS_URI', '<CycloneDDS><Domain><General><DontRoute>true</></></></>'), ('OLDPWD', '/home/com9'), ('DESKTOP_SESSION', 'ubuntu'), ('ROS_PYTHON_VERSION', '3'), ('GNOME_SHELL_SESSION_MODE', 'ubuntu'), ('GTK_MODULES', 'gail:atk-bridge'), ('MAKEFLAGS', '-j1'), ('SYSTEMD_EXEC_PID', '17504'), ('IM_CONFIG_CHECK_ENV', '1'), ('DBUS_SESSION_BUS_ADDRESS', 'unix:path=/run/user/1000/bus'), ('COLORTERM', 'truecolor'), ('_CE_M', ''), ('_CONDA_ROOT', '/home/com9/miniconda3'), ('IM_CONFIG_PHASE', '1'), ('WAYLAND_DISPLAY', 'wayland-0'), ('ROS_DISTRO', 'humble'), ('LOGNAME', 'com9'), ('_', '/usr/bin/colcon'), ('ROS_VERSION', '2'), ('XDG_SESSION_CLASS', 'user'), ('USERNAME', 'com9'), ('TERM', 'xterm-256color'), ('GNOME_DESKTOP_SESSION_ID', 'this-is-deprecated'), ('_CE_CONDA', ''), ('ROS_LOCALHOST_ONLY', '0'), ('PATH', '/opt/ros/humble/bin:/home/com9/.local/bin:/home/com9/miniconda3/condabin:/home/com9/.local/bin:/home/com9/.local/bin:/home/com9/.local/bin:/home/com9/.local/bin:/usr/local/sbin:/usr/local/bin:/usr/sbin:/usr/bin:/sbin:/bin:/usr/games:/usr/local/games:/snap/bin:/snap/bin'), ('SESSION_MANAGER', 'local/com9:@/tmp/.ICE-unix/17475,unix/com9:/tmp/.ICE-unix/17475'), ('XDG_MENU_PREFIX', 'gnome-'), ('GNOME_TERMINAL_SCREEN', '/org/gnome/Terminal/screen/1e4f803a_2b37_47e5_adad_92bb3b9bc006'), ('GNOME_SETUP_DISPLAY', ':1'), ('XDG_RUNTIME_DIR', '/run/user/1000'), ('DISPLAY', ':0'), ('LANG', 'en_US.UTF-8'), ('XDG_CURRENT_DESKTOP', 'ubuntu:GNOME'), ('XMODIFIERS', '@im=ibus'), ('XDG_SESSION_DESKTOP', 'ubuntu'), ('XAUTHORITY', '/run/user/1000/.mutter-Xwaylandauth.W7ZTS3'), ('LS_COLORS', 'rs=0:di=01;34:ln=01;36:mh=00:pi=40;33:so=01;35:do=01;35:bd=40;33;01:cd=40;33;01:or=40;31;01:mi=00:su=37;41:sg=30;43:ca=30;41:tw=30;42:ow=34;42:st=37;44:ex=01;32:*.tar=01;31:*.tgz=01;31:*.arc=01;31:*.arj=01;31:*.taz=01;31:*.lha=01;31:*.lz4=01;31:*.lzh=01;31:*.lzma=01;31:*.tlz=01;31:*.txz=01;31:*.tzo=01;31:*.t7z=01;31:*.zip=01;31:*.z=01;31:*.dz=01;31:*.gz=01;31:*.lrz=01;31:*.lz=01;31:*.lzo=01;31:*.xz=01;31:*.zst=01;31:*.tzst=01;31:*.bz2=01;31:*.bz=01;31:*.tbz=01;31:*.tbz2=01;31:*.tz=01;31:*.deb=01;31:*.rpm=01;31:*.jar=01;31:*.war=01;31:*.ear=01;31:*.sar=01;31:*.rar=01;31:*.alz=01;31:*.ace=01;31:*.zoo=01;31:*.cpio=01;31:*.7z=01;31:*.rz=01;31:*.cab=01;31:*.wim=01;31:*.swm=01;31:*.dwm=01;31:*.esd=01;31:*.jpg=01;35:*.jpeg=01;35:*.mjpg=01;35:*.mjpeg=01;35:*.gif=01;35:*.bmp=01;35:*.pbm=01;35:*.pgm=01;35:*.ppm=01;35:*.tga=01;35:*.xbm=01;35:*.xpm=01;35:*.tif=01;35:*.tiff=01;35:*.png=01;35:*.svg=01;35:*.svgz=01;35:*.mng=01;35:*.pcx=01;35:*.mov=01;35:*.mpg=01;35:*.mpeg=01;35:*.m2v=01;35:*.mkv=01;35:*.webm=01;35:*.webp=01;35:*.ogm=01;35:*.mp4=01;35:*.m4v=01;35:*.mp4v=01;35:*.vob=01;35:*.qt=01;35:*.nuv=01;35:*.wmv=01;35:*.asf=01;35:*.rm=01;35:*.rmvb=01;35:*.flc=01;35:*.avi=01;35:*.fli=01;35:*.flv=01;35:*.gl=01;35:*.dl=01;35:*.xcf=01;35:*.xwd=01;35:*.yuv=01;35:*.cgm=01;35:*.emf=01;35:*.ogv=01;35:*.ogx=01;35:*.aac=00;36:*.au=00;36:*.flac=00;36:*.m4a=00;36:*.mid=00;36:*.midi=00;36:*.mka=00;36:*.mp3=00;36:*.mpc=00;36:*.ogg=00;36:*.ra=00;36:*.wav=00;36:*.oga=00;36:*.opus=00;36:*.spx=00;36:*.xspf=00;36:'), ('GNOME_TERMINAL_SERVICE', ':1.363'), ('SSH_AGENT_LAUNCHER', 'gnome-keyring'), ('SSH_AUTH_SOCK', '/run/user/1000/keyring/ssh'), ('AMENT_PREFIX_PATH', '/home/com9/uet_ws/install/ur_controllers:/home/com9/uet_ws/install/ur_moveit_config:/home/com9/uet_ws/install/ur_dashboard_msgs:/opt/ros/humble'), ('CONDA_PYTHON_EXE', '/home/com9/miniconda3/bin/python'), ('SHELL', '/bin/bash'), ('QT_ACCESSIBILITY', '1'), ('GDMSESSION', 'ubuntu'), ('LESSCLOSE', '/usr/bin/lesspipe %s %s'), ('_CONDA_EXE', '/home/com9/miniconda3/bin/conda'), ('QT_IM_MODULE', 'ibus'), ('PWD', '/home/com9/uet_ws/build/ur_simulation_gz'), ('LC_ALL', 'en_US.UTF-8'), ('XDG_CONFIG_DIRS', '/etc/xdg/xdg-ubuntu:/etc/xdg'), ('CONDA_EXE', '/home/com9/miniconda3/bin/conda'), ('XDG_DATA_DIRS', '/usr/share/ubuntu:/usr/local/share/:/usr/share/:/var/lib/snapd/desktop'), ('PYTHONPATH', '/home/com9/uet_ws/install/ur_moveit_config/local/lib/python3.10/dist-packages:/home/com9/uet_ws/install/ur_dashboard_msgs/local/lib/python3.10/dist-packages:/opt/ros/humble/lib/python3.10/site-packages:/opt/ros/humble/local/lib/python3.10/dist-packages'), ('COLCON', '1'), ('VTE_VERSION', '6800'), ('CMAKE_PREFIX_PATH', '/home/com9/uet_ws/install/ur_controllers:/home/com9/uet_ws/install/ur_moveit_config:/home/com9/uet_ws/install/ur_dashboard_msgs:/opt/ros/humble')]), 'shell': False}
[4.228168] (ur_simulation_gz) StdoutLine: {'line': b'-- Install configuration: ""\n'}
[4.228246] (ur_simulation_gz) StdoutLine: {'line': b'-- Up-to-date: /home/com9/uet_ws/install/ur_simulation_gz/share/ur_simulation_gz/config\n'}
[4.228300] (ur_simulation_gz) StdoutLine: {'line': b'-- Installing: /home/com9/uet_ws/install/ur_simulation_gz/share/ur_simulation_gz/config/ur_controllers.yaml\n'}
[4.228546] (ur_simulation_gz) StdoutLine: {'line': b'-- Up-to-date: /home/com9/uet_ws/install/ur_simulation_gz/share/ur_simulation_gz/launch\n'}
[4.228661] (ur_simulation_gz) StdoutLine: {'line': b'-- Up-to-date: /home/com9/uet_ws/install/ur_simulation_gz/share/ur_simulation_gz/launch/ur_sim_moveit.launch.py\n'}
[4.228765] (ur_simulation_gz) StdoutLine: {'line': b'-- Up-to-date: /home/com9/uet_ws/install/ur_simulation_gz/share/ur_simulation_gz/launch/ur_sim_control.launch.py\n'}
[4.228852] (ur_simulation_gz) StdoutLine: {'line': b'-- Up-to-date: /home/com9/uet_ws/install/ur_simulation_gz/lib/ur_simulation_gz/test_topic_control.py\n'}
[4.228905] (ur_simulation_gz) StdoutLine: {'line': b'-- Up-to-date: /home/com9/uet_ws/install/ur_simulation_gz/share/ament_index/resource_index/package_run_dependencies/ur_simulation_gz\n'}
[4.228935] (ur_simulation_gz) StdoutLine: {'line': b'-- Up-to-date: /home/com9/uet_ws/install/ur_simulation_gz/share/ament_index/resource_index/parent_prefix_path/ur_simulation_gz\n'}
[4.228964] (ur_simulation_gz) StdoutLine: {'line': b'-- Up-to-date: /home/com9/uet_ws/install/ur_simulation_gz/share/ur_simulation_gz/environment/ament_prefix_path.sh\n'}
[4.228994] (ur_simulation_gz) StdoutLine: {'line': b'-- Up-to-date: /home/com9/uet_ws/install/ur_simulation_gz/share/ur_simulation_gz/environment/ament_prefix_path.dsv\n'}
[4.229024] (ur_simulation_gz) StdoutLine: {'line': b'-- Up-to-date: /home/com9/uet_ws/install/ur_simulation_gz/share/ur_simulation_gz/environment/path.sh\n'}
[4.229052] (ur_simulation_gz) StdoutLine: {'line': b'-- Up-to-date: /home/com9/uet_ws/install/ur_simulation_gz/share/ur_simulation_gz/environment/path.dsv\n'}
[4.229083] (ur_simulation_gz) StdoutLine: {'line': b'-- Up-to-date: /home/com9/uet_ws/install/ur_simulation_gz/share/ur_simulation_gz/local_setup.bash\n'}
[4.229112] (ur_simulation_gz) StdoutLine: {'line': b'-- Up-to-date: /home/com9/uet_ws/install/ur_simulation_gz/share/ur_simulation_gz/local_setup.sh\n'}
[4.229139] (ur_simulation_gz) StdoutLine: {'line': b'-- Up-to-date: /home/com9/uet_ws/install/ur_simulation_gz/share/ur_simulation_gz/local_setup.zsh\n'}
[4.229171] (ur_simulation_gz) StdoutLine: {'line': b'-- Up-to-date: /home/com9/uet_ws/install/ur_simulation_gz/share/ur_simulation_gz/local_setup.dsv\n'}
[4.229201] (ur_simulation_gz) StdoutLine: {'line': b'-- Up-to-date: /home/com9/uet_ws/install/ur_simulation_gz/share/ur_simulation_gz/package.dsv\n'}
[4.229231] (ur_simulation_gz) StdoutLine: {'line': b'-- Up-to-date: /home/com9/uet_ws/install/ur_simulation_gz/share/ament_index/resource_index/packages/ur_simulation_gz\n'}
[4.229260] (ur_simulation_gz) StdoutLine: {'line': b'-- Up-to-date: /home/com9/uet_ws/install/ur_simulation_gz/share/ur_simulation_gz/cmake/ur_simulation_gzConfig.cmake\n'}
[4.229289] (ur_simulation_gz) StdoutLine: {'line': b'-- Up-to-date: /home/com9/uet_ws/install/ur_simulation_gz/share/ur_simulation_gz/cmake/ur_simulation_gzConfig-version.cmake\n'}
[4.229319] (ur_simulation_gz) StdoutLine: {'line': b'-- Up-to-date: /home/com9/uet_ws/install/ur_simulation_gz/share/ur_simulation_gz/package.xml\n'}
[4.229949] (ur_simulation_gz) CommandEnded: {'returncode': 0}
[4.236546] (ur_simulation_gz) JobEnded: {'identifier': 'ur_simulation_gz', 'rc': 0}
[4.237077] (ur_calibration) JobStarted: {'identifier': 'ur_calibration'}
[4.244994] (ur_calibration) JobProgress: {'identifier': 'ur_calibration', 'progress': 'cmake'}
[4.245308] (ur_calibration) JobProgress: {'identifier': 'ur_calibration', 'progress': 'build'}
[4.245549] (ur_calibration) Command: {'cmd': ['/usr/bin/cmake', '--build', '/home/com9/uet_ws/build/ur_calibration'], 'cwd': '/home/com9/uet_ws/build/ur_calibration', 'env': OrderedDict([('LESSOPEN', '| /usr/bin/lesspipe %s'), ('CMAKE_BUILD_PARALLEL_LEVEL', '1'), ('USER', 'com9'), ('XDG_SESSION_TYPE', 'wayland'), ('SHLVL', '1'), ('LD_LIBRARY_PATH', '/home/com9/uet_ws/install/ur_robot_driver/lib:/home/com9/uet_ws/install/ur_controllers/lib:/home/com9/uet_ws/install/ur_dashboard_msgs/lib:/opt/ros/humble/opt/rviz_ogre_vendor/lib:/opt/ros/humble/lib/x86_64-linux-gnu:/opt/ros/humble/lib'), ('HOME', '/home/com9'), ('CONDA_SHLVL', '0'), ('CYCLONEDDS_URI', '<CycloneDDS><Domain><General><DontRoute>true</></></></>'), ('OLDPWD', '/home/com9'), ('DESKTOP_SESSION', 'ubuntu'), ('ROS_PYTHON_VERSION', '3'), ('GNOME_SHELL_SESSION_MODE', 'ubuntu'), ('GTK_MODULES', 'gail:atk-bridge'), ('MAKEFLAGS', '-j1'), ('SYSTEMD_EXEC_PID', '17504'), ('IM_CONFIG_CHECK_ENV', '1'), ('DBUS_SESSION_BUS_ADDRESS', 'unix:path=/run/user/1000/bus'), ('COLORTERM', 'truecolor'), ('_CE_M', ''), ('_CONDA_ROOT', '/home/com9/miniconda3'), ('IM_CONFIG_PHASE', '1'), ('WAYLAND_DISPLAY', 'wayland-0'), ('ROS_DISTRO', 'humble'), ('LOGNAME', 'com9'), ('_', '/usr/bin/colcon'), ('ROS_VERSION', '2'), ('XDG_SESSION_CLASS', 'user'), ('USERNAME', 'com9'), ('TERM', 'xterm-256color'), ('GNOME_DESKTOP_SESSION_ID', 'this-is-deprecated'), ('_CE_CONDA', ''), ('ROS_LOCALHOST_ONLY', '0'), ('PATH', '/home/com9/uet_ws/install/ur_robot_driver/bin:/opt/ros/humble/bin:/home/com9/.local/bin:/home/com9/miniconda3/condabin:/home/com9/.local/bin:/home/com9/.local/bin:/home/com9/.local/bin:/home/com9/.local/bin:/usr/local/sbin:/usr/local/bin:/usr/sbin:/usr/bin:/sbin:/bin:/usr/games:/usr/local/games:/snap/bin:/snap/bin'), ('SESSION_MANAGER', 'local/com9:@/tmp/.ICE-unix/17475,unix/com9:/tmp/.ICE-unix/17475'), ('XDG_MENU_PREFIX', 'gnome-'), ('GNOME_TERMINAL_SCREEN', '/org/gnome/Terminal/screen/1e4f803a_2b37_47e5_adad_92bb3b9bc006'), ('GNOME_SETUP_DISPLAY', ':1'), ('XDG_RUNTIME_DIR', '/run/user/1000'), ('DISPLAY', ':0'), ('LANG', 'en_US.UTF-8'), ('XDG_CURRENT_DESKTOP', 'ubuntu:GNOME'), ('XMODIFIERS', '@im=ibus'), ('XDG_SESSION_DESKTOP', 'ubuntu'), ('XAUTHORITY', '/run/user/1000/.mutter-Xwaylandauth.W7ZTS3'), ('LS_COLORS', 'rs=0:di=01;34:ln=01;36:mh=00:pi=40;33:so=01;35:do=01;35:bd=40;33;01:cd=40;33;01:or=40;31;01:mi=00:su=37;41:sg=30;43:ca=30;41:tw=30;42:ow=34;42:st=37;44:ex=01;32:*.tar=01;31:*.tgz=01;31:*.arc=01;31:*.arj=01;31:*.taz=01;31:*.lha=01;31:*.lz4=01;31:*.lzh=01;31:*.lzma=01;31:*.tlz=01;31:*.txz=01;31:*.tzo=01;31:*.t7z=01;31:*.zip=01;31:*.z=01;31:*.dz=01;31:*.gz=01;31:*.lrz=01;31:*.lz=01;31:*.lzo=01;31:*.xz=01;31:*.zst=01;31:*.tzst=01;31:*.bz2=01;31:*.bz=01;31:*.tbz=01;31:*.tbz2=01;31:*.tz=01;31:*.deb=01;31:*.rpm=01;31:*.jar=01;31:*.war=01;31:*.ear=01;31:*.sar=01;31:*.rar=01;31:*.alz=01;31:*.ace=01;31:*.zoo=01;31:*.cpio=01;31:*.7z=01;31:*.rz=01;31:*.cab=01;31:*.wim=01;31:*.swm=01;31:*.dwm=01;31:*.esd=01;31:*.jpg=01;35:*.jpeg=01;35:*.mjpg=01;35:*.mjpeg=01;35:*.gif=01;35:*.bmp=01;35:*.pbm=01;35:*.pgm=01;35:*.ppm=01;35:*.tga=01;35:*.xbm=01;35:*.xpm=01;35:*.tif=01;35:*.tiff=01;35:*.png=01;35:*.svg=01;35:*.svgz=01;35:*.mng=01;35:*.pcx=01;35:*.mov=01;35:*.mpg=01;35:*.mpeg=01;35:*.m2v=01;35:*.mkv=01;35:*.webm=01;35:*.webp=01;35:*.ogm=01;35:*.mp4=01;35:*.m4v=01;35:*.mp4v=01;35:*.vob=01;35:*.qt=01;35:*.nuv=01;35:*.wmv=01;35:*.asf=01;35:*.rm=01;35:*.rmvb=01;35:*.flc=01;35:*.avi=01;35:*.fli=01;35:*.flv=01;35:*.gl=01;35:*.dl=01;35:*.xcf=01;35:*.xwd=01;35:*.yuv=01;35:*.cgm=01;35:*.emf=01;35:*.ogv=01;35:*.ogx=01;35:*.aac=00;36:*.au=00;36:*.flac=00;36:*.m4a=00;36:*.mid=00;36:*.midi=00;36:*.mka=00;36:*.mp3=00;36:*.mpc=00;36:*.ogg=00;36:*.ra=00;36:*.wav=00;36:*.oga=00;36:*.opus=00;36:*.spx=00;36:*.xspf=00;36:'), ('GNOME_TERMINAL_SERVICE', ':1.363'), ('SSH_AGENT_LAUNCHER', 'gnome-keyring'), ('SSH_AUTH_SOCK', '/run/user/1000/keyring/ssh'), ('AMENT_PREFIX_PATH', '/home/com9/uet_ws/install/ur_robot_driver:/home/com9/uet_ws/install/ur_controllers:/home/com9/uet_ws/install/ur_dashboard_msgs:/opt/ros/humble'), ('CONDA_PYTHON_EXE', '/home/com9/miniconda3/bin/python'), ('SHELL', '/bin/bash'), ('QT_ACCESSIBILITY', '1'), ('GDMSESSION', 'ubuntu'), ('LESSCLOSE', '/usr/bin/lesspipe %s %s'), ('_CONDA_EXE', '/home/com9/miniconda3/bin/conda'), ('QT_IM_MODULE', 'ibus'), ('PWD', '/home/com9/uet_ws/build/ur_calibration'), ('LC_ALL', 'en_US.UTF-8'), ('XDG_CONFIG_DIRS', '/etc/xdg/xdg-ubuntu:/etc/xdg'), ('CONDA_EXE', '/home/com9/miniconda3/bin/conda'), ('XDG_DATA_DIRS', '/usr/share/ubuntu:/usr/local/share/:/usr/share/:/var/lib/snapd/desktop'), ('PYTHONPATH', '/home/com9/uet_ws/install/ur_robot_driver/local/lib/python3.10/dist-packages:/home/com9/uet_ws/install/ur_dashboard_msgs/local/lib/python3.10/dist-packages:/opt/ros/humble/lib/python3.10/site-packages:/opt/ros/humble/local/lib/python3.10/dist-packages'), ('COLCON', '1'), ('VTE_VERSION', '6800'), ('CMAKE_PREFIX_PATH', '/home/com9/uet_ws/install/ur_robot_driver:/home/com9/uet_ws/install/ur_controllers:/home/com9/uet_ws/install/ur_dashboard_msgs:/opt/ros/humble')]), 'shell': False}
[4.274358] (ur_calibration) StdoutLine: {'line': b'\x1b[35m\x1b[1mConsolidate compiler generated dependencies of target calibration\x1b[0m\n'}
[4.286494] (ur_calibration) StdoutLine: {'line': b'[ 25%] Built target calibration\n'}
[4.293958] (ur_calibration) StdoutLine: {'line': b'\x1b[35m\x1b[1mConsolidate compiler generated dependencies of target calibration_correction\x1b[0m\n'}
[4.305384] (-) TimerEvent: {}
[4.306945] (ur_calibration) StdoutLine: {'line': b'[ 41%] Built target calibration_correction\n'}
[4.315146] (ur_calibration) StdoutLine: {'line': b'\x1b[35m\x1b[1mConsolidate compiler generated dependencies of target gmock_main\x1b[0m\n'}
[4.324464] (ur_calibration) StdoutLine: {'line': b'[ 58%] Built target gmock_main\n'}
[4.332121] (ur_calibration) StdoutLine: {'line': b'\x1b[35m\x1b[1mConsolidate compiler generated dependencies of target gmock\x1b[0m\n'}
[4.341207] (ur_calibration) StdoutLine: {'line': b'[ 83%] Built target gmock\n'}
[4.350076] (ur_calibration) StdoutLine: {'line': b'\x1b[35m\x1b[1mConsolidate compiler generated dependencies of target calibration_test\x1b[0m\n'}
[4.365397] (ur_calibration) StdoutLine: {'line': b'[100%] Built target calibration_test\n'}
[4.371708] (ur_calibration) CommandEnded: {'returncode': 0}
[4.372388] (ur_calibration) JobProgress: {'identifier': 'ur_calibration', 'progress': 'install'}
[4.372654] (ur_calibration) Command: {'cmd': ['/usr/bin/cmake', '--install', '/home/com9/uet_ws/build/ur_calibration'], 'cwd': '/home/com9/uet_ws/build/ur_calibration', 'env': OrderedDict([('LESSOPEN', '| /usr/bin/lesspipe %s'), ('CMAKE_BUILD_PARALLEL_LEVEL', '1'), ('USER', 'com9'), ('XDG_SESSION_TYPE', 'wayland'), ('SHLVL', '1'), ('LD_LIBRARY_PATH', '/home/com9/uet_ws/install/ur_robot_driver/lib:/home/com9/uet_ws/install/ur_controllers/lib:/home/com9/uet_ws/install/ur_dashboard_msgs/lib:/opt/ros/humble/opt/rviz_ogre_vendor/lib:/opt/ros/humble/lib/x86_64-linux-gnu:/opt/ros/humble/lib'), ('HOME', '/home/com9'), ('CONDA_SHLVL', '0'), ('CYCLONEDDS_URI', '<CycloneDDS><Domain><General><DontRoute>true</></></></>'), ('OLDPWD', '/home/com9'), ('DESKTOP_SESSION', 'ubuntu'), ('ROS_PYTHON_VERSION', '3'), ('GNOME_SHELL_SESSION_MODE', 'ubuntu'), ('GTK_MODULES', 'gail:atk-bridge'), ('MAKEFLAGS', '-j1'), ('SYSTEMD_EXEC_PID', '17504'), ('IM_CONFIG_CHECK_ENV', '1'), ('DBUS_SESSION_BUS_ADDRESS', 'unix:path=/run/user/1000/bus'), ('COLORTERM', 'truecolor'), ('_CE_M', ''), ('_CONDA_ROOT', '/home/com9/miniconda3'), ('IM_CONFIG_PHASE', '1'), ('WAYLAND_DISPLAY', 'wayland-0'), ('ROS_DISTRO', 'humble'), ('LOGNAME', 'com9'), ('_', '/usr/bin/colcon'), ('ROS_VERSION', '2'), ('XDG_SESSION_CLASS', 'user'), ('USERNAME', 'com9'), ('TERM', 'xterm-256color'), ('GNOME_DESKTOP_SESSION_ID', 'this-is-deprecated'), ('_CE_CONDA', ''), ('ROS_LOCALHOST_ONLY', '0'), ('PATH', '/home/com9/uet_ws/install/ur_robot_driver/bin:/opt/ros/humble/bin:/home/com9/.local/bin:/home/com9/miniconda3/condabin:/home/com9/.local/bin:/home/com9/.local/bin:/home/com9/.local/bin:/home/com9/.local/bin:/usr/local/sbin:/usr/local/bin:/usr/sbin:/usr/bin:/sbin:/bin:/usr/games:/usr/local/games:/snap/bin:/snap/bin'), ('SESSION_MANAGER', 'local/com9:@/tmp/.ICE-unix/17475,unix/com9:/tmp/.ICE-unix/17475'), ('XDG_MENU_PREFIX', 'gnome-'), ('GNOME_TERMINAL_SCREEN', '/org/gnome/Terminal/screen/1e4f803a_2b37_47e5_adad_92bb3b9bc006'), ('GNOME_SETUP_DISPLAY', ':1'), ('XDG_RUNTIME_DIR', '/run/user/1000'), ('DISPLAY', ':0'), ('LANG', 'en_US.UTF-8'), ('XDG_CURRENT_DESKTOP', 'ubuntu:GNOME'), ('XMODIFIERS', '@im=ibus'), ('XDG_SESSION_DESKTOP', 'ubuntu'), ('XAUTHORITY', '/run/user/1000/.mutter-Xwaylandauth.W7ZTS3'), ('LS_COLORS', 'rs=0:di=01;34:ln=01;36:mh=00:pi=40;33:so=01;35:do=01;35:bd=40;33;01:cd=40;33;01:or=40;31;01:mi=00:su=37;41:sg=30;43:ca=30;41:tw=30;42:ow=34;42:st=37;44:ex=01;32:*.tar=01;31:*.tgz=01;31:*.arc=01;31:*.arj=01;31:*.taz=01;31:*.lha=01;31:*.lz4=01;31:*.lzh=01;31:*.lzma=01;31:*.tlz=01;31:*.txz=01;31:*.tzo=01;31:*.t7z=01;31:*.zip=01;31:*.z=01;31:*.dz=01;31:*.gz=01;31:*.lrz=01;31:*.lz=01;31:*.lzo=01;31:*.xz=01;31:*.zst=01;31:*.tzst=01;31:*.bz2=01;31:*.bz=01;31:*.tbz=01;31:*.tbz2=01;31:*.tz=01;31:*.deb=01;31:*.rpm=01;31:*.jar=01;31:*.war=01;31:*.ear=01;31:*.sar=01;31:*.rar=01;31:*.alz=01;31:*.ace=01;31:*.zoo=01;31:*.cpio=01;31:*.7z=01;31:*.rz=01;31:*.cab=01;31:*.wim=01;31:*.swm=01;31:*.dwm=01;31:*.esd=01;31:*.jpg=01;35:*.jpeg=01;35:*.mjpg=01;35:*.mjpeg=01;35:*.gif=01;35:*.bmp=01;35:*.pbm=01;35:*.pgm=01;35:*.ppm=01;35:*.tga=01;35:*.xbm=01;35:*.xpm=01;35:*.tif=01;35:*.tiff=01;35:*.png=01;35:*.svg=01;35:*.svgz=01;35:*.mng=01;35:*.pcx=01;35:*.mov=01;35:*.mpg=01;35:*.mpeg=01;35:*.m2v=01;35:*.mkv=01;35:*.webm=01;35:*.webp=01;35:*.ogm=01;35:*.mp4=01;35:*.m4v=01;35:*.mp4v=01;35:*.vob=01;35:*.qt=01;35:*.nuv=01;35:*.wmv=01;35:*.asf=01;35:*.rm=01;35:*.rmvb=01;35:*.flc=01;35:*.avi=01;35:*.fli=01;35:*.flv=01;35:*.gl=01;35:*.dl=01;35:*.xcf=01;35:*.xwd=01;35:*.yuv=01;35:*.cgm=01;35:*.emf=01;35:*.ogv=01;35:*.ogx=01;35:*.aac=00;36:*.au=00;36:*.flac=00;36:*.m4a=00;36:*.mid=00;36:*.midi=00;36:*.mka=00;36:*.mp3=00;36:*.mpc=00;36:*.ogg=00;36:*.ra=00;36:*.wav=00;36:*.oga=00;36:*.opus=00;36:*.spx=00;36:*.xspf=00;36:'), ('GNOME_TERMINAL_SERVICE', ':1.363'), ('SSH_AGENT_LAUNCHER', 'gnome-keyring'), ('SSH_AUTH_SOCK', '/run/user/1000/keyring/ssh'), ('AMENT_PREFIX_PATH', '/home/com9/uet_ws/install/ur_robot_driver:/home/com9/uet_ws/install/ur_controllers:/home/com9/uet_ws/install/ur_dashboard_msgs:/opt/ros/humble'), ('CONDA_PYTHON_EXE', '/home/com9/miniconda3/bin/python'), ('SHELL', '/bin/bash'), ('QT_ACCESSIBILITY', '1'), ('GDMSESSION', 'ubuntu'), ('LESSCLOSE', '/usr/bin/lesspipe %s %s'), ('_CONDA_EXE', '/home/com9/miniconda3/bin/conda'), ('QT_IM_MODULE', 'ibus'), ('PWD', '/home/com9/uet_ws/build/ur_calibration'), ('LC_ALL', 'en_US.UTF-8'), ('XDG_CONFIG_DIRS', '/etc/xdg/xdg-ubuntu:/etc/xdg'), ('CONDA_EXE', '/home/com9/miniconda3/bin/conda'), ('XDG_DATA_DIRS', '/usr/share/ubuntu:/usr/local/share/:/usr/share/:/var/lib/snapd/desktop'), ('PYTHONPATH', '/home/com9/uet_ws/install/ur_robot_driver/local/lib/python3.10/dist-packages:/home/com9/uet_ws/install/ur_dashboard_msgs/local/lib/python3.10/dist-packages:/opt/ros/humble/lib/python3.10/site-packages:/opt/ros/humble/local/lib/python3.10/dist-packages'), ('COLCON', '1'), ('VTE_VERSION', '6800'), ('CMAKE_PREFIX_PATH', '/home/com9/uet_ws/install/ur_robot_driver:/home/com9/uet_ws/install/ur_controllers:/home/com9/uet_ws/install/ur_dashboard_msgs:/opt/ros/humble')]), 'shell': False}
[4.377088] (ur_calibration) StdoutLine: {'line': b'-- Install configuration: "RelWithDebInfo"\n'}
[4.377152] (ur_calibration) StdoutLine: {'line': b'-- Up-to-date: /home/com9/uet_ws/install/ur_calibration/lib/ur_calibration/calibration_correction\n'}
[4.377206] (ur_calibration) StdoutLine: {'line': b'-- Up-to-date: /home/com9/uet_ws/install/ur_calibration/include\n'}
[4.377241] (ur_calibration) StdoutLine: {'line': b'-- Up-to-date: /home/com9/uet_ws/install/ur_calibration/include/ur_calibration\n'}
[4.377288] (ur_calibration) StdoutLine: {'line': b'-- Up-to-date: /home/com9/uet_ws/install/ur_calibration/include/ur_calibration/calibration_consumer.hpp\n'}
[4.377320] (ur_calibration) StdoutLine: {'line': b'-- Up-to-date: /home/com9/uet_ws/install/ur_calibration/include/ur_calibration/calibration.hpp\n'}
[4.377352] (ur_calibration) StdoutLine: {'line': b'-- Up-to-date: /home/com9/uet_ws/install/ur_calibration/share/ur_calibration/launch\n'}
[4.377383] (ur_calibration) StdoutLine: {'line': b'-- Up-to-date: /home/com9/uet_ws/install/ur_calibration/share/ur_calibration/launch/calibration_correction.launch.py\n'}
[4.377418] (ur_calibration) StdoutLine: {'line': b'-- Up-to-date: /home/com9/uet_ws/install/ur_calibration/share/ament_index/resource_index/package_run_dependencies/ur_calibration\n'}
[4.377460] (ur_calibration) StdoutLine: {'line': b'-- Up-to-date: /home/com9/uet_ws/install/ur_calibration/share/ament_index/resource_index/parent_prefix_path/ur_calibration\n'}
[4.377512] (ur_calibration) StdoutLine: {'line': b'-- Up-to-date: /home/com9/uet_ws/install/ur_calibration/share/ur_calibration/environment/ament_prefix_path.sh\n'}
[4.377542] (ur_calibration) StdoutLine: {'line': b'-- Up-to-date: /home/com9/uet_ws/install/ur_calibration/share/ur_calibration/environment/ament_prefix_path.dsv\n'}
[4.377570] (ur_calibration) StdoutLine: {'line': b'-- Up-to-date: /home/com9/uet_ws/install/ur_calibration/share/ur_calibration/environment/path.sh\n'}
[4.377598] (ur_calibration) StdoutLine: {'line': b'-- Up-to-date: /home/com9/uet_ws/install/ur_calibration/share/ur_calibration/environment/path.dsv\n'}
[4.377636] (ur_calibration) StdoutLine: {'line': b'-- Up-to-date: /home/com9/uet_ws/install/ur_calibration/share/ur_calibration/local_setup.bash\n'}
[4.377667] (ur_calibration) StdoutLine: {'line': b'-- Up-to-date: /home/com9/uet_ws/install/ur_calibration/share/ur_calibration/local_setup.sh\n'}
[4.377699] (ur_calibration) StdoutLine: {'line': b'-- Up-to-date: /home/com9/uet_ws/install/ur_calibration/share/ur_calibration/local_setup.zsh\n'}
[4.377745] (ur_calibration) StdoutLine: {'line': b'-- Up-to-date: /home/com9/uet_ws/install/ur_calibration/share/ur_calibration/local_setup.dsv\n'}
[4.377775] (ur_calibration) StdoutLine: {'line': b'-- Installing: /home/com9/uet_ws/install/ur_calibration/share/ur_calibration/package.dsv\n'}
[4.377805] (ur_calibration) StdoutLine: {'line': b'-- Up-to-date: /home/com9/uet_ws/install/ur_calibration/share/ament_index/resource_index/packages/ur_calibration\n'}
[4.377833] (ur_calibration) StdoutLine: {'line': b'-- Up-to-date: /home/com9/uet_ws/install/ur_calibration/share/ur_calibration/cmake/ament_cmake_export_include_directories-extras.cmake\n'}
[4.377860] (ur_calibration) StdoutLine: {'line': b'-- Up-to-date: /home/com9/uet_ws/install/ur_calibration/share/ur_calibration/cmake/ament_cmake_export_dependencies-extras.cmake\n'}
[4.377889] (ur_calibration) StdoutLine: {'line': b'-- Up-to-date: /home/com9/uet_ws/install/ur_calibration/share/ur_calibration/cmake/ur_calibrationConfig.cmake\n'}
[4.377916] (ur_calibration) StdoutLine: {'line': b'-- Up-to-date: /home/com9/uet_ws/install/ur_calibration/share/ur_calibration/cmake/ur_calibrationConfig-version.cmake\n'}
[4.377943] (ur_calibration) StdoutLine: {'line': b'-- Up-to-date: /home/com9/uet_ws/install/ur_calibration/share/ur_calibration/package.xml\n'}
[4.378767] (ur_calibration) CommandEnded: {'returncode': 0}
[4.385739] (ur_calibration) JobEnded: {'identifier': 'ur_calibration', 'rc': 0}
[4.386389] (ur) JobStarted: {'identifier': 'ur'}
[4.394709] (ur) JobProgress: {'identifier': 'ur', 'progress': 'cmake'}
[4.394975] (ur) JobProgress: {'identifier': 'ur', 'progress': 'build'}
[4.395069] (ur) Command: {'cmd': ['/usr/bin/cmake', '--build', '/home/com9/uet_ws/build/ur'], 'cwd': '/home/com9/uet_ws/build/ur', 'env': OrderedDict([('LESSOPEN', '| /usr/bin/lesspipe %s'), ('CMAKE_BUILD_PARALLEL_LEVEL', '1'), ('USER', 'com9'), ('XDG_SESSION_TYPE', 'wayland'), ('SHLVL', '1'), ('LD_LIBRARY_PATH', '/home/com9/uet_ws/install/ur_robot_driver/lib:/home/com9/uet_ws/install/ur_controllers/lib:/home/com9/uet_ws/install/ur_dashboard_msgs/lib:/opt/ros/humble/opt/rviz_ogre_vendor/lib:/opt/ros/humble/lib/x86_64-linux-gnu:/opt/ros/humble/lib'), ('HOME', '/home/com9'), ('CONDA_SHLVL', '0'), ('CYCLONEDDS_URI', '<CycloneDDS><Domain><General><DontRoute>true</></></></>'), ('OLDPWD', '/home/com9'), ('DESKTOP_SESSION', 'ubuntu'), ('ROS_PYTHON_VERSION', '3'), ('GNOME_SHELL_SESSION_MODE', 'ubuntu'), ('GTK_MODULES', 'gail:atk-bridge'), ('MAKEFLAGS', '-j1'), ('SYSTEMD_EXEC_PID', '17504'), ('IM_CONFIG_CHECK_ENV', '1'), ('DBUS_SESSION_BUS_ADDRESS', 'unix:path=/run/user/1000/bus'), ('COLORTERM', 'truecolor'), ('_CE_M', ''), ('_CONDA_ROOT', '/home/com9/miniconda3'), ('IM_CONFIG_PHASE', '1'), ('WAYLAND_DISPLAY', 'wayland-0'), ('ROS_DISTRO', 'humble'), ('LOGNAME', 'com9'), ('_', '/usr/bin/colcon'), ('ROS_VERSION', '2'), ('XDG_SESSION_CLASS', 'user'), ('USERNAME', 'com9'), ('TERM', 'xterm-256color'), ('GNOME_DESKTOP_SESSION_ID', 'this-is-deprecated'), ('_CE_CONDA', ''), ('ROS_LOCALHOST_ONLY', '0'), ('PATH', '/home/com9/uet_ws/install/ur_robot_driver/bin:/opt/ros/humble/bin:/home/com9/.local/bin:/home/com9/miniconda3/condabin:/home/com9/.local/bin:/home/com9/.local/bin:/home/com9/.local/bin:/home/com9/.local/bin:/usr/local/sbin:/usr/local/bin:/usr/sbin:/usr/bin:/sbin:/bin:/usr/games:/usr/local/games:/snap/bin:/snap/bin'), ('SESSION_MANAGER', 'local/com9:@/tmp/.ICE-unix/17475,unix/com9:/tmp/.ICE-unix/17475'), ('XDG_MENU_PREFIX', 'gnome-'), ('GNOME_TERMINAL_SCREEN', '/org/gnome/Terminal/screen/1e4f803a_2b37_47e5_adad_92bb3b9bc006'), ('GNOME_SETUP_DISPLAY', ':1'), ('XDG_RUNTIME_DIR', '/run/user/1000'), ('DISPLAY', ':0'), ('LANG', 'en_US.UTF-8'), ('XDG_CURRENT_DESKTOP', 'ubuntu:GNOME'), ('XMODIFIERS', '@im=ibus'), ('XDG_SESSION_DESKTOP', 'ubuntu'), ('XAUTHORITY', '/run/user/1000/.mutter-Xwaylandauth.W7ZTS3'), ('LS_COLORS', 'rs=0:di=01;34:ln=01;36:mh=00:pi=40;33:so=01;35:do=01;35:bd=40;33;01:cd=40;33;01:or=40;31;01:mi=00:su=37;41:sg=30;43:ca=30;41:tw=30;42:ow=34;42:st=37;44:ex=01;32:*.tar=01;31:*.tgz=01;31:*.arc=01;31:*.arj=01;31:*.taz=01;31:*.lha=01;31:*.lz4=01;31:*.lzh=01;31:*.lzma=01;31:*.tlz=01;31:*.txz=01;31:*.tzo=01;31:*.t7z=01;31:*.zip=01;31:*.z=01;31:*.dz=01;31:*.gz=01;31:*.lrz=01;31:*.lz=01;31:*.lzo=01;31:*.xz=01;31:*.zst=01;31:*.tzst=01;31:*.bz2=01;31:*.bz=01;31:*.tbz=01;31:*.tbz2=01;31:*.tz=01;31:*.deb=01;31:*.rpm=01;31:*.jar=01;31:*.war=01;31:*.ear=01;31:*.sar=01;31:*.rar=01;31:*.alz=01;31:*.ace=01;31:*.zoo=01;31:*.cpio=01;31:*.7z=01;31:*.rz=01;31:*.cab=01;31:*.wim=01;31:*.swm=01;31:*.dwm=01;31:*.esd=01;31:*.jpg=01;35:*.jpeg=01;35:*.mjpg=01;35:*.mjpeg=01;35:*.gif=01;35:*.bmp=01;35:*.pbm=01;35:*.pgm=01;35:*.ppm=01;35:*.tga=01;35:*.xbm=01;35:*.xpm=01;35:*.tif=01;35:*.tiff=01;35:*.png=01;35:*.svg=01;35:*.svgz=01;35:*.mng=01;35:*.pcx=01;35:*.mov=01;35:*.mpg=01;35:*.mpeg=01;35:*.m2v=01;35:*.mkv=01;35:*.webm=01;35:*.webp=01;35:*.ogm=01;35:*.mp4=01;35:*.m4v=01;35:*.mp4v=01;35:*.vob=01;35:*.qt=01;35:*.nuv=01;35:*.wmv=01;35:*.asf=01;35:*.rm=01;35:*.rmvb=01;35:*.flc=01;35:*.avi=01;35:*.fli=01;35:*.flv=01;35:*.gl=01;35:*.dl=01;35:*.xcf=01;35:*.xwd=01;35:*.yuv=01;35:*.cgm=01;35:*.emf=01;35:*.ogv=01;35:*.ogx=01;35:*.aac=00;36:*.au=00;36:*.flac=00;36:*.m4a=00;36:*.mid=00;36:*.midi=00;36:*.mka=00;36:*.mp3=00;36:*.mpc=00;36:*.ogg=00;36:*.ra=00;36:*.wav=00;36:*.oga=00;36:*.opus=00;36:*.spx=00;36:*.xspf=00;36:'), ('GNOME_TERMINAL_SERVICE', ':1.363'), ('SSH_AGENT_LAUNCHER', 'gnome-keyring'), ('SSH_AUTH_SOCK', '/run/user/1000/keyring/ssh'), ('AMENT_PREFIX_PATH', '/home/com9/uet_ws/install/ur_calibration:/home/com9/uet_ws/install/ur_robot_driver:/home/com9/uet_ws/install/ur_controllers:/home/com9/uet_ws/install/ur_moveit_config:/home/com9/uet_ws/install/ur_dashboard_msgs:/opt/ros/humble'), ('CONDA_PYTHON_EXE', '/home/com9/miniconda3/bin/python'), ('SHELL', '/bin/bash'), ('QT_ACCESSIBILITY', '1'), ('GDMSESSION', 'ubuntu'), ('LESSCLOSE', '/usr/bin/lesspipe %s %s'), ('_CONDA_EXE', '/home/com9/miniconda3/bin/conda'), ('QT_IM_MODULE', 'ibus'), ('PWD', '/home/com9/uet_ws/build/ur'), ('LC_ALL', 'en_US.UTF-8'), ('XDG_CONFIG_DIRS', '/etc/xdg/xdg-ubuntu:/etc/xdg'), ('CONDA_EXE', '/home/com9/miniconda3/bin/conda'), ('XDG_DATA_DIRS', '/usr/share/ubuntu:/usr/local/share/:/usr/share/:/var/lib/snapd/desktop'), ('PYTHONPATH', '/home/com9/uet_ws/install/ur_robot_driver/local/lib/python3.10/dist-packages:/home/com9/uet_ws/install/ur_moveit_config/local/lib/python3.10/dist-packages:/home/com9/uet_ws/install/ur_dashboard_msgs/local/lib/python3.10/dist-packages:/opt/ros/humble/lib/python3.10/site-packages:/opt/ros/humble/local/lib/python3.10/dist-packages'), ('COLCON', '1'), ('VTE_VERSION', '6800'), ('CMAKE_PREFIX_PATH', '/home/com9/uet_ws/install/ur_calibration:/home/com9/uet_ws/install/ur_robot_driver:/home/com9/uet_ws/install/ur_controllers:/home/com9/uet_ws/install/ur_moveit_config:/home/com9/uet_ws/install/ur_dashboard_msgs:/opt/ros/humble')]), 'shell': False}
[4.405497] (-) TimerEvent: {}
[4.419856] (ur) CommandEnded: {'returncode': 0}
[4.420616] (ur) JobProgress: {'identifier': 'ur', 'progress': 'install'}
[4.420826] (ur) Command: {'cmd': ['/usr/bin/cmake', '--install', '/home/com9/uet_ws/build/ur'], 'cwd': '/home/com9/uet_ws/build/ur', 'env': OrderedDict([('LESSOPEN', '| /usr/bin/lesspipe %s'), ('CMAKE_BUILD_PARALLEL_LEVEL', '1'), ('USER', 'com9'), ('XDG_SESSION_TYPE', 'wayland'), ('SHLVL', '1'), ('LD_LIBRARY_PATH', '/home/com9/uet_ws/install/ur_robot_driver/lib:/home/com9/uet_ws/install/ur_controllers/lib:/home/com9/uet_ws/install/ur_dashboard_msgs/lib:/opt/ros/humble/opt/rviz_ogre_vendor/lib:/opt/ros/humble/lib/x86_64-linux-gnu:/opt/ros/humble/lib'), ('HOME', '/home/com9'), ('CONDA_SHLVL', '0'), ('CYCLONEDDS_URI', '<CycloneDDS><Domain><General><DontRoute>true</></></></>'), ('OLDPWD', '/home/com9'), ('DESKTOP_SESSION', 'ubuntu'), ('ROS_PYTHON_VERSION', '3'), ('GNOME_SHELL_SESSION_MODE', 'ubuntu'), ('GTK_MODULES', 'gail:atk-bridge'), ('MAKEFLAGS', '-j1'), ('SYSTEMD_EXEC_PID', '17504'), ('IM_CONFIG_CHECK_ENV', '1'), ('DBUS_SESSION_BUS_ADDRESS', 'unix:path=/run/user/1000/bus'), ('COLORTERM', 'truecolor'), ('_CE_M', ''), ('_CONDA_ROOT', '/home/com9/miniconda3'), ('IM_CONFIG_PHASE', '1'), ('WAYLAND_DISPLAY', 'wayland-0'), ('ROS_DISTRO', 'humble'), ('LOGNAME', 'com9'), ('_', '/usr/bin/colcon'), ('ROS_VERSION', '2'), ('XDG_SESSION_CLASS', 'user'), ('USERNAME', 'com9'), ('TERM', 'xterm-256color'), ('GNOME_DESKTOP_SESSION_ID', 'this-is-deprecated'), ('_CE_CONDA', ''), ('ROS_LOCALHOST_ONLY', '0'), ('PATH', '/home/com9/uet_ws/install/ur_robot_driver/bin:/opt/ros/humble/bin:/home/com9/.local/bin:/home/com9/miniconda3/condabin:/home/com9/.local/bin:/home/com9/.local/bin:/home/com9/.local/bin:/home/com9/.local/bin:/usr/local/sbin:/usr/local/bin:/usr/sbin:/usr/bin:/sbin:/bin:/usr/games:/usr/local/games:/snap/bin:/snap/bin'), ('SESSION_MANAGER', 'local/com9:@/tmp/.ICE-unix/17475,unix/com9:/tmp/.ICE-unix/17475'), ('XDG_MENU_PREFIX', 'gnome-'), ('GNOME_TERMINAL_SCREEN', '/org/gnome/Terminal/screen/1e4f803a_2b37_47e5_adad_92bb3b9bc006'), ('GNOME_SETUP_DISPLAY', ':1'), ('XDG_RUNTIME_DIR', '/run/user/1000'), ('DISPLAY', ':0'), ('LANG', 'en_US.UTF-8'), ('XDG_CURRENT_DESKTOP', 'ubuntu:GNOME'), ('XMODIFIERS', '@im=ibus'), ('XDG_SESSION_DESKTOP', 'ubuntu'), ('XAUTHORITY', '/run/user/1000/.mutter-Xwaylandauth.W7ZTS3'), ('LS_COLORS', 'rs=0:di=01;34:ln=01;36:mh=00:pi=40;33:so=01;35:do=01;35:bd=40;33;01:cd=40;33;01:or=40;31;01:mi=00:su=37;41:sg=30;43:ca=30;41:tw=30;42:ow=34;42:st=37;44:ex=01;32:*.tar=01;31:*.tgz=01;31:*.arc=01;31:*.arj=01;31:*.taz=01;31:*.lha=01;31:*.lz4=01;31:*.lzh=01;31:*.lzma=01;31:*.tlz=01;31:*.txz=01;31:*.tzo=01;31:*.t7z=01;31:*.zip=01;31:*.z=01;31:*.dz=01;31:*.gz=01;31:*.lrz=01;31:*.lz=01;31:*.lzo=01;31:*.xz=01;31:*.zst=01;31:*.tzst=01;31:*.bz2=01;31:*.bz=01;31:*.tbz=01;31:*.tbz2=01;31:*.tz=01;31:*.deb=01;31:*.rpm=01;31:*.jar=01;31:*.war=01;31:*.ear=01;31:*.sar=01;31:*.rar=01;31:*.alz=01;31:*.ace=01;31:*.zoo=01;31:*.cpio=01;31:*.7z=01;31:*.rz=01;31:*.cab=01;31:*.wim=01;31:*.swm=01;31:*.dwm=01;31:*.esd=01;31:*.jpg=01;35:*.jpeg=01;35:*.mjpg=01;35:*.mjpeg=01;35:*.gif=01;35:*.bmp=01;35:*.pbm=01;35:*.pgm=01;35:*.ppm=01;35:*.tga=01;35:*.xbm=01;35:*.xpm=01;35:*.tif=01;35:*.tiff=01;35:*.png=01;35:*.svg=01;35:*.svgz=01;35:*.mng=01;35:*.pcx=01;35:*.mov=01;35:*.mpg=01;35:*.mpeg=01;35:*.m2v=01;35:*.mkv=01;35:*.webm=01;35:*.webp=01;35:*.ogm=01;35:*.mp4=01;35:*.m4v=01;35:*.mp4v=01;35:*.vob=01;35:*.qt=01;35:*.nuv=01;35:*.wmv=01;35:*.asf=01;35:*.rm=01;35:*.rmvb=01;35:*.flc=01;35:*.avi=01;35:*.fli=01;35:*.flv=01;35:*.gl=01;35:*.dl=01;35:*.xcf=01;35:*.xwd=01;35:*.yuv=01;35:*.cgm=01;35:*.emf=01;35:*.ogv=01;35:*.ogx=01;35:*.aac=00;36:*.au=00;36:*.flac=00;36:*.m4a=00;36:*.mid=00;36:*.midi=00;36:*.mka=00;36:*.mp3=00;36:*.mpc=00;36:*.ogg=00;36:*.ra=00;36:*.wav=00;36:*.oga=00;36:*.opus=00;36:*.spx=00;36:*.xspf=00;36:'), ('GNOME_TERMINAL_SERVICE', ':1.363'), ('SSH_AGENT_LAUNCHER', 'gnome-keyring'), ('SSH_AUTH_SOCK', '/run/user/1000/keyring/ssh'), ('AMENT_PREFIX_PATH', '/home/com9/uet_ws/install/ur_calibration:/home/com9/uet_ws/install/ur_robot_driver:/home/com9/uet_ws/install/ur_controllers:/home/com9/uet_ws/install/ur_moveit_config:/home/com9/uet_ws/install/ur_dashboard_msgs:/opt/ros/humble'), ('CONDA_PYTHON_EXE', '/home/com9/miniconda3/bin/python'), ('SHELL', '/bin/bash'), ('QT_ACCESSIBILITY', '1'), ('GDMSESSION', 'ubuntu'), ('LESSCLOSE', '/usr/bin/lesspipe %s %s'), ('_CONDA_EXE', '/home/com9/miniconda3/bin/conda'), ('QT_IM_MODULE', 'ibus'), ('PWD', '/home/com9/uet_ws/build/ur'), ('LC_ALL', 'en_US.UTF-8'), ('XDG_CONFIG_DIRS', '/etc/xdg/xdg-ubuntu:/etc/xdg'), ('CONDA_EXE', '/home/com9/miniconda3/bin/conda'), ('XDG_DATA_DIRS', '/usr/share/ubuntu:/usr/local/share/:/usr/share/:/var/lib/snapd/desktop'), ('PYTHONPATH', '/home/com9/uet_ws/install/ur_robot_driver/local/lib/python3.10/dist-packages:/home/com9/uet_ws/install/ur_moveit_config/local/lib/python3.10/dist-packages:/home/com9/uet_ws/install/ur_dashboard_msgs/local/lib/python3.10/dist-packages:/opt/ros/humble/lib/python3.10/site-packages:/opt/ros/humble/local/lib/python3.10/dist-packages'), ('COLCON', '1'), ('VTE_VERSION', '6800'), ('CMAKE_PREFIX_PATH', '/home/com9/uet_ws/install/ur_calibration:/home/com9/uet_ws/install/ur_robot_driver:/home/com9/uet_ws/install/ur_controllers:/home/com9/uet_ws/install/ur_moveit_config:/home/com9/uet_ws/install/ur_dashboard_msgs:/opt/ros/humble')]), 'shell': False}
[4.426851] (ur) StdoutLine: {'line': b'-- Install configuration: ""\n'}
[4.426975] (ur) StdoutLine: {'line': b'-- Up-to-date: /home/com9/uet_ws/install/ur/share/ament_index/resource_index/package_run_dependencies/ur\n'}
[4.427043] (ur) StdoutLine: {'line': b'-- Up-to-date: /home/com9/uet_ws/install/ur/share/ament_index/resource_index/parent_prefix_path/ur\n'}
[4.427083] (ur) StdoutLine: {'line': b'-- Up-to-date: /home/com9/uet_ws/install/ur/share/ur/environment/ament_prefix_path.sh\n'}
[4.427118] (ur) StdoutLine: {'line': b'-- Up-to-date: /home/com9/uet_ws/install/ur/share/ur/environment/ament_prefix_path.dsv\n'}
[4.427169] (ur) StdoutLine: {'line': b'-- Up-to-date: /home/com9/uet_ws/install/ur/share/ur/environment/path.sh\n'}
[4.427202] (ur) StdoutLine: {'line': b'-- Up-to-date: /home/com9/uet_ws/install/ur/share/ur/environment/path.dsv\n'}
[4.427235] (ur) StdoutLine: {'line': b'-- Up-to-date: /home/com9/uet_ws/install/ur/share/ur/local_setup.bash\n'}
[4.427265] (ur) StdoutLine: {'line': b'-- Up-to-date: /home/com9/uet_ws/install/ur/share/ur/local_setup.sh\n'}
[4.427296] (ur) StdoutLine: {'line': b'-- Up-to-date: /home/com9/uet_ws/install/ur/share/ur/local_setup.zsh\n'}
[4.427336] (ur) StdoutLine: {'line': b'-- Up-to-date: /home/com9/uet_ws/install/ur/share/ur/local_setup.dsv\n'}
[4.427365] (ur) StdoutLine: {'line': b'-- Up-to-date: /home/com9/uet_ws/install/ur/share/ur/package.dsv\n'}
[4.427394] (ur) StdoutLine: {'line': b'-- Up-to-date: /home/com9/uet_ws/install/ur/share/ament_index/resource_index/packages/ur\n'}
[4.427430] (ur) StdoutLine: {'line': b'-- Up-to-date: /home/com9/uet_ws/install/ur/share/ur/cmake/urConfig.cmake\n'}
[4.427461] (ur) StdoutLine: {'line': b'-- Up-to-date: /home/com9/uet_ws/install/ur/share/ur/cmake/urConfig-version.cmake\n'}
[4.427489] (ur) StdoutLine: {'line': b'-- Up-to-date: /home/com9/uet_ws/install/ur/share/ur/package.xml\n'}
[4.428135] (ur) CommandEnded: {'returncode': 0}
[4.434789] (ur) JobEnded: {'identifier': 'ur', 'rc': 0}
[4.435090] (-) EventReactorShutdown: {}
