[0.148s] DEBUG:colcon:Command line arguments: ['/usr/bin/colcon', 'build', '--executor', 'sequential', '--event-handlers', 'console_direct+']
[0.148s] DEBUG:colcon:Parsed command line arguments: Namespace(log_base=None, log_level=None, verb_name='build', build_base='build', install_base='install', merge_install=False, symlink_install=False, test_result_base=None, continue_on_error=False, executor='sequential', parallel_workers=16, event_handlers=['console_direct+'], ignore_user_meta=False, metas=['./colcon.meta'], base_paths=['.'], packages_ignore=None, packages_ignore_regex=None, paths=None, packages_up_to=None, packages_up_to_regex=None, packages_above=None, packages_above_and_dependencies=None, packages_above_depth=None, packages_select_by_dep=None, packages_skip_by_dep=None, packages_skip_up_to=None, packages_select_build_failed=False, packages_skip_build_finished=False, packages_select_test_failures=False, packages_skip_test_passed=False, packages_select=None, packages_skip=None, packages_select_regex=None, packages_skip_regex=None, packages_start=None, packages_end=None, allow_overriding=[], cmake_args=None, cmake_target=None, cmake_target_skip_unavailable=False, cmake_clean_cache=False, cmake_clean_first=False, cmake_force_configure=False, ament_cmake_args=None, catkin_cmake_args=None, catkin_skip_building_tests=False, mixin_files=None, mixin=None, verb_parser=<colcon_mixin.mixin.mixin_argument.MixinArgumentDecorator object at 0x7dea21f3f7c0>, verb_extension=<colcon_core.verb.build.BuildVerb object at 0x7dea21f3f0a0>, main=<bound method BuildVerb.main of <colcon_core.verb.build.BuildVerb object at 0x7dea21f3f0a0>>, mixin_verb=('build',))
[0.380s] Level 1:colcon.colcon_core.package_discovery:discover_packages(colcon_meta) check parameters
[0.380s] Level 1:colcon.colcon_core.package_discovery:discover_packages(recursive) check parameters
[0.380s] Level 1:colcon.colcon_core.package_discovery:discover_packages(ignore) check parameters
[0.380s] Level 1:colcon.colcon_core.package_discovery:discover_packages(path) check parameters
[0.380s] Level 1:colcon.colcon_core.package_discovery:discover_packages(colcon_meta) discover
[0.381s] Level 1:colcon.colcon_core.package_discovery:discover_packages(recursive) discover
[0.381s] INFO:colcon.colcon_core.package_discovery:Crawling recursively for packages in '/home/com9/uet_ws'
[0.381s] Level 1:colcon.colcon_core.package_identification:_identify(.) by extensions ['ignore', 'ignore_ament_install']
[0.381s] Level 1:colcon.colcon_core.package_identification:_identify(.) by extension 'ignore'
[0.381s] Level 1:colcon.colcon_core.package_identification:_identify(.) by extension 'ignore_ament_install'
[0.381s] Level 1:colcon.colcon_core.package_identification:_identify(.) by extensions ['colcon_pkg']
[0.381s] Level 1:colcon.colcon_core.package_identification:_identify(.) by extension 'colcon_pkg'
[0.381s] Level 1:colcon.colcon_core.package_identification:_identify(.) by extensions ['colcon_meta']
[0.381s] Level 1:colcon.colcon_core.package_identification:_identify(.) by extension 'colcon_meta'
[0.381s] Level 1:colcon.colcon_core.package_identification:_identify(.) by extensions ['ros']
[0.381s] Level 1:colcon.colcon_core.package_identification:_identify(.) by extension 'ros'
[0.392s] Level 1:colcon.colcon_core.package_identification:_identify(.) by extensions ['cmake', 'python']
[0.392s] Level 1:colcon.colcon_core.package_identification:_identify(.) by extension 'cmake'
[0.392s] Level 1:colcon.colcon_core.package_identification:_identify(.) by extension 'python'
[0.392s] Level 1:colcon.colcon_core.package_identification:_identify(.) by extensions ['python_setup_py']
[0.392s] Level 1:colcon.colcon_core.package_identification:_identify(.) by extension 'python_setup_py'
[0.392s] Level 1:colcon.colcon_core.package_identification:_identify(build) by extensions ['ignore', 'ignore_ament_install']
[0.392s] Level 1:colcon.colcon_core.package_identification:_identify(build) by extension 'ignore'
[0.392s] Level 1:colcon.colcon_core.package_identification:_identify(build) ignored
[0.392s] Level 1:colcon.colcon_core.package_identification:_identify(install) by extensions ['ignore', 'ignore_ament_install']
[0.392s] Level 1:colcon.colcon_core.package_identification:_identify(install) by extension 'ignore'
[0.392s] Level 1:colcon.colcon_core.package_identification:_identify(install) ignored
[0.392s] Level 1:colcon.colcon_core.package_identification:_identify(log) by extensions ['ignore', 'ignore_ament_install']
[0.392s] Level 1:colcon.colcon_core.package_identification:_identify(log) by extension 'ignore'
[0.392s] Level 1:colcon.colcon_core.package_identification:_identify(log) ignored
[0.392s] Level 1:colcon.colcon_core.package_identification:_identify(src) by extensions ['ignore', 'ignore_ament_install']
[0.392s] Level 1:colcon.colcon_core.package_identification:_identify(src) by extension 'ignore'
[0.392s] Level 1:colcon.colcon_core.package_identification:_identify(src) by extension 'ignore_ament_install'
[0.392s] Level 1:colcon.colcon_core.package_identification:_identify(src) by extensions ['colcon_pkg']
[0.392s] Level 1:colcon.colcon_core.package_identification:_identify(src) by extension 'colcon_pkg'
[0.392s] Level 1:colcon.colcon_core.package_identification:_identify(src) by extensions ['colcon_meta']
[0.392s] Level 1:colcon.colcon_core.package_identification:_identify(src) by extension 'colcon_meta'
[0.392s] Level 1:colcon.colcon_core.package_identification:_identify(src) by extensions ['ros']
[0.392s] Level 1:colcon.colcon_core.package_identification:_identify(src) by extension 'ros'
[0.392s] Level 1:colcon.colcon_core.package_identification:_identify(src) by extensions ['cmake', 'python']
[0.392s] Level 1:colcon.colcon_core.package_identification:_identify(src) by extension 'cmake'
[0.392s] Level 1:colcon.colcon_core.package_identification:_identify(src) by extension 'python'
[0.392s] Level 1:colcon.colcon_core.package_identification:_identify(src) by extensions ['python_setup_py']
[0.392s] Level 1:colcon.colcon_core.package_identification:_identify(src) by extension 'python_setup_py'
[0.392s] Level 1:colcon.colcon_core.package_identification:_identify(src/Universal_Robots_ROS2_Driver) by extensions ['ignore', 'ignore_ament_install']
[0.392s] Level 1:colcon.colcon_core.package_identification:_identify(src/Universal_Robots_ROS2_Driver) by extension 'ignore'
[0.392s] Level 1:colcon.colcon_core.package_identification:_identify(src/Universal_Robots_ROS2_Driver) by extension 'ignore_ament_install'
[0.392s] Level 1:colcon.colcon_core.package_identification:_identify(src/Universal_Robots_ROS2_Driver) by extensions ['colcon_pkg']
[0.392s] Level 1:colcon.colcon_core.package_identification:_identify(src/Universal_Robots_ROS2_Driver) by extension 'colcon_pkg'
[0.393s] Level 1:colcon.colcon_core.package_identification:_identify(src/Universal_Robots_ROS2_Driver) by extensions ['colcon_meta']
[0.393s] Level 1:colcon.colcon_core.package_identification:_identify(src/Universal_Robots_ROS2_Driver) by extension 'colcon_meta'
[0.393s] Level 1:colcon.colcon_core.package_identification:_identify(src/Universal_Robots_ROS2_Driver) by extensions ['ros']
[0.393s] Level 1:colcon.colcon_core.package_identification:_identify(src/Universal_Robots_ROS2_Driver) by extension 'ros'
[0.393s] Level 1:colcon.colcon_core.package_identification:_identify(src/Universal_Robots_ROS2_Driver) by extensions ['cmake', 'python']
[0.393s] Level 1:colcon.colcon_core.package_identification:_identify(src/Universal_Robots_ROS2_Driver) by extension 'cmake'
[0.393s] Level 1:colcon.colcon_core.package_identification:_identify(src/Universal_Robots_ROS2_Driver) by extension 'python'
[0.393s] Level 1:colcon.colcon_core.package_identification:_identify(src/Universal_Robots_ROS2_Driver) by extensions ['python_setup_py']
[0.393s] Level 1:colcon.colcon_core.package_identification:_identify(src/Universal_Robots_ROS2_Driver) by extension 'python_setup_py'
[0.393s] Level 1:colcon.colcon_core.package_identification:_identify(src/Universal_Robots_ROS2_Driver/ur) by extensions ['ignore', 'ignore_ament_install']
[0.393s] Level 1:colcon.colcon_core.package_identification:_identify(src/Universal_Robots_ROS2_Driver/ur) by extension 'ignore'
[0.393s] Level 1:colcon.colcon_core.package_identification:_identify(src/Universal_Robots_ROS2_Driver/ur) by extension 'ignore_ament_install'
[0.393s] Level 1:colcon.colcon_core.package_identification:_identify(src/Universal_Robots_ROS2_Driver/ur) by extensions ['colcon_pkg']
[0.393s] Level 1:colcon.colcon_core.package_identification:_identify(src/Universal_Robots_ROS2_Driver/ur) by extension 'colcon_pkg'
[0.393s] Level 1:colcon.colcon_core.package_identification:_identify(src/Universal_Robots_ROS2_Driver/ur) by extensions ['colcon_meta']
[0.393s] Level 1:colcon.colcon_core.package_identification:_identify(src/Universal_Robots_ROS2_Driver/ur) by extension 'colcon_meta'
[0.393s] Level 1:colcon.colcon_core.package_identification:_identify(src/Universal_Robots_ROS2_Driver/ur) by extensions ['ros']
[0.393s] Level 1:colcon.colcon_core.package_identification:_identify(src/Universal_Robots_ROS2_Driver/ur) by extension 'ros'
[0.395s] DEBUG:colcon.colcon_core.package_identification:Package 'src/Universal_Robots_ROS2_Driver/ur' with type 'ros.ament_cmake' and name 'ur'
[0.395s] Level 1:colcon.colcon_core.package_identification:_identify(src/Universal_Robots_ROS2_Driver/ur_bringup) by extensions ['ignore', 'ignore_ament_install']
[0.395s] Level 1:colcon.colcon_core.package_identification:_identify(src/Universal_Robots_ROS2_Driver/ur_bringup) by extension 'ignore'
[0.395s] Level 1:colcon.colcon_core.package_identification:_identify(src/Universal_Robots_ROS2_Driver/ur_bringup) by extension 'ignore_ament_install'
[0.395s] Level 1:colcon.colcon_core.package_identification:_identify(src/Universal_Robots_ROS2_Driver/ur_bringup) by extensions ['colcon_pkg']
[0.395s] Level 1:colcon.colcon_core.package_identification:_identify(src/Universal_Robots_ROS2_Driver/ur_bringup) by extension 'colcon_pkg'
[0.395s] Level 1:colcon.colcon_core.package_identification:_identify(src/Universal_Robots_ROS2_Driver/ur_bringup) by extensions ['colcon_meta']
[0.395s] Level 1:colcon.colcon_core.package_identification:_identify(src/Universal_Robots_ROS2_Driver/ur_bringup) by extension 'colcon_meta'
[0.395s] Level 1:colcon.colcon_core.package_identification:_identify(src/Universal_Robots_ROS2_Driver/ur_bringup) by extensions ['ros']
[0.395s] Level 1:colcon.colcon_core.package_identification:_identify(src/Universal_Robots_ROS2_Driver/ur_bringup) by extension 'ros'
[0.396s] DEBUG:colcon.colcon_core.package_identification:Package 'src/Universal_Robots_ROS2_Driver/ur_bringup' with type 'ros.ament_cmake' and name 'ur_bringup'
[0.396s] Level 1:colcon.colcon_core.package_identification:_identify(src/Universal_Robots_ROS2_Driver/ur_calibration) by extensions ['ignore', 'ignore_ament_install']
[0.396s] Level 1:colcon.colcon_core.package_identification:_identify(src/Universal_Robots_ROS2_Driver/ur_calibration) by extension 'ignore'
[0.396s] Level 1:colcon.colcon_core.package_identification:_identify(src/Universal_Robots_ROS2_Driver/ur_calibration) by extension 'ignore_ament_install'
[0.396s] Level 1:colcon.colcon_core.package_identification:_identify(src/Universal_Robots_ROS2_Driver/ur_calibration) by extensions ['colcon_pkg']
[0.396s] Level 1:colcon.colcon_core.package_identification:_identify(src/Universal_Robots_ROS2_Driver/ur_calibration) by extension 'colcon_pkg'
[0.396s] Level 1:colcon.colcon_core.package_identification:_identify(src/Universal_Robots_ROS2_Driver/ur_calibration) by extensions ['colcon_meta']
[0.396s] Level 1:colcon.colcon_core.package_identification:_identify(src/Universal_Robots_ROS2_Driver/ur_calibration) by extension 'colcon_meta'
[0.396s] Level 1:colcon.colcon_core.package_identification:_identify(src/Universal_Robots_ROS2_Driver/ur_calibration) by extensions ['ros']
[0.396s] Level 1:colcon.colcon_core.package_identification:_identify(src/Universal_Robots_ROS2_Driver/ur_calibration) by extension 'ros'
[0.397s] DEBUG:colcon.colcon_core.package_identification:Package 'src/Universal_Robots_ROS2_Driver/ur_calibration' with type 'ros.ament_cmake' and name 'ur_calibration'
[0.397s] Level 1:colcon.colcon_core.package_identification:_identify(src/Universal_Robots_ROS2_Driver/ur_controllers) by extensions ['ignore', 'ignore_ament_install']
[0.397s] Level 1:colcon.colcon_core.package_identification:_identify(src/Universal_Robots_ROS2_Driver/ur_controllers) by extension 'ignore'
[0.397s] Level 1:colcon.colcon_core.package_identification:_identify(src/Universal_Robots_ROS2_Driver/ur_controllers) by extension 'ignore_ament_install'
[0.397s] Level 1:colcon.colcon_core.package_identification:_identify(src/Universal_Robots_ROS2_Driver/ur_controllers) by extensions ['colcon_pkg']
[0.397s] Level 1:colcon.colcon_core.package_identification:_identify(src/Universal_Robots_ROS2_Driver/ur_controllers) by extension 'colcon_pkg'
[0.397s] Level 1:colcon.colcon_core.package_identification:_identify(src/Universal_Robots_ROS2_Driver/ur_controllers) by extensions ['colcon_meta']
[0.397s] Level 1:colcon.colcon_core.package_identification:_identify(src/Universal_Robots_ROS2_Driver/ur_controllers) by extension 'colcon_meta'
[0.397s] Level 1:colcon.colcon_core.package_identification:_identify(src/Universal_Robots_ROS2_Driver/ur_controllers) by extensions ['ros']
[0.397s] Level 1:colcon.colcon_core.package_identification:_identify(src/Universal_Robots_ROS2_Driver/ur_controllers) by extension 'ros'
[0.399s] DEBUG:colcon.colcon_core.package_identification:Package 'src/Universal_Robots_ROS2_Driver/ur_controllers' with type 'ros.ament_cmake' and name 'ur_controllers'
[0.399s] Level 1:colcon.colcon_core.package_identification:_identify(src/Universal_Robots_ROS2_Driver/ur_dashboard_msgs) by extensions ['ignore', 'ignore_ament_install']
[0.399s] Level 1:colcon.colcon_core.package_identification:_identify(src/Universal_Robots_ROS2_Driver/ur_dashboard_msgs) by extension 'ignore'
[0.399s] Level 1:colcon.colcon_core.package_identification:_identify(src/Universal_Robots_ROS2_Driver/ur_dashboard_msgs) by extension 'ignore_ament_install'
[0.399s] Level 1:colcon.colcon_core.package_identification:_identify(src/Universal_Robots_ROS2_Driver/ur_dashboard_msgs) by extensions ['colcon_pkg']
[0.399s] Level 1:colcon.colcon_core.package_identification:_identify(src/Universal_Robots_ROS2_Driver/ur_dashboard_msgs) by extension 'colcon_pkg'
[0.399s] Level 1:colcon.colcon_core.package_identification:_identify(src/Universal_Robots_ROS2_Driver/ur_dashboard_msgs) by extensions ['colcon_meta']
[0.399s] Level 1:colcon.colcon_core.package_identification:_identify(src/Universal_Robots_ROS2_Driver/ur_dashboard_msgs) by extension 'colcon_meta'
[0.399s] Level 1:colcon.colcon_core.package_identification:_identify(src/Universal_Robots_ROS2_Driver/ur_dashboard_msgs) by extensions ['ros']
[0.399s] Level 1:colcon.colcon_core.package_identification:_identify(src/Universal_Robots_ROS2_Driver/ur_dashboard_msgs) by extension 'ros'
[0.399s] DEBUG:colcon.colcon_core.package_identification:Package 'src/Universal_Robots_ROS2_Driver/ur_dashboard_msgs' with type 'ros.ament_cmake' and name 'ur_dashboard_msgs'
[0.399s] Level 1:colcon.colcon_core.package_identification:_identify(src/Universal_Robots_ROS2_Driver/ur_moveit_config) by extensions ['ignore', 'ignore_ament_install']
[0.400s] Level 1:colcon.colcon_core.package_identification:_identify(src/Universal_Robots_ROS2_Driver/ur_moveit_config) by extension 'ignore'
[0.400s] Level 1:colcon.colcon_core.package_identification:_identify(src/Universal_Robots_ROS2_Driver/ur_moveit_config) by extension 'ignore_ament_install'
[0.400s] Level 1:colcon.colcon_core.package_identification:_identify(src/Universal_Robots_ROS2_Driver/ur_moveit_config) by extensions ['colcon_pkg']
[0.400s] Level 1:colcon.colcon_core.package_identification:_identify(src/Universal_Robots_ROS2_Driver/ur_moveit_config) by extension 'colcon_pkg'
[0.400s] Level 1:colcon.colcon_core.package_identification:_identify(src/Universal_Robots_ROS2_Driver/ur_moveit_config) by extensions ['colcon_meta']
[0.400s] Level 1:colcon.colcon_core.package_identification:_identify(src/Universal_Robots_ROS2_Driver/ur_moveit_config) by extension 'colcon_meta'
[0.400s] Level 1:colcon.colcon_core.package_identification:_identify(src/Universal_Robots_ROS2_Driver/ur_moveit_config) by extensions ['ros']
[0.400s] Level 1:colcon.colcon_core.package_identification:_identify(src/Universal_Robots_ROS2_Driver/ur_moveit_config) by extension 'ros'
[0.400s] DEBUG:colcon.colcon_core.package_identification:Package 'src/Universal_Robots_ROS2_Driver/ur_moveit_config' with type 'ros.ament_cmake' and name 'ur_moveit_config'
[0.400s] Level 1:colcon.colcon_core.package_identification:_identify(src/Universal_Robots_ROS2_Driver/ur_robot_driver) by extensions ['ignore', 'ignore_ament_install']
[0.400s] Level 1:colcon.colcon_core.package_identification:_identify(src/Universal_Robots_ROS2_Driver/ur_robot_driver) by extension 'ignore'
[0.400s] Level 1:colcon.colcon_core.package_identification:_identify(src/Universal_Robots_ROS2_Driver/ur_robot_driver) by extension 'ignore_ament_install'
[0.400s] Level 1:colcon.colcon_core.package_identification:_identify(src/Universal_Robots_ROS2_Driver/ur_robot_driver) by extensions ['colcon_pkg']
[0.400s] Level 1:colcon.colcon_core.package_identification:_identify(src/Universal_Robots_ROS2_Driver/ur_robot_driver) by extension 'colcon_pkg'
[0.400s] Level 1:colcon.colcon_core.package_identification:_identify(src/Universal_Robots_ROS2_Driver/ur_robot_driver) by extensions ['colcon_meta']
[0.400s] Level 1:colcon.colcon_core.package_identification:_identify(src/Universal_Robots_ROS2_Driver/ur_robot_driver) by extension 'colcon_meta'
[0.400s] Level 1:colcon.colcon_core.package_identification:_identify(src/Universal_Robots_ROS2_Driver/ur_robot_driver) by extensions ['ros']
[0.400s] Level 1:colcon.colcon_core.package_identification:_identify(src/Universal_Robots_ROS2_Driver/ur_robot_driver) by extension 'ros'
[0.407s] DEBUG:colcon.colcon_core.package_identification:Package 'src/Universal_Robots_ROS2_Driver/ur_robot_driver' with type 'ros.ament_cmake' and name 'ur_robot_driver'
[0.407s] Level 1:colcon.colcon_core.package_identification:_identify(src/susgrip_2f) by extensions ['ignore', 'ignore_ament_install']
[0.407s] Level 1:colcon.colcon_core.package_identification:_identify(src/susgrip_2f) by extension 'ignore'
[0.407s] Level 1:colcon.colcon_core.package_identification:_identify(src/susgrip_2f) by extension 'ignore_ament_install'
[0.407s] Level 1:colcon.colcon_core.package_identification:_identify(src/susgrip_2f) by extensions ['colcon_pkg']
[0.407s] Level 1:colcon.colcon_core.package_identification:_identify(src/susgrip_2f) by extension 'colcon_pkg'
[0.407s] Level 1:colcon.colcon_core.package_identification:_identify(src/susgrip_2f) by extensions ['colcon_meta']
[0.407s] Level 1:colcon.colcon_core.package_identification:_identify(src/susgrip_2f) by extension 'colcon_meta'
[0.407s] Level 1:colcon.colcon_core.package_identification:_identify(src/susgrip_2f) by extensions ['ros']
[0.407s] Level 1:colcon.colcon_core.package_identification:_identify(src/susgrip_2f) by extension 'ros'
[0.407s] Level 1:colcon.colcon_core.package_identification:_identify(src/susgrip_2f) by extensions ['cmake', 'python']
[0.407s] Level 1:colcon.colcon_core.package_identification:_identify(src/susgrip_2f) by extension 'cmake'
[0.407s] Level 1:colcon.colcon_core.package_identification:_identify(src/susgrip_2f) by extension 'python'
[0.407s] Level 1:colcon.colcon_core.package_identification:_identify(src/susgrip_2f) by extensions ['python_setup_py']
[0.407s] Level 1:colcon.colcon_core.package_identification:_identify(src/susgrip_2f) by extension 'python_setup_py'
[0.408s] Level 1:colcon.colcon_core.package_identification:_identify(src/susgrip_2f/susgrip_2f_control) by extensions ['ignore', 'ignore_ament_install']
[0.408s] Level 1:colcon.colcon_core.package_identification:_identify(src/susgrip_2f/susgrip_2f_control) by extension 'ignore'
[0.408s] Level 1:colcon.colcon_core.package_identification:_identify(src/susgrip_2f/susgrip_2f_control) by extension 'ignore_ament_install'
[0.408s] Level 1:colcon.colcon_core.package_identification:_identify(src/susgrip_2f/susgrip_2f_control) by extensions ['colcon_pkg']
[0.408s] Level 1:colcon.colcon_core.package_identification:_identify(src/susgrip_2f/susgrip_2f_control) by extension 'colcon_pkg'
[0.408s] Level 1:colcon.colcon_core.package_identification:_identify(src/susgrip_2f/susgrip_2f_control) by extensions ['colcon_meta']
[0.408s] Level 1:colcon.colcon_core.package_identification:_identify(src/susgrip_2f/susgrip_2f_control) by extension 'colcon_meta'
[0.408s] Level 1:colcon.colcon_core.package_identification:_identify(src/susgrip_2f/susgrip_2f_control) by extensions ['ros']
[0.408s] Level 1:colcon.colcon_core.package_identification:_identify(src/susgrip_2f/susgrip_2f_control) by extension 'ros'
[0.408s] DEBUG:colcon.colcon_core.package_identification:Package 'src/susgrip_2f/susgrip_2f_control' with type 'ros.ament_python' and name 'susgrip_2f_control'
[0.408s] Level 1:colcon.colcon_core.package_identification:_identify(src/susgrip_2f/susgrip_2f_description) by extensions ['ignore', 'ignore_ament_install']
[0.408s] Level 1:colcon.colcon_core.package_identification:_identify(src/susgrip_2f/susgrip_2f_description) by extension 'ignore'
[0.408s] Level 1:colcon.colcon_core.package_identification:_identify(src/susgrip_2f/susgrip_2f_description) by extension 'ignore_ament_install'
[0.408s] Level 1:colcon.colcon_core.package_identification:_identify(src/susgrip_2f/susgrip_2f_description) by extensions ['colcon_pkg']
[0.408s] Level 1:colcon.colcon_core.package_identification:_identify(src/susgrip_2f/susgrip_2f_description) by extension 'colcon_pkg'
[0.408s] Level 1:colcon.colcon_core.package_identification:_identify(src/susgrip_2f/susgrip_2f_description) by extensions ['colcon_meta']
[0.408s] Level 1:colcon.colcon_core.package_identification:_identify(src/susgrip_2f/susgrip_2f_description) by extension 'colcon_meta'
[0.409s] Level 1:colcon.colcon_core.package_identification:_identify(src/susgrip_2f/susgrip_2f_description) by extensions ['ros']
[0.409s] Level 1:colcon.colcon_core.package_identification:_identify(src/susgrip_2f/susgrip_2f_description) by extension 'ros'
[0.410s] DEBUG:colcon.colcon_core.package_identification:Package 'src/susgrip_2f/susgrip_2f_description' with type 'ros.ament_python' and name 'susgrip_2f_description'
[0.410s] Level 1:colcon.colcon_core.package_identification:_identify(src/susgrip_2f/susgrip_2f_gazebo) by extensions ['ignore', 'ignore_ament_install']
[0.410s] Level 1:colcon.colcon_core.package_identification:_identify(src/susgrip_2f/susgrip_2f_gazebo) by extension 'ignore'
[0.410s] Level 1:colcon.colcon_core.package_identification:_identify(src/susgrip_2f/susgrip_2f_gazebo) by extension 'ignore_ament_install'
[0.410s] Level 1:colcon.colcon_core.package_identification:_identify(src/susgrip_2f/susgrip_2f_gazebo) by extensions ['colcon_pkg']
[0.410s] Level 1:colcon.colcon_core.package_identification:_identify(src/susgrip_2f/susgrip_2f_gazebo) by extension 'colcon_pkg'
[0.410s] Level 1:colcon.colcon_core.package_identification:_identify(src/susgrip_2f/susgrip_2f_gazebo) by extensions ['colcon_meta']
[0.410s] Level 1:colcon.colcon_core.package_identification:_identify(src/susgrip_2f/susgrip_2f_gazebo) by extension 'colcon_meta'
[0.410s] Level 1:colcon.colcon_core.package_identification:_identify(src/susgrip_2f/susgrip_2f_gazebo) by extensions ['ros']
[0.410s] Level 1:colcon.colcon_core.package_identification:_identify(src/susgrip_2f/susgrip_2f_gazebo) by extension 'ros'
[0.411s] DEBUG:colcon.colcon_core.package_identification:Package 'src/susgrip_2f/susgrip_2f_gazebo' with type 'ros.ament_python' and name 'susgrip_2f_gazebo'
[0.411s] Level 1:colcon.colcon_core.package_identification:_identify(src/susgrip_2f/susgrip_2f_hardware) by extensions ['ignore', 'ignore_ament_install']
[0.411s] Level 1:colcon.colcon_core.package_identification:_identify(src/susgrip_2f/susgrip_2f_hardware) by extension 'ignore'
[0.411s] Level 1:colcon.colcon_core.package_identification:_identify(src/susgrip_2f/susgrip_2f_hardware) by extension 'ignore_ament_install'
[0.411s] Level 1:colcon.colcon_core.package_identification:_identify(src/susgrip_2f/susgrip_2f_hardware) by extensions ['colcon_pkg']
[0.411s] Level 1:colcon.colcon_core.package_identification:_identify(src/susgrip_2f/susgrip_2f_hardware) by extension 'colcon_pkg'
[0.411s] Level 1:colcon.colcon_core.package_identification:_identify(src/susgrip_2f/susgrip_2f_hardware) by extensions ['colcon_meta']
[0.411s] Level 1:colcon.colcon_core.package_identification:_identify(src/susgrip_2f/susgrip_2f_hardware) by extension 'colcon_meta'
[0.411s] Level 1:colcon.colcon_core.package_identification:_identify(src/susgrip_2f/susgrip_2f_hardware) by extensions ['ros']
[0.411s] Level 1:colcon.colcon_core.package_identification:_identify(src/susgrip_2f/susgrip_2f_hardware) by extension 'ros'
[0.412s] DEBUG:colcon.colcon_core.package_identification:Package 'src/susgrip_2f/susgrip_2f_hardware' with type 'ros.ament_python' and name 'susgrip_2f_hardware'
[0.412s] Level 1:colcon.colcon_core.package_identification:_identify(src/ur3_moveit_control) by extensions ['ignore', 'ignore_ament_install']
[0.412s] Level 1:colcon.colcon_core.package_identification:_identify(src/ur3_moveit_control) by extension 'ignore'
[0.412s] Level 1:colcon.colcon_core.package_identification:_identify(src/ur3_moveit_control) by extension 'ignore_ament_install'
[0.412s] Level 1:colcon.colcon_core.package_identification:_identify(src/ur3_moveit_control) by extensions ['colcon_pkg']
[0.412s] Level 1:colcon.colcon_core.package_identification:_identify(src/ur3_moveit_control) by extension 'colcon_pkg'
[0.412s] Level 1:colcon.colcon_core.package_identification:_identify(src/ur3_moveit_control) by extensions ['colcon_meta']
[0.412s] Level 1:colcon.colcon_core.package_identification:_identify(src/ur3_moveit_control) by extension 'colcon_meta'
[0.412s] Level 1:colcon.colcon_core.package_identification:_identify(src/ur3_moveit_control) by extensions ['ros']
[0.412s] Level 1:colcon.colcon_core.package_identification:_identify(src/ur3_moveit_control) by extension 'ros'
[0.413s] DEBUG:colcon.colcon_core.package_identification:Package 'src/ur3_moveit_control' with type 'ros.ament_cmake' and name 'ur3_moveit_control'
[0.413s] Level 1:colcon.colcon_core.package_identification:_identify(src/ur_simulation_gz) by extensions ['ignore', 'ignore_ament_install']
[0.413s] Level 1:colcon.colcon_core.package_identification:_identify(src/ur_simulation_gz) by extension 'ignore'
[0.413s] Level 1:colcon.colcon_core.package_identification:_identify(src/ur_simulation_gz) by extension 'ignore_ament_install'
[0.413s] Level 1:colcon.colcon_core.package_identification:_identify(src/ur_simulation_gz) by extensions ['colcon_pkg']
[0.413s] Level 1:colcon.colcon_core.package_identification:_identify(src/ur_simulation_gz) by extension 'colcon_pkg'
[0.413s] Level 1:colcon.colcon_core.package_identification:_identify(src/ur_simulation_gz) by extensions ['colcon_meta']
[0.413s] Level 1:colcon.colcon_core.package_identification:_identify(src/ur_simulation_gz) by extension 'colcon_meta'
[0.413s] Level 1:colcon.colcon_core.package_identification:_identify(src/ur_simulation_gz) by extensions ['ros']
[0.413s] Level 1:colcon.colcon_core.package_identification:_identify(src/ur_simulation_gz) by extension 'ros'
[0.414s] DEBUG:colcon.colcon_core.package_identification:Package 'src/ur_simulation_gz' with type 'ros.ament_cmake' and name 'ur_simulation_gz'
[0.414s] Level 1:colcon.colcon_core.package_identification:_identify(susgrip_2f) by extensions ['ignore', 'ignore_ament_install']
[0.414s] Level 1:colcon.colcon_core.package_identification:_identify(susgrip_2f) by extension 'ignore'
[0.414s] Level 1:colcon.colcon_core.package_identification:_identify(susgrip_2f) by extension 'ignore_ament_install'
[0.414s] Level 1:colcon.colcon_core.package_identification:_identify(susgrip_2f) by extensions ['colcon_pkg']
[0.414s] Level 1:colcon.colcon_core.package_identification:_identify(susgrip_2f) by extension 'colcon_pkg'
[0.414s] Level 1:colcon.colcon_core.package_identification:_identify(susgrip_2f) by extensions ['colcon_meta']
[0.414s] Level 1:colcon.colcon_core.package_identification:_identify(susgrip_2f) by extension 'colcon_meta'
[0.414s] Level 1:colcon.colcon_core.package_identification:_identify(susgrip_2f) by extensions ['ros']
[0.414s] Level 1:colcon.colcon_core.package_identification:_identify(susgrip_2f) by extension 'ros'
[0.414s] Level 1:colcon.colcon_core.package_identification:_identify(susgrip_2f) by extensions ['cmake', 'python']
[0.414s] Level 1:colcon.colcon_core.package_identification:_identify(susgrip_2f) by extension 'cmake'
[0.414s] Level 1:colcon.colcon_core.package_identification:_identify(susgrip_2f) by extension 'python'
[0.414s] Level 1:colcon.colcon_core.package_identification:_identify(susgrip_2f) by extensions ['python_setup_py']
[0.414s] Level 1:colcon.colcon_core.package_identification:_identify(susgrip_2f) by extension 'python_setup_py'
[0.414s] Level 1:colcon.colcon_core.package_identification:_identify(susgrip_2f/susgrip_2f_hardware) by extensions ['ignore', 'ignore_ament_install']
[0.414s] Level 1:colcon.colcon_core.package_identification:_identify(susgrip_2f/susgrip_2f_hardware) by extension 'ignore'
[0.414s] Level 1:colcon.colcon_core.package_identification:_identify(susgrip_2f/susgrip_2f_hardware) by extension 'ignore_ament_install'
[0.414s] Level 1:colcon.colcon_core.package_identification:_identify(susgrip_2f/susgrip_2f_hardware) by extensions ['colcon_pkg']
[0.414s] Level 1:colcon.colcon_core.package_identification:_identify(susgrip_2f/susgrip_2f_hardware) by extension 'colcon_pkg'
[0.414s] Level 1:colcon.colcon_core.package_identification:_identify(susgrip_2f/susgrip_2f_hardware) by extensions ['colcon_meta']
[0.414s] Level 1:colcon.colcon_core.package_identification:_identify(susgrip_2f/susgrip_2f_hardware) by extension 'colcon_meta'
[0.414s] Level 1:colcon.colcon_core.package_identification:_identify(susgrip_2f/susgrip_2f_hardware) by extensions ['ros']
[0.414s] Level 1:colcon.colcon_core.package_identification:_identify(susgrip_2f/susgrip_2f_hardware) by extension 'ros'
[0.414s] Level 1:colcon.colcon_core.package_identification:_identify(susgrip_2f/susgrip_2f_hardware) by extensions ['cmake', 'python']
[0.414s] Level 1:colcon.colcon_core.package_identification:_identify(susgrip_2f/susgrip_2f_hardware) by extension 'cmake'
[0.414s] Level 1:colcon.colcon_core.package_identification:_identify(susgrip_2f/susgrip_2f_hardware) by extension 'python'
[0.414s] Level 1:colcon.colcon_core.package_identification:_identify(susgrip_2f/susgrip_2f_hardware) by extensions ['python_setup_py']
[0.414s] Level 1:colcon.colcon_core.package_identification:_identify(susgrip_2f/susgrip_2f_hardware) by extension 'python_setup_py'
[0.414s] Level 1:colcon.colcon_core.package_identification:_identify(susgrip_2f/susgrip_2f_hardware/susgrip_2f_hardware) by extensions ['ignore', 'ignore_ament_install']
[0.414s] Level 1:colcon.colcon_core.package_identification:_identify(susgrip_2f/susgrip_2f_hardware/susgrip_2f_hardware) by extension 'ignore'
[0.414s] Level 1:colcon.colcon_core.package_identification:_identify(susgrip_2f/susgrip_2f_hardware/susgrip_2f_hardware) by extension 'ignore_ament_install'
[0.414s] Level 1:colcon.colcon_core.package_identification:_identify(susgrip_2f/susgrip_2f_hardware/susgrip_2f_hardware) by extensions ['colcon_pkg']
[0.414s] Level 1:colcon.colcon_core.package_identification:_identify(susgrip_2f/susgrip_2f_hardware/susgrip_2f_hardware) by extension 'colcon_pkg'
[0.414s] Level 1:colcon.colcon_core.package_identification:_identify(susgrip_2f/susgrip_2f_hardware/susgrip_2f_hardware) by extensions ['colcon_meta']
[0.414s] Level 1:colcon.colcon_core.package_identification:_identify(susgrip_2f/susgrip_2f_hardware/susgrip_2f_hardware) by extension 'colcon_meta'
[0.414s] Level 1:colcon.colcon_core.package_identification:_identify(susgrip_2f/susgrip_2f_hardware/susgrip_2f_hardware) by extensions ['ros']
[0.415s] Level 1:colcon.colcon_core.package_identification:_identify(susgrip_2f/susgrip_2f_hardware/susgrip_2f_hardware) by extension 'ros'
[0.415s] Level 1:colcon.colcon_core.package_identification:_identify(susgrip_2f/susgrip_2f_hardware/susgrip_2f_hardware) by extensions ['cmake', 'python']
[0.415s] Level 1:colcon.colcon_core.package_identification:_identify(susgrip_2f/susgrip_2f_hardware/susgrip_2f_hardware) by extension 'cmake'
[0.415s] Level 1:colcon.colcon_core.package_identification:_identify(susgrip_2f/susgrip_2f_hardware/susgrip_2f_hardware) by extension 'python'
[0.415s] Level 1:colcon.colcon_core.package_identification:_identify(susgrip_2f/susgrip_2f_hardware/susgrip_2f_hardware) by extensions ['python_setup_py']
[0.415s] Level 1:colcon.colcon_core.package_identification:_identify(susgrip_2f/susgrip_2f_hardware/susgrip_2f_hardware) by extension 'python_setup_py'
[0.415s] Level 1:colcon.colcon_core.package_discovery:discover_packages(recursive) using defaults
[0.415s] Level 1:colcon.colcon_core.package_discovery:discover_packages(ignore) discover
[0.415s] Level 1:colcon.colcon_core.package_discovery:discover_packages(ignore) using defaults
[0.415s] Level 1:colcon.colcon_core.package_discovery:discover_packages(path) discover
[0.415s] Level 1:colcon.colcon_core.package_discovery:discover_packages(path) using defaults
[0.439s] Level 1:colcon.colcon_core.package_discovery:discover_packages(prefix_path) check parameters
[0.440s] Level 1:colcon.colcon_core.package_discovery:discover_packages(prefix_path) discover
[0.442s] DEBUG:colcon.colcon_installed_package_information.package_discovery:Found 13 installed packages in /home/com9/uet_ws/install
[0.443s] DEBUG:colcon.colcon_installed_package_information.package_discovery:Found 383 installed packages in /opt/ros/humble
[0.444s] Level 1:colcon.colcon_core.package_discovery:discover_packages(prefix_path) using defaults
[0.471s] Level 5:colcon.colcon_core.verb:set package 'susgrip_2f_control' build argument 'cmake_args' from command line to 'None'
[0.471s] Level 5:colcon.colcon_core.verb:set package 'susgrip_2f_control' build argument 'cmake_target' from command line to 'None'
[0.471s] Level 5:colcon.colcon_core.verb:set package 'susgrip_2f_control' build argument 'cmake_target_skip_unavailable' from command line to 'False'
[0.471s] Level 5:colcon.colcon_core.verb:set package 'susgrip_2f_control' build argument 'cmake_clean_cache' from command line to 'False'
[0.471s] Level 5:colcon.colcon_core.verb:set package 'susgrip_2f_control' build argument 'cmake_clean_first' from command line to 'False'
[0.471s] Level 5:colcon.colcon_core.verb:set package 'susgrip_2f_control' build argument 'cmake_force_configure' from command line to 'False'
[0.471s] Level 5:colcon.colcon_core.verb:set package 'susgrip_2f_control' build argument 'ament_cmake_args' from command line to 'None'
[0.471s] Level 5:colcon.colcon_core.verb:set package 'susgrip_2f_control' build argument 'catkin_cmake_args' from command line to 'None'
[0.471s] Level 5:colcon.colcon_core.verb:set package 'susgrip_2f_control' build argument 'catkin_skip_building_tests' from command line to 'False'
[0.471s] DEBUG:colcon.colcon_core.verb:Building package 'susgrip_2f_control' with the following arguments: {'ament_cmake_args': None, 'build_base': '/home/com9/uet_ws/build/susgrip_2f_control', 'catkin_cmake_args': None, 'catkin_skip_building_tests': False, 'cmake_args': None, 'cmake_clean_cache': False, 'cmake_clean_first': False, 'cmake_force_configure': False, 'cmake_target': None, 'cmake_target_skip_unavailable': False, 'install_base': '/home/com9/uet_ws/install/susgrip_2f_control', 'merge_install': False, 'path': '/home/com9/uet_ws/src/susgrip_2f/susgrip_2f_control', 'symlink_install': False, 'test_result_base': None}
[0.472s] Level 5:colcon.colcon_core.verb:set package 'susgrip_2f_description' build argument 'cmake_args' from command line to 'None'
[0.472s] Level 5:colcon.colcon_core.verb:set package 'susgrip_2f_description' build argument 'cmake_target' from command line to 'None'
[0.472s] Level 5:colcon.colcon_core.verb:set package 'susgrip_2f_description' build argument 'cmake_target_skip_unavailable' from command line to 'False'
[0.472s] Level 5:colcon.colcon_core.verb:set package 'susgrip_2f_description' build argument 'cmake_clean_cache' from command line to 'False'
[0.472s] Level 5:colcon.colcon_core.verb:set package 'susgrip_2f_description' build argument 'cmake_clean_first' from command line to 'False'
[0.472s] Level 5:colcon.colcon_core.verb:set package 'susgrip_2f_description' build argument 'cmake_force_configure' from command line to 'False'
[0.472s] Level 5:colcon.colcon_core.verb:set package 'susgrip_2f_description' build argument 'ament_cmake_args' from command line to 'None'
[0.472s] Level 5:colcon.colcon_core.verb:set package 'susgrip_2f_description' build argument 'catkin_cmake_args' from command line to 'None'
[0.472s] Level 5:colcon.colcon_core.verb:set package 'susgrip_2f_description' build argument 'catkin_skip_building_tests' from command line to 'False'
[0.472s] DEBUG:colcon.colcon_core.verb:Building package 'susgrip_2f_description' with the following arguments: {'ament_cmake_args': None, 'build_base': '/home/com9/uet_ws/build/susgrip_2f_description', 'catkin_cmake_args': None, 'catkin_skip_building_tests': False, 'cmake_args': None, 'cmake_clean_cache': False, 'cmake_clean_first': False, 'cmake_force_configure': False, 'cmake_target': None, 'cmake_target_skip_unavailable': False, 'install_base': '/home/com9/uet_ws/install/susgrip_2f_description', 'merge_install': False, 'path': '/home/com9/uet_ws/src/susgrip_2f/susgrip_2f_description', 'symlink_install': False, 'test_result_base': None}
[0.472s] Level 5:colcon.colcon_core.verb:set package 'susgrip_2f_hardware' build argument 'cmake_args' from command line to 'None'
[0.472s] Level 5:colcon.colcon_core.verb:set package 'susgrip_2f_hardware' build argument 'cmake_target' from command line to 'None'
[0.472s] Level 5:colcon.colcon_core.verb:set package 'susgrip_2f_hardware' build argument 'cmake_target_skip_unavailable' from command line to 'False'
[0.472s] Level 5:colcon.colcon_core.verb:set package 'susgrip_2f_hardware' build argument 'cmake_clean_cache' from command line to 'False'
[0.472s] Level 5:colcon.colcon_core.verb:set package 'susgrip_2f_hardware' build argument 'cmake_clean_first' from command line to 'False'
[0.472s] Level 5:colcon.colcon_core.verb:set package 'susgrip_2f_hardware' build argument 'cmake_force_configure' from command line to 'False'
[0.472s] Level 5:colcon.colcon_core.verb:set package 'susgrip_2f_hardware' build argument 'ament_cmake_args' from command line to 'None'
[0.472s] Level 5:colcon.colcon_core.verb:set package 'susgrip_2f_hardware' build argument 'catkin_cmake_args' from command line to 'None'
[0.472s] Level 5:colcon.colcon_core.verb:set package 'susgrip_2f_hardware' build argument 'catkin_skip_building_tests' from command line to 'False'
[0.472s] DEBUG:colcon.colcon_core.verb:Building package 'susgrip_2f_hardware' with the following arguments: {'ament_cmake_args': None, 'build_base': '/home/com9/uet_ws/build/susgrip_2f_hardware', 'catkin_cmake_args': None, 'catkin_skip_building_tests': False, 'cmake_args': None, 'cmake_clean_cache': False, 'cmake_clean_first': False, 'cmake_force_configure': False, 'cmake_target': None, 'cmake_target_skip_unavailable': False, 'install_base': '/home/com9/uet_ws/install/susgrip_2f_hardware', 'merge_install': False, 'path': '/home/com9/uet_ws/src/susgrip_2f/susgrip_2f_hardware', 'symlink_install': False, 'test_result_base': None}
[0.472s] Level 5:colcon.colcon_core.verb:set package 'ur3_moveit_control' build argument 'cmake_args' from command line to 'None'
[0.472s] Level 5:colcon.colcon_core.verb:set package 'ur3_moveit_control' build argument 'cmake_target' from command line to 'None'
[0.472s] Level 5:colcon.colcon_core.verb:set package 'ur3_moveit_control' build argument 'cmake_target_skip_unavailable' from command line to 'False'
[0.472s] Level 5:colcon.colcon_core.verb:set package 'ur3_moveit_control' build argument 'cmake_clean_cache' from command line to 'False'
[0.472s] Level 5:colcon.colcon_core.verb:set package 'ur3_moveit_control' build argument 'cmake_clean_first' from command line to 'False'
[0.472s] Level 5:colcon.colcon_core.verb:set package 'ur3_moveit_control' build argument 'cmake_force_configure' from command line to 'False'
[0.472s] Level 5:colcon.colcon_core.verb:set package 'ur3_moveit_control' build argument 'ament_cmake_args' from command line to 'None'
[0.472s] Level 5:colcon.colcon_core.verb:set package 'ur3_moveit_control' build argument 'catkin_cmake_args' from command line to 'None'
[0.472s] Level 5:colcon.colcon_core.verb:set package 'ur3_moveit_control' build argument 'catkin_skip_building_tests' from command line to 'False'
[0.472s] DEBUG:colcon.colcon_core.verb:Building package 'ur3_moveit_control' with the following arguments: {'ament_cmake_args': None, 'build_base': '/home/com9/uet_ws/build/ur3_moveit_control', 'catkin_cmake_args': None, 'catkin_skip_building_tests': False, 'cmake_args': None, 'cmake_clean_cache': False, 'cmake_clean_first': False, 'cmake_force_configure': False, 'cmake_target': None, 'cmake_target_skip_unavailable': False, 'install_base': '/home/com9/uet_ws/install/ur3_moveit_control', 'merge_install': False, 'path': '/home/com9/uet_ws/src/ur3_moveit_control', 'symlink_install': False, 'test_result_base': None}
[0.473s] Level 5:colcon.colcon_core.verb:set package 'ur_dashboard_msgs' build argument 'cmake_args' from command line to 'None'
[0.473s] Level 5:colcon.colcon_core.verb:set package 'ur_dashboard_msgs' build argument 'cmake_target' from command line to 'None'
[0.473s] Level 5:colcon.colcon_core.verb:set package 'ur_dashboard_msgs' build argument 'cmake_target_skip_unavailable' from command line to 'False'
[0.473s] Level 5:colcon.colcon_core.verb:set package 'ur_dashboard_msgs' build argument 'cmake_clean_cache' from command line to 'False'
[0.473s] Level 5:colcon.colcon_core.verb:set package 'ur_dashboard_msgs' build argument 'cmake_clean_first' from command line to 'False'
[0.473s] Level 5:colcon.colcon_core.verb:set package 'ur_dashboard_msgs' build argument 'cmake_force_configure' from command line to 'False'
[0.473s] Level 5:colcon.colcon_core.verb:set package 'ur_dashboard_msgs' build argument 'ament_cmake_args' from command line to 'None'
[0.473s] Level 5:colcon.colcon_core.verb:set package 'ur_dashboard_msgs' build argument 'catkin_cmake_args' from command line to 'None'
[0.473s] Level 5:colcon.colcon_core.verb:set package 'ur_dashboard_msgs' build argument 'catkin_skip_building_tests' from command line to 'False'
[0.473s] DEBUG:colcon.colcon_core.verb:Building package 'ur_dashboard_msgs' with the following arguments: {'ament_cmake_args': None, 'build_base': '/home/com9/uet_ws/build/ur_dashboard_msgs', 'catkin_cmake_args': None, 'catkin_skip_building_tests': False, 'cmake_args': None, 'cmake_clean_cache': False, 'cmake_clean_first': False, 'cmake_force_configure': False, 'cmake_target': None, 'cmake_target_skip_unavailable': False, 'install_base': '/home/com9/uet_ws/install/ur_dashboard_msgs', 'merge_install': False, 'path': '/home/com9/uet_ws/src/Universal_Robots_ROS2_Driver/ur_dashboard_msgs', 'symlink_install': False, 'test_result_base': None}
[0.473s] Level 5:colcon.colcon_core.verb:set package 'ur_moveit_config' build argument 'cmake_args' from command line to 'None'
[0.473s] Level 5:colcon.colcon_core.verb:set package 'ur_moveit_config' build argument 'cmake_target' from command line to 'None'
[0.473s] Level 5:colcon.colcon_core.verb:set package 'ur_moveit_config' build argument 'cmake_target_skip_unavailable' from command line to 'False'
[0.473s] Level 5:colcon.colcon_core.verb:set package 'ur_moveit_config' build argument 'cmake_clean_cache' from command line to 'False'
[0.473s] Level 5:colcon.colcon_core.verb:set package 'ur_moveit_config' build argument 'cmake_clean_first' from command line to 'False'
[0.473s] Level 5:colcon.colcon_core.verb:set package 'ur_moveit_config' build argument 'cmake_force_configure' from command line to 'False'
[0.473s] Level 5:colcon.colcon_core.verb:set package 'ur_moveit_config' build argument 'ament_cmake_args' from command line to 'None'
[0.473s] Level 5:colcon.colcon_core.verb:set package 'ur_moveit_config' build argument 'catkin_cmake_args' from command line to 'None'
[0.473s] Level 5:colcon.colcon_core.verb:set package 'ur_moveit_config' build argument 'catkin_skip_building_tests' from command line to 'False'
[0.473s] DEBUG:colcon.colcon_core.verb:Building package 'ur_moveit_config' with the following arguments: {'ament_cmake_args': None, 'build_base': '/home/com9/uet_ws/build/ur_moveit_config', 'catkin_cmake_args': None, 'catkin_skip_building_tests': False, 'cmake_args': None, 'cmake_clean_cache': False, 'cmake_clean_first': False, 'cmake_force_configure': False, 'cmake_target': None, 'cmake_target_skip_unavailable': False, 'install_base': '/home/com9/uet_ws/install/ur_moveit_config', 'merge_install': False, 'path': '/home/com9/uet_ws/src/Universal_Robots_ROS2_Driver/ur_moveit_config', 'symlink_install': False, 'test_result_base': None}
[0.473s] Level 5:colcon.colcon_core.verb:set package 'susgrip_2f_gazebo' build argument 'cmake_args' from command line to 'None'
[0.473s] Level 5:colcon.colcon_core.verb:set package 'susgrip_2f_gazebo' build argument 'cmake_target' from command line to 'None'
[0.473s] Level 5:colcon.colcon_core.verb:set package 'susgrip_2f_gazebo' build argument 'cmake_target_skip_unavailable' from command line to 'False'
[0.473s] Level 5:colcon.colcon_core.verb:set package 'susgrip_2f_gazebo' build argument 'cmake_clean_cache' from command line to 'False'
[0.473s] Level 5:colcon.colcon_core.verb:set package 'susgrip_2f_gazebo' build argument 'cmake_clean_first' from command line to 'False'
[0.473s] Level 5:colcon.colcon_core.verb:set package 'susgrip_2f_gazebo' build argument 'cmake_force_configure' from command line to 'False'
[0.473s] Level 5:colcon.colcon_core.verb:set package 'susgrip_2f_gazebo' build argument 'ament_cmake_args' from command line to 'None'
[0.473s] Level 5:colcon.colcon_core.verb:set package 'susgrip_2f_gazebo' build argument 'catkin_cmake_args' from command line to 'None'
[0.473s] Level 5:colcon.colcon_core.verb:set package 'susgrip_2f_gazebo' build argument 'catkin_skip_building_tests' from command line to 'False'
[0.473s] DEBUG:colcon.colcon_core.verb:Building package 'susgrip_2f_gazebo' with the following arguments: {'ament_cmake_args': None, 'build_base': '/home/com9/uet_ws/build/susgrip_2f_gazebo', 'catkin_cmake_args': None, 'catkin_skip_building_tests': False, 'cmake_args': None, 'cmake_clean_cache': False, 'cmake_clean_first': False, 'cmake_force_configure': False, 'cmake_target': None, 'cmake_target_skip_unavailable': False, 'install_base': '/home/com9/uet_ws/install/susgrip_2f_gazebo', 'merge_install': False, 'path': '/home/com9/uet_ws/src/susgrip_2f/susgrip_2f_gazebo', 'symlink_install': False, 'test_result_base': None}
[0.473s] Level 5:colcon.colcon_core.verb:set package 'ur_controllers' build argument 'cmake_args' from command line to 'None'
[0.473s] Level 5:colcon.colcon_core.verb:set package 'ur_controllers' build argument 'cmake_target' from command line to 'None'
[0.474s] Level 5:colcon.colcon_core.verb:set package 'ur_controllers' build argument 'cmake_target_skip_unavailable' from command line to 'False'
[0.474s] Level 5:colcon.colcon_core.verb:set package 'ur_controllers' build argument 'cmake_clean_cache' from command line to 'False'
[0.474s] Level 5:colcon.colcon_core.verb:set package 'ur_controllers' build argument 'cmake_clean_first' from command line to 'False'
[0.474s] Level 5:colcon.colcon_core.verb:set package 'ur_controllers' build argument 'cmake_force_configure' from command line to 'False'
[0.474s] Level 5:colcon.colcon_core.verb:set package 'ur_controllers' build argument 'ament_cmake_args' from command line to 'None'
[0.474s] Level 5:colcon.colcon_core.verb:set package 'ur_controllers' build argument 'catkin_cmake_args' from command line to 'None'
[0.474s] Level 5:colcon.colcon_core.verb:set package 'ur_controllers' build argument 'catkin_skip_building_tests' from command line to 'False'
[0.474s] DEBUG:colcon.colcon_core.verb:Building package 'ur_controllers' with the following arguments: {'ament_cmake_args': None, 'build_base': '/home/com9/uet_ws/build/ur_controllers', 'catkin_cmake_args': None, 'catkin_skip_building_tests': False, 'cmake_args': None, 'cmake_clean_cache': False, 'cmake_clean_first': False, 'cmake_force_configure': False, 'cmake_target': None, 'cmake_target_skip_unavailable': False, 'install_base': '/home/com9/uet_ws/install/ur_controllers', 'merge_install': False, 'path': '/home/com9/uet_ws/src/Universal_Robots_ROS2_Driver/ur_controllers', 'symlink_install': False, 'test_result_base': None}
[0.474s] Level 5:colcon.colcon_core.verb:set package 'ur_bringup' build argument 'cmake_args' from command line to 'None'
[0.474s] Level 5:colcon.colcon_core.verb:set package 'ur_bringup' build argument 'cmake_target' from command line to 'None'
[0.474s] Level 5:colcon.colcon_core.verb:set package 'ur_bringup' build argument 'cmake_target_skip_unavailable' from command line to 'False'
[0.474s] Level 5:colcon.colcon_core.verb:set package 'ur_bringup' build argument 'cmake_clean_cache' from command line to 'False'
[0.474s] Level 5:colcon.colcon_core.verb:set package 'ur_bringup' build argument 'cmake_clean_first' from command line to 'False'
[0.474s] Level 5:colcon.colcon_core.verb:set package 'ur_bringup' build argument 'cmake_force_configure' from command line to 'False'
[0.474s] Level 5:colcon.colcon_core.verb:set package 'ur_bringup' build argument 'ament_cmake_args' from command line to 'None'
[0.474s] Level 5:colcon.colcon_core.verb:set package 'ur_bringup' build argument 'catkin_cmake_args' from command line to 'None'
[0.474s] Level 5:colcon.colcon_core.verb:set package 'ur_bringup' build argument 'catkin_skip_building_tests' from command line to 'False'
[0.474s] DEBUG:colcon.colcon_core.verb:Building package 'ur_bringup' with the following arguments: {'ament_cmake_args': None, 'build_base': '/home/com9/uet_ws/build/ur_bringup', 'catkin_cmake_args': None, 'catkin_skip_building_tests': False, 'cmake_args': None, 'cmake_clean_cache': False, 'cmake_clean_first': False, 'cmake_force_configure': False, 'cmake_target': None, 'cmake_target_skip_unavailable': False, 'install_base': '/home/com9/uet_ws/install/ur_bringup', 'merge_install': False, 'path': '/home/com9/uet_ws/src/Universal_Robots_ROS2_Driver/ur_bringup', 'symlink_install': False, 'test_result_base': None}
[0.474s] Level 5:colcon.colcon_core.verb:set package 'ur_robot_driver' build argument 'cmake_args' from command line to 'None'
[0.474s] Level 5:colcon.colcon_core.verb:set package 'ur_robot_driver' build argument 'cmake_target' from command line to 'None'
[0.474s] Level 5:colcon.colcon_core.verb:set package 'ur_robot_driver' build argument 'cmake_target_skip_unavailable' from command line to 'False'
[0.474s] Level 5:colcon.colcon_core.verb:set package 'ur_robot_driver' build argument 'cmake_clean_cache' from command line to 'False'
[0.474s] Level 5:colcon.colcon_core.verb:set package 'ur_robot_driver' build argument 'cmake_clean_first' from command line to 'False'
[0.474s] Level 5:colcon.colcon_core.verb:set package 'ur_robot_driver' build argument 'cmake_force_configure' from command line to 'False'
[0.474s] Level 5:colcon.colcon_core.verb:set package 'ur_robot_driver' build argument 'ament_cmake_args' from command line to 'None'
[0.474s] Level 5:colcon.colcon_core.verb:set package 'ur_robot_driver' build argument 'catkin_cmake_args' from command line to 'None'
[0.474s] Level 5:colcon.colcon_core.verb:set package 'ur_robot_driver' build argument 'catkin_skip_building_tests' from command line to 'False'
[0.474s] DEBUG:colcon.colcon_core.verb:Building package 'ur_robot_driver' with the following arguments: {'ament_cmake_args': None, 'build_base': '/home/com9/uet_ws/build/ur_robot_driver', 'catkin_cmake_args': None, 'catkin_skip_building_tests': False, 'cmake_args': None, 'cmake_clean_cache': False, 'cmake_clean_first': False, 'cmake_force_configure': False, 'cmake_target': None, 'cmake_target_skip_unavailable': False, 'install_base': '/home/com9/uet_ws/install/ur_robot_driver', 'merge_install': False, 'path': '/home/com9/uet_ws/src/Universal_Robots_ROS2_Driver/ur_robot_driver', 'symlink_install': False, 'test_result_base': None}
[0.474s] Level 5:colcon.colcon_core.verb:set package 'ur_simulation_gz' build argument 'cmake_args' from command line to 'None'
[0.474s] Level 5:colcon.colcon_core.verb:set package 'ur_simulation_gz' build argument 'cmake_target' from command line to 'None'
[0.474s] Level 5:colcon.colcon_core.verb:set package 'ur_simulation_gz' build argument 'cmake_target_skip_unavailable' from command line to 'False'
[0.474s] Level 5:colcon.colcon_core.verb:set package 'ur_simulation_gz' build argument 'cmake_clean_cache' from command line to 'False'
[0.474s] Level 5:colcon.colcon_core.verb:set package 'ur_simulation_gz' build argument 'cmake_clean_first' from command line to 'False'
[0.474s] Level 5:colcon.colcon_core.verb:set package 'ur_simulation_gz' build argument 'cmake_force_configure' from command line to 'False'
[0.474s] Level 5:colcon.colcon_core.verb:set package 'ur_simulation_gz' build argument 'ament_cmake_args' from command line to 'None'
[0.474s] Level 5:colcon.colcon_core.verb:set package 'ur_simulation_gz' build argument 'catkin_cmake_args' from command line to 'None'
[0.474s] Level 5:colcon.colcon_core.verb:set package 'ur_simulation_gz' build argument 'catkin_skip_building_tests' from command line to 'False'
[0.474s] DEBUG:colcon.colcon_core.verb:Building package 'ur_simulation_gz' with the following arguments: {'ament_cmake_args': None, 'build_base': '/home/com9/uet_ws/build/ur_simulation_gz', 'catkin_cmake_args': None, 'catkin_skip_building_tests': False, 'cmake_args': None, 'cmake_clean_cache': False, 'cmake_clean_first': False, 'cmake_force_configure': False, 'cmake_target': None, 'cmake_target_skip_unavailable': False, 'install_base': '/home/com9/uet_ws/install/ur_simulation_gz', 'merge_install': False, 'path': '/home/com9/uet_ws/src/ur_simulation_gz', 'symlink_install': False, 'test_result_base': None}
[0.475s] Level 5:colcon.colcon_core.verb:set package 'ur_calibration' build argument 'cmake_args' from command line to 'None'
[0.475s] Level 5:colcon.colcon_core.verb:set package 'ur_calibration' build argument 'cmake_target' from command line to 'None'
[0.475s] Level 5:colcon.colcon_core.verb:set package 'ur_calibration' build argument 'cmake_target_skip_unavailable' from command line to 'False'
[0.475s] Level 5:colcon.colcon_core.verb:set package 'ur_calibration' build argument 'cmake_clean_cache' from command line to 'False'
[0.475s] Level 5:colcon.colcon_core.verb:set package 'ur_calibration' build argument 'cmake_clean_first' from command line to 'False'
[0.475s] Level 5:colcon.colcon_core.verb:set package 'ur_calibration' build argument 'cmake_force_configure' from command line to 'False'
[0.475s] Level 5:colcon.colcon_core.verb:set package 'ur_calibration' build argument 'ament_cmake_args' from command line to 'None'
[0.475s] Level 5:colcon.colcon_core.verb:set package 'ur_calibration' build argument 'catkin_cmake_args' from command line to 'None'
[0.475s] Level 5:colcon.colcon_core.verb:set package 'ur_calibration' build argument 'catkin_skip_building_tests' from command line to 'False'
[0.475s] DEBUG:colcon.colcon_core.verb:Building package 'ur_calibration' with the following arguments: {'ament_cmake_args': None, 'build_base': '/home/com9/uet_ws/build/ur_calibration', 'catkin_cmake_args': None, 'catkin_skip_building_tests': False, 'cmake_args': None, 'cmake_clean_cache': False, 'cmake_clean_first': False, 'cmake_force_configure': False, 'cmake_target': None, 'cmake_target_skip_unavailable': False, 'install_base': '/home/com9/uet_ws/install/ur_calibration', 'merge_install': False, 'path': '/home/com9/uet_ws/src/Universal_Robots_ROS2_Driver/ur_calibration', 'symlink_install': False, 'test_result_base': None}
[0.475s] Level 5:colcon.colcon_core.verb:set package 'ur' build argument 'cmake_args' from command line to 'None'
[0.475s] Level 5:colcon.colcon_core.verb:set package 'ur' build argument 'cmake_target' from command line to 'None'
[0.475s] Level 5:colcon.colcon_core.verb:set package 'ur' build argument 'cmake_target_skip_unavailable' from command line to 'False'
[0.475s] Level 5:colcon.colcon_core.verb:set package 'ur' build argument 'cmake_clean_cache' from command line to 'False'
[0.475s] Level 5:colcon.colcon_core.verb:set package 'ur' build argument 'cmake_clean_first' from command line to 'False'
[0.475s] Level 5:colcon.colcon_core.verb:set package 'ur' build argument 'cmake_force_configure' from command line to 'False'
[0.475s] Level 5:colcon.colcon_core.verb:set package 'ur' build argument 'ament_cmake_args' from command line to 'None'
[0.475s] Level 5:colcon.colcon_core.verb:set package 'ur' build argument 'catkin_cmake_args' from command line to 'None'
[0.475s] Level 5:colcon.colcon_core.verb:set package 'ur' build argument 'catkin_skip_building_tests' from command line to 'False'
[0.475s] DEBUG:colcon.colcon_core.verb:Building package 'ur' with the following arguments: {'ament_cmake_args': None, 'build_base': '/home/com9/uet_ws/build/ur', 'catkin_cmake_args': None, 'catkin_skip_building_tests': False, 'cmake_args': None, 'cmake_clean_cache': False, 'cmake_clean_first': False, 'cmake_force_configure': False, 'cmake_target': None, 'cmake_target_skip_unavailable': False, 'install_base': '/home/com9/uet_ws/install/ur', 'merge_install': False, 'path': '/home/com9/uet_ws/src/Universal_Robots_ROS2_Driver/ur', 'symlink_install': False, 'test_result_base': None}
[0.475s] INFO:colcon.colcon_core.executor:Executing jobs using 'sequential' executor
[0.476s] DEBUG:colcon.colcon_core.executor.sequential:run_until_complete 'susgrip_2f_control'
[0.476s] INFO:colcon.colcon_ros.task.ament_python.build:Building ROS package in '/home/com9/uet_ws/src/susgrip_2f/susgrip_2f_control' with build type 'ament_python'
[0.476s] Level 1:colcon.colcon_core.shell:create_environment_hook('susgrip_2f_control', 'ament_prefix_path')
[0.480s] INFO:colcon.colcon_core.plugin_system:Skipping extension 'colcon_core.shell.bat': Not used on non-Windows systems
[0.480s] INFO:colcon.colcon_core.shell:Creating environment hook '/home/com9/uet_ws/install/susgrip_2f_control/share/susgrip_2f_control/hook/ament_prefix_path.ps1'
[0.481s] INFO:colcon.colcon_core.shell:Creating environment descriptor '/home/com9/uet_ws/install/susgrip_2f_control/share/susgrip_2f_control/hook/ament_prefix_path.dsv'
[0.481s] INFO:colcon.colcon_core.shell:Creating environment hook '/home/com9/uet_ws/install/susgrip_2f_control/share/susgrip_2f_control/hook/ament_prefix_path.sh'
[0.482s] INFO:colcon.colcon_core.shell:Skip shell extension 'powershell' for command environment: Not usable outside of PowerShell
[0.482s] DEBUG:colcon.colcon_core.shell:Skip shell extension 'dsv' for command environment
[0.633s] INFO:colcon.colcon_core.task.python.build:Building Python package in '/home/com9/uet_ws/src/susgrip_2f/susgrip_2f_control'
[0.633s] INFO:colcon.colcon_core.shell:Skip shell extension 'powershell' for command environment: Not usable outside of PowerShell
[0.633s] DEBUG:colcon.colcon_core.shell:Skip shell extension 'dsv' for command environment
[0.911s] DEBUG:colcon.colcon_core.task.python.build:Available setuptools commands: compile_catalog, sdist, upload_docs, install_scripts, install_headers, saveopts, clean, init_catalog, test, install_egg_info, install_lib, easy_install, register, upload, build_ext, egg_info, dist_info, install, setopt, bdist_dumb, check, build_clib, build_py, symlink_data, bdist, build_scripts, develop, bdist_rpm, extract_messages, update_catalog, bdist_egg, rotate, install_data, build, alias
[0.912s] DEBUG:colcon.colcon_core.event_handler.log_command:Invoking command in '/home/com9/uet_ws/src/susgrip_2f/susgrip_2f_control': PYTHONPATH=/home/com9/uet_ws/build/susgrip_2f_control/prefix_override:/usr/lib/python3/dist-packages/colcon_core/task/python/colcon_distutils_commands:/home/com9/uet_ws/install/susgrip_2f_control/lib/python3.10/site-packages:${PYTHONPATH} /usr/bin/python3 -W ignore:setup.py install is deprecated -W ignore:easy_install command is deprecated setup.py egg_info --egg-base ../../../build/susgrip_2f_control build --build-base /home/com9/uet_ws/build/susgrip_2f_control/build install --record /home/com9/uet_ws/build/susgrip_2f_control/install.log --install-scripts $base/lib/susgrip_2f_control --single-version-externally-managed install_data
[1.078s] DEBUG:colcon.colcon_core.event_handler.log_command:Invoked command in '/home/com9/uet_ws/src/susgrip_2f/susgrip_2f_control' returned '0': PYTHONPATH=/home/com9/uet_ws/build/susgrip_2f_control/prefix_override:/usr/lib/python3/dist-packages/colcon_core/task/python/colcon_distutils_commands:/home/com9/uet_ws/install/susgrip_2f_control/lib/python3.10/site-packages:${PYTHONPATH} /usr/bin/python3 -W ignore:setup.py install is deprecated -W ignore:easy_install command is deprecated setup.py egg_info --egg-base ../../../build/susgrip_2f_control build --build-base /home/com9/uet_ws/build/susgrip_2f_control/build install --record /home/com9/uet_ws/build/susgrip_2f_control/install.log --install-scripts $base/lib/susgrip_2f_control --single-version-externally-managed install_data
[1.082s] Level 1:colcon.colcon_core.environment:checking '/home/com9/uet_ws/install/susgrip_2f_control' for CMake module files
[1.082s] Level 1:colcon.colcon_core.environment:checking '/home/com9/uet_ws/install/susgrip_2f_control' for CMake config files
[1.082s] Level 1:colcon.colcon_core.environment:checking '/home/com9/uet_ws/install/susgrip_2f_control/lib'
[1.082s] Level 1:colcon.colcon_core.environment:checking '/home/com9/uet_ws/install/susgrip_2f_control/bin'
[1.082s] Level 1:colcon.colcon_core.environment:checking '/home/com9/uet_ws/install/susgrip_2f_control/lib/pkgconfig/susgrip_2f_control.pc'
[1.083s] Level 1:colcon.colcon_core.environment:checking '/home/com9/uet_ws/install/susgrip_2f_control/lib/python3.10/site-packages'
[1.083s] Level 1:colcon.colcon_core.shell:create_environment_hook('susgrip_2f_control', 'pythonpath')
[1.083s] INFO:colcon.colcon_core.shell:Creating environment hook '/home/com9/uet_ws/install/susgrip_2f_control/share/susgrip_2f_control/hook/pythonpath.ps1'
[1.083s] INFO:colcon.colcon_core.shell:Creating environment descriptor '/home/com9/uet_ws/install/susgrip_2f_control/share/susgrip_2f_control/hook/pythonpath.dsv'
[1.083s] INFO:colcon.colcon_core.shell:Creating environment hook '/home/com9/uet_ws/install/susgrip_2f_control/share/susgrip_2f_control/hook/pythonpath.sh'
[1.084s] Level 1:colcon.colcon_core.environment:checking '/home/com9/uet_ws/install/susgrip_2f_control/bin'
[1.084s] Level 1:colcon.colcon_core.environment:create_environment_scripts_only(susgrip_2f_control)
[1.084s] INFO:colcon.colcon_core.shell:Creating package script '/home/com9/uet_ws/install/susgrip_2f_control/share/susgrip_2f_control/package.ps1'
[1.085s] INFO:colcon.colcon_core.shell:Creating package descriptor '/home/com9/uet_ws/install/susgrip_2f_control/share/susgrip_2f_control/package.dsv'
[1.085s] INFO:colcon.colcon_core.shell:Creating package script '/home/com9/uet_ws/install/susgrip_2f_control/share/susgrip_2f_control/package.sh'
[1.086s] INFO:colcon.colcon_core.shell:Creating package script '/home/com9/uet_ws/install/susgrip_2f_control/share/susgrip_2f_control/package.bash'
[1.086s] INFO:colcon.colcon_core.shell:Creating package script '/home/com9/uet_ws/install/susgrip_2f_control/share/susgrip_2f_control/package.zsh'
[1.087s] Level 1:colcon.colcon_core.environment:create_file_with_runtime_dependencies(/home/com9/uet_ws/install/susgrip_2f_control/share/colcon-core/packages/susgrip_2f_control)
[1.087s] DEBUG:colcon.colcon_core.executor.sequential:run_until_complete 'susgrip_2f_control' finished with '0'
[1.087s] DEBUG:colcon.colcon_core.executor.sequential:run_until_complete 'susgrip_2f_description'
[1.087s] INFO:colcon.colcon_ros.task.ament_python.build:Building ROS package in '/home/com9/uet_ws/src/susgrip_2f/susgrip_2f_description' with build type 'ament_python'
[1.087s] Level 1:colcon.colcon_core.shell:create_environment_hook('susgrip_2f_description', 'ament_prefix_path')
[1.088s] INFO:colcon.colcon_core.shell:Creating environment hook '/home/com9/uet_ws/install/susgrip_2f_description/share/susgrip_2f_description/hook/ament_prefix_path.ps1'
[1.088s] INFO:colcon.colcon_core.shell:Creating environment descriptor '/home/com9/uet_ws/install/susgrip_2f_description/share/susgrip_2f_description/hook/ament_prefix_path.dsv'
[1.088s] INFO:colcon.colcon_core.shell:Creating environment hook '/home/com9/uet_ws/install/susgrip_2f_description/share/susgrip_2f_description/hook/ament_prefix_path.sh'
[1.088s] INFO:colcon.colcon_core.shell:Skip shell extension 'powershell' for command environment: Not usable outside of PowerShell
[1.088s] DEBUG:colcon.colcon_core.shell:Skip shell extension 'dsv' for command environment
[1.238s] INFO:colcon.colcon_core.task.python.build:Building Python package in '/home/com9/uet_ws/src/susgrip_2f/susgrip_2f_description'
[1.239s] INFO:colcon.colcon_core.shell:Skip shell extension 'powershell' for command environment: Not usable outside of PowerShell
[1.239s] DEBUG:colcon.colcon_core.shell:Skip shell extension 'dsv' for command environment
[1.440s] DEBUG:colcon.colcon_core.task.python.build:Available setuptools commands: compile_catalog, sdist, upload_docs, install_scripts, install_headers, saveopts, clean, init_catalog, test, install_egg_info, install_lib, easy_install, register, upload, build_ext, egg_info, dist_info, install, setopt, bdist_dumb, check, build_clib, build_py, symlink_data, bdist, build_scripts, develop, bdist_rpm, extract_messages, update_catalog, bdist_egg, rotate, install_data, build, alias
[1.442s] DEBUG:colcon.colcon_core.event_handler.log_command:Invoking command in '/home/com9/uet_ws/src/susgrip_2f/susgrip_2f_description': PYTHONPATH=/home/com9/uet_ws/build/susgrip_2f_description/prefix_override:/usr/lib/python3/dist-packages/colcon_core/task/python/colcon_distutils_commands:/home/com9/uet_ws/install/susgrip_2f_description/lib/python3.10/site-packages:${PYTHONPATH} /usr/bin/python3 -W ignore:setup.py install is deprecated -W ignore:easy_install command is deprecated setup.py egg_info --egg-base ../../../build/susgrip_2f_description build --build-base /home/com9/uet_ws/build/susgrip_2f_description/build install --record /home/com9/uet_ws/build/susgrip_2f_description/install.log --install-scripts $base/lib/susgrip_2f_description --single-version-externally-managed install_data
[1.602s] Level 1:colcon.colcon_core.environment:checking '/home/com9/uet_ws/install/susgrip_2f_description' for CMake module files
[1.603s] DEBUG:colcon.colcon_core.event_handler.log_command:Invoked command in '/home/com9/uet_ws/src/susgrip_2f/susgrip_2f_description' returned '0': PYTHONPATH=/home/com9/uet_ws/build/susgrip_2f_description/prefix_override:/usr/lib/python3/dist-packages/colcon_core/task/python/colcon_distutils_commands:/home/com9/uet_ws/install/susgrip_2f_description/lib/python3.10/site-packages:${PYTHONPATH} /usr/bin/python3 -W ignore:setup.py install is deprecated -W ignore:easy_install command is deprecated setup.py egg_info --egg-base ../../../build/susgrip_2f_description build --build-base /home/com9/uet_ws/build/susgrip_2f_description/build install --record /home/com9/uet_ws/build/susgrip_2f_description/install.log --install-scripts $base/lib/susgrip_2f_description --single-version-externally-managed install_data
[1.603s] Level 1:colcon.colcon_core.environment:checking '/home/com9/uet_ws/install/susgrip_2f_description' for CMake config files
[1.603s] Level 1:colcon.colcon_core.environment:checking '/home/com9/uet_ws/install/susgrip_2f_description/lib'
[1.603s] Level 1:colcon.colcon_core.environment:checking '/home/com9/uet_ws/install/susgrip_2f_description/bin'
[1.603s] Level 1:colcon.colcon_core.environment:checking '/home/com9/uet_ws/install/susgrip_2f_description/lib/pkgconfig/susgrip_2f_description.pc'
[1.604s] Level 1:colcon.colcon_core.environment:checking '/home/com9/uet_ws/install/susgrip_2f_description/lib/python3.10/site-packages'
[1.604s] Level 1:colcon.colcon_core.shell:create_environment_hook('susgrip_2f_description', 'pythonpath')
[1.604s] INFO:colcon.colcon_core.shell:Creating environment hook '/home/com9/uet_ws/install/susgrip_2f_description/share/susgrip_2f_description/hook/pythonpath.ps1'
[1.604s] INFO:colcon.colcon_core.shell:Creating environment descriptor '/home/com9/uet_ws/install/susgrip_2f_description/share/susgrip_2f_description/hook/pythonpath.dsv'
[1.604s] INFO:colcon.colcon_core.shell:Creating environment hook '/home/com9/uet_ws/install/susgrip_2f_description/share/susgrip_2f_description/hook/pythonpath.sh'
[1.605s] Level 1:colcon.colcon_core.environment:checking '/home/com9/uet_ws/install/susgrip_2f_description/bin'
[1.605s] Level 1:colcon.colcon_core.environment:create_environment_scripts_only(susgrip_2f_description)
[1.605s] INFO:colcon.colcon_core.shell:Creating package script '/home/com9/uet_ws/install/susgrip_2f_description/share/susgrip_2f_description/package.ps1'
[1.605s] INFO:colcon.colcon_core.shell:Creating package descriptor '/home/com9/uet_ws/install/susgrip_2f_description/share/susgrip_2f_description/package.dsv'
[1.606s] INFO:colcon.colcon_core.shell:Creating package script '/home/com9/uet_ws/install/susgrip_2f_description/share/susgrip_2f_description/package.sh'
[1.606s] INFO:colcon.colcon_core.shell:Creating package script '/home/com9/uet_ws/install/susgrip_2f_description/share/susgrip_2f_description/package.bash'
[1.606s] INFO:colcon.colcon_core.shell:Creating package script '/home/com9/uet_ws/install/susgrip_2f_description/share/susgrip_2f_description/package.zsh'
[1.606s] Level 1:colcon.colcon_core.environment:create_file_with_runtime_dependencies(/home/com9/uet_ws/install/susgrip_2f_description/share/colcon-core/packages/susgrip_2f_description)
[1.606s] DEBUG:colcon.colcon_core.executor.sequential:run_until_complete 'susgrip_2f_description' finished with '0'
[1.606s] DEBUG:colcon.colcon_core.executor.sequential:run_until_complete 'susgrip_2f_hardware'
[1.606s] INFO:colcon.colcon_ros.task.ament_python.build:Building ROS package in '/home/com9/uet_ws/src/susgrip_2f/susgrip_2f_hardware' with build type 'ament_python'
[1.606s] Level 1:colcon.colcon_core.shell:create_environment_hook('susgrip_2f_hardware', 'ament_prefix_path')
[1.607s] INFO:colcon.colcon_core.shell:Creating environment hook '/home/com9/uet_ws/install/susgrip_2f_hardware/share/susgrip_2f_hardware/hook/ament_prefix_path.ps1'
[1.607s] INFO:colcon.colcon_core.shell:Creating environment descriptor '/home/com9/uet_ws/install/susgrip_2f_hardware/share/susgrip_2f_hardware/hook/ament_prefix_path.dsv'
[1.607s] INFO:colcon.colcon_core.shell:Creating environment hook '/home/com9/uet_ws/install/susgrip_2f_hardware/share/susgrip_2f_hardware/hook/ament_prefix_path.sh'
[1.608s] INFO:colcon.colcon_core.shell:Skip shell extension 'powershell' for command environment: Not usable outside of PowerShell
[1.608s] DEBUG:colcon.colcon_core.shell:Skip shell extension 'dsv' for command environment
[1.752s] INFO:colcon.colcon_core.task.python.build:Building Python package in '/home/com9/uet_ws/src/susgrip_2f/susgrip_2f_hardware'
[1.752s] INFO:colcon.colcon_core.shell:Skip shell extension 'powershell' for command environment: Not usable outside of PowerShell
[1.752s] DEBUG:colcon.colcon_core.shell:Skip shell extension 'dsv' for command environment
[1.940s] DEBUG:colcon.colcon_core.task.python.build:Available setuptools commands: compile_catalog, sdist, upload_docs, install_scripts, install_headers, saveopts, clean, init_catalog, test, install_egg_info, install_lib, easy_install, register, upload, build_ext, egg_info, dist_info, install, setopt, bdist_dumb, check, build_clib, build_py, symlink_data, bdist, build_scripts, develop, bdist_rpm, extract_messages, update_catalog, bdist_egg, rotate, install_data, build, alias
[1.941s] DEBUG:colcon.colcon_core.event_handler.log_command:Invoking command in '/home/com9/uet_ws/src/susgrip_2f/susgrip_2f_hardware': PYTHONPATH=/home/com9/uet_ws/build/susgrip_2f_hardware/prefix_override:/usr/lib/python3/dist-packages/colcon_core/task/python/colcon_distutils_commands:/home/com9/uet_ws/install/susgrip_2f_hardware/lib/python3.10/site-packages:${PYTHONPATH} /usr/bin/python3 -W ignore:setup.py install is deprecated -W ignore:easy_install command is deprecated setup.py egg_info --egg-base ../../../build/susgrip_2f_hardware build --build-base /home/com9/uet_ws/build/susgrip_2f_hardware/build install --record /home/com9/uet_ws/build/susgrip_2f_hardware/install.log --install-scripts $base/lib/susgrip_2f_hardware --single-version-externally-managed install_data
[2.105s] Level 1:colcon.colcon_core.environment:checking '/home/com9/uet_ws/install/susgrip_2f_hardware' for CMake module files
[2.105s] DEBUG:colcon.colcon_core.event_handler.log_command:Invoked command in '/home/com9/uet_ws/src/susgrip_2f/susgrip_2f_hardware' returned '0': PYTHONPATH=/home/com9/uet_ws/build/susgrip_2f_hardware/prefix_override:/usr/lib/python3/dist-packages/colcon_core/task/python/colcon_distutils_commands:/home/com9/uet_ws/install/susgrip_2f_hardware/lib/python3.10/site-packages:${PYTHONPATH} /usr/bin/python3 -W ignore:setup.py install is deprecated -W ignore:easy_install command is deprecated setup.py egg_info --egg-base ../../../build/susgrip_2f_hardware build --build-base /home/com9/uet_ws/build/susgrip_2f_hardware/build install --record /home/com9/uet_ws/build/susgrip_2f_hardware/install.log --install-scripts $base/lib/susgrip_2f_hardware --single-version-externally-managed install_data
[2.105s] Level 1:colcon.colcon_core.environment:checking '/home/com9/uet_ws/install/susgrip_2f_hardware' for CMake config files
[2.106s] Level 1:colcon.colcon_core.environment:checking '/home/com9/uet_ws/install/susgrip_2f_hardware/lib'
[2.106s] Level 1:colcon.colcon_core.environment:checking '/home/com9/uet_ws/install/susgrip_2f_hardware/bin'
[2.106s] Level 1:colcon.colcon_core.environment:checking '/home/com9/uet_ws/install/susgrip_2f_hardware/lib/pkgconfig/susgrip_2f_hardware.pc'
[2.106s] Level 1:colcon.colcon_core.environment:checking '/home/com9/uet_ws/install/susgrip_2f_hardware/lib/python3.10/site-packages'
[2.106s] Level 1:colcon.colcon_core.shell:create_environment_hook('susgrip_2f_hardware', 'pythonpath')
[2.106s] INFO:colcon.colcon_core.shell:Creating environment hook '/home/com9/uet_ws/install/susgrip_2f_hardware/share/susgrip_2f_hardware/hook/pythonpath.ps1'
[2.106s] INFO:colcon.colcon_core.shell:Creating environment descriptor '/home/com9/uet_ws/install/susgrip_2f_hardware/share/susgrip_2f_hardware/hook/pythonpath.dsv'
[2.107s] INFO:colcon.colcon_core.shell:Creating environment hook '/home/com9/uet_ws/install/susgrip_2f_hardware/share/susgrip_2f_hardware/hook/pythonpath.sh'
[2.107s] Level 1:colcon.colcon_core.environment:checking '/home/com9/uet_ws/install/susgrip_2f_hardware/bin'
[2.107s] Level 1:colcon.colcon_core.environment:create_environment_scripts_only(susgrip_2f_hardware)
[2.107s] INFO:colcon.colcon_core.shell:Creating package script '/home/com9/uet_ws/install/susgrip_2f_hardware/share/susgrip_2f_hardware/package.ps1'
[2.108s] INFO:colcon.colcon_core.shell:Creating package descriptor '/home/com9/uet_ws/install/susgrip_2f_hardware/share/susgrip_2f_hardware/package.dsv'
[2.108s] INFO:colcon.colcon_core.shell:Creating package script '/home/com9/uet_ws/install/susgrip_2f_hardware/share/susgrip_2f_hardware/package.sh'
[2.108s] INFO:colcon.colcon_core.shell:Creating package script '/home/com9/uet_ws/install/susgrip_2f_hardware/share/susgrip_2f_hardware/package.bash'
[2.108s] INFO:colcon.colcon_core.shell:Creating package script '/home/com9/uet_ws/install/susgrip_2f_hardware/share/susgrip_2f_hardware/package.zsh'
[2.108s] Level 1:colcon.colcon_core.environment:create_file_with_runtime_dependencies(/home/com9/uet_ws/install/susgrip_2f_hardware/share/colcon-core/packages/susgrip_2f_hardware)
[2.109s] DEBUG:colcon.colcon_core.executor.sequential:run_until_complete 'susgrip_2f_hardware' finished with '0'
[2.109s] DEBUG:colcon.colcon_core.executor.sequential:run_until_complete 'ur3_moveit_control'
[2.109s] INFO:colcon.colcon_ros.task.ament_cmake.build:Building ROS package in '/home/com9/uet_ws/src/ur3_moveit_control' with build type 'ament_cmake'
[2.109s] INFO:colcon.colcon_cmake.task.cmake.build:Building CMake package in '/home/com9/uet_ws/src/ur3_moveit_control'
[2.109s] INFO:colcon.colcon_core.shell:Skip shell extension 'powershell' for command environment: Not usable outside of PowerShell
[2.109s] DEBUG:colcon.colcon_core.shell:Skip shell extension 'dsv' for command environment
[2.115s] DEBUG:colcon.colcon_core.event_handler.log_command:Invoking command in '/home/com9/uet_ws/build/ur3_moveit_control': CMAKE_PREFIX_PATH=${CMAKE_PREFIX_PATH}:/home/com9/uet_ws/install/susgrip_2f_hardware:/home/com9/uet_ws/install/susgrip_2f_gazebo:/home/com9/uet_ws/install/susgrip_2f_description:/home/com9/uet_ws/install/susgrip_2f_control:/opt/ros/humble /usr/bin/cmake --build /home/com9/uet_ws/build/ur3_moveit_control
[7.739s] DEBUG:colcon.colcon_core.event_handler.log_command:Invoked command in '/home/com9/uet_ws/build/ur3_moveit_control' returned '0': CMAKE_PREFIX_PATH=${CMAKE_PREFIX_PATH}:/home/com9/uet_ws/install/susgrip_2f_hardware:/home/com9/uet_ws/install/susgrip_2f_gazebo:/home/com9/uet_ws/install/susgrip_2f_description:/home/com9/uet_ws/install/susgrip_2f_control:/opt/ros/humble /usr/bin/cmake --build /home/com9/uet_ws/build/ur3_moveit_control
[7.747s] DEBUG:colcon.colcon_core.event_handler.log_command:Invoking command in '/home/com9/uet_ws/build/ur3_moveit_control': CMAKE_PREFIX_PATH=${CMAKE_PREFIX_PATH}:/home/com9/uet_ws/install/susgrip_2f_hardware:/home/com9/uet_ws/install/susgrip_2f_gazebo:/home/com9/uet_ws/install/susgrip_2f_description:/home/com9/uet_ws/install/susgrip_2f_control:/opt/ros/humble /usr/bin/cmake --install /home/com9/uet_ws/build/ur3_moveit_control
[7.789s] Level 1:colcon.colcon_core.environment:create_environment_scripts_only(ur3_moveit_control)
[7.789s] Level 1:colcon.colcon_core.environment:checking '/home/com9/uet_ws/install/ur3_moveit_control' for CMake module files
[7.789s] DEBUG:colcon.colcon_core.event_handler.log_command:Invoked command in '/home/com9/uet_ws/build/ur3_moveit_control' returned '0': CMAKE_PREFIX_PATH=${CMAKE_PREFIX_PATH}:/home/com9/uet_ws/install/susgrip_2f_hardware:/home/com9/uet_ws/install/susgrip_2f_gazebo:/home/com9/uet_ws/install/susgrip_2f_description:/home/com9/uet_ws/install/susgrip_2f_control:/opt/ros/humble /usr/bin/cmake --install /home/com9/uet_ws/build/ur3_moveit_control
[7.790s] Level 1:colcon.colcon_core.environment:checking '/home/com9/uet_ws/install/ur3_moveit_control' for CMake config files
[7.790s] Level 1:colcon.colcon_core.shell:create_environment_hook('ur3_moveit_control', 'cmake_prefix_path')
[7.790s] INFO:colcon.colcon_core.shell:Creating environment hook '/home/com9/uet_ws/install/ur3_moveit_control/share/ur3_moveit_control/hook/cmake_prefix_path.ps1'
[7.791s] INFO:colcon.colcon_core.shell:Creating environment descriptor '/home/com9/uet_ws/install/ur3_moveit_control/share/ur3_moveit_control/hook/cmake_prefix_path.dsv'
[7.791s] INFO:colcon.colcon_core.shell:Creating environment hook '/home/com9/uet_ws/install/ur3_moveit_control/share/ur3_moveit_control/hook/cmake_prefix_path.sh'
[7.791s] Level 1:colcon.colcon_core.environment:checking '/home/com9/uet_ws/install/ur3_moveit_control/lib'
[7.791s] Level 1:colcon.colcon_core.shell:create_environment_hook('ur3_moveit_control', 'ld_library_path_lib')
[7.791s] INFO:colcon.colcon_core.shell:Creating environment hook '/home/com9/uet_ws/install/ur3_moveit_control/share/ur3_moveit_control/hook/ld_library_path_lib.ps1'
[7.792s] INFO:colcon.colcon_core.shell:Creating environment descriptor '/home/com9/uet_ws/install/ur3_moveit_control/share/ur3_moveit_control/hook/ld_library_path_lib.dsv'
[7.792s] INFO:colcon.colcon_core.shell:Creating environment hook '/home/com9/uet_ws/install/ur3_moveit_control/share/ur3_moveit_control/hook/ld_library_path_lib.sh'
[7.792s] Level 1:colcon.colcon_core.environment:checking '/home/com9/uet_ws/install/ur3_moveit_control/bin'
[7.792s] Level 1:colcon.colcon_core.environment:checking '/home/com9/uet_ws/install/ur3_moveit_control/lib/pkgconfig/ur3_moveit_control.pc'
[7.792s] Level 1:colcon.colcon_core.environment:checking '/home/com9/uet_ws/install/ur3_moveit_control/lib/python3.10/site-packages'
[7.792s] Level 1:colcon.colcon_core.environment:checking '/home/com9/uet_ws/install/ur3_moveit_control/bin'
[7.793s] INFO:colcon.colcon_core.shell:Creating package script '/home/com9/uet_ws/install/ur3_moveit_control/share/ur3_moveit_control/package.ps1'
[7.793s] INFO:colcon.colcon_core.shell:Creating package descriptor '/home/com9/uet_ws/install/ur3_moveit_control/share/ur3_moveit_control/package.dsv'
[7.793s] INFO:colcon.colcon_core.shell:Creating package script '/home/com9/uet_ws/install/ur3_moveit_control/share/ur3_moveit_control/package.sh'
[7.793s] INFO:colcon.colcon_core.shell:Creating package script '/home/com9/uet_ws/install/ur3_moveit_control/share/ur3_moveit_control/package.bash'
[7.794s] INFO:colcon.colcon_core.shell:Creating package script '/home/com9/uet_ws/install/ur3_moveit_control/share/ur3_moveit_control/package.zsh'
[7.794s] Level 1:colcon.colcon_core.environment:create_file_with_runtime_dependencies(/home/com9/uet_ws/install/ur3_moveit_control/share/colcon-core/packages/ur3_moveit_control)
[7.794s] Level 1:colcon.colcon_core.environment:create_environment_scripts_only(ur3_moveit_control)
[7.794s] Level 1:colcon.colcon_core.environment:checking '/home/com9/uet_ws/install/ur3_moveit_control' for CMake module files
[7.795s] Level 1:colcon.colcon_core.environment:checking '/home/com9/uet_ws/install/ur3_moveit_control' for CMake config files
[7.795s] Level 1:colcon.colcon_core.shell:create_environment_hook('ur3_moveit_control', 'cmake_prefix_path')
[7.795s] INFO:colcon.colcon_core.shell:Creating environment hook '/home/com9/uet_ws/install/ur3_moveit_control/share/ur3_moveit_control/hook/cmake_prefix_path.ps1'
[7.795s] INFO:colcon.colcon_core.shell:Creating environment descriptor '/home/com9/uet_ws/install/ur3_moveit_control/share/ur3_moveit_control/hook/cmake_prefix_path.dsv'
[7.795s] INFO:colcon.colcon_core.shell:Creating environment hook '/home/com9/uet_ws/install/ur3_moveit_control/share/ur3_moveit_control/hook/cmake_prefix_path.sh'
[7.796s] Level 1:colcon.colcon_core.environment:checking '/home/com9/uet_ws/install/ur3_moveit_control/lib'
[7.796s] Level 1:colcon.colcon_core.shell:create_environment_hook('ur3_moveit_control', 'ld_library_path_lib')
[7.796s] INFO:colcon.colcon_core.shell:Creating environment hook '/home/com9/uet_ws/install/ur3_moveit_control/share/ur3_moveit_control/hook/ld_library_path_lib.ps1'
[7.796s] INFO:colcon.colcon_core.shell:Creating environment descriptor '/home/com9/uet_ws/install/ur3_moveit_control/share/ur3_moveit_control/hook/ld_library_path_lib.dsv'
[7.796s] INFO:colcon.colcon_core.shell:Creating environment hook '/home/com9/uet_ws/install/ur3_moveit_control/share/ur3_moveit_control/hook/ld_library_path_lib.sh'
[7.796s] Level 1:colcon.colcon_core.environment:checking '/home/com9/uet_ws/install/ur3_moveit_control/bin'
[7.796s] Level 1:colcon.colcon_core.environment:checking '/home/com9/uet_ws/install/ur3_moveit_control/lib/pkgconfig/ur3_moveit_control.pc'
[7.797s] Level 1:colcon.colcon_core.environment:checking '/home/com9/uet_ws/install/ur3_moveit_control/lib/python3.10/site-packages'
[7.797s] Level 1:colcon.colcon_core.environment:checking '/home/com9/uet_ws/install/ur3_moveit_control/bin'
[7.797s] INFO:colcon.colcon_core.shell:Creating package script '/home/com9/uet_ws/install/ur3_moveit_control/share/ur3_moveit_control/package.ps1'
[7.797s] INFO:colcon.colcon_core.shell:Creating package descriptor '/home/com9/uet_ws/install/ur3_moveit_control/share/ur3_moveit_control/package.dsv'
[7.798s] INFO:colcon.colcon_core.shell:Creating package script '/home/com9/uet_ws/install/ur3_moveit_control/share/ur3_moveit_control/package.sh'
[7.798s] INFO:colcon.colcon_core.shell:Creating package script '/home/com9/uet_ws/install/ur3_moveit_control/share/ur3_moveit_control/package.bash'
[7.798s] INFO:colcon.colcon_core.shell:Creating package script '/home/com9/uet_ws/install/ur3_moveit_control/share/ur3_moveit_control/package.zsh'
[7.798s] Level 1:colcon.colcon_core.environment:create_file_with_runtime_dependencies(/home/com9/uet_ws/install/ur3_moveit_control/share/colcon-core/packages/ur3_moveit_control)
[7.798s] DEBUG:colcon.colcon_core.executor.sequential:run_until_complete 'ur3_moveit_control' finished with '0'
[7.798s] DEBUG:colcon.colcon_core.executor.sequential:run_until_complete 'ur_dashboard_msgs'
[7.798s] INFO:colcon.colcon_ros.task.ament_cmake.build:Building ROS package in '/home/com9/uet_ws/src/Universal_Robots_ROS2_Driver/ur_dashboard_msgs' with build type 'ament_cmake'
[7.798s] INFO:colcon.colcon_cmake.task.cmake.build:Building CMake package in '/home/com9/uet_ws/src/Universal_Robots_ROS2_Driver/ur_dashboard_msgs'
[7.799s] INFO:colcon.colcon_core.shell:Skip shell extension 'powershell' for command environment: Not usable outside of PowerShell
[7.799s] DEBUG:colcon.colcon_core.shell:Skip shell extension 'dsv' for command environment
[7.804s] DEBUG:colcon.colcon_core.event_handler.log_command:Invoking command in '/home/com9/uet_ws/build/ur_dashboard_msgs': CMAKE_PREFIX_PATH=${CMAKE_PREFIX_PATH}:/home/com9/uet_ws/install/susgrip_2f_hardware:/home/com9/uet_ws/install/susgrip_2f_gazebo:/home/com9/uet_ws/install/susgrip_2f_description:/home/com9/uet_ws/install/susgrip_2f_control:/opt/ros/humble /usr/bin/cmake --build /home/com9/uet_ws/build/ur_dashboard_msgs
[8.355s] DEBUG:colcon.colcon_core.event_handler.log_command:Invoked command in '/home/com9/uet_ws/build/ur_dashboard_msgs' returned '0': CMAKE_PREFIX_PATH=${CMAKE_PREFIX_PATH}:/home/com9/uet_ws/install/susgrip_2f_hardware:/home/com9/uet_ws/install/susgrip_2f_gazebo:/home/com9/uet_ws/install/susgrip_2f_description:/home/com9/uet_ws/install/susgrip_2f_control:/opt/ros/humble /usr/bin/cmake --build /home/com9/uet_ws/build/ur_dashboard_msgs
[8.356s] DEBUG:colcon.colcon_core.event_handler.log_command:Invoking command in '/home/com9/uet_ws/build/ur_dashboard_msgs': CMAKE_PREFIX_PATH=${CMAKE_PREFIX_PATH}:/home/com9/uet_ws/install/susgrip_2f_hardware:/home/com9/uet_ws/install/susgrip_2f_gazebo:/home/com9/uet_ws/install/susgrip_2f_description:/home/com9/uet_ws/install/susgrip_2f_control:/opt/ros/humble /usr/bin/cmake --install /home/com9/uet_ws/build/ur_dashboard_msgs
[8.415s] Level 1:colcon.colcon_core.environment:create_environment_scripts_only(ur_dashboard_msgs)
[8.415s] Level 1:colcon.colcon_core.environment:checking '/home/com9/uet_ws/install/ur_dashboard_msgs' for CMake module files
[8.415s] DEBUG:colcon.colcon_core.event_handler.log_command:Invoked command in '/home/com9/uet_ws/build/ur_dashboard_msgs' returned '0': CMAKE_PREFIX_PATH=${CMAKE_PREFIX_PATH}:/home/com9/uet_ws/install/susgrip_2f_hardware:/home/com9/uet_ws/install/susgrip_2f_gazebo:/home/com9/uet_ws/install/susgrip_2f_description:/home/com9/uet_ws/install/susgrip_2f_control:/opt/ros/humble /usr/bin/cmake --install /home/com9/uet_ws/build/ur_dashboard_msgs
[8.416s] Level 1:colcon.colcon_core.environment:checking '/home/com9/uet_ws/install/ur_dashboard_msgs' for CMake config files
[8.417s] Level 1:colcon.colcon_core.shell:create_environment_hook('ur_dashboard_msgs', 'cmake_prefix_path')
[8.417s] INFO:colcon.colcon_core.shell:Creating environment hook '/home/com9/uet_ws/install/ur_dashboard_msgs/share/ur_dashboard_msgs/hook/cmake_prefix_path.ps1'
[8.417s] INFO:colcon.colcon_core.shell:Creating environment descriptor '/home/com9/uet_ws/install/ur_dashboard_msgs/share/ur_dashboard_msgs/hook/cmake_prefix_path.dsv'
[8.418s] INFO:colcon.colcon_core.shell:Creating environment hook '/home/com9/uet_ws/install/ur_dashboard_msgs/share/ur_dashboard_msgs/hook/cmake_prefix_path.sh'
[8.418s] Level 1:colcon.colcon_core.environment:checking '/home/com9/uet_ws/install/ur_dashboard_msgs/lib'
[8.418s] Level 1:colcon.colcon_core.shell:create_environment_hook('ur_dashboard_msgs', 'ld_library_path_lib')
[8.418s] INFO:colcon.colcon_core.shell:Creating environment hook '/home/com9/uet_ws/install/ur_dashboard_msgs/share/ur_dashboard_msgs/hook/ld_library_path_lib.ps1'
[8.418s] INFO:colcon.colcon_core.shell:Creating environment descriptor '/home/com9/uet_ws/install/ur_dashboard_msgs/share/ur_dashboard_msgs/hook/ld_library_path_lib.dsv'
[8.419s] INFO:colcon.colcon_core.shell:Creating environment hook '/home/com9/uet_ws/install/ur_dashboard_msgs/share/ur_dashboard_msgs/hook/ld_library_path_lib.sh'
[8.419s] Level 1:colcon.colcon_core.environment:checking '/home/com9/uet_ws/install/ur_dashboard_msgs/bin'
[8.419s] Level 1:colcon.colcon_core.environment:checking '/home/com9/uet_ws/install/ur_dashboard_msgs/lib/pkgconfig/ur_dashboard_msgs.pc'
[8.419s] Level 1:colcon.colcon_core.environment:checking '/home/com9/uet_ws/install/ur_dashboard_msgs/lib/python3.10/site-packages'
[8.419s] Level 1:colcon.colcon_core.environment:checking '/home/com9/uet_ws/install/ur_dashboard_msgs/bin'
[8.420s] INFO:colcon.colcon_core.shell:Creating package script '/home/com9/uet_ws/install/ur_dashboard_msgs/share/ur_dashboard_msgs/package.ps1'
[8.420s] INFO:colcon.colcon_core.shell:Creating package descriptor '/home/com9/uet_ws/install/ur_dashboard_msgs/share/ur_dashboard_msgs/package.dsv'
[8.420s] INFO:colcon.colcon_core.shell:Creating package script '/home/com9/uet_ws/install/ur_dashboard_msgs/share/ur_dashboard_msgs/package.sh'
[8.421s] INFO:colcon.colcon_core.shell:Creating package script '/home/com9/uet_ws/install/ur_dashboard_msgs/share/ur_dashboard_msgs/package.bash'
[8.421s] INFO:colcon.colcon_core.shell:Creating package script '/home/com9/uet_ws/install/ur_dashboard_msgs/share/ur_dashboard_msgs/package.zsh'
[8.421s] Level 1:colcon.colcon_core.environment:create_file_with_runtime_dependencies(/home/com9/uet_ws/install/ur_dashboard_msgs/share/colcon-core/packages/ur_dashboard_msgs)
[8.421s] Level 1:colcon.colcon_core.environment:create_environment_scripts_only(ur_dashboard_msgs)
[8.421s] Level 1:colcon.colcon_core.environment:checking '/home/com9/uet_ws/install/ur_dashboard_msgs' for CMake module files
[8.422s] Level 1:colcon.colcon_core.environment:checking '/home/com9/uet_ws/install/ur_dashboard_msgs' for CMake config files
[8.422s] Level 1:colcon.colcon_core.shell:create_environment_hook('ur_dashboard_msgs', 'cmake_prefix_path')
[8.423s] INFO:colcon.colcon_core.shell:Creating environment hook '/home/com9/uet_ws/install/ur_dashboard_msgs/share/ur_dashboard_msgs/hook/cmake_prefix_path.ps1'
[8.423s] INFO:colcon.colcon_core.shell:Creating environment descriptor '/home/com9/uet_ws/install/ur_dashboard_msgs/share/ur_dashboard_msgs/hook/cmake_prefix_path.dsv'
[8.423s] INFO:colcon.colcon_core.shell:Creating environment hook '/home/com9/uet_ws/install/ur_dashboard_msgs/share/ur_dashboard_msgs/hook/cmake_prefix_path.sh'
[8.423s] Level 1:colcon.colcon_core.environment:checking '/home/com9/uet_ws/install/ur_dashboard_msgs/lib'
[8.423s] Level 1:colcon.colcon_core.shell:create_environment_hook('ur_dashboard_msgs', 'ld_library_path_lib')
[8.423s] INFO:colcon.colcon_core.shell:Creating environment hook '/home/com9/uet_ws/install/ur_dashboard_msgs/share/ur_dashboard_msgs/hook/ld_library_path_lib.ps1'
[8.424s] INFO:colcon.colcon_core.shell:Creating environment descriptor '/home/com9/uet_ws/install/ur_dashboard_msgs/share/ur_dashboard_msgs/hook/ld_library_path_lib.dsv'
[8.424s] INFO:colcon.colcon_core.shell:Creating environment hook '/home/com9/uet_ws/install/ur_dashboard_msgs/share/ur_dashboard_msgs/hook/ld_library_path_lib.sh'
[8.424s] Level 1:colcon.colcon_core.environment:checking '/home/com9/uet_ws/install/ur_dashboard_msgs/bin'
[8.424s] Level 1:colcon.colcon_core.environment:checking '/home/com9/uet_ws/install/ur_dashboard_msgs/lib/pkgconfig/ur_dashboard_msgs.pc'
[8.424s] Level 1:colcon.colcon_core.environment:checking '/home/com9/uet_ws/install/ur_dashboard_msgs/lib/python3.10/site-packages'
[8.424s] Level 1:colcon.colcon_core.environment:checking '/home/com9/uet_ws/install/ur_dashboard_msgs/bin'
[8.425s] INFO:colcon.colcon_core.shell:Creating package script '/home/com9/uet_ws/install/ur_dashboard_msgs/share/ur_dashboard_msgs/package.ps1'
[8.425s] INFO:colcon.colcon_core.shell:Creating package descriptor '/home/com9/uet_ws/install/ur_dashboard_msgs/share/ur_dashboard_msgs/package.dsv'
[8.425s] INFO:colcon.colcon_core.shell:Creating package script '/home/com9/uet_ws/install/ur_dashboard_msgs/share/ur_dashboard_msgs/package.sh'
[8.425s] INFO:colcon.colcon_core.shell:Creating package script '/home/com9/uet_ws/install/ur_dashboard_msgs/share/ur_dashboard_msgs/package.bash'
[8.426s] INFO:colcon.colcon_core.shell:Creating package script '/home/com9/uet_ws/install/ur_dashboard_msgs/share/ur_dashboard_msgs/package.zsh'
[8.426s] Level 1:colcon.colcon_core.environment:create_file_with_runtime_dependencies(/home/com9/uet_ws/install/ur_dashboard_msgs/share/colcon-core/packages/ur_dashboard_msgs)
[8.426s] DEBUG:colcon.colcon_core.executor.sequential:run_until_complete 'ur_dashboard_msgs' finished with '0'
[8.426s] DEBUG:colcon.colcon_core.executor.sequential:run_until_complete 'ur_moveit_config'
[8.426s] INFO:colcon.colcon_ros.task.ament_cmake.build:Building ROS package in '/home/com9/uet_ws/src/Universal_Robots_ROS2_Driver/ur_moveit_config' with build type 'ament_cmake'
[8.426s] INFO:colcon.colcon_cmake.task.cmake.build:Building CMake package in '/home/com9/uet_ws/src/Universal_Robots_ROS2_Driver/ur_moveit_config'
[8.426s] INFO:colcon.colcon_core.shell:Skip shell extension 'powershell' for command environment: Not usable outside of PowerShell
[8.426s] DEBUG:colcon.colcon_core.shell:Skip shell extension 'dsv' for command environment
[8.431s] DEBUG:colcon.colcon_core.event_handler.log_command:Invoking command in '/home/com9/uet_ws/build/ur_moveit_config': CMAKE_PREFIX_PATH=${CMAKE_PREFIX_PATH}:/home/com9/uet_ws/install/susgrip_2f_hardware:/home/com9/uet_ws/install/susgrip_2f_gazebo:/home/com9/uet_ws/install/susgrip_2f_description:/home/com9/uet_ws/install/susgrip_2f_control:/opt/ros/humble /usr/bin/cmake --build /home/com9/uet_ws/build/ur_moveit_config
[8.645s] DEBUG:colcon.colcon_core.event_handler.log_command:Invoked command in '/home/com9/uet_ws/build/ur_moveit_config' returned '0': CMAKE_PREFIX_PATH=${CMAKE_PREFIX_PATH}:/home/com9/uet_ws/install/susgrip_2f_hardware:/home/com9/uet_ws/install/susgrip_2f_gazebo:/home/com9/uet_ws/install/susgrip_2f_description:/home/com9/uet_ws/install/susgrip_2f_control:/opt/ros/humble /usr/bin/cmake --build /home/com9/uet_ws/build/ur_moveit_config
[8.647s] DEBUG:colcon.colcon_core.event_handler.log_command:Invoking command in '/home/com9/uet_ws/build/ur_moveit_config': CMAKE_PREFIX_PATH=${CMAKE_PREFIX_PATH}:/home/com9/uet_ws/install/susgrip_2f_hardware:/home/com9/uet_ws/install/susgrip_2f_gazebo:/home/com9/uet_ws/install/susgrip_2f_description:/home/com9/uet_ws/install/susgrip_2f_control:/opt/ros/humble /usr/bin/cmake --install /home/com9/uet_ws/build/ur_moveit_config
[8.724s] Level 1:colcon.colcon_core.environment:create_environment_scripts_only(ur_moveit_config)
[8.725s] Level 1:colcon.colcon_core.environment:checking '/home/com9/uet_ws/install/ur_moveit_config' for CMake module files
[8.725s] DEBUG:colcon.colcon_core.event_handler.log_command:Invoked command in '/home/com9/uet_ws/build/ur_moveit_config' returned '0': CMAKE_PREFIX_PATH=${CMAKE_PREFIX_PATH}:/home/com9/uet_ws/install/susgrip_2f_hardware:/home/com9/uet_ws/install/susgrip_2f_gazebo:/home/com9/uet_ws/install/susgrip_2f_description:/home/com9/uet_ws/install/susgrip_2f_control:/opt/ros/humble /usr/bin/cmake --install /home/com9/uet_ws/build/ur_moveit_config
[8.725s] Level 1:colcon.colcon_core.environment:checking '/home/com9/uet_ws/install/ur_moveit_config' for CMake config files
[8.726s] Level 1:colcon.colcon_core.shell:create_environment_hook('ur_moveit_config', 'cmake_prefix_path')
[8.726s] INFO:colcon.colcon_core.shell:Creating environment hook '/home/com9/uet_ws/install/ur_moveit_config/share/ur_moveit_config/hook/cmake_prefix_path.ps1'
[8.727s] INFO:colcon.colcon_core.shell:Creating environment descriptor '/home/com9/uet_ws/install/ur_moveit_config/share/ur_moveit_config/hook/cmake_prefix_path.dsv'
[8.727s] INFO:colcon.colcon_core.shell:Creating environment hook '/home/com9/uet_ws/install/ur_moveit_config/share/ur_moveit_config/hook/cmake_prefix_path.sh'
[8.728s] Level 1:colcon.colcon_core.environment:checking '/home/com9/uet_ws/install/ur_moveit_config/bin'
[8.728s] Level 1:colcon.colcon_core.environment:checking '/home/com9/uet_ws/install/ur_moveit_config/lib/pkgconfig/ur_moveit_config.pc'
[8.728s] Level 1:colcon.colcon_core.environment:checking '/home/com9/uet_ws/install/ur_moveit_config/lib/python3.10/site-packages'
[8.728s] Level 1:colcon.colcon_core.environment:checking '/home/com9/uet_ws/install/ur_moveit_config/bin'
[8.728s] INFO:colcon.colcon_core.shell:Creating package script '/home/com9/uet_ws/install/ur_moveit_config/share/ur_moveit_config/package.ps1'
[8.729s] INFO:colcon.colcon_core.shell:Creating package descriptor '/home/com9/uet_ws/install/ur_moveit_config/share/ur_moveit_config/package.dsv'
[8.729s] INFO:colcon.colcon_core.shell:Creating package script '/home/com9/uet_ws/install/ur_moveit_config/share/ur_moveit_config/package.sh'
[8.729s] INFO:colcon.colcon_core.shell:Creating package script '/home/com9/uet_ws/install/ur_moveit_config/share/ur_moveit_config/package.bash'
[8.729s] INFO:colcon.colcon_core.shell:Creating package script '/home/com9/uet_ws/install/ur_moveit_config/share/ur_moveit_config/package.zsh'
[8.730s] Level 1:colcon.colcon_core.environment:create_file_with_runtime_dependencies(/home/com9/uet_ws/install/ur_moveit_config/share/colcon-core/packages/ur_moveit_config)
[8.730s] Level 1:colcon.colcon_core.environment:create_environment_scripts_only(ur_moveit_config)
[8.730s] Level 1:colcon.colcon_core.environment:checking '/home/com9/uet_ws/install/ur_moveit_config' for CMake module files
[8.730s] Level 1:colcon.colcon_core.environment:checking '/home/com9/uet_ws/install/ur_moveit_config' for CMake config files
[8.730s] Level 1:colcon.colcon_core.shell:create_environment_hook('ur_moveit_config', 'cmake_prefix_path')
[8.731s] INFO:colcon.colcon_core.shell:Creating environment hook '/home/com9/uet_ws/install/ur_moveit_config/share/ur_moveit_config/hook/cmake_prefix_path.ps1'
[8.731s] INFO:colcon.colcon_core.shell:Creating environment descriptor '/home/com9/uet_ws/install/ur_moveit_config/share/ur_moveit_config/hook/cmake_prefix_path.dsv'
[8.731s] INFO:colcon.colcon_core.shell:Creating environment hook '/home/com9/uet_ws/install/ur_moveit_config/share/ur_moveit_config/hook/cmake_prefix_path.sh'
[8.731s] Level 1:colcon.colcon_core.environment:checking '/home/com9/uet_ws/install/ur_moveit_config/bin'
[8.731s] Level 1:colcon.colcon_core.environment:checking '/home/com9/uet_ws/install/ur_moveit_config/lib/pkgconfig/ur_moveit_config.pc'
[8.731s] Level 1:colcon.colcon_core.environment:checking '/home/com9/uet_ws/install/ur_moveit_config/lib/python3.10/site-packages'
[8.732s] Level 1:colcon.colcon_core.environment:checking '/home/com9/uet_ws/install/ur_moveit_config/bin'
[8.732s] INFO:colcon.colcon_core.shell:Creating package script '/home/com9/uet_ws/install/ur_moveit_config/share/ur_moveit_config/package.ps1'
[8.732s] INFO:colcon.colcon_core.shell:Creating package descriptor '/home/com9/uet_ws/install/ur_moveit_config/share/ur_moveit_config/package.dsv'
[8.732s] INFO:colcon.colcon_core.shell:Creating package script '/home/com9/uet_ws/install/ur_moveit_config/share/ur_moveit_config/package.sh'
[8.733s] INFO:colcon.colcon_core.shell:Creating package script '/home/com9/uet_ws/install/ur_moveit_config/share/ur_moveit_config/package.bash'
[8.733s] INFO:colcon.colcon_core.shell:Creating package script '/home/com9/uet_ws/install/ur_moveit_config/share/ur_moveit_config/package.zsh'
[8.733s] Level 1:colcon.colcon_core.environment:create_file_with_runtime_dependencies(/home/com9/uet_ws/install/ur_moveit_config/share/colcon-core/packages/ur_moveit_config)
[8.733s] DEBUG:colcon.colcon_core.executor.sequential:run_until_complete 'ur_moveit_config' finished with '0'
[8.733s] DEBUG:colcon.colcon_core.executor.sequential:run_until_complete 'susgrip_2f_gazebo'
[8.733s] INFO:colcon.colcon_ros.task.ament_python.build:Building ROS package in '/home/com9/uet_ws/src/susgrip_2f/susgrip_2f_gazebo' with build type 'ament_python'
[8.733s] Level 1:colcon.colcon_core.shell:create_environment_hook('susgrip_2f_gazebo', 'ament_prefix_path')
[8.733s] INFO:colcon.colcon_core.shell:Creating environment hook '/home/com9/uet_ws/install/susgrip_2f_gazebo/share/susgrip_2f_gazebo/hook/ament_prefix_path.ps1'
[8.734s] INFO:colcon.colcon_core.shell:Creating environment descriptor '/home/com9/uet_ws/install/susgrip_2f_gazebo/share/susgrip_2f_gazebo/hook/ament_prefix_path.dsv'
[8.734s] INFO:colcon.colcon_core.shell:Creating environment hook '/home/com9/uet_ws/install/susgrip_2f_gazebo/share/susgrip_2f_gazebo/hook/ament_prefix_path.sh'
[8.734s] INFO:colcon.colcon_core.shell:Skip shell extension 'powershell' for command environment: Not usable outside of PowerShell
[8.734s] DEBUG:colcon.colcon_core.shell:Skip shell extension 'dsv' for command environment
[8.892s] INFO:colcon.colcon_core.task.python.build:Building Python package in '/home/com9/uet_ws/src/susgrip_2f/susgrip_2f_gazebo'
[8.892s] INFO:colcon.colcon_core.shell:Skip shell extension 'powershell' for command environment: Not usable outside of PowerShell
[8.892s] DEBUG:colcon.colcon_core.shell:Skip shell extension 'dsv' for command environment
[9.101s] DEBUG:colcon.colcon_core.task.python.build:Available setuptools commands: compile_catalog, sdist, upload_docs, install_scripts, install_headers, saveopts, clean, init_catalog, test, install_egg_info, install_lib, easy_install, register, upload, build_ext, egg_info, dist_info, install, setopt, bdist_dumb, check, build_clib, build_py, symlink_data, bdist, build_scripts, develop, bdist_rpm, extract_messages, update_catalog, bdist_egg, rotate, install_data, build, alias
[9.103s] DEBUG:colcon.colcon_core.event_handler.log_command:Invoking command in '/home/com9/uet_ws/src/susgrip_2f/susgrip_2f_gazebo': AMENT_PREFIX_PATH=/home/com9/uet_ws/install/susgrip_2f_description:/home/com9/uet_ws/install/ur_simulation_gz:/home/com9/uet_ws/install/ur:/home/com9/uet_ws/install/ur_calibration:/home/com9/uet_ws/install/ur_robot_driver:/home/com9/uet_ws/install/ur_moveit_config:/home/com9/uet_ws/install/ur_bringup:/home/com9/uet_ws/install/ur_controllers:/home/com9/uet_ws/install/ur_dashboard_msgs:/home/com9/uet_ws/install/ur3_moveit_control:/home/com9/uet_ws/install/susgrip_2f_hardware:/home/com9/uet_ws/install/susgrip_2f_gazebo:/home/com9/uet_ws/install/susgrip_2f_control:/opt/ros/humble PYTHONPATH=/home/com9/uet_ws/build/susgrip_2f_gazebo/prefix_override:/usr/lib/python3/dist-packages/colcon_core/task/python/colcon_distutils_commands:/home/com9/uet_ws/install/susgrip_2f_gazebo/lib/python3.10/site-packages:/home/com9/uet_ws/install/susgrip_2f_description/lib/python3.10/site-packages:/home/com9/uet_ws/install/ur_robot_driver/local/lib/python3.10/dist-packages:/home/com9/uet_ws/install/ur_moveit_config/local/lib/python3.10/dist-packages:/home/com9/uet_ws/install/ur_dashboard_msgs/local/lib/python3.10/dist-packages:/home/com9/uet_ws/install/ur3_moveit_control/local/lib/python3.10/dist-packages:/home/com9/uet_ws/install/susgrip_2f_hardware/lib/python3.10/site-packages:/home/com9/uet_ws/install/susgrip_2f_gazebo/lib/python3.10/site-packages:/home/com9/uet_ws/install/susgrip_2f_control/lib/python3.10/site-packages:/opt/ros/humble/lib/python3.10/site-packages:/opt/ros/humble/local/lib/python3.10/dist-packages /usr/bin/python3 -W ignore:setup.py install is deprecated -W ignore:easy_install command is deprecated setup.py egg_info --egg-base ../../../build/susgrip_2f_gazebo build --build-base /home/com9/uet_ws/build/susgrip_2f_gazebo/build install --record /home/com9/uet_ws/build/susgrip_2f_gazebo/install.log --install-scripts $base/lib/susgrip_2f_gazebo --single-version-externally-managed install_data
[9.273s] Level 1:colcon.colcon_core.environment:checking '/home/com9/uet_ws/install/susgrip_2f_gazebo' for CMake module files
[9.274s] DEBUG:colcon.colcon_core.event_handler.log_command:Invoked command in '/home/com9/uet_ws/src/susgrip_2f/susgrip_2f_gazebo' returned '0': AMENT_PREFIX_PATH=/home/com9/uet_ws/install/susgrip_2f_description:/home/com9/uet_ws/install/ur_simulation_gz:/home/com9/uet_ws/install/ur:/home/com9/uet_ws/install/ur_calibration:/home/com9/uet_ws/install/ur_robot_driver:/home/com9/uet_ws/install/ur_moveit_config:/home/com9/uet_ws/install/ur_bringup:/home/com9/uet_ws/install/ur_controllers:/home/com9/uet_ws/install/ur_dashboard_msgs:/home/com9/uet_ws/install/ur3_moveit_control:/home/com9/uet_ws/install/susgrip_2f_hardware:/home/com9/uet_ws/install/susgrip_2f_gazebo:/home/com9/uet_ws/install/susgrip_2f_control:/opt/ros/humble PYTHONPATH=/home/com9/uet_ws/build/susgrip_2f_gazebo/prefix_override:/usr/lib/python3/dist-packages/colcon_core/task/python/colcon_distutils_commands:/home/com9/uet_ws/install/susgrip_2f_gazebo/lib/python3.10/site-packages:/home/com9/uet_ws/install/susgrip_2f_description/lib/python3.10/site-packages:/home/com9/uet_ws/install/ur_robot_driver/local/lib/python3.10/dist-packages:/home/com9/uet_ws/install/ur_moveit_config/local/lib/python3.10/dist-packages:/home/com9/uet_ws/install/ur_dashboard_msgs/local/lib/python3.10/dist-packages:/home/com9/uet_ws/install/ur3_moveit_control/local/lib/python3.10/dist-packages:/home/com9/uet_ws/install/susgrip_2f_hardware/lib/python3.10/site-packages:/home/com9/uet_ws/install/susgrip_2f_gazebo/lib/python3.10/site-packages:/home/com9/uet_ws/install/susgrip_2f_control/lib/python3.10/site-packages:/opt/ros/humble/lib/python3.10/site-packages:/opt/ros/humble/local/lib/python3.10/dist-packages /usr/bin/python3 -W ignore:setup.py install is deprecated -W ignore:easy_install command is deprecated setup.py egg_info --egg-base ../../../build/susgrip_2f_gazebo build --build-base /home/com9/uet_ws/build/susgrip_2f_gazebo/build install --record /home/com9/uet_ws/build/susgrip_2f_gazebo/install.log --install-scripts $base/lib/susgrip_2f_gazebo --single-version-externally-managed install_data
[9.274s] Level 1:colcon.colcon_core.environment:checking '/home/com9/uet_ws/install/susgrip_2f_gazebo' for CMake config files
[9.275s] Level 1:colcon.colcon_core.environment:checking '/home/com9/uet_ws/install/susgrip_2f_gazebo/lib'
[9.275s] Level 1:colcon.colcon_core.environment:checking '/home/com9/uet_ws/install/susgrip_2f_gazebo/bin'
[9.275s] Level 1:colcon.colcon_core.environment:checking '/home/com9/uet_ws/install/susgrip_2f_gazebo/lib/pkgconfig/susgrip_2f_gazebo.pc'
[9.275s] Level 1:colcon.colcon_core.environment:checking '/home/com9/uet_ws/install/susgrip_2f_gazebo/lib/python3.10/site-packages'
[9.275s] Level 1:colcon.colcon_core.shell:create_environment_hook('susgrip_2f_gazebo', 'pythonpath')
[9.275s] INFO:colcon.colcon_core.shell:Creating environment hook '/home/com9/uet_ws/install/susgrip_2f_gazebo/share/susgrip_2f_gazebo/hook/pythonpath.ps1'
[9.276s] INFO:colcon.colcon_core.shell:Creating environment descriptor '/home/com9/uet_ws/install/susgrip_2f_gazebo/share/susgrip_2f_gazebo/hook/pythonpath.dsv'
[9.276s] INFO:colcon.colcon_core.shell:Creating environment hook '/home/com9/uet_ws/install/susgrip_2f_gazebo/share/susgrip_2f_gazebo/hook/pythonpath.sh'
[9.277s] Level 1:colcon.colcon_core.environment:checking '/home/com9/uet_ws/install/susgrip_2f_gazebo/bin'
[9.277s] Level 1:colcon.colcon_core.environment:create_environment_scripts_only(susgrip_2f_gazebo)
[9.277s] INFO:colcon.colcon_core.shell:Creating package script '/home/com9/uet_ws/install/susgrip_2f_gazebo/share/susgrip_2f_gazebo/package.ps1'
[9.277s] INFO:colcon.colcon_core.shell:Creating package descriptor '/home/com9/uet_ws/install/susgrip_2f_gazebo/share/susgrip_2f_gazebo/package.dsv'
[9.277s] INFO:colcon.colcon_core.shell:Creating package script '/home/com9/uet_ws/install/susgrip_2f_gazebo/share/susgrip_2f_gazebo/package.sh'
[9.278s] INFO:colcon.colcon_core.shell:Creating package script '/home/com9/uet_ws/install/susgrip_2f_gazebo/share/susgrip_2f_gazebo/package.bash'
[9.278s] INFO:colcon.colcon_core.shell:Creating package script '/home/com9/uet_ws/install/susgrip_2f_gazebo/share/susgrip_2f_gazebo/package.zsh'
[9.278s] Level 1:colcon.colcon_core.environment:create_file_with_runtime_dependencies(/home/com9/uet_ws/install/susgrip_2f_gazebo/share/colcon-core/packages/susgrip_2f_gazebo)
[9.278s] DEBUG:colcon.colcon_core.executor.sequential:run_until_complete 'susgrip_2f_gazebo' finished with '0'
[9.278s] DEBUG:colcon.colcon_core.executor.sequential:run_until_complete 'ur_controllers'
[9.278s] INFO:colcon.colcon_ros.task.ament_cmake.build:Building ROS package in '/home/com9/uet_ws/src/Universal_Robots_ROS2_Driver/ur_controllers' with build type 'ament_cmake'
[9.278s] INFO:colcon.colcon_cmake.task.cmake.build:Building CMake package in '/home/com9/uet_ws/src/Universal_Robots_ROS2_Driver/ur_controllers'
[9.278s] INFO:colcon.colcon_core.shell:Skip shell extension 'powershell' for command environment: Not usable outside of PowerShell
[9.278s] DEBUG:colcon.colcon_core.shell:Skip shell extension 'dsv' for command environment
[9.288s] DEBUG:colcon.colcon_core.event_handler.log_command:Invoking command in '/home/com9/uet_ws/build/ur_controllers': CMAKE_PREFIX_PATH=/home/com9/uet_ws/install/ur_dashboard_msgs:/home/com9/uet_ws/install/ur_simulation_gz:/home/com9/uet_ws/install/ur:/home/com9/uet_ws/install/ur_calibration:/home/com9/uet_ws/install/ur_robot_driver:/home/com9/uet_ws/install/ur_moveit_config:/home/com9/uet_ws/install/ur_bringup:/home/com9/uet_ws/install/ur_controllers:/home/com9/uet_ws/install/ur3_moveit_control:/home/com9/uet_ws/install/susgrip_2f_hardware:/home/com9/uet_ws/install/susgrip_2f_gazebo:/home/com9/uet_ws/install/susgrip_2f_description:/home/com9/uet_ws/install/susgrip_2f_control:/opt/ros/humble LD_LIBRARY_PATH=/home/com9/uet_ws/install/ur_dashboard_msgs/lib:/home/com9/uet_ws/install/ur_robot_driver/lib:/home/com9/uet_ws/install/ur_controllers/lib:/home/com9/uet_ws/install/ur3_moveit_control/lib:/opt/ros/humble/opt/rviz_ogre_vendor/lib:/opt/ros/humble/lib/x86_64-linux-gnu:/opt/ros/humble/lib /usr/bin/cmake --build /home/com9/uet_ws/build/ur_controllers
[9.672s] DEBUG:colcon.colcon_core.event_handler.log_command:Invoked command in '/home/com9/uet_ws/build/ur_controllers' returned '0': CMAKE_PREFIX_PATH=/home/com9/uet_ws/install/ur_dashboard_msgs:/home/com9/uet_ws/install/ur_simulation_gz:/home/com9/uet_ws/install/ur:/home/com9/uet_ws/install/ur_calibration:/home/com9/uet_ws/install/ur_robot_driver:/home/com9/uet_ws/install/ur_moveit_config:/home/com9/uet_ws/install/ur_bringup:/home/com9/uet_ws/install/ur_controllers:/home/com9/uet_ws/install/ur3_moveit_control:/home/com9/uet_ws/install/susgrip_2f_hardware:/home/com9/uet_ws/install/susgrip_2f_gazebo:/home/com9/uet_ws/install/susgrip_2f_description:/home/com9/uet_ws/install/susgrip_2f_control:/opt/ros/humble LD_LIBRARY_PATH=/home/com9/uet_ws/install/ur_dashboard_msgs/lib:/home/com9/uet_ws/install/ur_robot_driver/lib:/home/com9/uet_ws/install/ur_controllers/lib:/home/com9/uet_ws/install/ur3_moveit_control/lib:/opt/ros/humble/opt/rviz_ogre_vendor/lib:/opt/ros/humble/lib/x86_64-linux-gnu:/opt/ros/humble/lib /usr/bin/cmake --build /home/com9/uet_ws/build/ur_controllers
[9.674s] DEBUG:colcon.colcon_core.event_handler.log_command:Invoking command in '/home/com9/uet_ws/build/ur_controllers': CMAKE_PREFIX_PATH=/home/com9/uet_ws/install/ur_dashboard_msgs:/home/com9/uet_ws/install/ur_simulation_gz:/home/com9/uet_ws/install/ur:/home/com9/uet_ws/install/ur_calibration:/home/com9/uet_ws/install/ur_robot_driver:/home/com9/uet_ws/install/ur_moveit_config:/home/com9/uet_ws/install/ur_bringup:/home/com9/uet_ws/install/ur_controllers:/home/com9/uet_ws/install/ur3_moveit_control:/home/com9/uet_ws/install/susgrip_2f_hardware:/home/com9/uet_ws/install/susgrip_2f_gazebo:/home/com9/uet_ws/install/susgrip_2f_description:/home/com9/uet_ws/install/susgrip_2f_control:/opt/ros/humble LD_LIBRARY_PATH=/home/com9/uet_ws/install/ur_dashboard_msgs/lib:/home/com9/uet_ws/install/ur_robot_driver/lib:/home/com9/uet_ws/install/ur_controllers/lib:/home/com9/uet_ws/install/ur3_moveit_control/lib:/opt/ros/humble/opt/rviz_ogre_vendor/lib:/opt/ros/humble/lib/x86_64-linux-gnu:/opt/ros/humble/lib /usr/bin/cmake --install /home/com9/uet_ws/build/ur_controllers
[9.685s] Level 1:colcon.colcon_core.environment:create_environment_scripts_only(ur_controllers)
[9.686s] Level 1:colcon.colcon_core.environment:checking '/home/com9/uet_ws/install/ur_controllers' for CMake module files
[9.687s] Level 1:colcon.colcon_core.environment:checking '/home/com9/uet_ws/install/ur_controllers' for CMake config files
[9.687s] DEBUG:colcon.colcon_core.event_handler.log_command:Invoked command in '/home/com9/uet_ws/build/ur_controllers' returned '0': CMAKE_PREFIX_PATH=/home/com9/uet_ws/install/ur_dashboard_msgs:/home/com9/uet_ws/install/ur_simulation_gz:/home/com9/uet_ws/install/ur:/home/com9/uet_ws/install/ur_calibration:/home/com9/uet_ws/install/ur_robot_driver:/home/com9/uet_ws/install/ur_moveit_config:/home/com9/uet_ws/install/ur_bringup:/home/com9/uet_ws/install/ur_controllers:/home/com9/uet_ws/install/ur3_moveit_control:/home/com9/uet_ws/install/susgrip_2f_hardware:/home/com9/uet_ws/install/susgrip_2f_gazebo:/home/com9/uet_ws/install/susgrip_2f_description:/home/com9/uet_ws/install/susgrip_2f_control:/opt/ros/humble LD_LIBRARY_PATH=/home/com9/uet_ws/install/ur_dashboard_msgs/lib:/home/com9/uet_ws/install/ur_robot_driver/lib:/home/com9/uet_ws/install/ur_controllers/lib:/home/com9/uet_ws/install/ur3_moveit_control/lib:/opt/ros/humble/opt/rviz_ogre_vendor/lib:/opt/ros/humble/lib/x86_64-linux-gnu:/opt/ros/humble/lib /usr/bin/cmake --install /home/com9/uet_ws/build/ur_controllers
[9.688s] Level 1:colcon.colcon_core.shell:create_environment_hook('ur_controllers', 'cmake_prefix_path')
[9.688s] INFO:colcon.colcon_core.shell:Creating environment hook '/home/com9/uet_ws/install/ur_controllers/share/ur_controllers/hook/cmake_prefix_path.ps1'
[9.688s] INFO:colcon.colcon_core.shell:Creating environment descriptor '/home/com9/uet_ws/install/ur_controllers/share/ur_controllers/hook/cmake_prefix_path.dsv'
[9.688s] INFO:colcon.colcon_core.shell:Creating environment hook '/home/com9/uet_ws/install/ur_controllers/share/ur_controllers/hook/cmake_prefix_path.sh'
[9.689s] Level 1:colcon.colcon_core.environment:checking '/home/com9/uet_ws/install/ur_controllers/lib'
[9.689s] Level 1:colcon.colcon_core.shell:create_environment_hook('ur_controllers', 'ld_library_path_lib')
[9.689s] INFO:colcon.colcon_core.shell:Creating environment hook '/home/com9/uet_ws/install/ur_controllers/share/ur_controllers/hook/ld_library_path_lib.ps1'
[9.689s] INFO:colcon.colcon_core.shell:Creating environment descriptor '/home/com9/uet_ws/install/ur_controllers/share/ur_controllers/hook/ld_library_path_lib.dsv'
[9.689s] INFO:colcon.colcon_core.shell:Creating environment hook '/home/com9/uet_ws/install/ur_controllers/share/ur_controllers/hook/ld_library_path_lib.sh'
[9.690s] Level 1:colcon.colcon_core.environment:checking '/home/com9/uet_ws/install/ur_controllers/bin'
[9.690s] Level 1:colcon.colcon_core.environment:checking '/home/com9/uet_ws/install/ur_controllers/lib/pkgconfig/ur_controllers.pc'
[9.690s] Level 1:colcon.colcon_core.environment:checking '/home/com9/uet_ws/install/ur_controllers/lib/python3.10/site-packages'
[9.690s] Level 1:colcon.colcon_core.environment:checking '/home/com9/uet_ws/install/ur_controllers/bin'
[9.690s] INFO:colcon.colcon_core.shell:Creating package script '/home/com9/uet_ws/install/ur_controllers/share/ur_controllers/package.ps1'
[9.691s] INFO:colcon.colcon_core.shell:Creating package descriptor '/home/com9/uet_ws/install/ur_controllers/share/ur_controllers/package.dsv'
[9.691s] INFO:colcon.colcon_core.shell:Creating package script '/home/com9/uet_ws/install/ur_controllers/share/ur_controllers/package.sh'
[9.691s] INFO:colcon.colcon_core.shell:Creating package script '/home/com9/uet_ws/install/ur_controllers/share/ur_controllers/package.bash'
[9.691s] INFO:colcon.colcon_core.shell:Creating package script '/home/com9/uet_ws/install/ur_controllers/share/ur_controllers/package.zsh'
[9.691s] Level 1:colcon.colcon_core.environment:create_file_with_runtime_dependencies(/home/com9/uet_ws/install/ur_controllers/share/colcon-core/packages/ur_controllers)
[9.692s] Level 1:colcon.colcon_core.environment:create_environment_scripts_only(ur_controllers)
[9.692s] Level 1:colcon.colcon_core.environment:checking '/home/com9/uet_ws/install/ur_controllers' for CMake module files
[9.692s] Level 1:colcon.colcon_core.environment:checking '/home/com9/uet_ws/install/ur_controllers' for CMake config files
[9.692s] Level 1:colcon.colcon_core.shell:create_environment_hook('ur_controllers', 'cmake_prefix_path')
[9.692s] INFO:colcon.colcon_core.shell:Creating environment hook '/home/com9/uet_ws/install/ur_controllers/share/ur_controllers/hook/cmake_prefix_path.ps1'
[9.693s] INFO:colcon.colcon_core.shell:Creating environment descriptor '/home/com9/uet_ws/install/ur_controllers/share/ur_controllers/hook/cmake_prefix_path.dsv'
[9.693s] INFO:colcon.colcon_core.shell:Creating environment hook '/home/com9/uet_ws/install/ur_controllers/share/ur_controllers/hook/cmake_prefix_path.sh'
[9.693s] Level 1:colcon.colcon_core.environment:checking '/home/com9/uet_ws/install/ur_controllers/lib'
[9.693s] Level 1:colcon.colcon_core.shell:create_environment_hook('ur_controllers', 'ld_library_path_lib')
[9.693s] INFO:colcon.colcon_core.shell:Creating environment hook '/home/com9/uet_ws/install/ur_controllers/share/ur_controllers/hook/ld_library_path_lib.ps1'
[9.693s] INFO:colcon.colcon_core.shell:Creating environment descriptor '/home/com9/uet_ws/install/ur_controllers/share/ur_controllers/hook/ld_library_path_lib.dsv'
[9.694s] INFO:colcon.colcon_core.shell:Creating environment hook '/home/com9/uet_ws/install/ur_controllers/share/ur_controllers/hook/ld_library_path_lib.sh'
[9.694s] Level 1:colcon.colcon_core.environment:checking '/home/com9/uet_ws/install/ur_controllers/bin'
[9.694s] Level 1:colcon.colcon_core.environment:checking '/home/com9/uet_ws/install/ur_controllers/lib/pkgconfig/ur_controllers.pc'
[9.694s] Level 1:colcon.colcon_core.environment:checking '/home/com9/uet_ws/install/ur_controllers/lib/python3.10/site-packages'
[9.694s] Level 1:colcon.colcon_core.environment:checking '/home/com9/uet_ws/install/ur_controllers/bin'
[9.695s] INFO:colcon.colcon_core.shell:Creating package script '/home/com9/uet_ws/install/ur_controllers/share/ur_controllers/package.ps1'
[9.695s] INFO:colcon.colcon_core.shell:Creating package descriptor '/home/com9/uet_ws/install/ur_controllers/share/ur_controllers/package.dsv'
[9.695s] INFO:colcon.colcon_core.shell:Creating package script '/home/com9/uet_ws/install/ur_controllers/share/ur_controllers/package.sh'
[9.696s] INFO:colcon.colcon_core.shell:Creating package script '/home/com9/uet_ws/install/ur_controllers/share/ur_controllers/package.bash'
[9.696s] INFO:colcon.colcon_core.shell:Creating package script '/home/com9/uet_ws/install/ur_controllers/share/ur_controllers/package.zsh'
[9.696s] Level 1:colcon.colcon_core.environment:create_file_with_runtime_dependencies(/home/com9/uet_ws/install/ur_controllers/share/colcon-core/packages/ur_controllers)
[9.696s] DEBUG:colcon.colcon_core.executor.sequential:run_until_complete 'ur_controllers' finished with '0'
[9.696s] DEBUG:colcon.colcon_core.executor.sequential:run_until_complete 'ur_bringup'
[9.696s] INFO:colcon.colcon_ros.task.ament_cmake.build:Building ROS package in '/home/com9/uet_ws/src/Universal_Robots_ROS2_Driver/ur_bringup' with build type 'ament_cmake'
[9.696s] INFO:colcon.colcon_cmake.task.cmake.build:Building CMake package in '/home/com9/uet_ws/src/Universal_Robots_ROS2_Driver/ur_bringup'
[9.696s] INFO:colcon.colcon_core.shell:Skip shell extension 'powershell' for command environment: Not usable outside of PowerShell
[9.696s] DEBUG:colcon.colcon_core.shell:Skip shell extension 'dsv' for command environment
[9.708s] DEBUG:colcon.colcon_core.event_handler.log_command:Invoking command in '/home/com9/uet_ws/build/ur_bringup': CMAKE_PREFIX_PATH=/home/com9/uet_ws/install/ur_controllers:/home/com9/uet_ws/install/ur_dashboard_msgs:/home/com9/uet_ws/install/ur_simulation_gz:/home/com9/uet_ws/install/ur:/home/com9/uet_ws/install/ur_calibration:/home/com9/uet_ws/install/ur_robot_driver:/home/com9/uet_ws/install/ur_moveit_config:/home/com9/uet_ws/install/ur_bringup:/home/com9/uet_ws/install/ur3_moveit_control:/home/com9/uet_ws/install/susgrip_2f_hardware:/home/com9/uet_ws/install/susgrip_2f_gazebo:/home/com9/uet_ws/install/susgrip_2f_description:/home/com9/uet_ws/install/susgrip_2f_control:/opt/ros/humble LD_LIBRARY_PATH=/home/com9/uet_ws/install/ur_controllers/lib:/home/com9/uet_ws/install/ur_dashboard_msgs/lib:/home/com9/uet_ws/install/ur_robot_driver/lib:/home/com9/uet_ws/install/ur3_moveit_control/lib:/opt/ros/humble/opt/rviz_ogre_vendor/lib:/opt/ros/humble/lib/x86_64-linux-gnu:/opt/ros/humble/lib /usr/bin/cmake --build /home/com9/uet_ws/build/ur_bringup
[9.737s] DEBUG:colcon.colcon_core.event_handler.log_command:Invoked command in '/home/com9/uet_ws/build/ur_bringup' returned '0': CMAKE_PREFIX_PATH=/home/com9/uet_ws/install/ur_controllers:/home/com9/uet_ws/install/ur_dashboard_msgs:/home/com9/uet_ws/install/ur_simulation_gz:/home/com9/uet_ws/install/ur:/home/com9/uet_ws/install/ur_calibration:/home/com9/uet_ws/install/ur_robot_driver:/home/com9/uet_ws/install/ur_moveit_config:/home/com9/uet_ws/install/ur_bringup:/home/com9/uet_ws/install/ur3_moveit_control:/home/com9/uet_ws/install/susgrip_2f_hardware:/home/com9/uet_ws/install/susgrip_2f_gazebo:/home/com9/uet_ws/install/susgrip_2f_description:/home/com9/uet_ws/install/susgrip_2f_control:/opt/ros/humble LD_LIBRARY_PATH=/home/com9/uet_ws/install/ur_controllers/lib:/home/com9/uet_ws/install/ur_dashboard_msgs/lib:/home/com9/uet_ws/install/ur_robot_driver/lib:/home/com9/uet_ws/install/ur3_moveit_control/lib:/opt/ros/humble/opt/rviz_ogre_vendor/lib:/opt/ros/humble/lib/x86_64-linux-gnu:/opt/ros/humble/lib /usr/bin/cmake --build /home/com9/uet_ws/build/ur_bringup
[9.738s] DEBUG:colcon.colcon_core.event_handler.log_command:Invoking command in '/home/com9/uet_ws/build/ur_bringup': CMAKE_PREFIX_PATH=/home/com9/uet_ws/install/ur_controllers:/home/com9/uet_ws/install/ur_dashboard_msgs:/home/com9/uet_ws/install/ur_simulation_gz:/home/com9/uet_ws/install/ur:/home/com9/uet_ws/install/ur_calibration:/home/com9/uet_ws/install/ur_robot_driver:/home/com9/uet_ws/install/ur_moveit_config:/home/com9/uet_ws/install/ur_bringup:/home/com9/uet_ws/install/ur3_moveit_control:/home/com9/uet_ws/install/susgrip_2f_hardware:/home/com9/uet_ws/install/susgrip_2f_gazebo:/home/com9/uet_ws/install/susgrip_2f_description:/home/com9/uet_ws/install/susgrip_2f_control:/opt/ros/humble LD_LIBRARY_PATH=/home/com9/uet_ws/install/ur_controllers/lib:/home/com9/uet_ws/install/ur_dashboard_msgs/lib:/home/com9/uet_ws/install/ur_robot_driver/lib:/home/com9/uet_ws/install/ur3_moveit_control/lib:/opt/ros/humble/opt/rviz_ogre_vendor/lib:/opt/ros/humble/lib/x86_64-linux-gnu:/opt/ros/humble/lib /usr/bin/cmake --install /home/com9/uet_ws/build/ur_bringup
[9.746s] Level 1:colcon.colcon_core.environment:create_environment_scripts_only(ur_bringup)
[9.746s] Level 1:colcon.colcon_core.environment:checking '/home/com9/uet_ws/install/ur_bringup' for CMake module files
[9.747s] Level 1:colcon.colcon_core.environment:checking '/home/com9/uet_ws/install/ur_bringup' for CMake config files
[9.748s] DEBUG:colcon.colcon_core.event_handler.log_command:Invoked command in '/home/com9/uet_ws/build/ur_bringup' returned '0': CMAKE_PREFIX_PATH=/home/com9/uet_ws/install/ur_controllers:/home/com9/uet_ws/install/ur_dashboard_msgs:/home/com9/uet_ws/install/ur_simulation_gz:/home/com9/uet_ws/install/ur:/home/com9/uet_ws/install/ur_calibration:/home/com9/uet_ws/install/ur_robot_driver:/home/com9/uet_ws/install/ur_moveit_config:/home/com9/uet_ws/install/ur_bringup:/home/com9/uet_ws/install/ur3_moveit_control:/home/com9/uet_ws/install/susgrip_2f_hardware:/home/com9/uet_ws/install/susgrip_2f_gazebo:/home/com9/uet_ws/install/susgrip_2f_description:/home/com9/uet_ws/install/susgrip_2f_control:/opt/ros/humble LD_LIBRARY_PATH=/home/com9/uet_ws/install/ur_controllers/lib:/home/com9/uet_ws/install/ur_dashboard_msgs/lib:/home/com9/uet_ws/install/ur_robot_driver/lib:/home/com9/uet_ws/install/ur3_moveit_control/lib:/opt/ros/humble/opt/rviz_ogre_vendor/lib:/opt/ros/humble/lib/x86_64-linux-gnu:/opt/ros/humble/lib /usr/bin/cmake --install /home/com9/uet_ws/build/ur_bringup
[9.748s] Level 1:colcon.colcon_core.shell:create_environment_hook('ur_bringup', 'cmake_prefix_path')
[9.748s] INFO:colcon.colcon_core.shell:Creating environment hook '/home/com9/uet_ws/install/ur_bringup/share/ur_bringup/hook/cmake_prefix_path.ps1'
[9.749s] INFO:colcon.colcon_core.shell:Creating environment descriptor '/home/com9/uet_ws/install/ur_bringup/share/ur_bringup/hook/cmake_prefix_path.dsv'
[9.749s] INFO:colcon.colcon_core.shell:Creating environment hook '/home/com9/uet_ws/install/ur_bringup/share/ur_bringup/hook/cmake_prefix_path.sh'
[9.750s] Level 1:colcon.colcon_core.environment:checking '/home/com9/uet_ws/install/ur_bringup/lib'
[9.750s] Level 1:colcon.colcon_core.environment:checking '/home/com9/uet_ws/install/ur_bringup/bin'
[9.750s] Level 1:colcon.colcon_core.environment:checking '/home/com9/uet_ws/install/ur_bringup/lib/pkgconfig/ur_bringup.pc'
[9.750s] Level 1:colcon.colcon_core.environment:checking '/home/com9/uet_ws/install/ur_bringup/lib/python3.10/site-packages'
[9.750s] Level 1:colcon.colcon_core.environment:checking '/home/com9/uet_ws/install/ur_bringup/bin'
[9.751s] INFO:colcon.colcon_core.shell:Creating package script '/home/com9/uet_ws/install/ur_bringup/share/ur_bringup/package.ps1'
[9.751s] INFO:colcon.colcon_core.shell:Creating package descriptor '/home/com9/uet_ws/install/ur_bringup/share/ur_bringup/package.dsv'
[9.751s] INFO:colcon.colcon_core.shell:Creating package script '/home/com9/uet_ws/install/ur_bringup/share/ur_bringup/package.sh'
[9.752s] INFO:colcon.colcon_core.shell:Creating package script '/home/com9/uet_ws/install/ur_bringup/share/ur_bringup/package.bash'
[9.752s] INFO:colcon.colcon_core.shell:Creating package script '/home/com9/uet_ws/install/ur_bringup/share/ur_bringup/package.zsh'
[9.752s] Level 1:colcon.colcon_core.environment:create_file_with_runtime_dependencies(/home/com9/uet_ws/install/ur_bringup/share/colcon-core/packages/ur_bringup)
[9.752s] Level 1:colcon.colcon_core.environment:create_environment_scripts_only(ur_bringup)
[9.753s] Level 1:colcon.colcon_core.environment:checking '/home/com9/uet_ws/install/ur_bringup' for CMake module files
[9.753s] Level 1:colcon.colcon_core.environment:checking '/home/com9/uet_ws/install/ur_bringup' for CMake config files
[9.753s] Level 1:colcon.colcon_core.shell:create_environment_hook('ur_bringup', 'cmake_prefix_path')
[9.753s] INFO:colcon.colcon_core.shell:Creating environment hook '/home/com9/uet_ws/install/ur_bringup/share/ur_bringup/hook/cmake_prefix_path.ps1'
[9.753s] INFO:colcon.colcon_core.shell:Creating environment descriptor '/home/com9/uet_ws/install/ur_bringup/share/ur_bringup/hook/cmake_prefix_path.dsv'
[9.754s] INFO:colcon.colcon_core.shell:Creating environment hook '/home/com9/uet_ws/install/ur_bringup/share/ur_bringup/hook/cmake_prefix_path.sh'
[9.754s] Level 1:colcon.colcon_core.environment:checking '/home/com9/uet_ws/install/ur_bringup/lib'
[9.754s] Level 1:colcon.colcon_core.environment:checking '/home/com9/uet_ws/install/ur_bringup/bin'
[9.754s] Level 1:colcon.colcon_core.environment:checking '/home/com9/uet_ws/install/ur_bringup/lib/pkgconfig/ur_bringup.pc'
[9.754s] Level 1:colcon.colcon_core.environment:checking '/home/com9/uet_ws/install/ur_bringup/lib/python3.10/site-packages'
[9.754s] Level 1:colcon.colcon_core.environment:checking '/home/com9/uet_ws/install/ur_bringup/bin'
[9.755s] INFO:colcon.colcon_core.shell:Creating package script '/home/com9/uet_ws/install/ur_bringup/share/ur_bringup/package.ps1'
[9.755s] INFO:colcon.colcon_core.shell:Creating package descriptor '/home/com9/uet_ws/install/ur_bringup/share/ur_bringup/package.dsv'
[9.755s] INFO:colcon.colcon_core.shell:Creating package script '/home/com9/uet_ws/install/ur_bringup/share/ur_bringup/package.sh'
[9.755s] INFO:colcon.colcon_core.shell:Creating package script '/home/com9/uet_ws/install/ur_bringup/share/ur_bringup/package.bash'
[9.756s] INFO:colcon.colcon_core.shell:Creating package script '/home/com9/uet_ws/install/ur_bringup/share/ur_bringup/package.zsh'
[9.756s] Level 1:colcon.colcon_core.environment:create_file_with_runtime_dependencies(/home/com9/uet_ws/install/ur_bringup/share/colcon-core/packages/ur_bringup)
[9.756s] DEBUG:colcon.colcon_core.executor.sequential:run_until_complete 'ur_bringup' finished with '0'
[9.756s] DEBUG:colcon.colcon_core.executor.sequential:run_until_complete 'ur_robot_driver'
[9.756s] INFO:colcon.colcon_ros.task.ament_cmake.build:Building ROS package in '/home/com9/uet_ws/src/Universal_Robots_ROS2_Driver/ur_robot_driver' with build type 'ament_cmake'
[9.756s] INFO:colcon.colcon_cmake.task.cmake.build:Building CMake package in '/home/com9/uet_ws/src/Universal_Robots_ROS2_Driver/ur_robot_driver'
[9.756s] INFO:colcon.colcon_core.shell:Skip shell extension 'powershell' for command environment: Not usable outside of PowerShell
[9.757s] DEBUG:colcon.colcon_core.shell:Skip shell extension 'dsv' for command environment
[9.765s] DEBUG:colcon.colcon_core.event_handler.log_command:Invoking command in '/home/com9/uet_ws/build/ur_robot_driver': CMAKE_PREFIX_PATH=/home/com9/uet_ws/install/ur_controllers:/home/com9/uet_ws/install/ur_dashboard_msgs:/home/com9/uet_ws/install/ur_simulation_gz:/home/com9/uet_ws/install/ur:/home/com9/uet_ws/install/ur_calibration:/home/com9/uet_ws/install/ur_robot_driver:/home/com9/uet_ws/install/ur_moveit_config:/home/com9/uet_ws/install/ur_bringup:/home/com9/uet_ws/install/ur3_moveit_control:/home/com9/uet_ws/install/susgrip_2f_hardware:/home/com9/uet_ws/install/susgrip_2f_gazebo:/home/com9/uet_ws/install/susgrip_2f_description:/home/com9/uet_ws/install/susgrip_2f_control:/opt/ros/humble LD_LIBRARY_PATH=/home/com9/uet_ws/install/ur_controllers/lib:/home/com9/uet_ws/install/ur_dashboard_msgs/lib:/home/com9/uet_ws/install/ur_robot_driver/lib:/home/com9/uet_ws/install/ur3_moveit_control/lib:/opt/ros/humble/opt/rviz_ogre_vendor/lib:/opt/ros/humble/lib/x86_64-linux-gnu:/opt/ros/humble/lib /usr/bin/cmake --build /home/com9/uet_ws/build/ur_robot_driver
[10.162s] DEBUG:colcon.colcon_core.event_handler.log_command:Invoked command in '/home/com9/uet_ws/build/ur_robot_driver' returned '0': CMAKE_PREFIX_PATH=/home/com9/uet_ws/install/ur_controllers:/home/com9/uet_ws/install/ur_dashboard_msgs:/home/com9/uet_ws/install/ur_simulation_gz:/home/com9/uet_ws/install/ur:/home/com9/uet_ws/install/ur_calibration:/home/com9/uet_ws/install/ur_robot_driver:/home/com9/uet_ws/install/ur_moveit_config:/home/com9/uet_ws/install/ur_bringup:/home/com9/uet_ws/install/ur3_moveit_control:/home/com9/uet_ws/install/susgrip_2f_hardware:/home/com9/uet_ws/install/susgrip_2f_gazebo:/home/com9/uet_ws/install/susgrip_2f_description:/home/com9/uet_ws/install/susgrip_2f_control:/opt/ros/humble LD_LIBRARY_PATH=/home/com9/uet_ws/install/ur_controllers/lib:/home/com9/uet_ws/install/ur_dashboard_msgs/lib:/home/com9/uet_ws/install/ur_robot_driver/lib:/home/com9/uet_ws/install/ur3_moveit_control/lib:/opt/ros/humble/opt/rviz_ogre_vendor/lib:/opt/ros/humble/lib/x86_64-linux-gnu:/opt/ros/humble/lib /usr/bin/cmake --build /home/com9/uet_ws/build/ur_robot_driver
[10.164s] DEBUG:colcon.colcon_core.event_handler.log_command:Invoking command in '/home/com9/uet_ws/build/ur_robot_driver': CMAKE_PREFIX_PATH=/home/com9/uet_ws/install/ur_controllers:/home/com9/uet_ws/install/ur_dashboard_msgs:/home/com9/uet_ws/install/ur_simulation_gz:/home/com9/uet_ws/install/ur:/home/com9/uet_ws/install/ur_calibration:/home/com9/uet_ws/install/ur_robot_driver:/home/com9/uet_ws/install/ur_moveit_config:/home/com9/uet_ws/install/ur_bringup:/home/com9/uet_ws/install/ur3_moveit_control:/home/com9/uet_ws/install/susgrip_2f_hardware:/home/com9/uet_ws/install/susgrip_2f_gazebo:/home/com9/uet_ws/install/susgrip_2f_description:/home/com9/uet_ws/install/susgrip_2f_control:/opt/ros/humble LD_LIBRARY_PATH=/home/com9/uet_ws/install/ur_controllers/lib:/home/com9/uet_ws/install/ur_dashboard_msgs/lib:/home/com9/uet_ws/install/ur_robot_driver/lib:/home/com9/uet_ws/install/ur3_moveit_control/lib:/opt/ros/humble/opt/rviz_ogre_vendor/lib:/opt/ros/humble/lib/x86_64-linux-gnu:/opt/ros/humble/lib /usr/bin/cmake --install /home/com9/uet_ws/build/ur_robot_driver
[10.205s] Level 1:colcon.colcon_core.environment:create_environment_scripts_only(ur_robot_driver)
[10.205s] Level 1:colcon.colcon_core.environment:checking '/home/com9/uet_ws/install/ur_robot_driver' for CMake module files
[10.205s] DEBUG:colcon.colcon_core.event_handler.log_command:Invoked command in '/home/com9/uet_ws/build/ur_robot_driver' returned '0': CMAKE_PREFIX_PATH=/home/com9/uet_ws/install/ur_controllers:/home/com9/uet_ws/install/ur_dashboard_msgs:/home/com9/uet_ws/install/ur_simulation_gz:/home/com9/uet_ws/install/ur:/home/com9/uet_ws/install/ur_calibration:/home/com9/uet_ws/install/ur_robot_driver:/home/com9/uet_ws/install/ur_moveit_config:/home/com9/uet_ws/install/ur_bringup:/home/com9/uet_ws/install/ur3_moveit_control:/home/com9/uet_ws/install/susgrip_2f_hardware:/home/com9/uet_ws/install/susgrip_2f_gazebo:/home/com9/uet_ws/install/susgrip_2f_description:/home/com9/uet_ws/install/susgrip_2f_control:/opt/ros/humble LD_LIBRARY_PATH=/home/com9/uet_ws/install/ur_controllers/lib:/home/com9/uet_ws/install/ur_dashboard_msgs/lib:/home/com9/uet_ws/install/ur_robot_driver/lib:/home/com9/uet_ws/install/ur3_moveit_control/lib:/opt/ros/humble/opt/rviz_ogre_vendor/lib:/opt/ros/humble/lib/x86_64-linux-gnu:/opt/ros/humble/lib /usr/bin/cmake --install /home/com9/uet_ws/build/ur_robot_driver
[10.206s] Level 1:colcon.colcon_core.environment:checking '/home/com9/uet_ws/install/ur_robot_driver' for CMake config files
[10.206s] Level 1:colcon.colcon_core.shell:create_environment_hook('ur_robot_driver', 'cmake_prefix_path')
[10.206s] INFO:colcon.colcon_core.shell:Creating environment hook '/home/com9/uet_ws/install/ur_robot_driver/share/ur_robot_driver/hook/cmake_prefix_path.ps1'
[10.206s] INFO:colcon.colcon_core.shell:Creating environment descriptor '/home/com9/uet_ws/install/ur_robot_driver/share/ur_robot_driver/hook/cmake_prefix_path.dsv'
[10.206s] INFO:colcon.colcon_core.shell:Creating environment hook '/home/com9/uet_ws/install/ur_robot_driver/share/ur_robot_driver/hook/cmake_prefix_path.sh'
[10.207s] Level 1:colcon.colcon_core.environment:checking '/home/com9/uet_ws/install/ur_robot_driver/lib'
[10.207s] Level 1:colcon.colcon_core.shell:create_environment_hook('ur_robot_driver', 'ld_library_path_lib')
[10.207s] INFO:colcon.colcon_core.shell:Creating environment hook '/home/com9/uet_ws/install/ur_robot_driver/share/ur_robot_driver/hook/ld_library_path_lib.ps1'
[10.207s] INFO:colcon.colcon_core.shell:Creating environment descriptor '/home/com9/uet_ws/install/ur_robot_driver/share/ur_robot_driver/hook/ld_library_path_lib.dsv'
[10.207s] INFO:colcon.colcon_core.shell:Creating environment hook '/home/com9/uet_ws/install/ur_robot_driver/share/ur_robot_driver/hook/ld_library_path_lib.sh'
[10.207s] Level 1:colcon.colcon_core.environment:checking '/home/com9/uet_ws/install/ur_robot_driver/bin'
[10.208s] Level 1:colcon.colcon_core.shell:create_environment_hook('ur_robot_driver', 'path')
[10.208s] INFO:colcon.colcon_core.shell:Creating environment hook '/home/com9/uet_ws/install/ur_robot_driver/share/ur_robot_driver/hook/path.ps1'
[10.208s] INFO:colcon.colcon_core.shell:Creating environment descriptor '/home/com9/uet_ws/install/ur_robot_driver/share/ur_robot_driver/hook/path.dsv'
[10.208s] INFO:colcon.colcon_core.shell:Creating environment hook '/home/com9/uet_ws/install/ur_robot_driver/share/ur_robot_driver/hook/path.sh'
[10.208s] Level 1:colcon.colcon_core.environment:checking '/home/com9/uet_ws/install/ur_robot_driver/lib/pkgconfig/ur_robot_driver.pc'
[10.208s] Level 1:colcon.colcon_core.environment:checking '/home/com9/uet_ws/install/ur_robot_driver/lib/python3.10/site-packages'
[10.209s] Level 1:colcon.colcon_core.environment:checking '/home/com9/uet_ws/install/ur_robot_driver/bin'
[10.209s] Level 1:colcon.colcon_core.shell:create_environment_hook('ur_robot_driver', 'pythonscriptspath')
[10.209s] INFO:colcon.colcon_core.shell:Creating environment hook '/home/com9/uet_ws/install/ur_robot_driver/share/ur_robot_driver/hook/pythonscriptspath.ps1'
[10.209s] INFO:colcon.colcon_core.shell:Creating environment descriptor '/home/com9/uet_ws/install/ur_robot_driver/share/ur_robot_driver/hook/pythonscriptspath.dsv'
[10.209s] INFO:colcon.colcon_core.shell:Creating environment hook '/home/com9/uet_ws/install/ur_robot_driver/share/ur_robot_driver/hook/pythonscriptspath.sh'
[10.209s] INFO:colcon.colcon_core.shell:Creating package script '/home/com9/uet_ws/install/ur_robot_driver/share/ur_robot_driver/package.ps1'
[10.210s] INFO:colcon.colcon_core.shell:Creating package descriptor '/home/com9/uet_ws/install/ur_robot_driver/share/ur_robot_driver/package.dsv'
[10.210s] INFO:colcon.colcon_core.shell:Creating package script '/home/com9/uet_ws/install/ur_robot_driver/share/ur_robot_driver/package.sh'
[10.210s] INFO:colcon.colcon_core.shell:Creating package script '/home/com9/uet_ws/install/ur_robot_driver/share/ur_robot_driver/package.bash'
[10.211s] INFO:colcon.colcon_core.shell:Creating package script '/home/com9/uet_ws/install/ur_robot_driver/share/ur_robot_driver/package.zsh'
[10.211s] Level 1:colcon.colcon_core.environment:create_file_with_runtime_dependencies(/home/com9/uet_ws/install/ur_robot_driver/share/colcon-core/packages/ur_robot_driver)
[10.211s] Level 1:colcon.colcon_core.environment:create_environment_scripts_only(ur_robot_driver)
[10.211s] Level 1:colcon.colcon_core.environment:checking '/home/com9/uet_ws/install/ur_robot_driver' for CMake module files
[10.212s] Level 1:colcon.colcon_core.environment:checking '/home/com9/uet_ws/install/ur_robot_driver' for CMake config files
[10.212s] Level 1:colcon.colcon_core.shell:create_environment_hook('ur_robot_driver', 'cmake_prefix_path')
[10.212s] INFO:colcon.colcon_core.shell:Creating environment hook '/home/com9/uet_ws/install/ur_robot_driver/share/ur_robot_driver/hook/cmake_prefix_path.ps1'
[10.212s] INFO:colcon.colcon_core.shell:Creating environment descriptor '/home/com9/uet_ws/install/ur_robot_driver/share/ur_robot_driver/hook/cmake_prefix_path.dsv'
[10.212s] INFO:colcon.colcon_core.shell:Creating environment hook '/home/com9/uet_ws/install/ur_robot_driver/share/ur_robot_driver/hook/cmake_prefix_path.sh'
[10.213s] Level 1:colcon.colcon_core.environment:checking '/home/com9/uet_ws/install/ur_robot_driver/lib'
[10.213s] Level 1:colcon.colcon_core.shell:create_environment_hook('ur_robot_driver', 'ld_library_path_lib')
[10.213s] INFO:colcon.colcon_core.shell:Creating environment hook '/home/com9/uet_ws/install/ur_robot_driver/share/ur_robot_driver/hook/ld_library_path_lib.ps1'
[10.213s] INFO:colcon.colcon_core.shell:Creating environment descriptor '/home/com9/uet_ws/install/ur_robot_driver/share/ur_robot_driver/hook/ld_library_path_lib.dsv'
[10.213s] INFO:colcon.colcon_core.shell:Creating environment hook '/home/com9/uet_ws/install/ur_robot_driver/share/ur_robot_driver/hook/ld_library_path_lib.sh'
[10.213s] Level 1:colcon.colcon_core.environment:checking '/home/com9/uet_ws/install/ur_robot_driver/bin'
[10.213s] Level 1:colcon.colcon_core.shell:create_environment_hook('ur_robot_driver', 'path')
[10.213s] INFO:colcon.colcon_core.shell:Creating environment hook '/home/com9/uet_ws/install/ur_robot_driver/share/ur_robot_driver/hook/path.ps1'
[10.214s] INFO:colcon.colcon_core.shell:Creating environment descriptor '/home/com9/uet_ws/install/ur_robot_driver/share/ur_robot_driver/hook/path.dsv'
[10.214s] INFO:colcon.colcon_core.shell:Creating environment hook '/home/com9/uet_ws/install/ur_robot_driver/share/ur_robot_driver/hook/path.sh'
[10.214s] Level 1:colcon.colcon_core.environment:checking '/home/com9/uet_ws/install/ur_robot_driver/lib/pkgconfig/ur_robot_driver.pc'
[10.214s] Level 1:colcon.colcon_core.environment:checking '/home/com9/uet_ws/install/ur_robot_driver/lib/python3.10/site-packages'
[10.214s] Level 1:colcon.colcon_core.environment:checking '/home/com9/uet_ws/install/ur_robot_driver/bin'
[10.214s] Level 1:colcon.colcon_core.shell:create_environment_hook('ur_robot_driver', 'pythonscriptspath')
[10.215s] INFO:colcon.colcon_core.shell:Creating environment hook '/home/com9/uet_ws/install/ur_robot_driver/share/ur_robot_driver/hook/pythonscriptspath.ps1'
[10.215s] INFO:colcon.colcon_core.shell:Creating environment descriptor '/home/com9/uet_ws/install/ur_robot_driver/share/ur_robot_driver/hook/pythonscriptspath.dsv'
[10.215s] INFO:colcon.colcon_core.shell:Creating environment hook '/home/com9/uet_ws/install/ur_robot_driver/share/ur_robot_driver/hook/pythonscriptspath.sh'
[10.215s] INFO:colcon.colcon_core.shell:Creating package script '/home/com9/uet_ws/install/ur_robot_driver/share/ur_robot_driver/package.ps1'
[10.216s] INFO:colcon.colcon_core.shell:Creating package descriptor '/home/com9/uet_ws/install/ur_robot_driver/share/ur_robot_driver/package.dsv'
[10.216s] INFO:colcon.colcon_core.shell:Creating package script '/home/com9/uet_ws/install/ur_robot_driver/share/ur_robot_driver/package.sh'
[10.216s] INFO:colcon.colcon_core.shell:Creating package script '/home/com9/uet_ws/install/ur_robot_driver/share/ur_robot_driver/package.bash'
[10.216s] INFO:colcon.colcon_core.shell:Creating package script '/home/com9/uet_ws/install/ur_robot_driver/share/ur_robot_driver/package.zsh'
[10.217s] Level 1:colcon.colcon_core.environment:create_file_with_runtime_dependencies(/home/com9/uet_ws/install/ur_robot_driver/share/colcon-core/packages/ur_robot_driver)
[10.217s] DEBUG:colcon.colcon_core.executor.sequential:run_until_complete 'ur_robot_driver' finished with '0'
[10.217s] DEBUG:colcon.colcon_core.executor.sequential:run_until_complete 'ur_simulation_gz'
[10.217s] INFO:colcon.colcon_ros.task.ament_cmake.build:Building ROS package in '/home/com9/uet_ws/src/ur_simulation_gz' with build type 'ament_cmake'
[10.217s] INFO:colcon.colcon_cmake.task.cmake.build:Building CMake package in '/home/com9/uet_ws/src/ur_simulation_gz'
[10.217s] INFO:colcon.colcon_core.shell:Skip shell extension 'powershell' for command environment: Not usable outside of PowerShell
[10.217s] DEBUG:colcon.colcon_core.shell:Skip shell extension 'dsv' for command environment
[10.228s] DEBUG:colcon.colcon_core.event_handler.log_command:Invoking command in '/home/com9/uet_ws/build/ur_simulation_gz': CMAKE_PREFIX_PATH=/home/com9/uet_ws/install/ur_controllers:/home/com9/uet_ws/install/ur_moveit_config:/home/com9/uet_ws/install/ur_dashboard_msgs:/home/com9/uet_ws/install/ur_simulation_gz:/home/com9/uet_ws/install/ur:/home/com9/uet_ws/install/ur_calibration:/home/com9/uet_ws/install/ur_robot_driver:/home/com9/uet_ws/install/ur_bringup:/home/com9/uet_ws/install/ur3_moveit_control:/home/com9/uet_ws/install/susgrip_2f_hardware:/home/com9/uet_ws/install/susgrip_2f_gazebo:/home/com9/uet_ws/install/susgrip_2f_description:/home/com9/uet_ws/install/susgrip_2f_control:/opt/ros/humble LD_LIBRARY_PATH=/home/com9/uet_ws/install/ur_controllers/lib:/home/com9/uet_ws/install/ur_dashboard_msgs/lib:/home/com9/uet_ws/install/ur_robot_driver/lib:/home/com9/uet_ws/install/ur3_moveit_control/lib:/opt/ros/humble/opt/rviz_ogre_vendor/lib:/opt/ros/humble/lib/x86_64-linux-gnu:/opt/ros/humble/lib /usr/bin/cmake --build /home/com9/uet_ws/build/ur_simulation_gz
[10.254s] DEBUG:colcon.colcon_core.event_handler.log_command:Invoked command in '/home/com9/uet_ws/build/ur_simulation_gz' returned '0': CMAKE_PREFIX_PATH=/home/com9/uet_ws/install/ur_controllers:/home/com9/uet_ws/install/ur_moveit_config:/home/com9/uet_ws/install/ur_dashboard_msgs:/home/com9/uet_ws/install/ur_simulation_gz:/home/com9/uet_ws/install/ur:/home/com9/uet_ws/install/ur_calibration:/home/com9/uet_ws/install/ur_robot_driver:/home/com9/uet_ws/install/ur_bringup:/home/com9/uet_ws/install/ur3_moveit_control:/home/com9/uet_ws/install/susgrip_2f_hardware:/home/com9/uet_ws/install/susgrip_2f_gazebo:/home/com9/uet_ws/install/susgrip_2f_description:/home/com9/uet_ws/install/susgrip_2f_control:/opt/ros/humble LD_LIBRARY_PATH=/home/com9/uet_ws/install/ur_controllers/lib:/home/com9/uet_ws/install/ur_dashboard_msgs/lib:/home/com9/uet_ws/install/ur_robot_driver/lib:/home/com9/uet_ws/install/ur3_moveit_control/lib:/opt/ros/humble/opt/rviz_ogre_vendor/lib:/opt/ros/humble/lib/x86_64-linux-gnu:/opt/ros/humble/lib /usr/bin/cmake --build /home/com9/uet_ws/build/ur_simulation_gz
[10.255s] DEBUG:colcon.colcon_core.event_handler.log_command:Invoking command in '/home/com9/uet_ws/build/ur_simulation_gz': CMAKE_PREFIX_PATH=/home/com9/uet_ws/install/ur_controllers:/home/com9/uet_ws/install/ur_moveit_config:/home/com9/uet_ws/install/ur_dashboard_msgs:/home/com9/uet_ws/install/ur_simulation_gz:/home/com9/uet_ws/install/ur:/home/com9/uet_ws/install/ur_calibration:/home/com9/uet_ws/install/ur_robot_driver:/home/com9/uet_ws/install/ur_bringup:/home/com9/uet_ws/install/ur3_moveit_control:/home/com9/uet_ws/install/susgrip_2f_hardware:/home/com9/uet_ws/install/susgrip_2f_gazebo:/home/com9/uet_ws/install/susgrip_2f_description:/home/com9/uet_ws/install/susgrip_2f_control:/opt/ros/humble LD_LIBRARY_PATH=/home/com9/uet_ws/install/ur_controllers/lib:/home/com9/uet_ws/install/ur_dashboard_msgs/lib:/home/com9/uet_ws/install/ur_robot_driver/lib:/home/com9/uet_ws/install/ur3_moveit_control/lib:/opt/ros/humble/opt/rviz_ogre_vendor/lib:/opt/ros/humble/lib/x86_64-linux-gnu:/opt/ros/humble/lib /usr/bin/cmake --install /home/com9/uet_ws/build/ur_simulation_gz
[10.263s] Level 1:colcon.colcon_core.environment:create_environment_scripts_only(ur_simulation_gz)
[10.263s] Level 1:colcon.colcon_core.environment:checking '/home/com9/uet_ws/install/ur_simulation_gz' for CMake module files
[10.264s] DEBUG:colcon.colcon_core.event_handler.log_command:Invoked command in '/home/com9/uet_ws/build/ur_simulation_gz' returned '0': CMAKE_PREFIX_PATH=/home/com9/uet_ws/install/ur_controllers:/home/com9/uet_ws/install/ur_moveit_config:/home/com9/uet_ws/install/ur_dashboard_msgs:/home/com9/uet_ws/install/ur_simulation_gz:/home/com9/uet_ws/install/ur:/home/com9/uet_ws/install/ur_calibration:/home/com9/uet_ws/install/ur_robot_driver:/home/com9/uet_ws/install/ur_bringup:/home/com9/uet_ws/install/ur3_moveit_control:/home/com9/uet_ws/install/susgrip_2f_hardware:/home/com9/uet_ws/install/susgrip_2f_gazebo:/home/com9/uet_ws/install/susgrip_2f_description:/home/com9/uet_ws/install/susgrip_2f_control:/opt/ros/humble LD_LIBRARY_PATH=/home/com9/uet_ws/install/ur_controllers/lib:/home/com9/uet_ws/install/ur_dashboard_msgs/lib:/home/com9/uet_ws/install/ur_robot_driver/lib:/home/com9/uet_ws/install/ur3_moveit_control/lib:/opt/ros/humble/opt/rviz_ogre_vendor/lib:/opt/ros/humble/lib/x86_64-linux-gnu:/opt/ros/humble/lib /usr/bin/cmake --install /home/com9/uet_ws/build/ur_simulation_gz
[10.264s] Level 1:colcon.colcon_core.environment:checking '/home/com9/uet_ws/install/ur_simulation_gz' for CMake config files
[10.264s] Level 1:colcon.colcon_core.shell:create_environment_hook('ur_simulation_gz', 'cmake_prefix_path')
[10.265s] INFO:colcon.colcon_core.shell:Creating environment hook '/home/com9/uet_ws/install/ur_simulation_gz/share/ur_simulation_gz/hook/cmake_prefix_path.ps1'
[10.265s] INFO:colcon.colcon_core.shell:Creating environment descriptor '/home/com9/uet_ws/install/ur_simulation_gz/share/ur_simulation_gz/hook/cmake_prefix_path.dsv'
[10.265s] INFO:colcon.colcon_core.shell:Creating environment hook '/home/com9/uet_ws/install/ur_simulation_gz/share/ur_simulation_gz/hook/cmake_prefix_path.sh'
[10.266s] Level 1:colcon.colcon_core.environment:checking '/home/com9/uet_ws/install/ur_simulation_gz/lib'
[10.266s] Level 1:colcon.colcon_core.environment:checking '/home/com9/uet_ws/install/ur_simulation_gz/bin'
[10.266s] Level 1:colcon.colcon_core.environment:checking '/home/com9/uet_ws/install/ur_simulation_gz/lib/pkgconfig/ur_simulation_gz.pc'
[10.266s] Level 1:colcon.colcon_core.environment:checking '/home/com9/uet_ws/install/ur_simulation_gz/lib/python3.10/site-packages'
[10.267s] Level 1:colcon.colcon_core.environment:checking '/home/com9/uet_ws/install/ur_simulation_gz/bin'
[10.267s] INFO:colcon.colcon_core.shell:Creating package script '/home/com9/uet_ws/install/ur_simulation_gz/share/ur_simulation_gz/package.ps1'
[10.267s] INFO:colcon.colcon_core.shell:Creating package descriptor '/home/com9/uet_ws/install/ur_simulation_gz/share/ur_simulation_gz/package.dsv'
[10.267s] INFO:colcon.colcon_core.shell:Creating package script '/home/com9/uet_ws/install/ur_simulation_gz/share/ur_simulation_gz/package.sh'
[10.268s] INFO:colcon.colcon_core.shell:Creating package script '/home/com9/uet_ws/install/ur_simulation_gz/share/ur_simulation_gz/package.bash'
[10.268s] INFO:colcon.colcon_core.shell:Creating package script '/home/com9/uet_ws/install/ur_simulation_gz/share/ur_simulation_gz/package.zsh'
[10.268s] Level 1:colcon.colcon_core.environment:create_file_with_runtime_dependencies(/home/com9/uet_ws/install/ur_simulation_gz/share/colcon-core/packages/ur_simulation_gz)
[10.268s] Level 1:colcon.colcon_core.environment:create_environment_scripts_only(ur_simulation_gz)
[10.268s] Level 1:colcon.colcon_core.environment:checking '/home/com9/uet_ws/install/ur_simulation_gz' for CMake module files
[10.269s] Level 1:colcon.colcon_core.environment:checking '/home/com9/uet_ws/install/ur_simulation_gz' for CMake config files
[10.269s] Level 1:colcon.colcon_core.shell:create_environment_hook('ur_simulation_gz', 'cmake_prefix_path')
[10.269s] INFO:colcon.colcon_core.shell:Creating environment hook '/home/com9/uet_ws/install/ur_simulation_gz/share/ur_simulation_gz/hook/cmake_prefix_path.ps1'
[10.269s] INFO:colcon.colcon_core.shell:Creating environment descriptor '/home/com9/uet_ws/install/ur_simulation_gz/share/ur_simulation_gz/hook/cmake_prefix_path.dsv'
[10.269s] INFO:colcon.colcon_core.shell:Creating environment hook '/home/com9/uet_ws/install/ur_simulation_gz/share/ur_simulation_gz/hook/cmake_prefix_path.sh'
[10.270s] Level 1:colcon.colcon_core.environment:checking '/home/com9/uet_ws/install/ur_simulation_gz/lib'
[10.270s] Level 1:colcon.colcon_core.environment:checking '/home/com9/uet_ws/install/ur_simulation_gz/bin'
[10.270s] Level 1:colcon.colcon_core.environment:checking '/home/com9/uet_ws/install/ur_simulation_gz/lib/pkgconfig/ur_simulation_gz.pc'
[10.270s] Level 1:colcon.colcon_core.environment:checking '/home/com9/uet_ws/install/ur_simulation_gz/lib/python3.10/site-packages'
[10.270s] Level 1:colcon.colcon_core.environment:checking '/home/com9/uet_ws/install/ur_simulation_gz/bin'
[10.270s] INFO:colcon.colcon_core.shell:Creating package script '/home/com9/uet_ws/install/ur_simulation_gz/share/ur_simulation_gz/package.ps1'
[10.271s] INFO:colcon.colcon_core.shell:Creating package descriptor '/home/com9/uet_ws/install/ur_simulation_gz/share/ur_simulation_gz/package.dsv'
[10.271s] INFO:colcon.colcon_core.shell:Creating package script '/home/com9/uet_ws/install/ur_simulation_gz/share/ur_simulation_gz/package.sh'
[10.271s] INFO:colcon.colcon_core.shell:Creating package script '/home/com9/uet_ws/install/ur_simulation_gz/share/ur_simulation_gz/package.bash'
[10.271s] INFO:colcon.colcon_core.shell:Creating package script '/home/com9/uet_ws/install/ur_simulation_gz/share/ur_simulation_gz/package.zsh'
[10.271s] Level 1:colcon.colcon_core.environment:create_file_with_runtime_dependencies(/home/com9/uet_ws/install/ur_simulation_gz/share/colcon-core/packages/ur_simulation_gz)
[10.272s] DEBUG:colcon.colcon_core.executor.sequential:run_until_complete 'ur_simulation_gz' finished with '0'
[10.272s] DEBUG:colcon.colcon_core.executor.sequential:run_until_complete 'ur_calibration'
[10.272s] INFO:colcon.colcon_ros.task.ament_cmake.build:Building ROS package in '/home/com9/uet_ws/src/Universal_Robots_ROS2_Driver/ur_calibration' with build type 'ament_cmake'
[10.272s] INFO:colcon.colcon_cmake.task.cmake.build:Building CMake package in '/home/com9/uet_ws/src/Universal_Robots_ROS2_Driver/ur_calibration'
[10.272s] INFO:colcon.colcon_core.shell:Skip shell extension 'powershell' for command environment: Not usable outside of PowerShell
[10.272s] DEBUG:colcon.colcon_core.shell:Skip shell extension 'dsv' for command environment
[10.284s] DEBUG:colcon.colcon_core.event_handler.log_command:Invoking command in '/home/com9/uet_ws/build/ur_calibration': CMAKE_PREFIX_PATH=/home/com9/uet_ws/install/ur_robot_driver:/home/com9/uet_ws/install/ur_controllers:/home/com9/uet_ws/install/ur_dashboard_msgs:/home/com9/uet_ws/install/ur_simulation_gz:/home/com9/uet_ws/install/ur:/home/com9/uet_ws/install/ur_calibration:/home/com9/uet_ws/install/ur_moveit_config:/home/com9/uet_ws/install/ur_bringup:/home/com9/uet_ws/install/ur3_moveit_control:/home/com9/uet_ws/install/susgrip_2f_hardware:/home/com9/uet_ws/install/susgrip_2f_gazebo:/home/com9/uet_ws/install/susgrip_2f_description:/home/com9/uet_ws/install/susgrip_2f_control:/opt/ros/humble /usr/bin/cmake --build /home/com9/uet_ws/build/ur_calibration
[10.420s] DEBUG:colcon.colcon_core.event_handler.log_command:Invoked command in '/home/com9/uet_ws/build/ur_calibration' returned '0': CMAKE_PREFIX_PATH=/home/com9/uet_ws/install/ur_robot_driver:/home/com9/uet_ws/install/ur_controllers:/home/com9/uet_ws/install/ur_dashboard_msgs:/home/com9/uet_ws/install/ur_simulation_gz:/home/com9/uet_ws/install/ur:/home/com9/uet_ws/install/ur_calibration:/home/com9/uet_ws/install/ur_moveit_config:/home/com9/uet_ws/install/ur_bringup:/home/com9/uet_ws/install/ur3_moveit_control:/home/com9/uet_ws/install/susgrip_2f_hardware:/home/com9/uet_ws/install/susgrip_2f_gazebo:/home/com9/uet_ws/install/susgrip_2f_description:/home/com9/uet_ws/install/susgrip_2f_control:/opt/ros/humble /usr/bin/cmake --build /home/com9/uet_ws/build/ur_calibration
[10.421s] DEBUG:colcon.colcon_core.event_handler.log_command:Invoking command in '/home/com9/uet_ws/build/ur_calibration': CMAKE_PREFIX_PATH=/home/com9/uet_ws/install/ur_robot_driver:/home/com9/uet_ws/install/ur_controllers:/home/com9/uet_ws/install/ur_dashboard_msgs:/home/com9/uet_ws/install/ur_simulation_gz:/home/com9/uet_ws/install/ur:/home/com9/uet_ws/install/ur_calibration:/home/com9/uet_ws/install/ur_moveit_config:/home/com9/uet_ws/install/ur_bringup:/home/com9/uet_ws/install/ur3_moveit_control:/home/com9/uet_ws/install/susgrip_2f_hardware:/home/com9/uet_ws/install/susgrip_2f_gazebo:/home/com9/uet_ws/install/susgrip_2f_description:/home/com9/uet_ws/install/susgrip_2f_control:/opt/ros/humble /usr/bin/cmake --install /home/com9/uet_ws/build/ur_calibration
[10.428s] Level 1:colcon.colcon_core.environment:create_environment_scripts_only(ur_calibration)
[10.429s] Level 1:colcon.colcon_core.environment:checking '/home/com9/uet_ws/install/ur_calibration' for CMake module files
[10.429s] DEBUG:colcon.colcon_core.event_handler.log_command:Invoked command in '/home/com9/uet_ws/build/ur_calibration' returned '0': CMAKE_PREFIX_PATH=/home/com9/uet_ws/install/ur_robot_driver:/home/com9/uet_ws/install/ur_controllers:/home/com9/uet_ws/install/ur_dashboard_msgs:/home/com9/uet_ws/install/ur_simulation_gz:/home/com9/uet_ws/install/ur:/home/com9/uet_ws/install/ur_calibration:/home/com9/uet_ws/install/ur_moveit_config:/home/com9/uet_ws/install/ur_bringup:/home/com9/uet_ws/install/ur3_moveit_control:/home/com9/uet_ws/install/susgrip_2f_hardware:/home/com9/uet_ws/install/susgrip_2f_gazebo:/home/com9/uet_ws/install/susgrip_2f_description:/home/com9/uet_ws/install/susgrip_2f_control:/opt/ros/humble /usr/bin/cmake --install /home/com9/uet_ws/build/ur_calibration
[10.429s] Level 1:colcon.colcon_core.environment:checking '/home/com9/uet_ws/install/ur_calibration' for CMake config files
[10.430s] Level 1:colcon.colcon_core.shell:create_environment_hook('ur_calibration', 'cmake_prefix_path')
[10.430s] INFO:colcon.colcon_core.shell:Creating environment hook '/home/com9/uet_ws/install/ur_calibration/share/ur_calibration/hook/cmake_prefix_path.ps1'
[10.430s] INFO:colcon.colcon_core.shell:Creating environment descriptor '/home/com9/uet_ws/install/ur_calibration/share/ur_calibration/hook/cmake_prefix_path.dsv'
[10.431s] INFO:colcon.colcon_core.shell:Creating environment hook '/home/com9/uet_ws/install/ur_calibration/share/ur_calibration/hook/cmake_prefix_path.sh'
[10.431s] Level 1:colcon.colcon_core.environment:checking '/home/com9/uet_ws/install/ur_calibration/lib'
[10.431s] Level 1:colcon.colcon_core.environment:checking '/home/com9/uet_ws/install/ur_calibration/bin'
[10.431s] Level 1:colcon.colcon_core.environment:checking '/home/com9/uet_ws/install/ur_calibration/lib/pkgconfig/ur_calibration.pc'
[10.431s] Level 1:colcon.colcon_core.environment:checking '/home/com9/uet_ws/install/ur_calibration/lib/python3.10/site-packages'
[10.432s] Level 1:colcon.colcon_core.environment:checking '/home/com9/uet_ws/install/ur_calibration/bin'
[10.432s] INFO:colcon.colcon_core.shell:Creating package script '/home/com9/uet_ws/install/ur_calibration/share/ur_calibration/package.ps1'
[10.432s] INFO:colcon.colcon_core.shell:Creating package descriptor '/home/com9/uet_ws/install/ur_calibration/share/ur_calibration/package.dsv'
[10.433s] INFO:colcon.colcon_core.shell:Creating package script '/home/com9/uet_ws/install/ur_calibration/share/ur_calibration/package.sh'
[10.433s] INFO:colcon.colcon_core.shell:Creating package script '/home/com9/uet_ws/install/ur_calibration/share/ur_calibration/package.bash'
[10.433s] INFO:colcon.colcon_core.shell:Creating package script '/home/com9/uet_ws/install/ur_calibration/share/ur_calibration/package.zsh'
[10.433s] Level 1:colcon.colcon_core.environment:create_file_with_runtime_dependencies(/home/com9/uet_ws/install/ur_calibration/share/colcon-core/packages/ur_calibration)
[10.434s] Level 1:colcon.colcon_core.environment:create_environment_scripts_only(ur_calibration)
[10.434s] Level 1:colcon.colcon_core.environment:checking '/home/com9/uet_ws/install/ur_calibration' for CMake module files
[10.434s] Level 1:colcon.colcon_core.environment:checking '/home/com9/uet_ws/install/ur_calibration' for CMake config files
[10.434s] Level 1:colcon.colcon_core.shell:create_environment_hook('ur_calibration', 'cmake_prefix_path')
[10.434s] INFO:colcon.colcon_core.shell:Creating environment hook '/home/com9/uet_ws/install/ur_calibration/share/ur_calibration/hook/cmake_prefix_path.ps1'
[10.435s] INFO:colcon.colcon_core.shell:Creating environment descriptor '/home/com9/uet_ws/install/ur_calibration/share/ur_calibration/hook/cmake_prefix_path.dsv'
[10.435s] INFO:colcon.colcon_core.shell:Creating environment hook '/home/com9/uet_ws/install/ur_calibration/share/ur_calibration/hook/cmake_prefix_path.sh'
[10.435s] Level 1:colcon.colcon_core.environment:checking '/home/com9/uet_ws/install/ur_calibration/lib'
[10.435s] Level 1:colcon.colcon_core.environment:checking '/home/com9/uet_ws/install/ur_calibration/bin'
[10.435s] Level 1:colcon.colcon_core.environment:checking '/home/com9/uet_ws/install/ur_calibration/lib/pkgconfig/ur_calibration.pc'
[10.435s] Level 1:colcon.colcon_core.environment:checking '/home/com9/uet_ws/install/ur_calibration/lib/python3.10/site-packages'
[10.436s] Level 1:colcon.colcon_core.environment:checking '/home/com9/uet_ws/install/ur_calibration/bin'
[10.436s] INFO:colcon.colcon_core.shell:Creating package script '/home/com9/uet_ws/install/ur_calibration/share/ur_calibration/package.ps1'
[10.436s] INFO:colcon.colcon_core.shell:Creating package descriptor '/home/com9/uet_ws/install/ur_calibration/share/ur_calibration/package.dsv'
[10.436s] INFO:colcon.colcon_core.shell:Creating package script '/home/com9/uet_ws/install/ur_calibration/share/ur_calibration/package.sh'
[10.437s] INFO:colcon.colcon_core.shell:Creating package script '/home/com9/uet_ws/install/ur_calibration/share/ur_calibration/package.bash'
[10.437s] INFO:colcon.colcon_core.shell:Creating package script '/home/com9/uet_ws/install/ur_calibration/share/ur_calibration/package.zsh'
[10.437s] Level 1:colcon.colcon_core.environment:create_file_with_runtime_dependencies(/home/com9/uet_ws/install/ur_calibration/share/colcon-core/packages/ur_calibration)
[10.437s] DEBUG:colcon.colcon_core.executor.sequential:run_until_complete 'ur_calibration' finished with '0'
[10.438s] DEBUG:colcon.colcon_core.executor.sequential:run_until_complete 'ur'
[10.438s] INFO:colcon.colcon_ros.task.ament_cmake.build:Building ROS package in '/home/com9/uet_ws/src/Universal_Robots_ROS2_Driver/ur' with build type 'ament_cmake'
[10.438s] INFO:colcon.colcon_cmake.task.cmake.build:Building CMake package in '/home/com9/uet_ws/src/Universal_Robots_ROS2_Driver/ur'
[10.438s] INFO:colcon.colcon_core.shell:Skip shell extension 'powershell' for command environment: Not usable outside of PowerShell
[10.438s] DEBUG:colcon.colcon_core.shell:Skip shell extension 'dsv' for command environment
[10.450s] DEBUG:colcon.colcon_core.event_handler.log_command:Invoking command in '/home/com9/uet_ws/build/ur': CMAKE_PREFIX_PATH=/home/com9/uet_ws/install/ur_calibration:/home/com9/uet_ws/install/ur_robot_driver:/home/com9/uet_ws/install/ur_controllers:/home/com9/uet_ws/install/ur_moveit_config:/home/com9/uet_ws/install/ur_dashboard_msgs:/home/com9/uet_ws/install/ur_simulation_gz:/home/com9/uet_ws/install/ur:/home/com9/uet_ws/install/ur_bringup:/home/com9/uet_ws/install/ur3_moveit_control:/home/com9/uet_ws/install/susgrip_2f_hardware:/home/com9/uet_ws/install/susgrip_2f_gazebo:/home/com9/uet_ws/install/susgrip_2f_description:/home/com9/uet_ws/install/susgrip_2f_control:/opt/ros/humble /usr/bin/cmake --build /home/com9/uet_ws/build/ur
[10.482s] DEBUG:colcon.colcon_core.event_handler.log_command:Invoked command in '/home/com9/uet_ws/build/ur' returned '0': CMAKE_PREFIX_PATH=/home/com9/uet_ws/install/ur_calibration:/home/com9/uet_ws/install/ur_robot_driver:/home/com9/uet_ws/install/ur_controllers:/home/com9/uet_ws/install/ur_moveit_config:/home/com9/uet_ws/install/ur_dashboard_msgs:/home/com9/uet_ws/install/ur_simulation_gz:/home/com9/uet_ws/install/ur:/home/com9/uet_ws/install/ur_bringup:/home/com9/uet_ws/install/ur3_moveit_control:/home/com9/uet_ws/install/susgrip_2f_hardware:/home/com9/uet_ws/install/susgrip_2f_gazebo:/home/com9/uet_ws/install/susgrip_2f_description:/home/com9/uet_ws/install/susgrip_2f_control:/opt/ros/humble /usr/bin/cmake --build /home/com9/uet_ws/build/ur
[10.483s] DEBUG:colcon.colcon_core.event_handler.log_command:Invoking command in '/home/com9/uet_ws/build/ur': CMAKE_PREFIX_PATH=/home/com9/uet_ws/install/ur_calibration:/home/com9/uet_ws/install/ur_robot_driver:/home/com9/uet_ws/install/ur_controllers:/home/com9/uet_ws/install/ur_moveit_config:/home/com9/uet_ws/install/ur_dashboard_msgs:/home/com9/uet_ws/install/ur_simulation_gz:/home/com9/uet_ws/install/ur:/home/com9/uet_ws/install/ur_bringup:/home/com9/uet_ws/install/ur3_moveit_control:/home/com9/uet_ws/install/susgrip_2f_hardware:/home/com9/uet_ws/install/susgrip_2f_gazebo:/home/com9/uet_ws/install/susgrip_2f_description:/home/com9/uet_ws/install/susgrip_2f_control:/opt/ros/humble /usr/bin/cmake --install /home/com9/uet_ws/build/ur
[10.491s] Level 1:colcon.colcon_core.environment:create_environment_scripts_only(ur)
[10.491s] Level 1:colcon.colcon_core.environment:checking '/home/com9/uet_ws/install/ur' for CMake module files
[10.491s] DEBUG:colcon.colcon_core.event_handler.log_command:Invoked command in '/home/com9/uet_ws/build/ur' returned '0': CMAKE_PREFIX_PATH=/home/com9/uet_ws/install/ur_calibration:/home/com9/uet_ws/install/ur_robot_driver:/home/com9/uet_ws/install/ur_controllers:/home/com9/uet_ws/install/ur_moveit_config:/home/com9/uet_ws/install/ur_dashboard_msgs:/home/com9/uet_ws/install/ur_simulation_gz:/home/com9/uet_ws/install/ur:/home/com9/uet_ws/install/ur_bringup:/home/com9/uet_ws/install/ur3_moveit_control:/home/com9/uet_ws/install/susgrip_2f_hardware:/home/com9/uet_ws/install/susgrip_2f_gazebo:/home/com9/uet_ws/install/susgrip_2f_description:/home/com9/uet_ws/install/susgrip_2f_control:/opt/ros/humble /usr/bin/cmake --install /home/com9/uet_ws/build/ur
[10.492s] Level 1:colcon.colcon_core.environment:checking '/home/com9/uet_ws/install/ur' for CMake config files
[10.492s] Level 1:colcon.colcon_core.shell:create_environment_hook('ur', 'cmake_prefix_path')
[10.492s] INFO:colcon.colcon_core.shell:Creating environment hook '/home/com9/uet_ws/install/ur/share/ur/hook/cmake_prefix_path.ps1'
[10.492s] INFO:colcon.colcon_core.shell:Creating environment descriptor '/home/com9/uet_ws/install/ur/share/ur/hook/cmake_prefix_path.dsv'
[10.492s] INFO:colcon.colcon_core.shell:Creating environment hook '/home/com9/uet_ws/install/ur/share/ur/hook/cmake_prefix_path.sh'
[10.493s] Level 1:colcon.colcon_core.environment:checking '/home/com9/uet_ws/install/ur/bin'
[10.493s] Level 1:colcon.colcon_core.environment:checking '/home/com9/uet_ws/install/ur/lib/pkgconfig/ur.pc'
[10.493s] Level 1:colcon.colcon_core.environment:checking '/home/com9/uet_ws/install/ur/lib/python3.10/site-packages'
[10.493s] Level 1:colcon.colcon_core.environment:checking '/home/com9/uet_ws/install/ur/bin'
[10.493s] INFO:colcon.colcon_core.shell:Creating package script '/home/com9/uet_ws/install/ur/share/ur/package.ps1'
[10.494s] INFO:colcon.colcon_core.shell:Creating package descriptor '/home/com9/uet_ws/install/ur/share/ur/package.dsv'
[10.494s] INFO:colcon.colcon_core.shell:Creating package script '/home/com9/uet_ws/install/ur/share/ur/package.sh'
[10.494s] INFO:colcon.colcon_core.shell:Creating package script '/home/com9/uet_ws/install/ur/share/ur/package.bash'
[10.494s] INFO:colcon.colcon_core.shell:Creating package script '/home/com9/uet_ws/install/ur/share/ur/package.zsh'
[10.494s] Level 1:colcon.colcon_core.environment:create_file_with_runtime_dependencies(/home/com9/uet_ws/install/ur/share/colcon-core/packages/ur)
[10.495s] Level 1:colcon.colcon_core.environment:create_environment_scripts_only(ur)
[10.495s] Level 1:colcon.colcon_core.environment:checking '/home/com9/uet_ws/install/ur' for CMake module files
[10.495s] Level 1:colcon.colcon_core.environment:checking '/home/com9/uet_ws/install/ur' for CMake config files
[10.495s] Level 1:colcon.colcon_core.shell:create_environment_hook('ur', 'cmake_prefix_path')
[10.495s] INFO:colcon.colcon_core.shell:Creating environment hook '/home/com9/uet_ws/install/ur/share/ur/hook/cmake_prefix_path.ps1'
[10.495s] INFO:colcon.colcon_core.shell:Creating environment descriptor '/home/com9/uet_ws/install/ur/share/ur/hook/cmake_prefix_path.dsv'
[10.495s] INFO:colcon.colcon_core.shell:Creating environment hook '/home/com9/uet_ws/install/ur/share/ur/hook/cmake_prefix_path.sh'
[10.496s] Level 1:colcon.colcon_core.environment:checking '/home/com9/uet_ws/install/ur/bin'
[10.496s] Level 1:colcon.colcon_core.environment:checking '/home/com9/uet_ws/install/ur/lib/pkgconfig/ur.pc'
[10.496s] Level 1:colcon.colcon_core.environment:checking '/home/com9/uet_ws/install/ur/lib/python3.10/site-packages'
[10.496s] Level 1:colcon.colcon_core.environment:checking '/home/com9/uet_ws/install/ur/bin'
[10.496s] INFO:colcon.colcon_core.shell:Creating package script '/home/com9/uet_ws/install/ur/share/ur/package.ps1'
[10.497s] INFO:colcon.colcon_core.shell:Creating package descriptor '/home/com9/uet_ws/install/ur/share/ur/package.dsv'
[10.497s] INFO:colcon.colcon_core.shell:Creating package script '/home/com9/uet_ws/install/ur/share/ur/package.sh'
[10.497s] INFO:colcon.colcon_core.shell:Creating package script '/home/com9/uet_ws/install/ur/share/ur/package.bash'
[10.497s] INFO:colcon.colcon_core.shell:Creating package script '/home/com9/uet_ws/install/ur/share/ur/package.zsh'
[10.498s] Level 1:colcon.colcon_core.environment:create_file_with_runtime_dependencies(/home/com9/uet_ws/install/ur/share/colcon-core/packages/ur)
[10.498s] DEBUG:colcon.colcon_core.executor.sequential:run_until_complete 'ur' finished with '0'
[10.498s] DEBUG:colcon.colcon_core.executor.sequential:closing loop
[10.498s] DEBUG:colcon.colcon_core.executor.sequential:loop closed
[10.498s] DEBUG:colcon.colcon_core.event_reactor:joining thread
[10.511s] INFO:colcon.colcon_core.plugin_system:Skipping extension 'colcon_notification.desktop_notification.terminal_notifier': Not used on non-Darwin systems
[10.511s] INFO:colcon.colcon_core.plugin_system:Skipping extension 'colcon_notification.desktop_notification.win32': Not used on non-Windows systems
[10.511s] INFO:colcon.colcon_notification.desktop_notification:Sending desktop notification using 'notify2'
[10.521s] DEBUG:colcon.colcon_core.event_reactor:joined thread
[10.522s] INFO:colcon.colcon_core.shell:Creating prefix script '/home/com9/uet_ws/install/local_setup.ps1'
[10.523s] INFO:colcon.colcon_core.shell:Creating prefix util module '/home/com9/uet_ws/install/_local_setup_util_ps1.py'
[10.525s] INFO:colcon.colcon_core.shell:Creating prefix chain script '/home/com9/uet_ws/install/setup.ps1'
[10.527s] INFO:colcon.colcon_core.shell:Creating prefix script '/home/com9/uet_ws/install/local_setup.sh'
[10.528s] INFO:colcon.colcon_core.shell:Creating prefix util module '/home/com9/uet_ws/install/_local_setup_util_sh.py'
[10.528s] INFO:colcon.colcon_core.shell:Creating prefix chain script '/home/com9/uet_ws/install/setup.sh'
[10.529s] INFO:colcon.colcon_core.shell:Creating prefix script '/home/com9/uet_ws/install/local_setup.bash'
[10.529s] INFO:colcon.colcon_core.shell:Creating prefix chain script '/home/com9/uet_ws/install/setup.bash'
[10.530s] INFO:colcon.colcon_core.shell:Creating prefix script '/home/com9/uet_ws/install/local_setup.zsh'
[10.531s] INFO:colcon.colcon_core.shell:Creating prefix chain script '/home/com9/uet_ws/install/setup.zsh'
