[0.005s] Invoking command in '/home/com9/uet_ws/build/ur_dashboard_msgs': CMAKE_PREFIX_PATH=/opt/ros/humble /usr/bin/cmake /home/com9/uet_ws/src/Universal_Robots_ROS2_Driver/ur_dashboard_msgs -DCMAKE_INSTALL_PREFIX=/home/com9/uet_ws/install/ur_dashboard_msgs
[0.040s] -- The C compiler identification is GNU 11.4.0
[0.077s] -- The CXX compiler identification is GNU 11.4.0
[0.081s] -- Detecting C compiler ABI info
[0.130s] -- Detecting C compiler ABI info - done
[0.134s] -- Check for working C compiler: /usr/bin/cc - skipped
[0.134s] -- Detecting C compile features
[0.135s] -- Detecting C compile features - done
[0.137s] -- Detecting CXX compiler ABI info
[0.187s] -- Detecting CXX compiler ABI info - done
[0.192s] -- Check for working CXX compiler: /usr/bin/c++ - skipped
[0.192s] -- Detecting CXX compile features
[0.192s] -- Detecting CXX compile features - done
[0.193s] -- Found ament_cmake: 1.3.14 (/opt/ros/humble/share/ament_cmake/cmake)
[0.287s] -- Found Python3: /usr/bin/python3 (found version "3.10.12") found components: Interpreter 
[0.340s] -- Found rosidl_default_generators: 1.2.1 (/opt/ros/humble/share/rosidl_default_generators/cmake)
[0.342s] -- Using all available rosidl_typesupport_c: rosidl_typesupport_fastrtps_c;rosidl_typesupport_introspection_c
[0.346s] -- Found rosidl_adapter: 3.1.8 (/opt/ros/humble/share/rosidl_adapter/cmake)
[0.370s] -- Using all available rosidl_typesupport_cpp: rosidl_typesupport_fastrtps_cpp;rosidl_typesupport_introspection_cpp
[0.391s] -- Found action_msgs: 1.2.2 (/opt/ros/humble/share/action_msgs/cmake)
[0.704s] -- Found ament_cmake_ros: 0.10.0 (/opt/ros/humble/share/ament_cmake_ros/cmake)
[0.824s] -- Using all available rosidl_typesupport_c: rosidl_typesupport_fastrtps_c;rosidl_typesupport_introspection_c
[0.977s] -- Using all available rosidl_typesupport_cpp: rosidl_typesupport_fastrtps_cpp;rosidl_typesupport_introspection_cpp
[0.991s] -- Found PythonInterp: /usr/bin/python3 (found suitable version "3.10.12", minimum required is "3.6") 
[0.992s] -- Found python_cmake_module: 0.10.0 (/opt/ros/humble/share/python_cmake_module/cmake)
[1.008s] -- Found PythonLibs: /usr/lib/x86_64-linux-gnu/libpython3.10.so (found suitable version "3.10.12", minimum required is "3.5") 
[1.008s] -- Using PYTHON_EXECUTABLE: /usr/bin/python3
[1.008s] -- Using PYTHON_INCLUDE_DIRS: /usr/include/python3.10
[1.008s] -- Using PYTHON_LIBRARIES: /usr/lib/x86_64-linux-gnu/libpython3.10.so
[1.021s] -- Found PythonExtra: .so  
[1.089s] -- Configuring done
[1.135s] -- Generating done
[1.145s] -- Build files have been written to: /home/com9/uet_ws/build/ur_dashboard_msgs
[1.150s] Invoked command in '/home/com9/uet_ws/build/ur_dashboard_msgs' returned '0': CMAKE_PREFIX_PATH=/opt/ros/humble /usr/bin/cmake /home/com9/uet_ws/src/Universal_Robots_ROS2_Driver/ur_dashboard_msgs -DCMAKE_INSTALL_PREFIX=/home/com9/uet_ws/install/ur_dashboard_msgs
[1.151s] Invoking command in '/home/com9/uet_ws/build/ur_dashboard_msgs': CMAKE_PREFIX_PATH=/opt/ros/humble /usr/bin/cmake --build /home/com9/uet_ws/build/ur_dashboard_msgs
[1.192s] [  1%] [34m[1mGenerating Rust code for ROS interfaces[0m
[1.817s] [  1%] Built target ur_dashboard_msgs__rs
[1.826s] [  2%] [34m[1mGenerating C code for ROS interfaces[0m
[3.193s] [  2%] [32mBuilding C object CMakeFiles/ur_dashboard_msgs__rosidl_generator_c.dir/rosidl_generator_c/ur_dashboard_msgs/msg/detail/program_information__functions.c.o[0m
[3.221s] [  2%] [32mBuilding C object CMakeFiles/ur_dashboard_msgs__rosidl_generator_c.dir/rosidl_generator_c/ur_dashboard_msgs/msg/detail/program_state__functions.c.o[0m
[3.249s] [  3%] [32mBuilding C object CMakeFiles/ur_dashboard_msgs__rosidl_generator_c.dir/rosidl_generator_c/ur_dashboard_msgs/msg/detail/robot_mode__functions.c.o[0m
[3.277s] [  3%] [32mBuilding C object CMakeFiles/ur_dashboard_msgs__rosidl_generator_c.dir/rosidl_generator_c/ur_dashboard_msgs/msg/detail/safety_mode__functions.c.o[0m
[3.304s] [  3%] [32mBuilding C object CMakeFiles/ur_dashboard_msgs__rosidl_generator_c.dir/rosidl_generator_c/ur_dashboard_msgs/msg/detail/operational_mode__functions.c.o[0m
[3.332s] [  4%] [32mBuilding C object CMakeFiles/ur_dashboard_msgs__rosidl_generator_c.dir/rosidl_generator_c/ur_dashboard_msgs/msg/detail/user_role__functions.c.o[0m
[3.359s] [  4%] [32mBuilding C object CMakeFiles/ur_dashboard_msgs__rosidl_generator_c.dir/rosidl_generator_c/ur_dashboard_msgs/msg/detail/version_information__functions.c.o[0m
[3.387s] [  4%] [32mBuilding C object CMakeFiles/ur_dashboard_msgs__rosidl_generator_c.dir/rosidl_generator_c/ur_dashboard_msgs/msg/detail/safety_status__functions.c.o[0m
[3.416s] [  5%] [32mBuilding C object CMakeFiles/ur_dashboard_msgs__rosidl_generator_c.dir/rosidl_generator_c/ur_dashboard_msgs/srv/detail/add_to_log__functions.c.o[0m
[3.452s] [  5%] [32mBuilding C object CMakeFiles/ur_dashboard_msgs__rosidl_generator_c.dir/rosidl_generator_c/ur_dashboard_msgs/srv/detail/download_program__functions.c.o[0m
[3.485s] [  5%] [32mBuilding C object CMakeFiles/ur_dashboard_msgs__rosidl_generator_c.dir/rosidl_generator_c/ur_dashboard_msgs/srv/detail/get_loaded_program__functions.c.o[0m
[3.519s] [  6%] [32mBuilding C object CMakeFiles/ur_dashboard_msgs__rosidl_generator_c.dir/rosidl_generator_c/ur_dashboard_msgs/srv/detail/get_programs__functions.c.o[0m
[3.552s] [  6%] [32mBuilding C object CMakeFiles/ur_dashboard_msgs__rosidl_generator_c.dir/rosidl_generator_c/ur_dashboard_msgs/srv/detail/get_program_state__functions.c.o[0m
[3.587s] [  6%] [32mBuilding C object CMakeFiles/ur_dashboard_msgs__rosidl_generator_c.dir/rosidl_generator_c/ur_dashboard_msgs/srv/detail/get_robot_mode__functions.c.o[0m
[3.623s] [  7%] [32mBuilding C object CMakeFiles/ur_dashboard_msgs__rosidl_generator_c.dir/rosidl_generator_c/ur_dashboard_msgs/srv/detail/get_safety_mode__functions.c.o[0m
[3.659s] [  7%] [32mBuilding C object CMakeFiles/ur_dashboard_msgs__rosidl_generator_c.dir/rosidl_generator_c/ur_dashboard_msgs/srv/detail/is_program_running__functions.c.o[0m
[3.694s] [  7%] [32mBuilding C object CMakeFiles/ur_dashboard_msgs__rosidl_generator_c.dir/rosidl_generator_c/ur_dashboard_msgs/srv/detail/is_program_saved__functions.c.o[0m
[3.730s] [  8%] [32mBuilding C object CMakeFiles/ur_dashboard_msgs__rosidl_generator_c.dir/rosidl_generator_c/ur_dashboard_msgs/srv/detail/load__functions.c.o[0m
[3.766s] [  8%] [32mBuilding C object CMakeFiles/ur_dashboard_msgs__rosidl_generator_c.dir/rosidl_generator_c/ur_dashboard_msgs/srv/detail/popup__functions.c.o[0m
[3.801s] [  8%] [32mBuilding C object CMakeFiles/ur_dashboard_msgs__rosidl_generator_c.dir/rosidl_generator_c/ur_dashboard_msgs/srv/detail/raw_request__functions.c.o[0m
[3.838s] [  9%] [32mBuilding C object CMakeFiles/ur_dashboard_msgs__rosidl_generator_c.dir/rosidl_generator_c/ur_dashboard_msgs/srv/detail/is_in_remote_control__functions.c.o[0m
[3.872s] [  9%] [32mBuilding C object CMakeFiles/ur_dashboard_msgs__rosidl_generator_c.dir/rosidl_generator_c/ur_dashboard_msgs/srv/detail/upload_program__functions.c.o[0m
[3.908s] [ 10%] [32mBuilding C object CMakeFiles/ur_dashboard_msgs__rosidl_generator_c.dir/rosidl_generator_c/ur_dashboard_msgs/srv/detail/get_poly_scope_version__functions.c.o[0m
[3.943s] [ 10%] [32mBuilding C object CMakeFiles/ur_dashboard_msgs__rosidl_generator_c.dir/rosidl_generator_c/ur_dashboard_msgs/srv/detail/get_serial_number__functions.c.o[0m
[3.979s] [ 10%] [32mBuilding C object CMakeFiles/ur_dashboard_msgs__rosidl_generator_c.dir/rosidl_generator_c/ur_dashboard_msgs/srv/detail/get_user_role__functions.c.o[0m
[4.015s] [ 11%] [32mBuilding C object CMakeFiles/ur_dashboard_msgs__rosidl_generator_c.dir/rosidl_generator_c/ur_dashboard_msgs/srv/detail/set_user_role__functions.c.o[0m
[4.050s] [ 11%] [32mBuilding C object CMakeFiles/ur_dashboard_msgs__rosidl_generator_c.dir/rosidl_generator_c/ur_dashboard_msgs/srv/detail/set_operational_mode__functions.c.o[0m
[4.084s] [ 11%] [32mBuilding C object CMakeFiles/ur_dashboard_msgs__rosidl_generator_c.dir/rosidl_generator_c/ur_dashboard_msgs/srv/detail/get_operational_mode__functions.c.o[0m
[4.119s] [ 12%] [32mBuilding C object CMakeFiles/ur_dashboard_msgs__rosidl_generator_c.dir/rosidl_generator_c/ur_dashboard_msgs/srv/detail/get_robot_model__functions.c.o[0m
[4.151s] [ 12%] [32mBuilding C object CMakeFiles/ur_dashboard_msgs__rosidl_generator_c.dir/rosidl_generator_c/ur_dashboard_msgs/srv/detail/get_safety_status__functions.c.o[0m
[4.185s] [ 12%] [32mBuilding C object CMakeFiles/ur_dashboard_msgs__rosidl_generator_c.dir/rosidl_generator_c/ur_dashboard_msgs/srv/detail/generate_flight_report__functions.c.o[0m
[4.219s] [ 13%] [32mBuilding C object CMakeFiles/ur_dashboard_msgs__rosidl_generator_c.dir/rosidl_generator_c/ur_dashboard_msgs/srv/detail/generate_support_file__functions.c.o[0m
[4.254s] [ 13%] [32mBuilding C object CMakeFiles/ur_dashboard_msgs__rosidl_generator_c.dir/rosidl_generator_c/ur_dashboard_msgs/action/detail/set_mode__functions.c.o[0m
[4.327s] [ 13%] [32m[1mLinking C shared library libur_dashboard_msgs__rosidl_generator_c.so[0m
[4.358s] [ 13%] Built target ur_dashboard_msgs__rosidl_generator_c
[4.366s] [ 14%] [34m[1mGenerating C type support for eProsima Fast-RTPS[0m
[5.481s] [ 14%] [32mBuilding CXX object CMakeFiles/ur_dashboard_msgs__rosidl_typesupport_fastrtps_c.dir/rosidl_typesupport_fastrtps_c/ur_dashboard_msgs/msg/detail/program_information__type_support_c.cpp.o[0m
[5.641s] [ 14%] [32mBuilding CXX object CMakeFiles/ur_dashboard_msgs__rosidl_typesupport_fastrtps_c.dir/rosidl_typesupport_fastrtps_c/ur_dashboard_msgs/msg/detail/program_state__type_support_c.cpp.o[0m
[5.797s] [ 15%] [32mBuilding CXX object CMakeFiles/ur_dashboard_msgs__rosidl_typesupport_fastrtps_c.dir/rosidl_typesupport_fastrtps_c/ur_dashboard_msgs/msg/detail/robot_mode__type_support_c.cpp.o[0m
[5.955s] [ 15%] [32mBuilding CXX object CMakeFiles/ur_dashboard_msgs__rosidl_typesupport_fastrtps_c.dir/rosidl_typesupport_fastrtps_c/ur_dashboard_msgs/msg/detail/safety_mode__type_support_c.cpp.o[0m
[6.108s] [ 15%] [32mBuilding CXX object CMakeFiles/ur_dashboard_msgs__rosidl_typesupport_fastrtps_c.dir/rosidl_typesupport_fastrtps_c/ur_dashboard_msgs/msg/detail/operational_mode__type_support_c.cpp.o[0m
[6.264s] [ 16%] [32mBuilding CXX object CMakeFiles/ur_dashboard_msgs__rosidl_typesupport_fastrtps_c.dir/rosidl_typesupport_fastrtps_c/ur_dashboard_msgs/msg/detail/user_role__type_support_c.cpp.o[0m
[6.421s] [ 16%] [32mBuilding CXX object CMakeFiles/ur_dashboard_msgs__rosidl_typesupport_fastrtps_c.dir/rosidl_typesupport_fastrtps_c/ur_dashboard_msgs/msg/detail/version_information__type_support_c.cpp.o[0m
[6.580s] [ 16%] [32mBuilding CXX object CMakeFiles/ur_dashboard_msgs__rosidl_typesupport_fastrtps_c.dir/rosidl_typesupport_fastrtps_c/ur_dashboard_msgs/msg/detail/safety_status__type_support_c.cpp.o[0m
[6.735s] [ 17%] [32mBuilding CXX object CMakeFiles/ur_dashboard_msgs__rosidl_typesupport_fastrtps_c.dir/rosidl_typesupport_fastrtps_c/ur_dashboard_msgs/srv/detail/add_to_log__type_support_c.cpp.o[0m
[6.899s] [ 17%] [32mBuilding CXX object CMakeFiles/ur_dashboard_msgs__rosidl_typesupport_fastrtps_c.dir/rosidl_typesupport_fastrtps_c/ur_dashboard_msgs/srv/detail/download_program__type_support_c.cpp.o[0m
[7.065s] [ 17%] [32mBuilding CXX object CMakeFiles/ur_dashboard_msgs__rosidl_typesupport_fastrtps_c.dir/rosidl_typesupport_fastrtps_c/ur_dashboard_msgs/srv/detail/get_loaded_program__type_support_c.cpp.o[0m
[7.236s] [ 18%] [32mBuilding CXX object CMakeFiles/ur_dashboard_msgs__rosidl_typesupport_fastrtps_c.dir/rosidl_typesupport_fastrtps_c/ur_dashboard_msgs/srv/detail/get_programs__type_support_c.cpp.o[0m
[7.408s] [ 18%] [32mBuilding CXX object CMakeFiles/ur_dashboard_msgs__rosidl_typesupport_fastrtps_c.dir/rosidl_typesupport_fastrtps_c/ur_dashboard_msgs/srv/detail/get_program_state__type_support_c.cpp.o[0m
[7.579s] [ 18%] [32mBuilding CXX object CMakeFiles/ur_dashboard_msgs__rosidl_typesupport_fastrtps_c.dir/rosidl_typesupport_fastrtps_c/ur_dashboard_msgs/srv/detail/get_robot_mode__type_support_c.cpp.o[0m
[7.745s] [ 19%] [32mBuilding CXX object CMakeFiles/ur_dashboard_msgs__rosidl_typesupport_fastrtps_c.dir/rosidl_typesupport_fastrtps_c/ur_dashboard_msgs/srv/detail/get_safety_mode__type_support_c.cpp.o[0m
[7.910s] [ 19%] [32mBuilding CXX object CMakeFiles/ur_dashboard_msgs__rosidl_typesupport_fastrtps_c.dir/rosidl_typesupport_fastrtps_c/ur_dashboard_msgs/srv/detail/is_program_running__type_support_c.cpp.o[0m
[8.080s] [ 19%] [32mBuilding CXX object CMakeFiles/ur_dashboard_msgs__rosidl_typesupport_fastrtps_c.dir/rosidl_typesupport_fastrtps_c/ur_dashboard_msgs/srv/detail/is_program_saved__type_support_c.cpp.o[0m
[8.255s] [ 20%] [32mBuilding CXX object CMakeFiles/ur_dashboard_msgs__rosidl_typesupport_fastrtps_c.dir/rosidl_typesupport_fastrtps_c/ur_dashboard_msgs/srv/detail/load__type_support_c.cpp.o[0m
[8.429s] [ 20%] [32mBuilding CXX object CMakeFiles/ur_dashboard_msgs__rosidl_typesupport_fastrtps_c.dir/rosidl_typesupport_fastrtps_c/ur_dashboard_msgs/srv/detail/popup__type_support_c.cpp.o[0m
[8.607s] [ 20%] [32mBuilding CXX object CMakeFiles/ur_dashboard_msgs__rosidl_typesupport_fastrtps_c.dir/rosidl_typesupport_fastrtps_c/ur_dashboard_msgs/srv/detail/raw_request__type_support_c.cpp.o[0m
[8.782s] [ 21%] [32mBuilding CXX object CMakeFiles/ur_dashboard_msgs__rosidl_typesupport_fastrtps_c.dir/rosidl_typesupport_fastrtps_c/ur_dashboard_msgs/srv/detail/is_in_remote_control__type_support_c.cpp.o[0m
[8.954s] [ 21%] [32mBuilding CXX object CMakeFiles/ur_dashboard_msgs__rosidl_typesupport_fastrtps_c.dir/rosidl_typesupport_fastrtps_c/ur_dashboard_msgs/srv/detail/upload_program__type_support_c.cpp.o[0m
[9.122s] [ 21%] [32mBuilding CXX object CMakeFiles/ur_dashboard_msgs__rosidl_typesupport_fastrtps_c.dir/rosidl_typesupport_fastrtps_c/ur_dashboard_msgs/srv/detail/get_poly_scope_version__type_support_c.cpp.o[0m
[9.291s] [ 22%] [32mBuilding CXX object CMakeFiles/ur_dashboard_msgs__rosidl_typesupport_fastrtps_c.dir/rosidl_typesupport_fastrtps_c/ur_dashboard_msgs/srv/detail/get_serial_number__type_support_c.cpp.o[0m
[9.459s] [ 22%] [32mBuilding CXX object CMakeFiles/ur_dashboard_msgs__rosidl_typesupport_fastrtps_c.dir/rosidl_typesupport_fastrtps_c/ur_dashboard_msgs/srv/detail/get_user_role__type_support_c.cpp.o[0m
[9.624s] [ 23%] [32mBuilding CXX object CMakeFiles/ur_dashboard_msgs__rosidl_typesupport_fastrtps_c.dir/rosidl_typesupport_fastrtps_c/ur_dashboard_msgs/srv/detail/set_user_role__type_support_c.cpp.o[0m
[9.790s] [ 23%] [32mBuilding CXX object CMakeFiles/ur_dashboard_msgs__rosidl_typesupport_fastrtps_c.dir/rosidl_typesupport_fastrtps_c/ur_dashboard_msgs/srv/detail/set_operational_mode__type_support_c.cpp.o[0m
[9.954s] [ 23%] [32mBuilding CXX object CMakeFiles/ur_dashboard_msgs__rosidl_typesupport_fastrtps_c.dir/rosidl_typesupport_fastrtps_c/ur_dashboard_msgs/srv/detail/get_operational_mode__type_support_c.cpp.o[0m
[10.119s] [ 24%] [32mBuilding CXX object CMakeFiles/ur_dashboard_msgs__rosidl_typesupport_fastrtps_c.dir/rosidl_typesupport_fastrtps_c/ur_dashboard_msgs/srv/detail/get_robot_model__type_support_c.cpp.o[0m
[10.289s] [ 24%] [32mBuilding CXX object CMakeFiles/ur_dashboard_msgs__rosidl_typesupport_fastrtps_c.dir/rosidl_typesupport_fastrtps_c/ur_dashboard_msgs/srv/detail/get_safety_status__type_support_c.cpp.o[0m
[10.456s] [ 24%] [32mBuilding CXX object CMakeFiles/ur_dashboard_msgs__rosidl_typesupport_fastrtps_c.dir/rosidl_typesupport_fastrtps_c/ur_dashboard_msgs/srv/detail/generate_flight_report__type_support_c.cpp.o[0m
[10.622s] [ 25%] [32mBuilding CXX object CMakeFiles/ur_dashboard_msgs__rosidl_typesupport_fastrtps_c.dir/rosidl_typesupport_fastrtps_c/ur_dashboard_msgs/srv/detail/generate_support_file__type_support_c.cpp.o[0m
[10.792s] [ 25%] [32mBuilding CXX object CMakeFiles/ur_dashboard_msgs__rosidl_typesupport_fastrtps_c.dir/rosidl_typesupport_fastrtps_c/ur_dashboard_msgs/action/detail/set_mode__type_support_c.cpp.o[0m
[10.980s] [ 25%] [32m[1mLinking CXX shared library libur_dashboard_msgs__rosidl_typesupport_fastrtps_c.so[0m
[11.033s] [ 25%] Built target ur_dashboard_msgs__rosidl_typesupport_fastrtps_c
[11.041s] [ 26%] [34m[1mGenerating C introspection for ROS interfaces[0m
[12.055s] [ 26%] [32mBuilding C object CMakeFiles/ur_dashboard_msgs__rosidl_typesupport_introspection_c.dir/rosidl_typesupport_introspection_c/ur_dashboard_msgs/msg/detail/program_information__type_support.c.o[0m
[12.076s] [ 26%] [32mBuilding C object CMakeFiles/ur_dashboard_msgs__rosidl_typesupport_introspection_c.dir/rosidl_typesupport_introspection_c/ur_dashboard_msgs/msg/detail/program_state__type_support.c.o[0m
[12.095s] [ 27%] [32mBuilding C object CMakeFiles/ur_dashboard_msgs__rosidl_typesupport_introspection_c.dir/rosidl_typesupport_introspection_c/ur_dashboard_msgs/msg/detail/robot_mode__type_support.c.o[0m
[12.116s] [ 27%] [32mBuilding C object CMakeFiles/ur_dashboard_msgs__rosidl_typesupport_introspection_c.dir/rosidl_typesupport_introspection_c/ur_dashboard_msgs/msg/detail/safety_mode__type_support.c.o[0m
[12.136s] [ 27%] [32mBuilding C object CMakeFiles/ur_dashboard_msgs__rosidl_typesupport_introspection_c.dir/rosidl_typesupport_introspection_c/ur_dashboard_msgs/msg/detail/operational_mode__type_support.c.o[0m
[12.155s] [ 28%] [32mBuilding C object CMakeFiles/ur_dashboard_msgs__rosidl_typesupport_introspection_c.dir/rosidl_typesupport_introspection_c/ur_dashboard_msgs/msg/detail/user_role__type_support.c.o[0m
[12.174s] [ 28%] [32mBuilding C object CMakeFiles/ur_dashboard_msgs__rosidl_typesupport_introspection_c.dir/rosidl_typesupport_introspection_c/ur_dashboard_msgs/msg/detail/version_information__type_support.c.o[0m
[12.193s] [ 28%] [32mBuilding C object CMakeFiles/ur_dashboard_msgs__rosidl_typesupport_introspection_c.dir/rosidl_typesupport_introspection_c/ur_dashboard_msgs/msg/detail/safety_status__type_support.c.o[0m
[12.215s] [ 29%] [32mBuilding C object CMakeFiles/ur_dashboard_msgs__rosidl_typesupport_introspection_c.dir/rosidl_typesupport_introspection_c/ur_dashboard_msgs/srv/detail/add_to_log__type_support.c.o[0m
[12.235s] [ 29%] [32mBuilding C object CMakeFiles/ur_dashboard_msgs__rosidl_typesupport_introspection_c.dir/rosidl_typesupport_introspection_c/ur_dashboard_msgs/srv/detail/download_program__type_support.c.o[0m
[12.257s] [ 29%] [32mBuilding C object CMakeFiles/ur_dashboard_msgs__rosidl_typesupport_introspection_c.dir/rosidl_typesupport_introspection_c/ur_dashboard_msgs/srv/detail/get_loaded_program__type_support.c.o[0m
[12.276s] [ 30%] [32mBuilding C object CMakeFiles/ur_dashboard_msgs__rosidl_typesupport_introspection_c.dir/rosidl_typesupport_introspection_c/ur_dashboard_msgs/srv/detail/get_programs__type_support.c.o[0m
[12.302s] [ 30%] [32mBuilding C object CMakeFiles/ur_dashboard_msgs__rosidl_typesupport_introspection_c.dir/rosidl_typesupport_introspection_c/ur_dashboard_msgs/srv/detail/get_program_state__type_support.c.o[0m
[12.325s] [ 30%] [32mBuilding C object CMakeFiles/ur_dashboard_msgs__rosidl_typesupport_introspection_c.dir/rosidl_typesupport_introspection_c/ur_dashboard_msgs/srv/detail/get_robot_mode__type_support.c.o[0m
[12.345s] [ 31%] [32mBuilding C object CMakeFiles/ur_dashboard_msgs__rosidl_typesupport_introspection_c.dir/rosidl_typesupport_introspection_c/ur_dashboard_msgs/srv/detail/get_safety_mode__type_support.c.o[0m
[12.365s] [ 31%] [32mBuilding C object CMakeFiles/ur_dashboard_msgs__rosidl_typesupport_introspection_c.dir/rosidl_typesupport_introspection_c/ur_dashboard_msgs/srv/detail/is_program_running__type_support.c.o[0m
[12.385s] [ 31%] [32mBuilding C object CMakeFiles/ur_dashboard_msgs__rosidl_typesupport_introspection_c.dir/rosidl_typesupport_introspection_c/ur_dashboard_msgs/srv/detail/is_program_saved__type_support.c.o[0m
[12.406s] [ 32%] [32mBuilding C object CMakeFiles/ur_dashboard_msgs__rosidl_typesupport_introspection_c.dir/rosidl_typesupport_introspection_c/ur_dashboard_msgs/srv/detail/load__type_support.c.o[0m
[12.427s] [ 32%] [32mBuilding C object CMakeFiles/ur_dashboard_msgs__rosidl_typesupport_introspection_c.dir/rosidl_typesupport_introspection_c/ur_dashboard_msgs/srv/detail/popup__type_support.c.o[0m
[12.447s] [ 32%] [32mBuilding C object CMakeFiles/ur_dashboard_msgs__rosidl_typesupport_introspection_c.dir/rosidl_typesupport_introspection_c/ur_dashboard_msgs/srv/detail/raw_request__type_support.c.o[0m
[12.468s] [ 33%] [32mBuilding C object CMakeFiles/ur_dashboard_msgs__rosidl_typesupport_introspection_c.dir/rosidl_typesupport_introspection_c/ur_dashboard_msgs/srv/detail/is_in_remote_control__type_support.c.o[0m
[12.489s] [ 33%] [32mBuilding C object CMakeFiles/ur_dashboard_msgs__rosidl_typesupport_introspection_c.dir/rosidl_typesupport_introspection_c/ur_dashboard_msgs/srv/detail/upload_program__type_support.c.o[0m
[12.512s] [ 33%] [32mBuilding C object CMakeFiles/ur_dashboard_msgs__rosidl_typesupport_introspection_c.dir/rosidl_typesupport_introspection_c/ur_dashboard_msgs/srv/detail/get_poly_scope_version__type_support.c.o[0m
[12.535s] [ 34%] [32mBuilding C object CMakeFiles/ur_dashboard_msgs__rosidl_typesupport_introspection_c.dir/rosidl_typesupport_introspection_c/ur_dashboard_msgs/srv/detail/get_serial_number__type_support.c.o[0m
[12.556s] [ 34%] [32mBuilding C object CMakeFiles/ur_dashboard_msgs__rosidl_typesupport_introspection_c.dir/rosidl_typesupport_introspection_c/ur_dashboard_msgs/srv/detail/get_user_role__type_support.c.o[0m
[12.577s] [ 35%] [32mBuilding C object CMakeFiles/ur_dashboard_msgs__rosidl_typesupport_introspection_c.dir/rosidl_typesupport_introspection_c/ur_dashboard_msgs/srv/detail/set_user_role__type_support.c.o[0m
[12.599s] [ 35%] [32mBuilding C object CMakeFiles/ur_dashboard_msgs__rosidl_typesupport_introspection_c.dir/rosidl_typesupport_introspection_c/ur_dashboard_msgs/srv/detail/set_operational_mode__type_support.c.o[0m
[12.620s] [ 35%] [32mBuilding C object CMakeFiles/ur_dashboard_msgs__rosidl_typesupport_introspection_c.dir/rosidl_typesupport_introspection_c/ur_dashboard_msgs/srv/detail/get_operational_mode__type_support.c.o[0m
[12.642s] [ 36%] [32mBuilding C object CMakeFiles/ur_dashboard_msgs__rosidl_typesupport_introspection_c.dir/rosidl_typesupport_introspection_c/ur_dashboard_msgs/srv/detail/get_robot_model__type_support.c.o[0m
[12.667s] [ 36%] [32mBuilding C object CMakeFiles/ur_dashboard_msgs__rosidl_typesupport_introspection_c.dir/rosidl_typesupport_introspection_c/ur_dashboard_msgs/srv/detail/get_safety_status__type_support.c.o[0m
[12.688s] [ 36%] [32mBuilding C object CMakeFiles/ur_dashboard_msgs__rosidl_typesupport_introspection_c.dir/rosidl_typesupport_introspection_c/ur_dashboard_msgs/srv/detail/generate_flight_report__type_support.c.o[0m
[12.713s] [ 37%] [32mBuilding C object CMakeFiles/ur_dashboard_msgs__rosidl_typesupport_introspection_c.dir/rosidl_typesupport_introspection_c/ur_dashboard_msgs/srv/detail/generate_support_file__type_support.c.o[0m
[12.735s] [ 37%] [32mBuilding C object CMakeFiles/ur_dashboard_msgs__rosidl_typesupport_introspection_c.dir/rosidl_typesupport_introspection_c/ur_dashboard_msgs/action/detail/set_mode__type_support.c.o[0m
[12.763s] [ 37%] [32m[1mLinking C shared library libur_dashboard_msgs__rosidl_typesupport_introspection_c.so[0m
[12.788s] [ 37%] Built target ur_dashboard_msgs__rosidl_typesupport_introspection_c
[12.795s] [ 38%] [34m[1mGenerating C type support dispatch for ROS interfaces[0m
[13.531s] [ 38%] [32mBuilding CXX object CMakeFiles/ur_dashboard_msgs__rosidl_typesupport_c.dir/rosidl_typesupport_c/ur_dashboard_msgs/msg/program_information__type_support.cpp.o[0m
[13.550s] [ 38%] [32mBuilding CXX object CMakeFiles/ur_dashboard_msgs__rosidl_typesupport_c.dir/rosidl_typesupport_c/ur_dashboard_msgs/msg/program_state__type_support.cpp.o[0m
[13.568s] [ 39%] [32mBuilding CXX object CMakeFiles/ur_dashboard_msgs__rosidl_typesupport_c.dir/rosidl_typesupport_c/ur_dashboard_msgs/msg/robot_mode__type_support.cpp.o[0m
[13.585s] [ 39%] [32mBuilding CXX object CMakeFiles/ur_dashboard_msgs__rosidl_typesupport_c.dir/rosidl_typesupport_c/ur_dashboard_msgs/msg/safety_mode__type_support.cpp.o[0m
[13.606s] [ 39%] [32mBuilding CXX object CMakeFiles/ur_dashboard_msgs__rosidl_typesupport_c.dir/rosidl_typesupport_c/ur_dashboard_msgs/msg/operational_mode__type_support.cpp.o[0m
[13.624s] [ 40%] [32mBuilding CXX object CMakeFiles/ur_dashboard_msgs__rosidl_typesupport_c.dir/rosidl_typesupport_c/ur_dashboard_msgs/msg/user_role__type_support.cpp.o[0m
[13.643s] [ 40%] [32mBuilding CXX object CMakeFiles/ur_dashboard_msgs__rosidl_typesupport_c.dir/rosidl_typesupport_c/ur_dashboard_msgs/msg/version_information__type_support.cpp.o[0m
[13.664s] [ 40%] [32mBuilding CXX object CMakeFiles/ur_dashboard_msgs__rosidl_typesupport_c.dir/rosidl_typesupport_c/ur_dashboard_msgs/msg/safety_status__type_support.cpp.o[0m
[13.684s] [ 41%] [32mBuilding CXX object CMakeFiles/ur_dashboard_msgs__rosidl_typesupport_c.dir/rosidl_typesupport_c/ur_dashboard_msgs/srv/add_to_log__type_support.cpp.o[0m
[13.703s] [ 41%] [32mBuilding CXX object CMakeFiles/ur_dashboard_msgs__rosidl_typesupport_c.dir/rosidl_typesupport_c/ur_dashboard_msgs/srv/download_program__type_support.cpp.o[0m
[13.726s] [ 41%] [32mBuilding CXX object CMakeFiles/ur_dashboard_msgs__rosidl_typesupport_c.dir/rosidl_typesupport_c/ur_dashboard_msgs/srv/get_loaded_program__type_support.cpp.o[0m
[13.749s] [ 42%] [32mBuilding CXX object CMakeFiles/ur_dashboard_msgs__rosidl_typesupport_c.dir/rosidl_typesupport_c/ur_dashboard_msgs/srv/get_programs__type_support.cpp.o[0m
[13.768s] [ 42%] [32mBuilding CXX object CMakeFiles/ur_dashboard_msgs__rosidl_typesupport_c.dir/rosidl_typesupport_c/ur_dashboard_msgs/srv/get_program_state__type_support.cpp.o[0m
[13.788s] [ 42%] [32mBuilding CXX object CMakeFiles/ur_dashboard_msgs__rosidl_typesupport_c.dir/rosidl_typesupport_c/ur_dashboard_msgs/srv/get_robot_mode__type_support.cpp.o[0m
[13.807s] [ 43%] [32mBuilding CXX object CMakeFiles/ur_dashboard_msgs__rosidl_typesupport_c.dir/rosidl_typesupport_c/ur_dashboard_msgs/srv/get_safety_mode__type_support.cpp.o[0m
[13.829s] [ 43%] [32mBuilding CXX object CMakeFiles/ur_dashboard_msgs__rosidl_typesupport_c.dir/rosidl_typesupport_c/ur_dashboard_msgs/srv/is_program_running__type_support.cpp.o[0m
[13.847s] [ 43%] [32mBuilding CXX object CMakeFiles/ur_dashboard_msgs__rosidl_typesupport_c.dir/rosidl_typesupport_c/ur_dashboard_msgs/srv/is_program_saved__type_support.cpp.o[0m
[13.866s] [ 44%] [32mBuilding CXX object CMakeFiles/ur_dashboard_msgs__rosidl_typesupport_c.dir/rosidl_typesupport_c/ur_dashboard_msgs/srv/load__type_support.cpp.o[0m
[13.884s] [ 44%] [32mBuilding CXX object CMakeFiles/ur_dashboard_msgs__rosidl_typesupport_c.dir/rosidl_typesupport_c/ur_dashboard_msgs/srv/popup__type_support.cpp.o[0m
[13.904s] [ 44%] [32mBuilding CXX object CMakeFiles/ur_dashboard_msgs__rosidl_typesupport_c.dir/rosidl_typesupport_c/ur_dashboard_msgs/srv/raw_request__type_support.cpp.o[0m
[13.922s] [ 45%] [32mBuilding CXX object CMakeFiles/ur_dashboard_msgs__rosidl_typesupport_c.dir/rosidl_typesupport_c/ur_dashboard_msgs/srv/is_in_remote_control__type_support.cpp.o[0m
[13.940s] [ 45%] [32mBuilding CXX object CMakeFiles/ur_dashboard_msgs__rosidl_typesupport_c.dir/rosidl_typesupport_c/ur_dashboard_msgs/srv/upload_program__type_support.cpp.o[0m
[13.959s] [ 45%] [32mBuilding CXX object CMakeFiles/ur_dashboard_msgs__rosidl_typesupport_c.dir/rosidl_typesupport_c/ur_dashboard_msgs/srv/get_poly_scope_version__type_support.cpp.o[0m
[13.980s] [ 46%] [32mBuilding CXX object CMakeFiles/ur_dashboard_msgs__rosidl_typesupport_c.dir/rosidl_typesupport_c/ur_dashboard_msgs/srv/get_serial_number__type_support.cpp.o[0m
[14.002s] [ 46%] [32mBuilding CXX object CMakeFiles/ur_dashboard_msgs__rosidl_typesupport_c.dir/rosidl_typesupport_c/ur_dashboard_msgs/srv/get_user_role__type_support.cpp.o[0m
[14.022s] [ 47%] [32mBuilding CXX object CMakeFiles/ur_dashboard_msgs__rosidl_typesupport_c.dir/rosidl_typesupport_c/ur_dashboard_msgs/srv/set_user_role__type_support.cpp.o[0m
[14.042s] [ 47%] [32mBuilding CXX object CMakeFiles/ur_dashboard_msgs__rosidl_typesupport_c.dir/rosidl_typesupport_c/ur_dashboard_msgs/srv/set_operational_mode__type_support.cpp.o[0m
[14.062s] [ 47%] [32mBuilding CXX object CMakeFiles/ur_dashboard_msgs__rosidl_typesupport_c.dir/rosidl_typesupport_c/ur_dashboard_msgs/srv/get_operational_mode__type_support.cpp.o[0m
[14.081s] [ 48%] [32mBuilding CXX object CMakeFiles/ur_dashboard_msgs__rosidl_typesupport_c.dir/rosidl_typesupport_c/ur_dashboard_msgs/srv/get_robot_model__type_support.cpp.o[0m
[14.102s] [ 48%] [32mBuilding CXX object CMakeFiles/ur_dashboard_msgs__rosidl_typesupport_c.dir/rosidl_typesupport_c/ur_dashboard_msgs/srv/get_safety_status__type_support.cpp.o[0m
[14.123s] [ 48%] [32mBuilding CXX object CMakeFiles/ur_dashboard_msgs__rosidl_typesupport_c.dir/rosidl_typesupport_c/ur_dashboard_msgs/srv/generate_flight_report__type_support.cpp.o[0m
[14.142s] [ 49%] [32mBuilding CXX object CMakeFiles/ur_dashboard_msgs__rosidl_typesupport_c.dir/rosidl_typesupport_c/ur_dashboard_msgs/srv/generate_support_file__type_support.cpp.o[0m
[14.164s] [ 49%] [32mBuilding CXX object CMakeFiles/ur_dashboard_msgs__rosidl_typesupport_c.dir/rosidl_typesupport_c/ur_dashboard_msgs/action/set_mode__type_support.cpp.o[0m
[14.192s] [ 49%] [32m[1mLinking CXX shared library libur_dashboard_msgs__rosidl_typesupport_c.so[0m
[14.219s] [ 49%] Built target ur_dashboard_msgs__rosidl_typesupport_c
[14.235s] [ 49%] [34m[1mGenerating C++ code for ROS interfaces[0m
[15.597s] [ 49%] Built target ur_dashboard_msgs__cpp
[15.605s] [ 49%] [34m[1mGenerating C++ type support for eProsima Fast-RTPS[0m
[16.766s] [ 50%] [32mBuilding CXX object CMakeFiles/ur_dashboard_msgs__rosidl_typesupport_fastrtps_cpp.dir/rosidl_typesupport_fastrtps_cpp/ur_dashboard_msgs/msg/detail/dds_fastrtps/program_information__type_support.cpp.o[0m
[16.954s] [ 50%] [32mBuilding CXX object CMakeFiles/ur_dashboard_msgs__rosidl_typesupport_fastrtps_cpp.dir/rosidl_typesupport_fastrtps_cpp/ur_dashboard_msgs/msg/detail/dds_fastrtps/program_state__type_support.cpp.o[0m
[17.133s] [ 50%] [32mBuilding CXX object CMakeFiles/ur_dashboard_msgs__rosidl_typesupport_fastrtps_cpp.dir/rosidl_typesupport_fastrtps_cpp/ur_dashboard_msgs/msg/detail/dds_fastrtps/robot_mode__type_support.cpp.o[0m
[17.318s] [ 51%] [32mBuilding CXX object CMakeFiles/ur_dashboard_msgs__rosidl_typesupport_fastrtps_cpp.dir/rosidl_typesupport_fastrtps_cpp/ur_dashboard_msgs/msg/detail/dds_fastrtps/safety_mode__type_support.cpp.o[0m
[17.503s] [ 51%] [32mBuilding CXX object CMakeFiles/ur_dashboard_msgs__rosidl_typesupport_fastrtps_cpp.dir/rosidl_typesupport_fastrtps_cpp/ur_dashboard_msgs/msg/detail/dds_fastrtps/operational_mode__type_support.cpp.o[0m
[17.684s] [ 51%] [32mBuilding CXX object CMakeFiles/ur_dashboard_msgs__rosidl_typesupport_fastrtps_cpp.dir/rosidl_typesupport_fastrtps_cpp/ur_dashboard_msgs/msg/detail/dds_fastrtps/user_role__type_support.cpp.o[0m
[17.877s] [ 52%] [32mBuilding CXX object CMakeFiles/ur_dashboard_msgs__rosidl_typesupport_fastrtps_cpp.dir/rosidl_typesupport_fastrtps_cpp/ur_dashboard_msgs/msg/detail/dds_fastrtps/version_information__type_support.cpp.o[0m
[18.060s] [ 52%] [32mBuilding CXX object CMakeFiles/ur_dashboard_msgs__rosidl_typesupport_fastrtps_cpp.dir/rosidl_typesupport_fastrtps_cpp/ur_dashboard_msgs/msg/detail/dds_fastrtps/safety_status__type_support.cpp.o[0m
[18.244s] [ 52%] [32mBuilding CXX object CMakeFiles/ur_dashboard_msgs__rosidl_typesupport_fastrtps_cpp.dir/rosidl_typesupport_fastrtps_cpp/ur_dashboard_msgs/srv/detail/dds_fastrtps/add_to_log__type_support.cpp.o[0m
[18.432s] [ 53%] [32mBuilding CXX object CMakeFiles/ur_dashboard_msgs__rosidl_typesupport_fastrtps_cpp.dir/rosidl_typesupport_fastrtps_cpp/ur_dashboard_msgs/srv/detail/dds_fastrtps/download_program__type_support.cpp.o[0m
[18.622s] [ 53%] [32mBuilding CXX object CMakeFiles/ur_dashboard_msgs__rosidl_typesupport_fastrtps_cpp.dir/rosidl_typesupport_fastrtps_cpp/ur_dashboard_msgs/srv/detail/dds_fastrtps/get_loaded_program__type_support.cpp.o[0m
[18.815s] [ 54%] [32mBuilding CXX object CMakeFiles/ur_dashboard_msgs__rosidl_typesupport_fastrtps_cpp.dir/rosidl_typesupport_fastrtps_cpp/ur_dashboard_msgs/srv/detail/dds_fastrtps/get_programs__type_support.cpp.o[0m
[19.033s] [ 54%] [32mBuilding CXX object CMakeFiles/ur_dashboard_msgs__rosidl_typesupport_fastrtps_cpp.dir/rosidl_typesupport_fastrtps_cpp/ur_dashboard_msgs/srv/detail/dds_fastrtps/get_program_state__type_support.cpp.o[0m
[19.229s] [ 54%] [32mBuilding CXX object CMakeFiles/ur_dashboard_msgs__rosidl_typesupport_fastrtps_cpp.dir/rosidl_typesupport_fastrtps_cpp/ur_dashboard_msgs/srv/detail/dds_fastrtps/get_robot_mode__type_support.cpp.o[0m
[19.422s] [ 55%] [32mBuilding CXX object CMakeFiles/ur_dashboard_msgs__rosidl_typesupport_fastrtps_cpp.dir/rosidl_typesupport_fastrtps_cpp/ur_dashboard_msgs/srv/detail/dds_fastrtps/get_safety_mode__type_support.cpp.o[0m
[19.616s] [ 55%] [32mBuilding CXX object CMakeFiles/ur_dashboard_msgs__rosidl_typesupport_fastrtps_cpp.dir/rosidl_typesupport_fastrtps_cpp/ur_dashboard_msgs/srv/detail/dds_fastrtps/is_program_running__type_support.cpp.o[0m
[19.808s] [ 55%] [32mBuilding CXX object CMakeFiles/ur_dashboard_msgs__rosidl_typesupport_fastrtps_cpp.dir/rosidl_typesupport_fastrtps_cpp/ur_dashboard_msgs/srv/detail/dds_fastrtps/is_program_saved__type_support.cpp.o[0m
[20.002s] [ 56%] [32mBuilding CXX object CMakeFiles/ur_dashboard_msgs__rosidl_typesupport_fastrtps_cpp.dir/rosidl_typesupport_fastrtps_cpp/ur_dashboard_msgs/srv/detail/dds_fastrtps/load__type_support.cpp.o[0m
[20.197s] [ 56%] [32mBuilding CXX object CMakeFiles/ur_dashboard_msgs__rosidl_typesupport_fastrtps_cpp.dir/rosidl_typesupport_fastrtps_cpp/ur_dashboard_msgs/srv/detail/dds_fastrtps/popup__type_support.cpp.o[0m
[20.390s] [ 56%] [32mBuilding CXX object CMakeFiles/ur_dashboard_msgs__rosidl_typesupport_fastrtps_cpp.dir/rosidl_typesupport_fastrtps_cpp/ur_dashboard_msgs/srv/detail/dds_fastrtps/raw_request__type_support.cpp.o[0m
[20.581s] [ 57%] [32mBuilding CXX object CMakeFiles/ur_dashboard_msgs__rosidl_typesupport_fastrtps_cpp.dir/rosidl_typesupport_fastrtps_cpp/ur_dashboard_msgs/srv/detail/dds_fastrtps/is_in_remote_control__type_support.cpp.o[0m
[20.773s] [ 57%] [32mBuilding CXX object CMakeFiles/ur_dashboard_msgs__rosidl_typesupport_fastrtps_cpp.dir/rosidl_typesupport_fastrtps_cpp/ur_dashboard_msgs/srv/detail/dds_fastrtps/upload_program__type_support.cpp.o[0m
[20.969s] [ 57%] [32mBuilding CXX object CMakeFiles/ur_dashboard_msgs__rosidl_typesupport_fastrtps_cpp.dir/rosidl_typesupport_fastrtps_cpp/ur_dashboard_msgs/srv/detail/dds_fastrtps/get_poly_scope_version__type_support.cpp.o[0m
[21.163s] [ 58%] [32mBuilding CXX object CMakeFiles/ur_dashboard_msgs__rosidl_typesupport_fastrtps_cpp.dir/rosidl_typesupport_fastrtps_cpp/ur_dashboard_msgs/srv/detail/dds_fastrtps/get_serial_number__type_support.cpp.o[0m
[21.357s] [ 58%] [32mBuilding CXX object CMakeFiles/ur_dashboard_msgs__rosidl_typesupport_fastrtps_cpp.dir/rosidl_typesupport_fastrtps_cpp/ur_dashboard_msgs/srv/detail/dds_fastrtps/get_user_role__type_support.cpp.o[0m
[21.546s] [ 58%] [32mBuilding CXX object CMakeFiles/ur_dashboard_msgs__rosidl_typesupport_fastrtps_cpp.dir/rosidl_typesupport_fastrtps_cpp/ur_dashboard_msgs/srv/detail/dds_fastrtps/set_user_role__type_support.cpp.o[0m
[21.742s] [ 59%] [32mBuilding CXX object CMakeFiles/ur_dashboard_msgs__rosidl_typesupport_fastrtps_cpp.dir/rosidl_typesupport_fastrtps_cpp/ur_dashboard_msgs/srv/detail/dds_fastrtps/set_operational_mode__type_support.cpp.o[0m
[21.945s] [ 59%] [32mBuilding CXX object CMakeFiles/ur_dashboard_msgs__rosidl_typesupport_fastrtps_cpp.dir/rosidl_typesupport_fastrtps_cpp/ur_dashboard_msgs/srv/detail/dds_fastrtps/get_operational_mode__type_support.cpp.o[0m
[22.148s] [ 59%] [32mBuilding CXX object CMakeFiles/ur_dashboard_msgs__rosidl_typesupport_fastrtps_cpp.dir/rosidl_typesupport_fastrtps_cpp/ur_dashboard_msgs/srv/detail/dds_fastrtps/get_robot_model__type_support.cpp.o[0m
[22.352s] [ 60%] [32mBuilding CXX object CMakeFiles/ur_dashboard_msgs__rosidl_typesupport_fastrtps_cpp.dir/rosidl_typesupport_fastrtps_cpp/ur_dashboard_msgs/srv/detail/dds_fastrtps/get_safety_status__type_support.cpp.o[0m
[22.555s] [ 60%] [32mBuilding CXX object CMakeFiles/ur_dashboard_msgs__rosidl_typesupport_fastrtps_cpp.dir/rosidl_typesupport_fastrtps_cpp/ur_dashboard_msgs/srv/detail/dds_fastrtps/generate_flight_report__type_support.cpp.o[0m
[22.745s] [ 60%] [32mBuilding CXX object CMakeFiles/ur_dashboard_msgs__rosidl_typesupport_fastrtps_cpp.dir/rosidl_typesupport_fastrtps_cpp/ur_dashboard_msgs/srv/detail/dds_fastrtps/generate_support_file__type_support.cpp.o[0m
[22.946s] [ 61%] [32mBuilding CXX object CMakeFiles/ur_dashboard_msgs__rosidl_typesupport_fastrtps_cpp.dir/rosidl_typesupport_fastrtps_cpp/ur_dashboard_msgs/action/detail/dds_fastrtps/set_mode__type_support.cpp.o[0m
[23.212s] [ 61%] [32m[1mLinking CXX shared library libur_dashboard_msgs__rosidl_typesupport_fastrtps_cpp.so[0m
[23.260s] [ 61%] Built target ur_dashboard_msgs__rosidl_typesupport_fastrtps_cpp
[23.269s] [ 61%] [34m[1mGenerating C++ introspection for ROS interfaces[0m
[24.197s] [ 62%] [32mBuilding CXX object CMakeFiles/ur_dashboard_msgs__rosidl_typesupport_introspection_cpp.dir/rosidl_typesupport_introspection_cpp/ur_dashboard_msgs/msg/detail/program_information__type_support.cpp.o[0m
[24.374s] [ 62%] [32mBuilding CXX object CMakeFiles/ur_dashboard_msgs__rosidl_typesupport_introspection_cpp.dir/rosidl_typesupport_introspection_cpp/ur_dashboard_msgs/msg/detail/program_state__type_support.cpp.o[0m
[24.551s] [ 62%] [32mBuilding CXX object CMakeFiles/ur_dashboard_msgs__rosidl_typesupport_introspection_cpp.dir/rosidl_typesupport_introspection_cpp/ur_dashboard_msgs/msg/detail/robot_mode__type_support.cpp.o[0m
[24.725s] [ 63%] [32mBuilding CXX object CMakeFiles/ur_dashboard_msgs__rosidl_typesupport_introspection_cpp.dir/rosidl_typesupport_introspection_cpp/ur_dashboard_msgs/msg/detail/safety_mode__type_support.cpp.o[0m
[24.899s] [ 63%] [32mBuilding CXX object CMakeFiles/ur_dashboard_msgs__rosidl_typesupport_introspection_cpp.dir/rosidl_typesupport_introspection_cpp/ur_dashboard_msgs/msg/detail/operational_mode__type_support.cpp.o[0m
[25.076s] [ 63%] [32mBuilding CXX object CMakeFiles/ur_dashboard_msgs__rosidl_typesupport_introspection_cpp.dir/rosidl_typesupport_introspection_cpp/ur_dashboard_msgs/msg/detail/user_role__type_support.cpp.o[0m
[25.253s] [ 64%] [32mBuilding CXX object CMakeFiles/ur_dashboard_msgs__rosidl_typesupport_introspection_cpp.dir/rosidl_typesupport_introspection_cpp/ur_dashboard_msgs/msg/detail/version_information__type_support.cpp.o[0m
[25.429s] [ 64%] [32mBuilding CXX object CMakeFiles/ur_dashboard_msgs__rosidl_typesupport_introspection_cpp.dir/rosidl_typesupport_introspection_cpp/ur_dashboard_msgs/msg/detail/safety_status__type_support.cpp.o[0m
[25.606s] [ 64%] [32mBuilding CXX object CMakeFiles/ur_dashboard_msgs__rosidl_typesupport_introspection_cpp.dir/rosidl_typesupport_introspection_cpp/ur_dashboard_msgs/srv/detail/add_to_log__type_support.cpp.o[0m
[25.786s] [ 65%] [32mBuilding CXX object CMakeFiles/ur_dashboard_msgs__rosidl_typesupport_introspection_cpp.dir/rosidl_typesupport_introspection_cpp/ur_dashboard_msgs/srv/detail/download_program__type_support.cpp.o[0m
[25.968s] [ 65%] [32mBuilding CXX object CMakeFiles/ur_dashboard_msgs__rosidl_typesupport_introspection_cpp.dir/rosidl_typesupport_introspection_cpp/ur_dashboard_msgs/srv/detail/get_loaded_program__type_support.cpp.o[0m
[26.145s] [ 66%] [32mBuilding CXX object CMakeFiles/ur_dashboard_msgs__rosidl_typesupport_introspection_cpp.dir/rosidl_typesupport_introspection_cpp/ur_dashboard_msgs/srv/detail/get_programs__type_support.cpp.o[0m
[26.346s] [ 66%] [32mBuilding CXX object CMakeFiles/ur_dashboard_msgs__rosidl_typesupport_introspection_cpp.dir/rosidl_typesupport_introspection_cpp/ur_dashboard_msgs/srv/detail/get_program_state__type_support.cpp.o[0m
[26.525s] [ 66%] [32mBuilding CXX object CMakeFiles/ur_dashboard_msgs__rosidl_typesupport_introspection_cpp.dir/rosidl_typesupport_introspection_cpp/ur_dashboard_msgs/srv/detail/get_robot_mode__type_support.cpp.o[0m
[26.706s] [ 67%] [32mBuilding CXX object CMakeFiles/ur_dashboard_msgs__rosidl_typesupport_introspection_cpp.dir/rosidl_typesupport_introspection_cpp/ur_dashboard_msgs/srv/detail/get_safety_mode__type_support.cpp.o[0m
[26.890s] [ 67%] [32mBuilding CXX object CMakeFiles/ur_dashboard_msgs__rosidl_typesupport_introspection_cpp.dir/rosidl_typesupport_introspection_cpp/ur_dashboard_msgs/srv/detail/is_program_running__type_support.cpp.o[0m
[27.071s] [ 67%] [32mBuilding CXX object CMakeFiles/ur_dashboard_msgs__rosidl_typesupport_introspection_cpp.dir/rosidl_typesupport_introspection_cpp/ur_dashboard_msgs/srv/detail/is_program_saved__type_support.cpp.o[0m
[27.252s] [ 68%] [32mBuilding CXX object CMakeFiles/ur_dashboard_msgs__rosidl_typesupport_introspection_cpp.dir/rosidl_typesupport_introspection_cpp/ur_dashboard_msgs/srv/detail/load__type_support.cpp.o[0m
[27.430s] [ 68%] [32mBuilding CXX object CMakeFiles/ur_dashboard_msgs__rosidl_typesupport_introspection_cpp.dir/rosidl_typesupport_introspection_cpp/ur_dashboard_msgs/srv/detail/popup__type_support.cpp.o[0m
[27.608s] [ 68%] [32mBuilding CXX object CMakeFiles/ur_dashboard_msgs__rosidl_typesupport_introspection_cpp.dir/rosidl_typesupport_introspection_cpp/ur_dashboard_msgs/srv/detail/raw_request__type_support.cpp.o[0m
[27.806s] [ 69%] [32mBuilding CXX object CMakeFiles/ur_dashboard_msgs__rosidl_typesupport_introspection_cpp.dir/rosidl_typesupport_introspection_cpp/ur_dashboard_msgs/srv/detail/is_in_remote_control__type_support.cpp.o[0m
[28.007s] [ 69%] [32mBuilding CXX object CMakeFiles/ur_dashboard_msgs__rosidl_typesupport_introspection_cpp.dir/rosidl_typesupport_introspection_cpp/ur_dashboard_msgs/srv/detail/upload_program__type_support.cpp.o[0m
[28.189s] [ 69%] [32mBuilding CXX object CMakeFiles/ur_dashboard_msgs__rosidl_typesupport_introspection_cpp.dir/rosidl_typesupport_introspection_cpp/ur_dashboard_msgs/srv/detail/get_poly_scope_version__type_support.cpp.o[0m
[28.369s] [ 70%] [32mBuilding CXX object CMakeFiles/ur_dashboard_msgs__rosidl_typesupport_introspection_cpp.dir/rosidl_typesupport_introspection_cpp/ur_dashboard_msgs/srv/detail/get_serial_number__type_support.cpp.o[0m
[28.551s] [ 70%] [32mBuilding CXX object CMakeFiles/ur_dashboard_msgs__rosidl_typesupport_introspection_cpp.dir/rosidl_typesupport_introspection_cpp/ur_dashboard_msgs/srv/detail/get_user_role__type_support.cpp.o[0m
[28.753s] [ 70%] [32mBuilding CXX object CMakeFiles/ur_dashboard_msgs__rosidl_typesupport_introspection_cpp.dir/rosidl_typesupport_introspection_cpp/ur_dashboard_msgs/srv/detail/set_user_role__type_support.cpp.o[0m
[28.944s] [ 71%] [32mBuilding CXX object CMakeFiles/ur_dashboard_msgs__rosidl_typesupport_introspection_cpp.dir/rosidl_typesupport_introspection_cpp/ur_dashboard_msgs/srv/detail/set_operational_mode__type_support.cpp.o[0m
[29.137s] [ 71%] [32mBuilding CXX object CMakeFiles/ur_dashboard_msgs__rosidl_typesupport_introspection_cpp.dir/rosidl_typesupport_introspection_cpp/ur_dashboard_msgs/srv/detail/get_operational_mode__type_support.cpp.o[0m
[29.330s] [ 71%] [32mBuilding CXX object CMakeFiles/ur_dashboard_msgs__rosidl_typesupport_introspection_cpp.dir/rosidl_typesupport_introspection_cpp/ur_dashboard_msgs/srv/detail/get_robot_model__type_support.cpp.o[0m
[29.514s] [ 72%] [32mBuilding CXX object CMakeFiles/ur_dashboard_msgs__rosidl_typesupport_introspection_cpp.dir/rosidl_typesupport_introspection_cpp/ur_dashboard_msgs/srv/detail/get_safety_status__type_support.cpp.o[0m
[29.695s] [ 72%] [32mBuilding CXX object CMakeFiles/ur_dashboard_msgs__rosidl_typesupport_introspection_cpp.dir/rosidl_typesupport_introspection_cpp/ur_dashboard_msgs/srv/detail/generate_flight_report__type_support.cpp.o[0m
[29.876s] [ 72%] [32mBuilding CXX object CMakeFiles/ur_dashboard_msgs__rosidl_typesupport_introspection_cpp.dir/rosidl_typesupport_introspection_cpp/ur_dashboard_msgs/srv/detail/generate_support_file__type_support.cpp.o[0m
[30.057s] [ 73%] [32mBuilding CXX object CMakeFiles/ur_dashboard_msgs__rosidl_typesupport_introspection_cpp.dir/rosidl_typesupport_introspection_cpp/ur_dashboard_msgs/action/detail/set_mode__type_support.cpp.o[0m
[30.341s] [ 73%] [32m[1mLinking CXX shared library libur_dashboard_msgs__rosidl_typesupport_introspection_cpp.so[0m
[30.393s] [ 73%] Built target ur_dashboard_msgs__rosidl_typesupport_introspection_cpp
[30.401s] [ 73%] [34m[1mGenerating C++ type support dispatch for ROS interfaces[0m
[31.156s] [ 74%] [32mBuilding CXX object CMakeFiles/ur_dashboard_msgs__rosidl_typesupport_cpp.dir/rosidl_typesupport_cpp/ur_dashboard_msgs/msg/program_information__type_support.cpp.o[0m
[31.287s] [ 74%] [32mBuilding CXX object CMakeFiles/ur_dashboard_msgs__rosidl_typesupport_cpp.dir/rosidl_typesupport_cpp/ur_dashboard_msgs/msg/program_state__type_support.cpp.o[0m
[31.417s] [ 74%] [32mBuilding CXX object CMakeFiles/ur_dashboard_msgs__rosidl_typesupport_cpp.dir/rosidl_typesupport_cpp/ur_dashboard_msgs/msg/robot_mode__type_support.cpp.o[0m
[31.541s] [ 75%] [32mBuilding CXX object CMakeFiles/ur_dashboard_msgs__rosidl_typesupport_cpp.dir/rosidl_typesupport_cpp/ur_dashboard_msgs/msg/safety_mode__type_support.cpp.o[0m
[31.667s] [ 75%] [32mBuilding CXX object CMakeFiles/ur_dashboard_msgs__rosidl_typesupport_cpp.dir/rosidl_typesupport_cpp/ur_dashboard_msgs/msg/operational_mode__type_support.cpp.o[0m
[31.796s] [ 75%] [32mBuilding CXX object CMakeFiles/ur_dashboard_msgs__rosidl_typesupport_cpp.dir/rosidl_typesupport_cpp/ur_dashboard_msgs/msg/user_role__type_support.cpp.o[0m
[31.924s] [ 76%] [32mBuilding CXX object CMakeFiles/ur_dashboard_msgs__rosidl_typesupport_cpp.dir/rosidl_typesupport_cpp/ur_dashboard_msgs/msg/version_information__type_support.cpp.o[0m
[32.049s] [ 76%] [32mBuilding CXX object CMakeFiles/ur_dashboard_msgs__rosidl_typesupport_cpp.dir/rosidl_typesupport_cpp/ur_dashboard_msgs/msg/safety_status__type_support.cpp.o[0m
[32.189s] [ 76%] [32mBuilding CXX object CMakeFiles/ur_dashboard_msgs__rosidl_typesupport_cpp.dir/rosidl_typesupport_cpp/ur_dashboard_msgs/srv/add_to_log__type_support.cpp.o[0m
[32.316s] [ 77%] [32mBuilding CXX object CMakeFiles/ur_dashboard_msgs__rosidl_typesupport_cpp.dir/rosidl_typesupport_cpp/ur_dashboard_msgs/srv/download_program__type_support.cpp.o[0m
[32.445s] [ 77%] [32mBuilding CXX object CMakeFiles/ur_dashboard_msgs__rosidl_typesupport_cpp.dir/rosidl_typesupport_cpp/ur_dashboard_msgs/srv/get_loaded_program__type_support.cpp.o[0m
[32.575s] [ 78%] [32mBuilding CXX object CMakeFiles/ur_dashboard_msgs__rosidl_typesupport_cpp.dir/rosidl_typesupport_cpp/ur_dashboard_msgs/srv/get_programs__type_support.cpp.o[0m
[32.704s] [ 78%] [32mBuilding CXX object CMakeFiles/ur_dashboard_msgs__rosidl_typesupport_cpp.dir/rosidl_typesupport_cpp/ur_dashboard_msgs/srv/get_program_state__type_support.cpp.o[0m
[32.834s] [ 78%] [32mBuilding CXX object CMakeFiles/ur_dashboard_msgs__rosidl_typesupport_cpp.dir/rosidl_typesupport_cpp/ur_dashboard_msgs/srv/get_robot_mode__type_support.cpp.o[0m
[32.967s] [ 79%] [32mBuilding CXX object CMakeFiles/ur_dashboard_msgs__rosidl_typesupport_cpp.dir/rosidl_typesupport_cpp/ur_dashboard_msgs/srv/get_safety_mode__type_support.cpp.o[0m
[33.095s] [ 79%] [32mBuilding CXX object CMakeFiles/ur_dashboard_msgs__rosidl_typesupport_cpp.dir/rosidl_typesupport_cpp/ur_dashboard_msgs/srv/is_program_running__type_support.cpp.o[0m
[33.227s] [ 79%] [32mBuilding CXX object CMakeFiles/ur_dashboard_msgs__rosidl_typesupport_cpp.dir/rosidl_typesupport_cpp/ur_dashboard_msgs/srv/is_program_saved__type_support.cpp.o[0m
[33.353s] [ 80%] [32mBuilding CXX object CMakeFiles/ur_dashboard_msgs__rosidl_typesupport_cpp.dir/rosidl_typesupport_cpp/ur_dashboard_msgs/srv/load__type_support.cpp.o[0m
[33.480s] [ 80%] [32mBuilding CXX object CMakeFiles/ur_dashboard_msgs__rosidl_typesupport_cpp.dir/rosidl_typesupport_cpp/ur_dashboard_msgs/srv/popup__type_support.cpp.o[0m
[33.607s] [ 80%] [32mBuilding CXX object CMakeFiles/ur_dashboard_msgs__rosidl_typesupport_cpp.dir/rosidl_typesupport_cpp/ur_dashboard_msgs/srv/raw_request__type_support.cpp.o[0m
[33.735s] [ 81%] [32mBuilding CXX object CMakeFiles/ur_dashboard_msgs__rosidl_typesupport_cpp.dir/rosidl_typesupport_cpp/ur_dashboard_msgs/srv/is_in_remote_control__type_support.cpp.o[0m
[33.864s] [ 81%] [32mBuilding CXX object CMakeFiles/ur_dashboard_msgs__rosidl_typesupport_cpp.dir/rosidl_typesupport_cpp/ur_dashboard_msgs/srv/upload_program__type_support.cpp.o[0m
[33.992s] [ 81%] [32mBuilding CXX object CMakeFiles/ur_dashboard_msgs__rosidl_typesupport_cpp.dir/rosidl_typesupport_cpp/ur_dashboard_msgs/srv/get_poly_scope_version__type_support.cpp.o[0m
[34.120s] [ 82%] [32mBuilding CXX object CMakeFiles/ur_dashboard_msgs__rosidl_typesupport_cpp.dir/rosidl_typesupport_cpp/ur_dashboard_msgs/srv/get_serial_number__type_support.cpp.o[0m
[34.248s] [ 82%] [32mBuilding CXX object CMakeFiles/ur_dashboard_msgs__rosidl_typesupport_cpp.dir/rosidl_typesupport_cpp/ur_dashboard_msgs/srv/get_user_role__type_support.cpp.o[0m
[34.376s] [ 82%] [32mBuilding CXX object CMakeFiles/ur_dashboard_msgs__rosidl_typesupport_cpp.dir/rosidl_typesupport_cpp/ur_dashboard_msgs/srv/set_user_role__type_support.cpp.o[0m
[34.509s] [ 83%] [32mBuilding CXX object CMakeFiles/ur_dashboard_msgs__rosidl_typesupport_cpp.dir/rosidl_typesupport_cpp/ur_dashboard_msgs/srv/set_operational_mode__type_support.cpp.o[0m
[34.642s] [ 83%] [32mBuilding CXX object CMakeFiles/ur_dashboard_msgs__rosidl_typesupport_cpp.dir/rosidl_typesupport_cpp/ur_dashboard_msgs/srv/get_operational_mode__type_support.cpp.o[0m
[34.770s] [ 83%] [32mBuilding CXX object CMakeFiles/ur_dashboard_msgs__rosidl_typesupport_cpp.dir/rosidl_typesupport_cpp/ur_dashboard_msgs/srv/get_robot_model__type_support.cpp.o[0m
[34.902s] [ 84%] [32mBuilding CXX object CMakeFiles/ur_dashboard_msgs__rosidl_typesupport_cpp.dir/rosidl_typesupport_cpp/ur_dashboard_msgs/srv/get_safety_status__type_support.cpp.o[0m
[35.035s] [ 84%] [32mBuilding CXX object CMakeFiles/ur_dashboard_msgs__rosidl_typesupport_cpp.dir/rosidl_typesupport_cpp/ur_dashboard_msgs/srv/generate_flight_report__type_support.cpp.o[0m
[35.160s] [ 84%] [32mBuilding CXX object CMakeFiles/ur_dashboard_msgs__rosidl_typesupport_cpp.dir/rosidl_typesupport_cpp/ur_dashboard_msgs/srv/generate_support_file__type_support.cpp.o[0m
[35.291s] [ 85%] [32mBuilding CXX object CMakeFiles/ur_dashboard_msgs__rosidl_typesupport_cpp.dir/rosidl_typesupport_cpp/ur_dashboard_msgs/action/set_mode__type_support.cpp.o[0m
[35.510s] [ 85%] [32m[1mLinking CXX shared library libur_dashboard_msgs__rosidl_typesupport_cpp.so[0m
[35.541s] [ 85%] Built target ur_dashboard_msgs__rosidl_typesupport_cpp
[35.555s] [ 85%] Built target ur_dashboard_msgs
[35.572s] [ 85%] Built target ament_cmake_python_copy_ur_dashboard_msgs
[35.700s] running egg_info
[35.700s] creating ur_dashboard_msgs.egg-info
[35.700s] writing ur_dashboard_msgs.egg-info/PKG-INFO
[35.700s] writing dependency_links to ur_dashboard_msgs.egg-info/dependency_links.txt
[35.700s] writing top-level names to ur_dashboard_msgs.egg-info/top_level.txt
[35.701s] writing manifest file 'ur_dashboard_msgs.egg-info/SOURCES.txt'
[35.701s] reading manifest file 'ur_dashboard_msgs.egg-info/SOURCES.txt'
[35.702s] writing manifest file 'ur_dashboard_msgs.egg-info/SOURCES.txt'
[35.720s] [ 85%] Built target ament_cmake_python_build_ur_dashboard_msgs_egg
[35.736s] [ 85%] [34m[1mGenerating Python code for ROS interfaces[0m
[38.645s] [ 85%] Built target ur_dashboard_msgs__py
[38.659s] [ 86%] [32mBuilding C object CMakeFiles/ur_dashboard_msgs__rosidl_generator_py.dir/rosidl_generator_py/ur_dashboard_msgs/msg/_program_information_s.c.o[0m
[38.719s] [ 86%] [32mBuilding C object CMakeFiles/ur_dashboard_msgs__rosidl_generator_py.dir/rosidl_generator_py/ur_dashboard_msgs/msg/_program_state_s.c.o[0m
[38.775s] [ 86%] [32mBuilding C object CMakeFiles/ur_dashboard_msgs__rosidl_generator_py.dir/rosidl_generator_py/ur_dashboard_msgs/msg/_robot_mode_s.c.o[0m
[38.828s] [ 87%] [32mBuilding C object CMakeFiles/ur_dashboard_msgs__rosidl_generator_py.dir/rosidl_generator_py/ur_dashboard_msgs/msg/_safety_mode_s.c.o[0m
[38.882s] [ 87%] [32mBuilding C object CMakeFiles/ur_dashboard_msgs__rosidl_generator_py.dir/rosidl_generator_py/ur_dashboard_msgs/msg/_operational_mode_s.c.o[0m
[38.933s] [ 87%] [32mBuilding C object CMakeFiles/ur_dashboard_msgs__rosidl_generator_py.dir/rosidl_generator_py/ur_dashboard_msgs/msg/_user_role_s.c.o[0m
[38.986s] [ 88%] [32mBuilding C object CMakeFiles/ur_dashboard_msgs__rosidl_generator_py.dir/rosidl_generator_py/ur_dashboard_msgs/msg/_version_information_s.c.o[0m
[39.042s] [ 88%] [32mBuilding C object CMakeFiles/ur_dashboard_msgs__rosidl_generator_py.dir/rosidl_generator_py/ur_dashboard_msgs/msg/_safety_status_s.c.o[0m
[39.094s] [ 88%] [32mBuilding C object CMakeFiles/ur_dashboard_msgs__rosidl_generator_py.dir/rosidl_generator_py/ur_dashboard_msgs/srv/_add_to_log_s.c.o[0m
[39.153s] [ 89%] [32mBuilding C object CMakeFiles/ur_dashboard_msgs__rosidl_generator_py.dir/rosidl_generator_py/ur_dashboard_msgs/srv/_download_program_s.c.o[0m
[39.217s] [ 89%] [32mBuilding C object CMakeFiles/ur_dashboard_msgs__rosidl_generator_py.dir/rosidl_generator_py/ur_dashboard_msgs/srv/_get_loaded_program_s.c.o[0m
[39.276s] [ 90%] [32mBuilding C object CMakeFiles/ur_dashboard_msgs__rosidl_generator_py.dir/rosidl_generator_py/ur_dashboard_msgs/srv/_get_programs_s.c.o[0m
[39.335s] [ 90%] [32mBuilding C object CMakeFiles/ur_dashboard_msgs__rosidl_generator_py.dir/rosidl_generator_py/ur_dashboard_msgs/srv/_get_program_state_s.c.o[0m
[39.394s] [ 90%] [32mBuilding C object CMakeFiles/ur_dashboard_msgs__rosidl_generator_py.dir/rosidl_generator_py/ur_dashboard_msgs/srv/_get_robot_mode_s.c.o[0m
[39.454s] [ 91%] [32mBuilding C object CMakeFiles/ur_dashboard_msgs__rosidl_generator_py.dir/rosidl_generator_py/ur_dashboard_msgs/srv/_get_safety_mode_s.c.o[0m
[39.516s] [ 91%] [32mBuilding C object CMakeFiles/ur_dashboard_msgs__rosidl_generator_py.dir/rosidl_generator_py/ur_dashboard_msgs/srv/_is_program_running_s.c.o[0m
[39.577s] [ 91%] [32mBuilding C object CMakeFiles/ur_dashboard_msgs__rosidl_generator_py.dir/rosidl_generator_py/ur_dashboard_msgs/srv/_is_program_saved_s.c.o[0m
[39.637s] [ 92%] [32mBuilding C object CMakeFiles/ur_dashboard_msgs__rosidl_generator_py.dir/rosidl_generator_py/ur_dashboard_msgs/srv/_load_s.c.o[0m
[39.694s] [ 92%] [32mBuilding C object CMakeFiles/ur_dashboard_msgs__rosidl_generator_py.dir/rosidl_generator_py/ur_dashboard_msgs/srv/_popup_s.c.o[0m
[39.752s] [ 92%] [32mBuilding C object CMakeFiles/ur_dashboard_msgs__rosidl_generator_py.dir/rosidl_generator_py/ur_dashboard_msgs/srv/_raw_request_s.c.o[0m
[39.810s] [ 93%] [32mBuilding C object CMakeFiles/ur_dashboard_msgs__rosidl_generator_py.dir/rosidl_generator_py/ur_dashboard_msgs/srv/_is_in_remote_control_s.c.o[0m
[39.867s] [ 93%] [32mBuilding C object CMakeFiles/ur_dashboard_msgs__rosidl_generator_py.dir/rosidl_generator_py/ur_dashboard_msgs/srv/_upload_program_s.c.o[0m
[39.925s] [ 93%] [32mBuilding C object CMakeFiles/ur_dashboard_msgs__rosidl_generator_py.dir/rosidl_generator_py/ur_dashboard_msgs/srv/_get_poly_scope_version_s.c.o[0m
[39.988s] [ 94%] [32mBuilding C object CMakeFiles/ur_dashboard_msgs__rosidl_generator_py.dir/rosidl_generator_py/ur_dashboard_msgs/srv/_get_serial_number_s.c.o[0m
[40.045s] [ 94%] [32mBuilding C object CMakeFiles/ur_dashboard_msgs__rosidl_generator_py.dir/rosidl_generator_py/ur_dashboard_msgs/srv/_get_user_role_s.c.o[0m
[40.106s] [ 94%] [32mBuilding C object CMakeFiles/ur_dashboard_msgs__rosidl_generator_py.dir/rosidl_generator_py/ur_dashboard_msgs/srv/_set_user_role_s.c.o[0m
[40.166s] [ 95%] [32mBuilding C object CMakeFiles/ur_dashboard_msgs__rosidl_generator_py.dir/rosidl_generator_py/ur_dashboard_msgs/srv/_set_operational_mode_s.c.o[0m
[40.225s] [ 95%] [32mBuilding C object CMakeFiles/ur_dashboard_msgs__rosidl_generator_py.dir/rosidl_generator_py/ur_dashboard_msgs/srv/_get_operational_mode_s.c.o[0m
[40.288s] [ 95%] [32mBuilding C object CMakeFiles/ur_dashboard_msgs__rosidl_generator_py.dir/rosidl_generator_py/ur_dashboard_msgs/srv/_get_robot_model_s.c.o[0m
[40.348s] [ 96%] [32mBuilding C object CMakeFiles/ur_dashboard_msgs__rosidl_generator_py.dir/rosidl_generator_py/ur_dashboard_msgs/srv/_get_safety_status_s.c.o[0m
[40.407s] [ 96%] [32mBuilding C object CMakeFiles/ur_dashboard_msgs__rosidl_generator_py.dir/rosidl_generator_py/ur_dashboard_msgs/srv/_generate_flight_report_s.c.o[0m
[40.465s] [ 96%] [32mBuilding C object CMakeFiles/ur_dashboard_msgs__rosidl_generator_py.dir/rosidl_generator_py/ur_dashboard_msgs/srv/_generate_support_file_s.c.o[0m
[40.525s] [ 97%] [32mBuilding C object CMakeFiles/ur_dashboard_msgs__rosidl_generator_py.dir/rosidl_generator_py/ur_dashboard_msgs/action/_set_mode_s.c.o[0m
[40.602s] [ 97%] [32m[1mLinking C shared library rosidl_generator_py/ur_dashboard_msgs/libur_dashboard_msgs__rosidl_generator_py.so[0m
[40.634s] [ 97%] Built target ur_dashboard_msgs__rosidl_generator_py
[40.647s] [ 98%] [32mBuilding C object CMakeFiles/ur_dashboard_msgs__rosidl_typesupport_fastrtps_c__pyext.dir/rosidl_generator_py/ur_dashboard_msgs/_ur_dashboard_msgs_s.ep.rosidl_typesupport_fastrtps_c.c.o[0m
[40.809s] [ 98%] [32m[1mLinking C shared library rosidl_generator_py/ur_dashboard_msgs/ur_dashboard_msgs_s__rosidl_typesupport_fastrtps_c.cpython-310-x86_64-linux-gnu.so[0m
[40.834s] [ 98%] Built target ur_dashboard_msgs__rosidl_typesupport_fastrtps_c__pyext
[40.846s] [ 99%] [32mBuilding C object CMakeFiles/ur_dashboard_msgs__rosidl_typesupport_introspection_c__pyext.dir/rosidl_generator_py/ur_dashboard_msgs/_ur_dashboard_msgs_s.ep.rosidl_typesupport_introspection_c.c.o[0m
[41.010s] [ 99%] [32m[1mLinking C shared library rosidl_generator_py/ur_dashboard_msgs/ur_dashboard_msgs_s__rosidl_typesupport_introspection_c.cpython-310-x86_64-linux-gnu.so[0m
[41.040s] [ 99%] Built target ur_dashboard_msgs__rosidl_typesupport_introspection_c__pyext
[41.052s] [100%] [32mBuilding C object CMakeFiles/ur_dashboard_msgs__rosidl_typesupport_c__pyext.dir/rosidl_generator_py/ur_dashboard_msgs/_ur_dashboard_msgs_s.ep.rosidl_typesupport_c.c.o[0m
[41.213s] [100%] [32m[1mLinking C shared library rosidl_generator_py/ur_dashboard_msgs/ur_dashboard_msgs_s__rosidl_typesupport_c.cpython-310-x86_64-linux-gnu.so[0m
[41.242s] [100%] Built target ur_dashboard_msgs__rosidl_typesupport_c__pyext
[41.249s] Invoked command in '/home/com9/uet_ws/build/ur_dashboard_msgs' returned '0': CMAKE_PREFIX_PATH=/opt/ros/humble /usr/bin/cmake --build /home/com9/uet_ws/build/ur_dashboard_msgs
[41.249s] Invoking command in '/home/com9/uet_ws/build/ur_dashboard_msgs': CMAKE_PREFIX_PATH=/opt/ros/humble /usr/bin/cmake --install /home/com9/uet_ws/build/ur_dashboard_msgs
[41.256s] -- Install configuration: ""
[41.256s] -- Installing: /home/com9/uet_ws/install/ur_dashboard_msgs/share/ament_index/resource_index/rosidl_interfaces/ur_dashboard_msgs
[41.256s] -- Installing: /home/com9/uet_ws/install/ur_dashboard_msgs/include/ur_dashboard_msgs/ur_dashboard_msgs
[41.256s] -- Installing: /home/com9/uet_ws/install/ur_dashboard_msgs/include/ur_dashboard_msgs/ur_dashboard_msgs/msg
[41.256s] -- Installing: /home/com9/uet_ws/install/ur_dashboard_msgs/include/ur_dashboard_msgs/ur_dashboard_msgs/msg/safety_status.h
[41.256s] -- Installing: /home/com9/uet_ws/install/ur_dashboard_msgs/include/ur_dashboard_msgs/ur_dashboard_msgs/msg/program_state.h
[41.256s] -- Installing: /home/com9/uet_ws/install/ur_dashboard_msgs/include/ur_dashboard_msgs/ur_dashboard_msgs/msg/user_role.h
[41.256s] -- Installing: /home/com9/uet_ws/install/ur_dashboard_msgs/include/ur_dashboard_msgs/ur_dashboard_msgs/msg/rosidl_generator_c__visibility_control.h
[41.256s] -- Installing: /home/com9/uet_ws/install/ur_dashboard_msgs/include/ur_dashboard_msgs/ur_dashboard_msgs/msg/program_information.h
[41.256s] -- Installing: /home/com9/uet_ws/install/ur_dashboard_msgs/include/ur_dashboard_msgs/ur_dashboard_msgs/msg/operational_mode.h
[41.256s] -- Installing: /home/com9/uet_ws/install/ur_dashboard_msgs/include/ur_dashboard_msgs/ur_dashboard_msgs/msg/safety_mode.h
[41.256s] -- Installing: /home/com9/uet_ws/install/ur_dashboard_msgs/include/ur_dashboard_msgs/ur_dashboard_msgs/msg/version_information.h
[41.256s] -- Installing: /home/com9/uet_ws/install/ur_dashboard_msgs/include/ur_dashboard_msgs/ur_dashboard_msgs/msg/robot_mode.h
[41.256s] -- Installing: /home/com9/uet_ws/install/ur_dashboard_msgs/include/ur_dashboard_msgs/ur_dashboard_msgs/msg/detail
[41.256s] -- Installing: /home/com9/uet_ws/install/ur_dashboard_msgs/include/ur_dashboard_msgs/ur_dashboard_msgs/msg/detail/safety_status__type_support.h
[41.256s] -- Installing: /home/com9/uet_ws/install/ur_dashboard_msgs/include/ur_dashboard_msgs/ur_dashboard_msgs/msg/detail/program_information__functions.h
[41.256s] -- Installing: /home/com9/uet_ws/install/ur_dashboard_msgs/include/ur_dashboard_msgs/ur_dashboard_msgs/msg/detail/operational_mode__struct.h
[41.256s] -- Installing: /home/com9/uet_ws/install/ur_dashboard_msgs/include/ur_dashboard_msgs/ur_dashboard_msgs/msg/detail/safety_mode__struct.h
[41.256s] -- Installing: /home/com9/uet_ws/install/ur_dashboard_msgs/include/ur_dashboard_msgs/ur_dashboard_msgs/msg/detail/version_information__functions.h
[41.256s] -- Installing: /home/com9/uet_ws/install/ur_dashboard_msgs/include/ur_dashboard_msgs/ur_dashboard_msgs/msg/detail/user_role__functions.h
[41.256s] -- Installing: /home/com9/uet_ws/install/ur_dashboard_msgs/include/ur_dashboard_msgs/ur_dashboard_msgs/msg/detail/robot_mode__functions.c
[41.257s] -- Installing: /home/com9/uet_ws/install/ur_dashboard_msgs/include/ur_dashboard_msgs/ur_dashboard_msgs/msg/detail/operational_mode__type_support.h
[41.257s] -- Installing: /home/com9/uet_ws/install/ur_dashboard_msgs/include/ur_dashboard_msgs/ur_dashboard_msgs/msg/detail/safety_status__functions.c
[41.257s] -- Installing: /home/com9/uet_ws/install/ur_dashboard_msgs/include/ur_dashboard_msgs/ur_dashboard_msgs/msg/detail/safety_status__struct.h
[41.257s] -- Installing: /home/com9/uet_ws/install/ur_dashboard_msgs/include/ur_dashboard_msgs/ur_dashboard_msgs/msg/detail/safety_mode__type_support.h
[41.257s] -- Installing: /home/com9/uet_ws/install/ur_dashboard_msgs/include/ur_dashboard_msgs/ur_dashboard_msgs/msg/detail/program_information__struct.h
[41.257s] -- Installing: /home/com9/uet_ws/install/ur_dashboard_msgs/include/ur_dashboard_msgs/ur_dashboard_msgs/msg/detail/program_state__functions.c
[41.257s] -- Installing: /home/com9/uet_ws/install/ur_dashboard_msgs/include/ur_dashboard_msgs/ur_dashboard_msgs/msg/detail/program_state__functions.h
[41.257s] -- Installing: /home/com9/uet_ws/install/ur_dashboard_msgs/include/ur_dashboard_msgs/ur_dashboard_msgs/msg/detail/version_information__functions.c
[41.257s] -- Installing: /home/com9/uet_ws/install/ur_dashboard_msgs/include/ur_dashboard_msgs/ur_dashboard_msgs/msg/detail/safety_mode__functions.h
[41.257s] -- Installing: /home/com9/uet_ws/install/ur_dashboard_msgs/include/ur_dashboard_msgs/ur_dashboard_msgs/msg/detail/user_role__functions.c
[41.257s] -- Installing: /home/com9/uet_ws/install/ur_dashboard_msgs/include/ur_dashboard_msgs/ur_dashboard_msgs/msg/detail/operational_mode__functions.h
[41.257s] -- Installing: /home/com9/uet_ws/install/ur_dashboard_msgs/include/ur_dashboard_msgs/ur_dashboard_msgs/msg/detail/user_role__struct.h
[41.257s] -- Installing: /home/com9/uet_ws/install/ur_dashboard_msgs/include/ur_dashboard_msgs/ur_dashboard_msgs/msg/detail/program_state__struct.h
[41.257s] -- Installing: /home/com9/uet_ws/install/ur_dashboard_msgs/include/ur_dashboard_msgs/ur_dashboard_msgs/msg/detail/robot_mode__struct.h
[41.257s] -- Installing: /home/com9/uet_ws/install/ur_dashboard_msgs/include/ur_dashboard_msgs/ur_dashboard_msgs/msg/detail/operational_mode__functions.c
[41.257s] -- Installing: /home/com9/uet_ws/install/ur_dashboard_msgs/include/ur_dashboard_msgs/ur_dashboard_msgs/msg/detail/user_role__type_support.h
[41.257s] -- Installing: /home/com9/uet_ws/install/ur_dashboard_msgs/include/ur_dashboard_msgs/ur_dashboard_msgs/msg/detail/safety_status__functions.h
[41.257s] -- Installing: /home/com9/uet_ws/install/ur_dashboard_msgs/include/ur_dashboard_msgs/ur_dashboard_msgs/msg/detail/program_information__type_support.h
[41.257s] -- Installing: /home/com9/uet_ws/install/ur_dashboard_msgs/include/ur_dashboard_msgs/ur_dashboard_msgs/msg/detail/program_state__type_support.h
[41.257s] -- Installing: /home/com9/uet_ws/install/ur_dashboard_msgs/include/ur_dashboard_msgs/ur_dashboard_msgs/msg/detail/robot_mode__functions.h
[41.257s] -- Installing: /home/com9/uet_ws/install/ur_dashboard_msgs/include/ur_dashboard_msgs/ur_dashboard_msgs/msg/detail/version_information__struct.h
[41.257s] -- Installing: /home/com9/uet_ws/install/ur_dashboard_msgs/include/ur_dashboard_msgs/ur_dashboard_msgs/msg/detail/robot_mode__type_support.h
[41.257s] -- Installing: /home/com9/uet_ws/install/ur_dashboard_msgs/include/ur_dashboard_msgs/ur_dashboard_msgs/msg/detail/program_information__functions.c
[41.257s] -- Installing: /home/com9/uet_ws/install/ur_dashboard_msgs/include/ur_dashboard_msgs/ur_dashboard_msgs/msg/detail/safety_mode__functions.c
[41.257s] -- Installing: /home/com9/uet_ws/install/ur_dashboard_msgs/include/ur_dashboard_msgs/ur_dashboard_msgs/msg/detail/version_information__type_support.h
[41.257s] -- Installing: /home/com9/uet_ws/install/ur_dashboard_msgs/include/ur_dashboard_msgs/ur_dashboard_msgs/srv
[41.257s] -- Installing: /home/com9/uet_ws/install/ur_dashboard_msgs/include/ur_dashboard_msgs/ur_dashboard_msgs/srv/download_program.h
[41.257s] -- Installing: /home/com9/uet_ws/install/ur_dashboard_msgs/include/ur_dashboard_msgs/ur_dashboard_msgs/srv/get_serial_number.h
[41.257s] -- Installing: /home/com9/uet_ws/install/ur_dashboard_msgs/include/ur_dashboard_msgs/ur_dashboard_msgs/srv/get_poly_scope_version.h
[41.257s] -- Installing: /home/com9/uet_ws/install/ur_dashboard_msgs/include/ur_dashboard_msgs/ur_dashboard_msgs/srv/get_program_state.h
[41.258s] -- Installing: /home/com9/uet_ws/install/ur_dashboard_msgs/include/ur_dashboard_msgs/ur_dashboard_msgs/srv/popup.h
[41.258s] -- Installing: /home/com9/uet_ws/install/ur_dashboard_msgs/include/ur_dashboard_msgs/ur_dashboard_msgs/srv/set_user_role.h
[41.258s] -- Installing: /home/com9/uet_ws/install/ur_dashboard_msgs/include/ur_dashboard_msgs/ur_dashboard_msgs/srv/get_user_role.h
[41.258s] -- Installing: /home/com9/uet_ws/install/ur_dashboard_msgs/include/ur_dashboard_msgs/ur_dashboard_msgs/srv/is_program_saved.h
[41.258s] -- Installing: /home/com9/uet_ws/install/ur_dashboard_msgs/include/ur_dashboard_msgs/ur_dashboard_msgs/srv/get_operational_mode.h
[41.258s] -- Installing: /home/com9/uet_ws/install/ur_dashboard_msgs/include/ur_dashboard_msgs/ur_dashboard_msgs/srv/generate_flight_report.h
[41.258s] -- Installing: /home/com9/uet_ws/install/ur_dashboard_msgs/include/ur_dashboard_msgs/ur_dashboard_msgs/srv/add_to_log.h
[41.258s] -- Installing: /home/com9/uet_ws/install/ur_dashboard_msgs/include/ur_dashboard_msgs/ur_dashboard_msgs/srv/is_program_running.h
[41.258s] -- Installing: /home/com9/uet_ws/install/ur_dashboard_msgs/include/ur_dashboard_msgs/ur_dashboard_msgs/srv/generate_support_file.h
[41.258s] -- Installing: /home/com9/uet_ws/install/ur_dashboard_msgs/include/ur_dashboard_msgs/ur_dashboard_msgs/srv/get_robot_model.h
[41.258s] -- Installing: /home/com9/uet_ws/install/ur_dashboard_msgs/include/ur_dashboard_msgs/ur_dashboard_msgs/srv/is_in_remote_control.h
[41.258s] -- Installing: /home/com9/uet_ws/install/ur_dashboard_msgs/include/ur_dashboard_msgs/ur_dashboard_msgs/srv/raw_request.h
[41.258s] -- Installing: /home/com9/uet_ws/install/ur_dashboard_msgs/include/ur_dashboard_msgs/ur_dashboard_msgs/srv/get_safety_mode.h
[41.258s] -- Installing: /home/com9/uet_ws/install/ur_dashboard_msgs/include/ur_dashboard_msgs/ur_dashboard_msgs/srv/get_loaded_program.h
[41.258s] -- Installing: /home/com9/uet_ws/install/ur_dashboard_msgs/include/ur_dashboard_msgs/ur_dashboard_msgs/srv/get_programs.h
[41.258s] -- Installing: /home/com9/uet_ws/install/ur_dashboard_msgs/include/ur_dashboard_msgs/ur_dashboard_msgs/srv/load.h
[41.258s] -- Installing: /home/com9/uet_ws/install/ur_dashboard_msgs/include/ur_dashboard_msgs/ur_dashboard_msgs/srv/set_operational_mode.h
[41.258s] -- Installing: /home/com9/uet_ws/install/ur_dashboard_msgs/include/ur_dashboard_msgs/ur_dashboard_msgs/srv/detail
[41.258s] -- Installing: /home/com9/uet_ws/install/ur_dashboard_msgs/include/ur_dashboard_msgs/ur_dashboard_msgs/srv/detail/generate_flight_report__functions.h
[41.258s] -- Installing: /home/com9/uet_ws/install/ur_dashboard_msgs/include/ur_dashboard_msgs/ur_dashboard_msgs/srv/detail/generate_flight_report__struct.h
[41.258s] -- Installing: /home/com9/uet_ws/install/ur_dashboard_msgs/include/ur_dashboard_msgs/ur_dashboard_msgs/srv/detail/get_serial_number__struct.h
[41.258s] -- Installing: /home/com9/uet_ws/install/ur_dashboard_msgs/include/ur_dashboard_msgs/ur_dashboard_msgs/srv/detail/get_robot_mode__type_support.h
[41.258s] -- Installing: /home/com9/uet_ws/install/ur_dashboard_msgs/include/ur_dashboard_msgs/ur_dashboard_msgs/srv/detail/get_robot_mode__functions.h
[41.258s] -- Installing: /home/com9/uet_ws/install/ur_dashboard_msgs/include/ur_dashboard_msgs/ur_dashboard_msgs/srv/detail/get_poly_scope_version__functions.c
[41.258s] -- Installing: /home/com9/uet_ws/install/ur_dashboard_msgs/include/ur_dashboard_msgs/ur_dashboard_msgs/srv/detail/get_loaded_program__functions.c
[41.258s] -- Installing: /home/com9/uet_ws/install/ur_dashboard_msgs/include/ur_dashboard_msgs/ur_dashboard_msgs/srv/detail/generate_support_file__type_support.h
[41.258s] -- Installing: /home/com9/uet_ws/install/ur_dashboard_msgs/include/ur_dashboard_msgs/ur_dashboard_msgs/srv/detail/generate_support_file__struct.h
[41.258s] -- Installing: /home/com9/uet_ws/install/ur_dashboard_msgs/include/ur_dashboard_msgs/ur_dashboard_msgs/srv/detail/get_programs__functions.h
[41.258s] -- Installing: /home/com9/uet_ws/install/ur_dashboard_msgs/include/ur_dashboard_msgs/ur_dashboard_msgs/srv/detail/is_program_saved__struct.h
[41.259s] -- Installing: /home/com9/uet_ws/install/ur_dashboard_msgs/include/ur_dashboard_msgs/ur_dashboard_msgs/srv/detail/get_user_role__struct.h
[41.259s] -- Installing: /home/com9/uet_ws/install/ur_dashboard_msgs/include/ur_dashboard_msgs/ur_dashboard_msgs/srv/detail/set_operational_mode__struct.h
[41.259s] -- Installing: /home/com9/uet_ws/install/ur_dashboard_msgs/include/ur_dashboard_msgs/ur_dashboard_msgs/srv/detail/upload_program__functions.c
[41.259s] -- Installing: /home/com9/uet_ws/install/ur_dashboard_msgs/include/ur_dashboard_msgs/ur_dashboard_msgs/srv/detail/generate_flight_report__type_support.h
[41.259s] -- Installing: /home/com9/uet_ws/install/ur_dashboard_msgs/include/ur_dashboard_msgs/ur_dashboard_msgs/srv/detail/raw_request__struct.h
[41.259s] -- Installing: /home/com9/uet_ws/install/ur_dashboard_msgs/include/ur_dashboard_msgs/ur_dashboard_msgs/srv/detail/load__type_support.h
[41.259s] -- Installing: /home/com9/uet_ws/install/ur_dashboard_msgs/include/ur_dashboard_msgs/ur_dashboard_msgs/srv/detail/set_user_role__functions.c
[41.259s] -- Installing: /home/com9/uet_ws/install/ur_dashboard_msgs/include/ur_dashboard_msgs/ur_dashboard_msgs/srv/detail/is_in_remote_control__struct.h
[41.259s] -- Installing: /home/com9/uet_ws/install/ur_dashboard_msgs/include/ur_dashboard_msgs/ur_dashboard_msgs/srv/detail/raw_request__type_support.h
[41.259s] -- Installing: /home/com9/uet_ws/install/ur_dashboard_msgs/include/ur_dashboard_msgs/ur_dashboard_msgs/srv/detail/add_to_log__functions.c
[41.259s] -- Installing: /home/com9/uet_ws/install/ur_dashboard_msgs/include/ur_dashboard_msgs/ur_dashboard_msgs/srv/detail/get_safety_mode__type_support.h
[41.259s] -- Installing: /home/com9/uet_ws/install/ur_dashboard_msgs/include/ur_dashboard_msgs/ur_dashboard_msgs/srv/detail/is_in_remote_control__functions.c
[41.259s] -- Installing: /home/com9/uet_ws/install/ur_dashboard_msgs/include/ur_dashboard_msgs/ur_dashboard_msgs/srv/detail/generate_support_file__functions.h
[41.259s] -- Installing: /home/com9/uet_ws/install/ur_dashboard_msgs/include/ur_dashboard_msgs/ur_dashboard_msgs/srv/detail/get_loaded_program__type_support.h
[41.259s] -- Installing: /home/com9/uet_ws/install/ur_dashboard_msgs/include/ur_dashboard_msgs/ur_dashboard_msgs/srv/detail/is_program_running__type_support.h
[41.259s] -- Installing: /home/com9/uet_ws/install/ur_dashboard_msgs/include/ur_dashboard_msgs/ur_dashboard_msgs/srv/detail/get_safety_status__functions.c
[41.259s] -- Installing: /home/com9/uet_ws/install/ur_dashboard_msgs/include/ur_dashboard_msgs/ur_dashboard_msgs/srv/detail/get_user_role__functions.c
[41.259s] -- Installing: /home/com9/uet_ws/install/ur_dashboard_msgs/include/ur_dashboard_msgs/ur_dashboard_msgs/srv/detail/upload_program__type_support.h
[41.259s] -- Installing: /home/com9/uet_ws/install/ur_dashboard_msgs/include/ur_dashboard_msgs/ur_dashboard_msgs/srv/detail/get_serial_number__functions.c
[41.259s] -- Installing: /home/com9/uet_ws/install/ur_dashboard_msgs/include/ur_dashboard_msgs/ur_dashboard_msgs/srv/detail/get_poly_scope_version__type_support.h
[41.259s] -- Installing: /home/com9/uet_ws/install/ur_dashboard_msgs/include/ur_dashboard_msgs/ur_dashboard_msgs/srv/detail/get_poly_scope_version__functions.h
[41.259s] -- Installing: /home/com9/uet_ws/install/ur_dashboard_msgs/include/ur_dashboard_msgs/ur_dashboard_msgs/srv/detail/get_program_state__functions.c
[41.259s] -- Installing: /home/com9/uet_ws/install/ur_dashboard_msgs/include/ur_dashboard_msgs/ur_dashboard_msgs/srv/detail/get_serial_number__type_support.h
[41.259s] -- Installing: /home/com9/uet_ws/install/ur_dashboard_msgs/include/ur_dashboard_msgs/ur_dashboard_msgs/srv/detail/get_safety_status__functions.h
[41.259s] -- Installing: /home/com9/uet_ws/install/ur_dashboard_msgs/include/ur_dashboard_msgs/ur_dashboard_msgs/srv/detail/get_loaded_program__functions.h
[41.259s] -- Installing: /home/com9/uet_ws/install/ur_dashboard_msgs/include/ur_dashboard_msgs/ur_dashboard_msgs/srv/detail/upload_program__struct.h
[41.259s] -- Installing: /home/com9/uet_ws/install/ur_dashboard_msgs/include/ur_dashboard_msgs/ur_dashboard_msgs/srv/detail/get_program_state__struct.h
[41.259s] -- Installing: /home/com9/uet_ws/install/ur_dashboard_msgs/include/ur_dashboard_msgs/ur_dashboard_msgs/srv/detail/load__functions.h
[41.259s] -- Installing: /home/com9/uet_ws/install/ur_dashboard_msgs/include/ur_dashboard_msgs/ur_dashboard_msgs/srv/detail/get_operational_mode__struct.h
[41.260s] -- Installing: /home/com9/uet_ws/install/ur_dashboard_msgs/include/ur_dashboard_msgs/ur_dashboard_msgs/srv/detail/get_safety_status__type_support.h
[41.260s] -- Installing: /home/com9/uet_ws/install/ur_dashboard_msgs/include/ur_dashboard_msgs/ur_dashboard_msgs/srv/detail/set_user_role__functions.h
[41.260s] -- Installing: /home/com9/uet_ws/install/ur_dashboard_msgs/include/ur_dashboard_msgs/ur_dashboard_msgs/srv/detail/load__functions.c
[41.260s] -- Installing: /home/com9/uet_ws/install/ur_dashboard_msgs/include/ur_dashboard_msgs/ur_dashboard_msgs/srv/detail/get_serial_number__functions.h
[41.260s] -- Installing: /home/com9/uet_ws/install/ur_dashboard_msgs/include/ur_dashboard_msgs/ur_dashboard_msgs/srv/detail/set_operational_mode__type_support.h
[41.260s] -- Installing: /home/com9/uet_ws/install/ur_dashboard_msgs/include/ur_dashboard_msgs/ur_dashboard_msgs/srv/detail/get_safety_mode__functions.h
[41.260s] -- Installing: /home/com9/uet_ws/install/ur_dashboard_msgs/include/ur_dashboard_msgs/ur_dashboard_msgs/srv/detail/popup__type_support.h
[41.260s] -- Installing: /home/com9/uet_ws/install/ur_dashboard_msgs/include/ur_dashboard_msgs/ur_dashboard_msgs/srv/detail/is_program_running__functions.c
[41.260s] -- Installing: /home/com9/uet_ws/install/ur_dashboard_msgs/include/ur_dashboard_msgs/ur_dashboard_msgs/srv/detail/set_operational_mode__functions.c
[41.260s] -- Installing: /home/com9/uet_ws/install/ur_dashboard_msgs/include/ur_dashboard_msgs/ur_dashboard_msgs/srv/detail/download_program__struct.h
[41.260s] -- Installing: /home/com9/uet_ws/install/ur_dashboard_msgs/include/ur_dashboard_msgs/ur_dashboard_msgs/srv/detail/get_safety_mode__struct.h
[41.260s] -- Installing: /home/com9/uet_ws/install/ur_dashboard_msgs/include/ur_dashboard_msgs/ur_dashboard_msgs/srv/detail/is_program_saved__functions.c
[41.260s] -- Installing: /home/com9/uet_ws/install/ur_dashboard_msgs/include/ur_dashboard_msgs/ur_dashboard_msgs/srv/detail/is_program_saved__functions.h
[41.260s] -- Installing: /home/com9/uet_ws/install/ur_dashboard_msgs/include/ur_dashboard_msgs/ur_dashboard_msgs/srv/detail/popup__struct.h
[41.260s] -- Installing: /home/com9/uet_ws/install/ur_dashboard_msgs/include/ur_dashboard_msgs/ur_dashboard_msgs/srv/detail/get_robot_model__type_support.h
[41.260s] -- Installing: /home/com9/uet_ws/install/ur_dashboard_msgs/include/ur_dashboard_msgs/ur_dashboard_msgs/srv/detail/get_safety_mode__functions.c
[41.260s] -- Installing: /home/com9/uet_ws/install/ur_dashboard_msgs/include/ur_dashboard_msgs/ur_dashboard_msgs/srv/detail/download_program__functions.c
[41.260s] -- Installing: /home/com9/uet_ws/install/ur_dashboard_msgs/include/ur_dashboard_msgs/ur_dashboard_msgs/srv/detail/add_to_log__type_support.h
[41.260s] -- Installing: /home/com9/uet_ws/install/ur_dashboard_msgs/include/ur_dashboard_msgs/ur_dashboard_msgs/srv/detail/is_in_remote_control__type_support.h
[41.260s] -- Installing: /home/com9/uet_ws/install/ur_dashboard_msgs/include/ur_dashboard_msgs/ur_dashboard_msgs/srv/detail/add_to_log__functions.h
[41.260s] -- Installing: /home/com9/uet_ws/install/ur_dashboard_msgs/include/ur_dashboard_msgs/ur_dashboard_msgs/srv/detail/add_to_log__struct.h
[41.260s] -- Installing: /home/com9/uet_ws/install/ur_dashboard_msgs/include/ur_dashboard_msgs/ur_dashboard_msgs/srv/detail/is_program_running__struct.h
[41.260s] -- Installing: /home/com9/uet_ws/install/ur_dashboard_msgs/include/ur_dashboard_msgs/ur_dashboard_msgs/srv/detail/get_user_role__type_support.h
[41.260s] -- Installing: /home/com9/uet_ws/install/ur_dashboard_msgs/include/ur_dashboard_msgs/ur_dashboard_msgs/srv/detail/get_operational_mode__functions.c
[41.260s] -- Installing: /home/com9/uet_ws/install/ur_dashboard_msgs/include/ur_dashboard_msgs/ur_dashboard_msgs/srv/detail/get_programs__type_support.h
[41.260s] -- Installing: /home/com9/uet_ws/install/ur_dashboard_msgs/include/ur_dashboard_msgs/ur_dashboard_msgs/srv/detail/load__struct.h
[41.261s] -- Installing: /home/com9/uet_ws/install/ur_dashboard_msgs/include/ur_dashboard_msgs/ur_dashboard_msgs/srv/detail/get_loaded_program__struct.h
[41.261s] -- Installing: /home/com9/uet_ws/install/ur_dashboard_msgs/include/ur_dashboard_msgs/ur_dashboard_msgs/srv/detail/get_poly_scope_version__struct.h
[41.261s] -- Installing: /home/com9/uet_ws/install/ur_dashboard_msgs/include/ur_dashboard_msgs/ur_dashboard_msgs/srv/detail/is_program_running__functions.h
[41.261s] -- Installing: /home/com9/uet_ws/install/ur_dashboard_msgs/include/ur_dashboard_msgs/ur_dashboard_msgs/srv/detail/set_user_role__type_support.h
[41.261s] -- Installing: /home/com9/uet_ws/install/ur_dashboard_msgs/include/ur_dashboard_msgs/ur_dashboard_msgs/srv/detail/set_operational_mode__functions.h
[41.261s] -- Installing: /home/com9/uet_ws/install/ur_dashboard_msgs/include/ur_dashboard_msgs/ur_dashboard_msgs/srv/detail/get_robot_model__struct.h
[41.261s] -- Installing: /home/com9/uet_ws/install/ur_dashboard_msgs/include/ur_dashboard_msgs/ur_dashboard_msgs/srv/detail/generate_support_file__functions.c
[41.261s] -- Installing: /home/com9/uet_ws/install/ur_dashboard_msgs/include/ur_dashboard_msgs/ur_dashboard_msgs/srv/detail/get_robot_model__functions.h
[41.261s] -- Installing: /home/com9/uet_ws/install/ur_dashboard_msgs/include/ur_dashboard_msgs/ur_dashboard_msgs/srv/detail/raw_request__functions.c
[41.261s] -- Installing: /home/com9/uet_ws/install/ur_dashboard_msgs/include/ur_dashboard_msgs/ur_dashboard_msgs/srv/detail/download_program__functions.h
[41.261s] -- Installing: /home/com9/uet_ws/install/ur_dashboard_msgs/include/ur_dashboard_msgs/ur_dashboard_msgs/srv/detail/get_safety_status__struct.h
[41.261s] -- Installing: /home/com9/uet_ws/install/ur_dashboard_msgs/include/ur_dashboard_msgs/ur_dashboard_msgs/srv/detail/is_program_saved__type_support.h
[41.261s] -- Installing: /home/com9/uet_ws/install/ur_dashboard_msgs/include/ur_dashboard_msgs/ur_dashboard_msgs/srv/detail/get_robot_mode__functions.c
[41.261s] -- Installing: /home/com9/uet_ws/install/ur_dashboard_msgs/include/ur_dashboard_msgs/ur_dashboard_msgs/srv/detail/get_program_state__functions.h
[41.261s] -- Installing: /home/com9/uet_ws/install/ur_dashboard_msgs/include/ur_dashboard_msgs/ur_dashboard_msgs/srv/detail/upload_program__functions.h
[41.261s] -- Installing: /home/com9/uet_ws/install/ur_dashboard_msgs/include/ur_dashboard_msgs/ur_dashboard_msgs/srv/detail/get_user_role__functions.h
[41.261s] -- Installing: /home/com9/uet_ws/install/ur_dashboard_msgs/include/ur_dashboard_msgs/ur_dashboard_msgs/srv/detail/download_program__type_support.h
[41.261s] -- Installing: /home/com9/uet_ws/install/ur_dashboard_msgs/include/ur_dashboard_msgs/ur_dashboard_msgs/srv/detail/get_robot_mode__struct.h
[41.261s] -- Installing: /home/com9/uet_ws/install/ur_dashboard_msgs/include/ur_dashboard_msgs/ur_dashboard_msgs/srv/detail/get_robot_model__functions.c
[41.261s] -- Installing: /home/com9/uet_ws/install/ur_dashboard_msgs/include/ur_dashboard_msgs/ur_dashboard_msgs/srv/detail/generate_flight_report__functions.c
[41.261s] -- Installing: /home/com9/uet_ws/install/ur_dashboard_msgs/include/ur_dashboard_msgs/ur_dashboard_msgs/srv/detail/get_programs__functions.c
[41.261s] -- Installing: /home/com9/uet_ws/install/ur_dashboard_msgs/include/ur_dashboard_msgs/ur_dashboard_msgs/srv/detail/popup__functions.h
[41.261s] -- Installing: /home/com9/uet_ws/install/ur_dashboard_msgs/include/ur_dashboard_msgs/ur_dashboard_msgs/srv/detail/get_operational_mode__functions.h
[41.261s] -- Installing: /home/com9/uet_ws/install/ur_dashboard_msgs/include/ur_dashboard_msgs/ur_dashboard_msgs/srv/detail/set_user_role__struct.h
[41.262s] -- Installing: /home/com9/uet_ws/install/ur_dashboard_msgs/include/ur_dashboard_msgs/ur_dashboard_msgs/srv/detail/get_programs__struct.h
[41.262s] -- Installing: /home/com9/uet_ws/install/ur_dashboard_msgs/include/ur_dashboard_msgs/ur_dashboard_msgs/srv/detail/popup__functions.c
[41.262s] -- Installing: /home/com9/uet_ws/install/ur_dashboard_msgs/include/ur_dashboard_msgs/ur_dashboard_msgs/srv/detail/get_program_state__type_support.h
[41.262s] -- Installing: /home/com9/uet_ws/install/ur_dashboard_msgs/include/ur_dashboard_msgs/ur_dashboard_msgs/srv/detail/raw_request__functions.h
[41.262s] -- Installing: /home/com9/uet_ws/install/ur_dashboard_msgs/include/ur_dashboard_msgs/ur_dashboard_msgs/srv/detail/get_operational_mode__type_support.h
[41.262s] -- Installing: /home/com9/uet_ws/install/ur_dashboard_msgs/include/ur_dashboard_msgs/ur_dashboard_msgs/srv/detail/is_in_remote_control__functions.h
[41.262s] -- Installing: /home/com9/uet_ws/install/ur_dashboard_msgs/include/ur_dashboard_msgs/ur_dashboard_msgs/srv/upload_program.h
[41.262s] -- Installing: /home/com9/uet_ws/install/ur_dashboard_msgs/include/ur_dashboard_msgs/ur_dashboard_msgs/srv/get_robot_mode.h
[41.262s] -- Installing: /home/com9/uet_ws/install/ur_dashboard_msgs/include/ur_dashboard_msgs/ur_dashboard_msgs/srv/get_safety_status.h
[41.262s] -- Installing: /home/com9/uet_ws/install/ur_dashboard_msgs/include/ur_dashboard_msgs/ur_dashboard_msgs/action
[41.262s] -- Installing: /home/com9/uet_ws/install/ur_dashboard_msgs/include/ur_dashboard_msgs/ur_dashboard_msgs/action/set_mode.h
[41.262s] -- Installing: /home/com9/uet_ws/install/ur_dashboard_msgs/include/ur_dashboard_msgs/ur_dashboard_msgs/action/detail
[41.262s] -- Installing: /home/com9/uet_ws/install/ur_dashboard_msgs/include/ur_dashboard_msgs/ur_dashboard_msgs/action/detail/set_mode__type_support.h
[41.262s] -- Installing: /home/com9/uet_ws/install/ur_dashboard_msgs/include/ur_dashboard_msgs/ur_dashboard_msgs/action/detail/set_mode__functions.c
[41.262s] -- Installing: /home/com9/uet_ws/install/ur_dashboard_msgs/include/ur_dashboard_msgs/ur_dashboard_msgs/action/detail/set_mode__functions.h
[41.262s] -- Installing: /home/com9/uet_ws/install/ur_dashboard_msgs/include/ur_dashboard_msgs/ur_dashboard_msgs/action/detail/set_mode__struct.h
[41.262s] -- Installing: /home/com9/uet_ws/install/ur_dashboard_msgs/share/ur_dashboard_msgs/environment/library_path.sh
[41.262s] -- Installing: /home/com9/uet_ws/install/ur_dashboard_msgs/share/ur_dashboard_msgs/environment/library_path.dsv
[41.262s] -- Installing: /home/com9/uet_ws/install/ur_dashboard_msgs/lib/libur_dashboard_msgs__rosidl_generator_c.so
[41.263s] -- Set runtime path of "/home/com9/uet_ws/install/ur_dashboard_msgs/lib/libur_dashboard_msgs__rosidl_generator_c.so" to ""
[41.263s] -- Up-to-date: /home/com9/uet_ws/install/ur_dashboard_msgs/include/ur_dashboard_msgs/ur_dashboard_msgs
[41.263s] -- Up-to-date: /home/com9/uet_ws/install/ur_dashboard_msgs/include/ur_dashboard_msgs/ur_dashboard_msgs/msg
[41.263s] -- Installing: /home/com9/uet_ws/install/ur_dashboard_msgs/include/ur_dashboard_msgs/ur_dashboard_msgs/msg/rosidl_typesupport_fastrtps_c__visibility_control.h
[41.263s] -- Up-to-date: /home/com9/uet_ws/install/ur_dashboard_msgs/include/ur_dashboard_msgs/ur_dashboard_msgs/msg/detail
[41.263s] -- Installing: /home/com9/uet_ws/install/ur_dashboard_msgs/include/ur_dashboard_msgs/ur_dashboard_msgs/msg/detail/program_information__rosidl_typesupport_fastrtps_c.h
[41.263s] -- Installing: /home/com9/uet_ws/install/ur_dashboard_msgs/include/ur_dashboard_msgs/ur_dashboard_msgs/msg/detail/safety_status__rosidl_typesupport_fastrtps_c.h
[41.263s] -- Installing: /home/com9/uet_ws/install/ur_dashboard_msgs/include/ur_dashboard_msgs/ur_dashboard_msgs/msg/detail/robot_mode__rosidl_typesupport_fastrtps_c.h
[41.263s] -- Installing: /home/com9/uet_ws/install/ur_dashboard_msgs/include/ur_dashboard_msgs/ur_dashboard_msgs/msg/detail/program_state__rosidl_typesupport_fastrtps_c.h
[41.263s] -- Installing: /home/com9/uet_ws/install/ur_dashboard_msgs/include/ur_dashboard_msgs/ur_dashboard_msgs/msg/detail/version_information__rosidl_typesupport_fastrtps_c.h
[41.263s] -- Installing: /home/com9/uet_ws/install/ur_dashboard_msgs/include/ur_dashboard_msgs/ur_dashboard_msgs/msg/detail/safety_mode__rosidl_typesupport_fastrtps_c.h
[41.263s] -- Installing: /home/com9/uet_ws/install/ur_dashboard_msgs/include/ur_dashboard_msgs/ur_dashboard_msgs/msg/detail/user_role__rosidl_typesupport_fastrtps_c.h
[41.263s] -- Installing: /home/com9/uet_ws/install/ur_dashboard_msgs/include/ur_dashboard_msgs/ur_dashboard_msgs/msg/detail/operational_mode__rosidl_typesupport_fastrtps_c.h
[41.263s] -- Up-to-date: /home/com9/uet_ws/install/ur_dashboard_msgs/include/ur_dashboard_msgs/ur_dashboard_msgs/srv
[41.263s] -- Up-to-date: /home/com9/uet_ws/install/ur_dashboard_msgs/include/ur_dashboard_msgs/ur_dashboard_msgs/srv/detail
[41.263s] -- Installing: /home/com9/uet_ws/install/ur_dashboard_msgs/include/ur_dashboard_msgs/ur_dashboard_msgs/srv/detail/get_user_role__rosidl_typesupport_fastrtps_c.h
[41.263s] -- Installing: /home/com9/uet_ws/install/ur_dashboard_msgs/include/ur_dashboard_msgs/ur_dashboard_msgs/srv/detail/generate_flight_report__rosidl_typesupport_fastrtps_c.h
[41.263s] -- Installing: /home/com9/uet_ws/install/ur_dashboard_msgs/include/ur_dashboard_msgs/ur_dashboard_msgs/srv/detail/get_robot_model__rosidl_typesupport_fastrtps_c.h
[41.263s] -- Installing: /home/com9/uet_ws/install/ur_dashboard_msgs/include/ur_dashboard_msgs/ur_dashboard_msgs/srv/detail/is_in_remote_control__rosidl_typesupport_fastrtps_c.h
[41.263s] -- Installing: /home/com9/uet_ws/install/ur_dashboard_msgs/include/ur_dashboard_msgs/ur_dashboard_msgs/srv/detail/get_program_state__rosidl_typesupport_fastrtps_c.h
[41.263s] -- Installing: /home/com9/uet_ws/install/ur_dashboard_msgs/include/ur_dashboard_msgs/ur_dashboard_msgs/srv/detail/get_poly_scope_version__rosidl_typesupport_fastrtps_c.h
[41.264s] -- Installing: /home/com9/uet_ws/install/ur_dashboard_msgs/include/ur_dashboard_msgs/ur_dashboard_msgs/srv/detail/load__rosidl_typesupport_fastrtps_c.h
[41.264s] -- Installing: /home/com9/uet_ws/install/ur_dashboard_msgs/include/ur_dashboard_msgs/ur_dashboard_msgs/srv/detail/add_to_log__rosidl_typesupport_fastrtps_c.h
[41.264s] -- Installing: /home/com9/uet_ws/install/ur_dashboard_msgs/include/ur_dashboard_msgs/ur_dashboard_msgs/srv/detail/set_user_role__rosidl_typesupport_fastrtps_c.h
[41.264s] -- Installing: /home/com9/uet_ws/install/ur_dashboard_msgs/include/ur_dashboard_msgs/ur_dashboard_msgs/srv/detail/get_loaded_program__rosidl_typesupport_fastrtps_c.h
[41.264s] -- Installing: /home/com9/uet_ws/install/ur_dashboard_msgs/include/ur_dashboard_msgs/ur_dashboard_msgs/srv/detail/is_program_running__rosidl_typesupport_fastrtps_c.h
[41.264s] -- Installing: /home/com9/uet_ws/install/ur_dashboard_msgs/include/ur_dashboard_msgs/ur_dashboard_msgs/srv/detail/get_safety_status__rosidl_typesupport_fastrtps_c.h
[41.264s] -- Installing: /home/com9/uet_ws/install/ur_dashboard_msgs/include/ur_dashboard_msgs/ur_dashboard_msgs/srv/detail/popup__rosidl_typesupport_fastrtps_c.h
[41.264s] -- Installing: /home/com9/uet_ws/install/ur_dashboard_msgs/include/ur_dashboard_msgs/ur_dashboard_msgs/srv/detail/get_serial_number__rosidl_typesupport_fastrtps_c.h
[41.264s] -- Installing: /home/com9/uet_ws/install/ur_dashboard_msgs/include/ur_dashboard_msgs/ur_dashboard_msgs/srv/detail/generate_support_file__rosidl_typesupport_fastrtps_c.h
[41.264s] -- Installing: /home/com9/uet_ws/install/ur_dashboard_msgs/include/ur_dashboard_msgs/ur_dashboard_msgs/srv/detail/get_operational_mode__rosidl_typesupport_fastrtps_c.h
[41.264s] -- Installing: /home/com9/uet_ws/install/ur_dashboard_msgs/include/ur_dashboard_msgs/ur_dashboard_msgs/srv/detail/get_programs__rosidl_typesupport_fastrtps_c.h
[41.264s] -- Installing: /home/com9/uet_ws/install/ur_dashboard_msgs/include/ur_dashboard_msgs/ur_dashboard_msgs/srv/detail/upload_program__rosidl_typesupport_fastrtps_c.h
[41.264s] -- Installing: /home/com9/uet_ws/install/ur_dashboard_msgs/include/ur_dashboard_msgs/ur_dashboard_msgs/srv/detail/download_program__rosidl_typesupport_fastrtps_c.h
[41.264s] -- Installing: /home/com9/uet_ws/install/ur_dashboard_msgs/include/ur_dashboard_msgs/ur_dashboard_msgs/srv/detail/raw_request__rosidl_typesupport_fastrtps_c.h
[41.264s] -- Installing: /home/com9/uet_ws/install/ur_dashboard_msgs/include/ur_dashboard_msgs/ur_dashboard_msgs/srv/detail/get_safety_mode__rosidl_typesupport_fastrtps_c.h
[41.264s] -- Installing: /home/com9/uet_ws/install/ur_dashboard_msgs/include/ur_dashboard_msgs/ur_dashboard_msgs/srv/detail/get_robot_mode__rosidl_typesupport_fastrtps_c.h
[41.264s] -- Installing: /home/com9/uet_ws/install/ur_dashboard_msgs/include/ur_dashboard_msgs/ur_dashboard_msgs/srv/detail/set_operational_mode__rosidl_typesupport_fastrtps_c.h
[41.264s] -- Installing: /home/com9/uet_ws/install/ur_dashboard_msgs/include/ur_dashboard_msgs/ur_dashboard_msgs/srv/detail/is_program_saved__rosidl_typesupport_fastrtps_c.h
[41.264s] -- Up-to-date: /home/com9/uet_ws/install/ur_dashboard_msgs/include/ur_dashboard_msgs/ur_dashboard_msgs/action
[41.264s] -- Up-to-date: /home/com9/uet_ws/install/ur_dashboard_msgs/include/ur_dashboard_msgs/ur_dashboard_msgs/action/detail
[41.264s] -- Installing: /home/com9/uet_ws/install/ur_dashboard_msgs/include/ur_dashboard_msgs/ur_dashboard_msgs/action/detail/set_mode__rosidl_typesupport_fastrtps_c.h
[41.264s] -- Installing: /home/com9/uet_ws/install/ur_dashboard_msgs/lib/libur_dashboard_msgs__rosidl_typesupport_fastrtps_c.so
[41.264s] -- Set runtime path of "/home/com9/uet_ws/install/ur_dashboard_msgs/lib/libur_dashboard_msgs__rosidl_typesupport_fastrtps_c.so" to ""
[41.265s] -- Up-to-date: /home/com9/uet_ws/install/ur_dashboard_msgs/include/ur_dashboard_msgs/ur_dashboard_msgs
[41.265s] -- Up-to-date: /home/com9/uet_ws/install/ur_dashboard_msgs/include/ur_dashboard_msgs/ur_dashboard_msgs/msg
[41.265s] -- Installing: /home/com9/uet_ws/install/ur_dashboard_msgs/include/ur_dashboard_msgs/ur_dashboard_msgs/msg/rosidl_typesupport_introspection_c__visibility_control.h
[41.265s] -- Up-to-date: /home/com9/uet_ws/install/ur_dashboard_msgs/include/ur_dashboard_msgs/ur_dashboard_msgs/msg/detail
[41.265s] -- Installing: /home/com9/uet_ws/install/ur_dashboard_msgs/include/ur_dashboard_msgs/ur_dashboard_msgs/msg/detail/operational_mode__type_support.c
[41.265s] -- Installing: /home/com9/uet_ws/install/ur_dashboard_msgs/include/ur_dashboard_msgs/ur_dashboard_msgs/msg/detail/safety_status__rosidl_typesupport_introspection_c.h
[41.265s] -- Installing: /home/com9/uet_ws/install/ur_dashboard_msgs/include/ur_dashboard_msgs/ur_dashboard_msgs/msg/detail/operational_mode__rosidl_typesupport_introspection_c.h
[41.265s] -- Installing: /home/com9/uet_ws/install/ur_dashboard_msgs/include/ur_dashboard_msgs/ur_dashboard_msgs/msg/detail/version_information__rosidl_typesupport_introspection_c.h
[41.265s] -- Installing: /home/com9/uet_ws/install/ur_dashboard_msgs/include/ur_dashboard_msgs/ur_dashboard_msgs/msg/detail/program_information__rosidl_typesupport_introspection_c.h
[41.265s] -- Installing: /home/com9/uet_ws/install/ur_dashboard_msgs/include/ur_dashboard_msgs/ur_dashboard_msgs/msg/detail/safety_mode__rosidl_typesupport_introspection_c.h
[41.265s] -- Installing: /home/com9/uet_ws/install/ur_dashboard_msgs/include/ur_dashboard_msgs/ur_dashboard_msgs/msg/detail/version_information__type_support.c
[41.265s] -- Installing: /home/com9/uet_ws/install/ur_dashboard_msgs/include/ur_dashboard_msgs/ur_dashboard_msgs/msg/detail/safety_mode__type_support.c
[41.265s] -- Installing: /home/com9/uet_ws/install/ur_dashboard_msgs/include/ur_dashboard_msgs/ur_dashboard_msgs/msg/detail/user_role__rosidl_typesupport_introspection_c.h
[41.265s] -- Installing: /home/com9/uet_ws/install/ur_dashboard_msgs/include/ur_dashboard_msgs/ur_dashboard_msgs/msg/detail/program_information__type_support.c
[41.265s] -- Installing: /home/com9/uet_ws/install/ur_dashboard_msgs/include/ur_dashboard_msgs/ur_dashboard_msgs/msg/detail/program_state__rosidl_typesupport_introspection_c.h
[41.265s] -- Installing: /home/com9/uet_ws/install/ur_dashboard_msgs/include/ur_dashboard_msgs/ur_dashboard_msgs/msg/detail/program_state__type_support.c
[41.265s] -- Installing: /home/com9/uet_ws/install/ur_dashboard_msgs/include/ur_dashboard_msgs/ur_dashboard_msgs/msg/detail/robot_mode__type_support.c
[41.265s] -- Installing: /home/com9/uet_ws/install/ur_dashboard_msgs/include/ur_dashboard_msgs/ur_dashboard_msgs/msg/detail/safety_status__type_support.c
[41.265s] -- Installing: /home/com9/uet_ws/install/ur_dashboard_msgs/include/ur_dashboard_msgs/ur_dashboard_msgs/msg/detail/robot_mode__rosidl_typesupport_introspection_c.h
[41.265s] -- Installing: /home/com9/uet_ws/install/ur_dashboard_msgs/include/ur_dashboard_msgs/ur_dashboard_msgs/msg/detail/user_role__type_support.c
[41.265s] -- Up-to-date: /home/com9/uet_ws/install/ur_dashboard_msgs/include/ur_dashboard_msgs/ur_dashboard_msgs/srv
[41.265s] -- Up-to-date: /home/com9/uet_ws/install/ur_dashboard_msgs/include/ur_dashboard_msgs/ur_dashboard_msgs/srv/detail
[41.265s] -- Installing: /home/com9/uet_ws/install/ur_dashboard_msgs/include/ur_dashboard_msgs/ur_dashboard_msgs/srv/detail/generate_support_file__type_support.c
[41.265s] -- Installing: /home/com9/uet_ws/install/ur_dashboard_msgs/include/ur_dashboard_msgs/ur_dashboard_msgs/srv/detail/get_operational_mode__rosidl_typesupport_introspection_c.h
[41.265s] -- Installing: /home/com9/uet_ws/install/ur_dashboard_msgs/include/ur_dashboard_msgs/ur_dashboard_msgs/srv/detail/get_loaded_program__rosidl_typesupport_introspection_c.h
[41.265s] -- Installing: /home/com9/uet_ws/install/ur_dashboard_msgs/include/ur_dashboard_msgs/ur_dashboard_msgs/srv/detail/generate_flight_report__rosidl_typesupport_introspection_c.h
[41.265s] -- Installing: /home/com9/uet_ws/install/ur_dashboard_msgs/include/ur_dashboard_msgs/ur_dashboard_msgs/srv/detail/popup__type_support.c
[41.266s] -- Installing: /home/com9/uet_ws/install/ur_dashboard_msgs/include/ur_dashboard_msgs/ur_dashboard_msgs/srv/detail/get_user_role__type_support.c
[41.266s] -- Installing: /home/com9/uet_ws/install/ur_dashboard_msgs/include/ur_dashboard_msgs/ur_dashboard_msgs/srv/detail/set_operational_mode__rosidl_typesupport_introspection_c.h
[41.266s] -- Installing: /home/com9/uet_ws/install/ur_dashboard_msgs/include/ur_dashboard_msgs/ur_dashboard_msgs/srv/detail/is_program_saved__rosidl_typesupport_introspection_c.h
[41.266s] -- Installing: /home/com9/uet_ws/install/ur_dashboard_msgs/include/ur_dashboard_msgs/ur_dashboard_msgs/srv/detail/download_program__rosidl_typesupport_introspection_c.h
[41.266s] -- Installing: /home/com9/uet_ws/install/ur_dashboard_msgs/include/ur_dashboard_msgs/ur_dashboard_msgs/srv/detail/is_in_remote_control__type_support.c
[41.266s] -- Installing: /home/com9/uet_ws/install/ur_dashboard_msgs/include/ur_dashboard_msgs/ur_dashboard_msgs/srv/detail/get_safety_status__rosidl_typesupport_introspection_c.h
[41.266s] -- Installing: /home/com9/uet_ws/install/ur_dashboard_msgs/include/ur_dashboard_msgs/ur_dashboard_msgs/srv/detail/raw_request__type_support.c
[41.266s] -- Installing: /home/com9/uet_ws/install/ur_dashboard_msgs/include/ur_dashboard_msgs/ur_dashboard_msgs/srv/detail/get_program_state__rosidl_typesupport_introspection_c.h
[41.266s] -- Installing: /home/com9/uet_ws/install/ur_dashboard_msgs/include/ur_dashboard_msgs/ur_dashboard_msgs/srv/detail/generate_flight_report__type_support.c
[41.266s] -- Installing: /home/com9/uet_ws/install/ur_dashboard_msgs/include/ur_dashboard_msgs/ur_dashboard_msgs/srv/detail/get_operational_mode__type_support.c
[41.266s] -- Installing: /home/com9/uet_ws/install/ur_dashboard_msgs/include/ur_dashboard_msgs/ur_dashboard_msgs/srv/detail/get_robot_mode__rosidl_typesupport_introspection_c.h
[41.266s] -- Installing: /home/com9/uet_ws/install/ur_dashboard_msgs/include/ur_dashboard_msgs/ur_dashboard_msgs/srv/detail/get_serial_number__type_support.c
[41.266s] -- Installing: /home/com9/uet_ws/install/ur_dashboard_msgs/include/ur_dashboard_msgs/ur_dashboard_msgs/srv/detail/get_poly_scope_version__type_support.c
[41.266s] -- Installing: /home/com9/uet_ws/install/ur_dashboard_msgs/include/ur_dashboard_msgs/ur_dashboard_msgs/srv/detail/is_program_saved__type_support.c
[41.266s] -- Installing: /home/com9/uet_ws/install/ur_dashboard_msgs/include/ur_dashboard_msgs/ur_dashboard_msgs/srv/detail/get_safety_status__type_support.c
[41.266s] -- Installing: /home/com9/uet_ws/install/ur_dashboard_msgs/include/ur_dashboard_msgs/ur_dashboard_msgs/srv/detail/get_robot_model__type_support.c
[41.266s] -- Installing: /home/com9/uet_ws/install/ur_dashboard_msgs/include/ur_dashboard_msgs/ur_dashboard_msgs/srv/detail/popup__rosidl_typesupport_introspection_c.h
[41.266s] -- Installing: /home/com9/uet_ws/install/ur_dashboard_msgs/include/ur_dashboard_msgs/ur_dashboard_msgs/srv/detail/get_robot_model__rosidl_typesupport_introspection_c.h
[41.266s] -- Installing: /home/com9/uet_ws/install/ur_dashboard_msgs/include/ur_dashboard_msgs/ur_dashboard_msgs/srv/detail/get_robot_mode__type_support.c
[41.266s] -- Installing: /home/com9/uet_ws/install/ur_dashboard_msgs/include/ur_dashboard_msgs/ur_dashboard_msgs/srv/detail/get_loaded_program__type_support.c
[41.266s] -- Installing: /home/com9/uet_ws/install/ur_dashboard_msgs/include/ur_dashboard_msgs/ur_dashboard_msgs/srv/detail/get_safety_mode__type_support.c
[41.266s] -- Installing: /home/com9/uet_ws/install/ur_dashboard_msgs/include/ur_dashboard_msgs/ur_dashboard_msgs/srv/detail/get_programs__rosidl_typesupport_introspection_c.h
[41.266s] -- Installing: /home/com9/uet_ws/install/ur_dashboard_msgs/include/ur_dashboard_msgs/ur_dashboard_msgs/srv/detail/get_serial_number__rosidl_typesupport_introspection_c.h
[41.266s] -- Installing: /home/com9/uet_ws/install/ur_dashboard_msgs/include/ur_dashboard_msgs/ur_dashboard_msgs/srv/detail/load__type_support.c
[41.266s] -- Installing: /home/com9/uet_ws/install/ur_dashboard_msgs/include/ur_dashboard_msgs/ur_dashboard_msgs/srv/detail/upload_program__type_support.c
[41.267s] -- Installing: /home/com9/uet_ws/install/ur_dashboard_msgs/include/ur_dashboard_msgs/ur_dashboard_msgs/srv/detail/download_program__type_support.c
[41.267s] -- Installing: /home/com9/uet_ws/install/ur_dashboard_msgs/include/ur_dashboard_msgs/ur_dashboard_msgs/srv/detail/is_in_remote_control__rosidl_typesupport_introspection_c.h
[41.267s] -- Installing: /home/com9/uet_ws/install/ur_dashboard_msgs/include/ur_dashboard_msgs/ur_dashboard_msgs/srv/detail/get_user_role__rosidl_typesupport_introspection_c.h
[41.267s] -- Installing: /home/com9/uet_ws/install/ur_dashboard_msgs/include/ur_dashboard_msgs/ur_dashboard_msgs/srv/detail/raw_request__rosidl_typesupport_introspection_c.h
[41.267s] -- Installing: /home/com9/uet_ws/install/ur_dashboard_msgs/include/ur_dashboard_msgs/ur_dashboard_msgs/srv/detail/add_to_log__rosidl_typesupport_introspection_c.h
[41.267s] -- Installing: /home/com9/uet_ws/install/ur_dashboard_msgs/include/ur_dashboard_msgs/ur_dashboard_msgs/srv/detail/add_to_log__type_support.c
[41.267s] -- Installing: /home/com9/uet_ws/install/ur_dashboard_msgs/include/ur_dashboard_msgs/ur_dashboard_msgs/srv/detail/is_program_running__type_support.c
[41.267s] -- Installing: /home/com9/uet_ws/install/ur_dashboard_msgs/include/ur_dashboard_msgs/ur_dashboard_msgs/srv/detail/generate_support_file__rosidl_typesupport_introspection_c.h
[41.267s] -- Installing: /home/com9/uet_ws/install/ur_dashboard_msgs/include/ur_dashboard_msgs/ur_dashboard_msgs/srv/detail/set_user_role__type_support.c
[41.267s] -- Installing: /home/com9/uet_ws/install/ur_dashboard_msgs/include/ur_dashboard_msgs/ur_dashboard_msgs/srv/detail/set_user_role__rosidl_typesupport_introspection_c.h
[41.267s] -- Installing: /home/com9/uet_ws/install/ur_dashboard_msgs/include/ur_dashboard_msgs/ur_dashboard_msgs/srv/detail/upload_program__rosidl_typesupport_introspection_c.h
[41.267s] -- Installing: /home/com9/uet_ws/install/ur_dashboard_msgs/include/ur_dashboard_msgs/ur_dashboard_msgs/srv/detail/is_program_running__rosidl_typesupport_introspection_c.h
[41.267s] -- Installing: /home/com9/uet_ws/install/ur_dashboard_msgs/include/ur_dashboard_msgs/ur_dashboard_msgs/srv/detail/get_poly_scope_version__rosidl_typesupport_introspection_c.h
[41.267s] -- Installing: /home/com9/uet_ws/install/ur_dashboard_msgs/include/ur_dashboard_msgs/ur_dashboard_msgs/srv/detail/get_programs__type_support.c
[41.267s] -- Installing: /home/com9/uet_ws/install/ur_dashboard_msgs/include/ur_dashboard_msgs/ur_dashboard_msgs/srv/detail/load__rosidl_typesupport_introspection_c.h
[41.267s] -- Installing: /home/com9/uet_ws/install/ur_dashboard_msgs/include/ur_dashboard_msgs/ur_dashboard_msgs/srv/detail/get_safety_mode__rosidl_typesupport_introspection_c.h
[41.267s] -- Installing: /home/com9/uet_ws/install/ur_dashboard_msgs/include/ur_dashboard_msgs/ur_dashboard_msgs/srv/detail/set_operational_mode__type_support.c
[41.267s] -- Installing: /home/com9/uet_ws/install/ur_dashboard_msgs/include/ur_dashboard_msgs/ur_dashboard_msgs/srv/detail/get_program_state__type_support.c
[41.267s] -- Up-to-date: /home/com9/uet_ws/install/ur_dashboard_msgs/include/ur_dashboard_msgs/ur_dashboard_msgs/action
[41.267s] -- Up-to-date: /home/com9/uet_ws/install/ur_dashboard_msgs/include/ur_dashboard_msgs/ur_dashboard_msgs/action/detail
[41.267s] -- Installing: /home/com9/uet_ws/install/ur_dashboard_msgs/include/ur_dashboard_msgs/ur_dashboard_msgs/action/detail/set_mode__rosidl_typesupport_introspection_c.h
[41.267s] -- Installing: /home/com9/uet_ws/install/ur_dashboard_msgs/include/ur_dashboard_msgs/ur_dashboard_msgs/action/detail/set_mode__type_support.c
[41.267s] -- Installing: /home/com9/uet_ws/install/ur_dashboard_msgs/lib/libur_dashboard_msgs__rosidl_typesupport_introspection_c.so
[41.268s] -- Set runtime path of "/home/com9/uet_ws/install/ur_dashboard_msgs/lib/libur_dashboard_msgs__rosidl_typesupport_introspection_c.so" to ""
[41.268s] -- Installing: /home/com9/uet_ws/install/ur_dashboard_msgs/lib/libur_dashboard_msgs__rosidl_typesupport_c.so
[41.268s] -- Set runtime path of "/home/com9/uet_ws/install/ur_dashboard_msgs/lib/libur_dashboard_msgs__rosidl_typesupport_c.so" to ""
[41.268s] -- Up-to-date: /home/com9/uet_ws/install/ur_dashboard_msgs/include/ur_dashboard_msgs/ur_dashboard_msgs
[41.268s] -- Up-to-date: /home/com9/uet_ws/install/ur_dashboard_msgs/include/ur_dashboard_msgs/ur_dashboard_msgs/msg
[41.268s] -- Installing: /home/com9/uet_ws/install/ur_dashboard_msgs/include/ur_dashboard_msgs/ur_dashboard_msgs/msg/rosidl_generator_cpp__visibility_control.hpp
[41.268s] -- Installing: /home/com9/uet_ws/install/ur_dashboard_msgs/include/ur_dashboard_msgs/ur_dashboard_msgs/msg/program_state.hpp
[41.268s] -- Installing: /home/com9/uet_ws/install/ur_dashboard_msgs/include/ur_dashboard_msgs/ur_dashboard_msgs/msg/user_role.hpp
[41.268s] -- Installing: /home/com9/uet_ws/install/ur_dashboard_msgs/include/ur_dashboard_msgs/ur_dashboard_msgs/msg/program_information.hpp
[41.268s] -- Installing: /home/com9/uet_ws/install/ur_dashboard_msgs/include/ur_dashboard_msgs/ur_dashboard_msgs/msg/operational_mode.hpp
[41.268s] -- Installing: /home/com9/uet_ws/install/ur_dashboard_msgs/include/ur_dashboard_msgs/ur_dashboard_msgs/msg/version_information.hpp
[41.268s] -- Installing: /home/com9/uet_ws/install/ur_dashboard_msgs/include/ur_dashboard_msgs/ur_dashboard_msgs/msg/safety_mode.hpp
[41.268s] -- Installing: /home/com9/uet_ws/install/ur_dashboard_msgs/include/ur_dashboard_msgs/ur_dashboard_msgs/msg/safety_status.hpp
[41.268s] -- Up-to-date: /home/com9/uet_ws/install/ur_dashboard_msgs/include/ur_dashboard_msgs/ur_dashboard_msgs/msg/detail
[41.268s] -- Installing: /home/com9/uet_ws/install/ur_dashboard_msgs/include/ur_dashboard_msgs/ur_dashboard_msgs/msg/detail/user_role__struct.hpp
[41.268s] -- Installing: /home/com9/uet_ws/install/ur_dashboard_msgs/include/ur_dashboard_msgs/ur_dashboard_msgs/msg/detail/safety_mode__builder.hpp
[41.268s] -- Installing: /home/com9/uet_ws/install/ur_dashboard_msgs/include/ur_dashboard_msgs/ur_dashboard_msgs/msg/detail/safety_mode__struct.hpp
[41.268s] -- Installing: /home/com9/uet_ws/install/ur_dashboard_msgs/include/ur_dashboard_msgs/ur_dashboard_msgs/msg/detail/program_state__traits.hpp
[41.268s] -- Installing: /home/com9/uet_ws/install/ur_dashboard_msgs/include/ur_dashboard_msgs/ur_dashboard_msgs/msg/detail/operational_mode__struct.hpp
[41.268s] -- Installing: /home/com9/uet_ws/install/ur_dashboard_msgs/include/ur_dashboard_msgs/ur_dashboard_msgs/msg/detail/program_information__struct.hpp
[41.269s] -- Installing: /home/com9/uet_ws/install/ur_dashboard_msgs/include/ur_dashboard_msgs/ur_dashboard_msgs/msg/detail/safety_status__type_support.hpp
[41.269s] -- Installing: /home/com9/uet_ws/install/ur_dashboard_msgs/include/ur_dashboard_msgs/ur_dashboard_msgs/msg/detail/robot_mode__builder.hpp
[41.269s] -- Installing: /home/com9/uet_ws/install/ur_dashboard_msgs/include/ur_dashboard_msgs/ur_dashboard_msgs/msg/detail/program_information__type_support.hpp
[41.269s] -- Installing: /home/com9/uet_ws/install/ur_dashboard_msgs/include/ur_dashboard_msgs/ur_dashboard_msgs/msg/detail/operational_mode__type_support.hpp
[41.269s] -- Installing: /home/com9/uet_ws/install/ur_dashboard_msgs/include/ur_dashboard_msgs/ur_dashboard_msgs/msg/detail/safety_status__struct.hpp
[41.269s] -- Installing: /home/com9/uet_ws/install/ur_dashboard_msgs/include/ur_dashboard_msgs/ur_dashboard_msgs/msg/detail/operational_mode__builder.hpp
[41.269s] -- Installing: /home/com9/uet_ws/install/ur_dashboard_msgs/include/ur_dashboard_msgs/ur_dashboard_msgs/msg/detail/user_role__traits.hpp
[41.269s] -- Installing: /home/com9/uet_ws/install/ur_dashboard_msgs/include/ur_dashboard_msgs/ur_dashboard_msgs/msg/detail/version_information__struct.hpp
[41.269s] -- Installing: /home/com9/uet_ws/install/ur_dashboard_msgs/include/ur_dashboard_msgs/ur_dashboard_msgs/msg/detail/safety_mode__traits.hpp
[41.269s] -- Installing: /home/com9/uet_ws/install/ur_dashboard_msgs/include/ur_dashboard_msgs/ur_dashboard_msgs/msg/detail/version_information__traits.hpp
[41.269s] -- Installing: /home/com9/uet_ws/install/ur_dashboard_msgs/include/ur_dashboard_msgs/ur_dashboard_msgs/msg/detail/robot_mode__type_support.hpp
[41.269s] -- Installing: /home/com9/uet_ws/install/ur_dashboard_msgs/include/ur_dashboard_msgs/ur_dashboard_msgs/msg/detail/operational_mode__traits.hpp
[41.269s] -- Installing: /home/com9/uet_ws/install/ur_dashboard_msgs/include/ur_dashboard_msgs/ur_dashboard_msgs/msg/detail/robot_mode__struct.hpp
[41.269s] -- Installing: /home/com9/uet_ws/install/ur_dashboard_msgs/include/ur_dashboard_msgs/ur_dashboard_msgs/msg/detail/program_state__type_support.hpp
[41.269s] -- Installing: /home/com9/uet_ws/install/ur_dashboard_msgs/include/ur_dashboard_msgs/ur_dashboard_msgs/msg/detail/safety_mode__type_support.hpp
[41.269s] -- Installing: /home/com9/uet_ws/install/ur_dashboard_msgs/include/ur_dashboard_msgs/ur_dashboard_msgs/msg/detail/program_information__builder.hpp
[41.269s] -- Installing: /home/com9/uet_ws/install/ur_dashboard_msgs/include/ur_dashboard_msgs/ur_dashboard_msgs/msg/detail/safety_status__traits.hpp
[41.269s] -- Installing: /home/com9/uet_ws/install/ur_dashboard_msgs/include/ur_dashboard_msgs/ur_dashboard_msgs/msg/detail/program_state__struct.hpp
[41.269s] -- Installing: /home/com9/uet_ws/install/ur_dashboard_msgs/include/ur_dashboard_msgs/ur_dashboard_msgs/msg/detail/program_information__traits.hpp
[41.269s] -- Installing: /home/com9/uet_ws/install/ur_dashboard_msgs/include/ur_dashboard_msgs/ur_dashboard_msgs/msg/detail/user_role__builder.hpp
[41.269s] -- Installing: /home/com9/uet_ws/install/ur_dashboard_msgs/include/ur_dashboard_msgs/ur_dashboard_msgs/msg/detail/version_information__builder.hpp
[41.269s] -- Installing: /home/com9/uet_ws/install/ur_dashboard_msgs/include/ur_dashboard_msgs/ur_dashboard_msgs/msg/detail/program_state__builder.hpp
[41.269s] -- Installing: /home/com9/uet_ws/install/ur_dashboard_msgs/include/ur_dashboard_msgs/ur_dashboard_msgs/msg/detail/version_information__type_support.hpp
[41.269s] -- Installing: /home/com9/uet_ws/install/ur_dashboard_msgs/include/ur_dashboard_msgs/ur_dashboard_msgs/msg/detail/safety_status__builder.hpp
[41.269s] -- Installing: /home/com9/uet_ws/install/ur_dashboard_msgs/include/ur_dashboard_msgs/ur_dashboard_msgs/msg/detail/robot_mode__traits.hpp
[41.270s] -- Installing: /home/com9/uet_ws/install/ur_dashboard_msgs/include/ur_dashboard_msgs/ur_dashboard_msgs/msg/detail/user_role__type_support.hpp
[41.270s] -- Installing: /home/com9/uet_ws/install/ur_dashboard_msgs/include/ur_dashboard_msgs/ur_dashboard_msgs/msg/robot_mode.hpp
[41.270s] -- Up-to-date: /home/com9/uet_ws/install/ur_dashboard_msgs/include/ur_dashboard_msgs/ur_dashboard_msgs/srv
[41.270s] -- Installing: /home/com9/uet_ws/install/ur_dashboard_msgs/include/ur_dashboard_msgs/ur_dashboard_msgs/srv/set_user_role.hpp
[41.270s] -- Installing: /home/com9/uet_ws/install/ur_dashboard_msgs/include/ur_dashboard_msgs/ur_dashboard_msgs/srv/get_user_role.hpp
[41.270s] -- Installing: /home/com9/uet_ws/install/ur_dashboard_msgs/include/ur_dashboard_msgs/ur_dashboard_msgs/srv/get_robot_model.hpp
[41.270s] -- Installing: /home/com9/uet_ws/install/ur_dashboard_msgs/include/ur_dashboard_msgs/ur_dashboard_msgs/srv/generate_flight_report.hpp
[41.270s] -- Installing: /home/com9/uet_ws/install/ur_dashboard_msgs/include/ur_dashboard_msgs/ur_dashboard_msgs/srv/get_serial_number.hpp
[41.270s] -- Installing: /home/com9/uet_ws/install/ur_dashboard_msgs/include/ur_dashboard_msgs/ur_dashboard_msgs/srv/get_safety_mode.hpp
[41.270s] -- Installing: /home/com9/uet_ws/install/ur_dashboard_msgs/include/ur_dashboard_msgs/ur_dashboard_msgs/srv/upload_program.hpp
[41.270s] -- Installing: /home/com9/uet_ws/install/ur_dashboard_msgs/include/ur_dashboard_msgs/ur_dashboard_msgs/srv/get_robot_mode.hpp
[41.270s] -- Installing: /home/com9/uet_ws/install/ur_dashboard_msgs/include/ur_dashboard_msgs/ur_dashboard_msgs/srv/generate_support_file.hpp
[41.270s] -- Installing: /home/com9/uet_ws/install/ur_dashboard_msgs/include/ur_dashboard_msgs/ur_dashboard_msgs/srv/get_poly_scope_version.hpp
[41.270s] -- Installing: /home/com9/uet_ws/install/ur_dashboard_msgs/include/ur_dashboard_msgs/ur_dashboard_msgs/srv/download_program.hpp
[41.270s] -- Installing: /home/com9/uet_ws/install/ur_dashboard_msgs/include/ur_dashboard_msgs/ur_dashboard_msgs/srv/is_program_saved.hpp
[41.270s] -- Installing: /home/com9/uet_ws/install/ur_dashboard_msgs/include/ur_dashboard_msgs/ur_dashboard_msgs/srv/is_program_running.hpp
[41.270s] -- Installing: /home/com9/uet_ws/install/ur_dashboard_msgs/include/ur_dashboard_msgs/ur_dashboard_msgs/srv/load.hpp
[41.270s] -- Installing: /home/com9/uet_ws/install/ur_dashboard_msgs/include/ur_dashboard_msgs/ur_dashboard_msgs/srv/popup.hpp
[41.270s] -- Installing: /home/com9/uet_ws/install/ur_dashboard_msgs/include/ur_dashboard_msgs/ur_dashboard_msgs/srv/get_loaded_program.hpp
[41.270s] -- Installing: /home/com9/uet_ws/install/ur_dashboard_msgs/include/ur_dashboard_msgs/ur_dashboard_msgs/srv/raw_request.hpp
[41.270s] -- Installing: /home/com9/uet_ws/install/ur_dashboard_msgs/include/ur_dashboard_msgs/ur_dashboard_msgs/srv/get_program_state.hpp
[41.270s] -- Up-to-date: /home/com9/uet_ws/install/ur_dashboard_msgs/include/ur_dashboard_msgs/ur_dashboard_msgs/srv/detail
[41.270s] -- Installing: /home/com9/uet_ws/install/ur_dashboard_msgs/include/ur_dashboard_msgs/ur_dashboard_msgs/srv/detail/get_robot_model__struct.hpp
[41.270s] -- Installing: /home/com9/uet_ws/install/ur_dashboard_msgs/include/ur_dashboard_msgs/ur_dashboard_msgs/srv/detail/generate_support_file__traits.hpp
[41.270s] -- Installing: /home/com9/uet_ws/install/ur_dashboard_msgs/include/ur_dashboard_msgs/ur_dashboard_msgs/srv/detail/get_programs__type_support.hpp
[41.270s] -- Installing: /home/com9/uet_ws/install/ur_dashboard_msgs/include/ur_dashboard_msgs/ur_dashboard_msgs/srv/detail/set_user_role__traits.hpp
[41.270s] -- Installing: /home/com9/uet_ws/install/ur_dashboard_msgs/include/ur_dashboard_msgs/ur_dashboard_msgs/srv/detail/get_poly_scope_version__traits.hpp
[41.270s] -- Installing: /home/com9/uet_ws/install/ur_dashboard_msgs/include/ur_dashboard_msgs/ur_dashboard_msgs/srv/detail/generate_support_file__builder.hpp
[41.271s] -- Installing: /home/com9/uet_ws/install/ur_dashboard_msgs/include/ur_dashboard_msgs/ur_dashboard_msgs/srv/detail/popup__type_support.hpp
[41.271s] -- Installing: /home/com9/uet_ws/install/ur_dashboard_msgs/include/ur_dashboard_msgs/ur_dashboard_msgs/srv/detail/get_poly_scope_version__struct.hpp
[41.271s] -- Installing: /home/com9/uet_ws/install/ur_dashboard_msgs/include/ur_dashboard_msgs/ur_dashboard_msgs/srv/detail/add_to_log__traits.hpp
[41.271s] -- Installing: /home/com9/uet_ws/install/ur_dashboard_msgs/include/ur_dashboard_msgs/ur_dashboard_msgs/srv/detail/set_operational_mode__struct.hpp
[41.271s] -- Installing: /home/com9/uet_ws/install/ur_dashboard_msgs/include/ur_dashboard_msgs/ur_dashboard_msgs/srv/detail/get_robot_mode__struct.hpp
[41.271s] -- Installing: /home/com9/uet_ws/install/ur_dashboard_msgs/include/ur_dashboard_msgs/ur_dashboard_msgs/srv/detail/is_in_remote_control__builder.hpp
[41.271s] -- Installing: /home/com9/uet_ws/install/ur_dashboard_msgs/include/ur_dashboard_msgs/ur_dashboard_msgs/srv/detail/upload_program__traits.hpp
[41.271s] -- Installing: /home/com9/uet_ws/install/ur_dashboard_msgs/include/ur_dashboard_msgs/ur_dashboard_msgs/srv/detail/get_operational_mode__type_support.hpp
[41.271s] -- Installing: /home/com9/uet_ws/install/ur_dashboard_msgs/include/ur_dashboard_msgs/ur_dashboard_msgs/srv/detail/get_robot_mode__traits.hpp
[41.271s] -- Installing: /home/com9/uet_ws/install/ur_dashboard_msgs/include/ur_dashboard_msgs/ur_dashboard_msgs/srv/detail/is_program_saved__struct.hpp
[41.271s] -- Installing: /home/com9/uet_ws/install/ur_dashboard_msgs/include/ur_dashboard_msgs/ur_dashboard_msgs/srv/detail/get_operational_mode__traits.hpp
[41.271s] -- Installing: /home/com9/uet_ws/install/ur_dashboard_msgs/include/ur_dashboard_msgs/ur_dashboard_msgs/srv/detail/get_robot_model__type_support.hpp
[41.271s] -- Installing: /home/com9/uet_ws/install/ur_dashboard_msgs/include/ur_dashboard_msgs/ur_dashboard_msgs/srv/detail/load__builder.hpp
[41.271s] -- Installing: /home/com9/uet_ws/install/ur_dashboard_msgs/include/ur_dashboard_msgs/ur_dashboard_msgs/srv/detail/set_user_role__builder.hpp
[41.271s] -- Installing: /home/com9/uet_ws/install/ur_dashboard_msgs/include/ur_dashboard_msgs/ur_dashboard_msgs/srv/detail/get_robot_model__builder.hpp
[41.271s] -- Installing: /home/com9/uet_ws/install/ur_dashboard_msgs/include/ur_dashboard_msgs/ur_dashboard_msgs/srv/detail/get_safety_mode__type_support.hpp
[41.271s] -- Installing: /home/com9/uet_ws/install/ur_dashboard_msgs/include/ur_dashboard_msgs/ur_dashboard_msgs/srv/detail/add_to_log__type_support.hpp
[41.271s] -- Installing: /home/com9/uet_ws/install/ur_dashboard_msgs/include/ur_dashboard_msgs/ur_dashboard_msgs/srv/detail/generate_flight_report__type_support.hpp
[41.271s] -- Installing: /home/com9/uet_ws/install/ur_dashboard_msgs/include/ur_dashboard_msgs/ur_dashboard_msgs/srv/detail/upload_program__struct.hpp
[41.271s] -- Installing: /home/com9/uet_ws/install/ur_dashboard_msgs/include/ur_dashboard_msgs/ur_dashboard_msgs/srv/detail/set_operational_mode__builder.hpp
[41.271s] -- Installing: /home/com9/uet_ws/install/ur_dashboard_msgs/include/ur_dashboard_msgs/ur_dashboard_msgs/srv/detail/get_programs__struct.hpp
[41.271s] -- Installing: /home/com9/uet_ws/install/ur_dashboard_msgs/include/ur_dashboard_msgs/ur_dashboard_msgs/srv/detail/get_robot_mode__builder.hpp
[41.271s] -- Installing: /home/com9/uet_ws/install/ur_dashboard_msgs/include/ur_dashboard_msgs/ur_dashboard_msgs/srv/detail/get_program_state__traits.hpp
[41.271s] -- Installing: /home/com9/uet_ws/install/ur_dashboard_msgs/include/ur_dashboard_msgs/ur_dashboard_msgs/srv/detail/load__type_support.hpp
[41.271s] -- Installing: /home/com9/uet_ws/install/ur_dashboard_msgs/include/ur_dashboard_msgs/ur_dashboard_msgs/srv/detail/is_program_running__builder.hpp
[41.272s] -- Installing: /home/com9/uet_ws/install/ur_dashboard_msgs/include/ur_dashboard_msgs/ur_dashboard_msgs/srv/detail/get_poly_scope_version__builder.hpp
[41.272s] -- Installing: /home/com9/uet_ws/install/ur_dashboard_msgs/include/ur_dashboard_msgs/ur_dashboard_msgs/srv/detail/set_operational_mode__traits.hpp
[41.272s] -- Installing: /home/com9/uet_ws/install/ur_dashboard_msgs/include/ur_dashboard_msgs/ur_dashboard_msgs/srv/detail/upload_program__type_support.hpp
[41.272s] -- Installing: /home/com9/uet_ws/install/ur_dashboard_msgs/include/ur_dashboard_msgs/ur_dashboard_msgs/srv/detail/generate_support_file__type_support.hpp
[41.272s] -- Installing: /home/com9/uet_ws/install/ur_dashboard_msgs/include/ur_dashboard_msgs/ur_dashboard_msgs/srv/detail/raw_request__type_support.hpp
[41.272s] -- Installing: /home/com9/uet_ws/install/ur_dashboard_msgs/include/ur_dashboard_msgs/ur_dashboard_msgs/srv/detail/is_program_running__traits.hpp
[41.272s] -- Installing: /home/com9/uet_ws/install/ur_dashboard_msgs/include/ur_dashboard_msgs/ur_dashboard_msgs/srv/detail/add_to_log__struct.hpp
[41.272s] -- Installing: /home/com9/uet_ws/install/ur_dashboard_msgs/include/ur_dashboard_msgs/ur_dashboard_msgs/srv/detail/download_program__type_support.hpp
[41.272s] -- Installing: /home/com9/uet_ws/install/ur_dashboard_msgs/include/ur_dashboard_msgs/ur_dashboard_msgs/srv/detail/get_safety_mode__struct.hpp
[41.272s] -- Installing: /home/com9/uet_ws/install/ur_dashboard_msgs/include/ur_dashboard_msgs/ur_dashboard_msgs/srv/detail/get_program_state__struct.hpp
[41.272s] -- Installing: /home/com9/uet_ws/install/ur_dashboard_msgs/include/ur_dashboard_msgs/ur_dashboard_msgs/srv/detail/popup__struct.hpp
[41.272s] -- Installing: /home/com9/uet_ws/install/ur_dashboard_msgs/include/ur_dashboard_msgs/ur_dashboard_msgs/srv/detail/get_user_role__builder.hpp
[41.272s] -- Installing: /home/com9/uet_ws/install/ur_dashboard_msgs/include/ur_dashboard_msgs/ur_dashboard_msgs/srv/detail/popup__builder.hpp
[41.272s] -- Installing: /home/com9/uet_ws/install/ur_dashboard_msgs/include/ur_dashboard_msgs/ur_dashboard_msgs/srv/detail/get_serial_number__type_support.hpp
[41.272s] -- Installing: /home/com9/uet_ws/install/ur_dashboard_msgs/include/ur_dashboard_msgs/ur_dashboard_msgs/srv/detail/get_safety_mode__traits.hpp
[41.272s] -- Installing: /home/com9/uet_ws/install/ur_dashboard_msgs/include/ur_dashboard_msgs/ur_dashboard_msgs/srv/detail/popup__traits.hpp
[41.272s] -- Installing: /home/com9/uet_ws/install/ur_dashboard_msgs/include/ur_dashboard_msgs/ur_dashboard_msgs/srv/detail/is_in_remote_control__struct.hpp
[41.272s] -- Installing: /home/com9/uet_ws/install/ur_dashboard_msgs/include/ur_dashboard_msgs/ur_dashboard_msgs/srv/detail/set_user_role__struct.hpp
[41.272s] -- Installing: /home/com9/uet_ws/install/ur_dashboard_msgs/include/ur_dashboard_msgs/ur_dashboard_msgs/srv/detail/is_program_running__type_support.hpp
[41.272s] -- Installing: /home/com9/uet_ws/install/ur_dashboard_msgs/include/ur_dashboard_msgs/ur_dashboard_msgs/srv/detail/get_safety_status__struct.hpp
[41.272s] -- Installing: /home/com9/uet_ws/install/ur_dashboard_msgs/include/ur_dashboard_msgs/ur_dashboard_msgs/srv/detail/upload_program__builder.hpp
[41.272s] -- Installing: /home/com9/uet_ws/install/ur_dashboard_msgs/include/ur_dashboard_msgs/ur_dashboard_msgs/srv/detail/get_loaded_program__builder.hpp
[41.272s] -- Installing: /home/com9/uet_ws/install/ur_dashboard_msgs/include/ur_dashboard_msgs/ur_dashboard_msgs/srv/detail/set_user_role__type_support.hpp
[41.272s] -- Installing: /home/com9/uet_ws/install/ur_dashboard_msgs/include/ur_dashboard_msgs/ur_dashboard_msgs/srv/detail/load__struct.hpp
[41.272s] -- Installing: /home/com9/uet_ws/install/ur_dashboard_msgs/include/ur_dashboard_msgs/ur_dashboard_msgs/srv/detail/get_program_state__type_support.hpp
[41.273s] -- Installing: /home/com9/uet_ws/install/ur_dashboard_msgs/include/ur_dashboard_msgs/ur_dashboard_msgs/srv/detail/raw_request__struct.hpp
[41.273s] -- Installing: /home/com9/uet_ws/install/ur_dashboard_msgs/include/ur_dashboard_msgs/ur_dashboard_msgs/srv/detail/raw_request__builder.hpp
[41.273s] -- Installing: /home/com9/uet_ws/install/ur_dashboard_msgs/include/ur_dashboard_msgs/ur_dashboard_msgs/srv/detail/generate_flight_report__traits.hpp
[41.273s] -- Installing: /home/com9/uet_ws/install/ur_dashboard_msgs/include/ur_dashboard_msgs/ur_dashboard_msgs/srv/detail/get_operational_mode__builder.hpp
[41.273s] -- Installing: /home/com9/uet_ws/install/ur_dashboard_msgs/include/ur_dashboard_msgs/ur_dashboard_msgs/srv/detail/get_safety_status__traits.hpp
[41.273s] -- Installing: /home/com9/uet_ws/install/ur_dashboard_msgs/include/ur_dashboard_msgs/ur_dashboard_msgs/srv/detail/get_user_role__traits.hpp
[41.273s] -- Installing: /home/com9/uet_ws/install/ur_dashboard_msgs/include/ur_dashboard_msgs/ur_dashboard_msgs/srv/detail/generate_support_file__struct.hpp
[41.273s] -- Installing: /home/com9/uet_ws/install/ur_dashboard_msgs/include/ur_dashboard_msgs/ur_dashboard_msgs/srv/detail/get_program_state__builder.hpp
[41.273s] -- Installing: /home/com9/uet_ws/install/ur_dashboard_msgs/include/ur_dashboard_msgs/ur_dashboard_msgs/srv/detail/get_programs__builder.hpp
[41.273s] -- Installing: /home/com9/uet_ws/install/ur_dashboard_msgs/include/ur_dashboard_msgs/ur_dashboard_msgs/srv/detail/is_in_remote_control__traits.hpp
[41.273s] -- Installing: /home/com9/uet_ws/install/ur_dashboard_msgs/include/ur_dashboard_msgs/ur_dashboard_msgs/srv/detail/get_poly_scope_version__type_support.hpp
[41.273s] -- Installing: /home/com9/uet_ws/install/ur_dashboard_msgs/include/ur_dashboard_msgs/ur_dashboard_msgs/srv/detail/get_programs__traits.hpp
[41.273s] -- Installing: /home/com9/uet_ws/install/ur_dashboard_msgs/include/ur_dashboard_msgs/ur_dashboard_msgs/srv/detail/get_loaded_program__traits.hpp
[41.273s] -- Installing: /home/com9/uet_ws/install/ur_dashboard_msgs/include/ur_dashboard_msgs/ur_dashboard_msgs/srv/detail/get_operational_mode__struct.hpp
[41.273s] -- Installing: /home/com9/uet_ws/install/ur_dashboard_msgs/include/ur_dashboard_msgs/ur_dashboard_msgs/srv/detail/generate_flight_report__struct.hpp
[41.273s] -- Installing: /home/com9/uet_ws/install/ur_dashboard_msgs/include/ur_dashboard_msgs/ur_dashboard_msgs/srv/detail/generate_flight_report__builder.hpp
[41.273s] -- Installing: /home/com9/uet_ws/install/ur_dashboard_msgs/include/ur_dashboard_msgs/ur_dashboard_msgs/srv/detail/is_program_saved__type_support.hpp
[41.273s] -- Installing: /home/com9/uet_ws/install/ur_dashboard_msgs/include/ur_dashboard_msgs/ur_dashboard_msgs/srv/detail/is_in_remote_control__type_support.hpp
[41.274s] -- Installing: /home/com9/uet_ws/install/ur_dashboard_msgs/include/ur_dashboard_msgs/ur_dashboard_msgs/srv/detail/get_safety_mode__builder.hpp
[41.274s] -- Installing: /home/com9/uet_ws/install/ur_dashboard_msgs/include/ur_dashboard_msgs/ur_dashboard_msgs/srv/detail/get_safety_status__type_support.hpp
[41.274s] -- Installing: /home/com9/uet_ws/install/ur_dashboard_msgs/include/ur_dashboard_msgs/ur_dashboard_msgs/srv/detail/get_robot_model__traits.hpp
[41.274s] -- Installing: /home/com9/uet_ws/install/ur_dashboard_msgs/include/ur_dashboard_msgs/ur_dashboard_msgs/srv/detail/get_user_role__type_support.hpp
[41.274s] -- Installing: /home/com9/uet_ws/install/ur_dashboard_msgs/include/ur_dashboard_msgs/ur_dashboard_msgs/srv/detail/download_program__builder.hpp
[41.274s] -- Installing: /home/com9/uet_ws/install/ur_dashboard_msgs/include/ur_dashboard_msgs/ur_dashboard_msgs/srv/detail/get_serial_number__traits.hpp
[41.274s] -- Installing: /home/com9/uet_ws/install/ur_dashboard_msgs/include/ur_dashboard_msgs/ur_dashboard_msgs/srv/detail/is_program_running__struct.hpp
[41.274s] -- Installing: /home/com9/uet_ws/install/ur_dashboard_msgs/include/ur_dashboard_msgs/ur_dashboard_msgs/srv/detail/get_robot_mode__type_support.hpp
[41.274s] -- Installing: /home/com9/uet_ws/install/ur_dashboard_msgs/include/ur_dashboard_msgs/ur_dashboard_msgs/srv/detail/set_operational_mode__type_support.hpp
[41.274s] -- Installing: /home/com9/uet_ws/install/ur_dashboard_msgs/include/ur_dashboard_msgs/ur_dashboard_msgs/srv/detail/load__traits.hpp
[41.274s] -- Installing: /home/com9/uet_ws/install/ur_dashboard_msgs/include/ur_dashboard_msgs/ur_dashboard_msgs/srv/detail/is_program_saved__builder.hpp
[41.274s] -- Installing: /home/com9/uet_ws/install/ur_dashboard_msgs/include/ur_dashboard_msgs/ur_dashboard_msgs/srv/detail/get_safety_status__builder.hpp
[41.274s] -- Installing: /home/com9/uet_ws/install/ur_dashboard_msgs/include/ur_dashboard_msgs/ur_dashboard_msgs/srv/detail/download_program__struct.hpp
[41.274s] -- Installing: /home/com9/uet_ws/install/ur_dashboard_msgs/include/ur_dashboard_msgs/ur_dashboard_msgs/srv/detail/get_user_role__struct.hpp
[41.274s] -- Installing: /home/com9/uet_ws/install/ur_dashboard_msgs/include/ur_dashboard_msgs/ur_dashboard_msgs/srv/detail/download_program__traits.hpp
[41.274s] -- Installing: /home/com9/uet_ws/install/ur_dashboard_msgs/include/ur_dashboard_msgs/ur_dashboard_msgs/srv/detail/get_serial_number__struct.hpp
[41.274s] -- Installing: /home/com9/uet_ws/install/ur_dashboard_msgs/include/ur_dashboard_msgs/ur_dashboard_msgs/srv/detail/raw_request__traits.hpp
[41.274s] -- Installing: /home/com9/uet_ws/install/ur_dashboard_msgs/include/ur_dashboard_msgs/ur_dashboard_msgs/srv/detail/get_serial_number__builder.hpp
[41.274s] -- Installing: /home/com9/uet_ws/install/ur_dashboard_msgs/include/ur_dashboard_msgs/ur_dashboard_msgs/srv/detail/add_to_log__builder.hpp
[41.274s] -- Installing: /home/com9/uet_ws/install/ur_dashboard_msgs/include/ur_dashboard_msgs/ur_dashboard_msgs/srv/detail/get_loaded_program__type_support.hpp
[41.274s] -- Installing: /home/com9/uet_ws/install/ur_dashboard_msgs/include/ur_dashboard_msgs/ur_dashboard_msgs/srv/detail/is_program_saved__traits.hpp
[41.274s] -- Installing: /home/com9/uet_ws/install/ur_dashboard_msgs/include/ur_dashboard_msgs/ur_dashboard_msgs/srv/detail/get_loaded_program__struct.hpp
[41.274s] -- Installing: /home/com9/uet_ws/install/ur_dashboard_msgs/include/ur_dashboard_msgs/ur_dashboard_msgs/srv/get_safety_status.hpp
[41.274s] -- Installing: /home/com9/uet_ws/install/ur_dashboard_msgs/include/ur_dashboard_msgs/ur_dashboard_msgs/srv/get_operational_mode.hpp
[41.274s] -- Installing: /home/com9/uet_ws/install/ur_dashboard_msgs/include/ur_dashboard_msgs/ur_dashboard_msgs/srv/set_operational_mode.hpp
[41.274s] -- Installing: /home/com9/uet_ws/install/ur_dashboard_msgs/include/ur_dashboard_msgs/ur_dashboard_msgs/srv/get_programs.hpp
[41.275s] -- Installing: /home/com9/uet_ws/install/ur_dashboard_msgs/include/ur_dashboard_msgs/ur_dashboard_msgs/srv/is_in_remote_control.hpp
[41.275s] -- Installing: /home/com9/uet_ws/install/ur_dashboard_msgs/include/ur_dashboard_msgs/ur_dashboard_msgs/srv/add_to_log.hpp
[41.275s] -- Up-to-date: /home/com9/uet_ws/install/ur_dashboard_msgs/include/ur_dashboard_msgs/ur_dashboard_msgs/action
[41.275s] -- Up-to-date: /home/com9/uet_ws/install/ur_dashboard_msgs/include/ur_dashboard_msgs/ur_dashboard_msgs/action/detail
[41.275s] -- Installing: /home/com9/uet_ws/install/ur_dashboard_msgs/include/ur_dashboard_msgs/ur_dashboard_msgs/action/detail/set_mode__traits.hpp
[41.275s] -- Installing: /home/com9/uet_ws/install/ur_dashboard_msgs/include/ur_dashboard_msgs/ur_dashboard_msgs/action/detail/set_mode__builder.hpp
[41.275s] -- Installing: /home/com9/uet_ws/install/ur_dashboard_msgs/include/ur_dashboard_msgs/ur_dashboard_msgs/action/detail/set_mode__struct.hpp
[41.275s] -- Installing: /home/com9/uet_ws/install/ur_dashboard_msgs/include/ur_dashboard_msgs/ur_dashboard_msgs/action/detail/set_mode__type_support.hpp
[41.275s] -- Installing: /home/com9/uet_ws/install/ur_dashboard_msgs/include/ur_dashboard_msgs/ur_dashboard_msgs/action/set_mode.hpp
[41.275s] -- Up-to-date: /home/com9/uet_ws/install/ur_dashboard_msgs/include/ur_dashboard_msgs/ur_dashboard_msgs
[41.275s] -- Up-to-date: /home/com9/uet_ws/install/ur_dashboard_msgs/include/ur_dashboard_msgs/ur_dashboard_msgs/msg
[41.275s] -- Up-to-date: /home/com9/uet_ws/install/ur_dashboard_msgs/include/ur_dashboard_msgs/ur_dashboard_msgs/msg/detail
[41.275s] -- Installing: /home/com9/uet_ws/install/ur_dashboard_msgs/include/ur_dashboard_msgs/ur_dashboard_msgs/msg/detail/version_information__rosidl_typesupport_fastrtps_cpp.hpp
[41.275s] -- Installing: /home/com9/uet_ws/install/ur_dashboard_msgs/include/ur_dashboard_msgs/ur_dashboard_msgs/msg/detail/program_information__rosidl_typesupport_fastrtps_cpp.hpp
[41.275s] -- Installing: /home/com9/uet_ws/install/ur_dashboard_msgs/include/ur_dashboard_msgs/ur_dashboard_msgs/msg/detail/program_state__rosidl_typesupport_fastrtps_cpp.hpp
[41.275s] -- Installing: /home/com9/uet_ws/install/ur_dashboard_msgs/include/ur_dashboard_msgs/ur_dashboard_msgs/msg/detail/safety_mode__rosidl_typesupport_fastrtps_cpp.hpp
[41.275s] -- Installing: /home/com9/uet_ws/install/ur_dashboard_msgs/include/ur_dashboard_msgs/ur_dashboard_msgs/msg/detail/dds_fastrtps
[41.275s] -- Installing: /home/com9/uet_ws/install/ur_dashboard_msgs/include/ur_dashboard_msgs/ur_dashboard_msgs/msg/detail/safety_status__rosidl_typesupport_fastrtps_cpp.hpp
[41.275s] -- Installing: /home/com9/uet_ws/install/ur_dashboard_msgs/include/ur_dashboard_msgs/ur_dashboard_msgs/msg/detail/robot_mode__rosidl_typesupport_fastrtps_cpp.hpp
[41.275s] -- Installing: /home/com9/uet_ws/install/ur_dashboard_msgs/include/ur_dashboard_msgs/ur_dashboard_msgs/msg/detail/user_role__rosidl_typesupport_fastrtps_cpp.hpp
[41.275s] -- Installing: /home/com9/uet_ws/install/ur_dashboard_msgs/include/ur_dashboard_msgs/ur_dashboard_msgs/msg/detail/operational_mode__rosidl_typesupport_fastrtps_cpp.hpp
[41.275s] -- Installing: /home/com9/uet_ws/install/ur_dashboard_msgs/include/ur_dashboard_msgs/ur_dashboard_msgs/msg/rosidl_typesupport_fastrtps_cpp__visibility_control.h
[41.275s] -- Up-to-date: /home/com9/uet_ws/install/ur_dashboard_msgs/include/ur_dashboard_msgs/ur_dashboard_msgs/srv
[41.275s] -- Up-to-date: /home/com9/uet_ws/install/ur_dashboard_msgs/include/ur_dashboard_msgs/ur_dashboard_msgs/srv/detail
[41.275s] -- Installing: /home/com9/uet_ws/install/ur_dashboard_msgs/include/ur_dashboard_msgs/ur_dashboard_msgs/srv/detail/is_program_saved__rosidl_typesupport_fastrtps_cpp.hpp
[41.275s] -- Installing: /home/com9/uet_ws/install/ur_dashboard_msgs/include/ur_dashboard_msgs/ur_dashboard_msgs/srv/detail/get_program_state__rosidl_typesupport_fastrtps_cpp.hpp
[41.275s] -- Installing: /home/com9/uet_ws/install/ur_dashboard_msgs/include/ur_dashboard_msgs/ur_dashboard_msgs/srv/detail/get_serial_number__rosidl_typesupport_fastrtps_cpp.hpp
[41.275s] -- Installing: /home/com9/uet_ws/install/ur_dashboard_msgs/include/ur_dashboard_msgs/ur_dashboard_msgs/srv/detail/is_in_remote_control__rosidl_typesupport_fastrtps_cpp.hpp
[41.275s] -- Installing: /home/com9/uet_ws/install/ur_dashboard_msgs/include/ur_dashboard_msgs/ur_dashboard_msgs/srv/detail/get_robot_model__rosidl_typesupport_fastrtps_cpp.hpp
[41.276s] -- Installing: /home/com9/uet_ws/install/ur_dashboard_msgs/include/ur_dashboard_msgs/ur_dashboard_msgs/srv/detail/raw_request__rosidl_typesupport_fastrtps_cpp.hpp
[41.276s] -- Installing: /home/com9/uet_ws/install/ur_dashboard_msgs/include/ur_dashboard_msgs/ur_dashboard_msgs/srv/detail/dds_fastrtps
[41.276s] -- Installing: /home/com9/uet_ws/install/ur_dashboard_msgs/include/ur_dashboard_msgs/ur_dashboard_msgs/srv/detail/get_safety_mode__rosidl_typesupport_fastrtps_cpp.hpp
[41.276s] -- Installing: /home/com9/uet_ws/install/ur_dashboard_msgs/include/ur_dashboard_msgs/ur_dashboard_msgs/srv/detail/get_poly_scope_version__rosidl_typesupport_fastrtps_cpp.hpp
[41.276s] -- Installing: /home/com9/uet_ws/install/ur_dashboard_msgs/include/ur_dashboard_msgs/ur_dashboard_msgs/srv/detail/get_user_role__rosidl_typesupport_fastrtps_cpp.hpp
[41.276s] -- Installing: /home/com9/uet_ws/install/ur_dashboard_msgs/include/ur_dashboard_msgs/ur_dashboard_msgs/srv/detail/generate_flight_report__rosidl_typesupport_fastrtps_cpp.hpp
[41.276s] -- Installing: /home/com9/uet_ws/install/ur_dashboard_msgs/include/ur_dashboard_msgs/ur_dashboard_msgs/srv/detail/is_program_running__rosidl_typesupport_fastrtps_cpp.hpp
[41.276s] -- Installing: /home/com9/uet_ws/install/ur_dashboard_msgs/include/ur_dashboard_msgs/ur_dashboard_msgs/srv/detail/generate_support_file__rosidl_typesupport_fastrtps_cpp.hpp
[41.276s] -- Installing: /home/com9/uet_ws/install/ur_dashboard_msgs/include/ur_dashboard_msgs/ur_dashboard_msgs/srv/detail/get_safety_status__rosidl_typesupport_fastrtps_cpp.hpp
[41.276s] -- Installing: /home/com9/uet_ws/install/ur_dashboard_msgs/include/ur_dashboard_msgs/ur_dashboard_msgs/srv/detail/set_operational_mode__rosidl_typesupport_fastrtps_cpp.hpp
[41.276s] -- Installing: /home/com9/uet_ws/install/ur_dashboard_msgs/include/ur_dashboard_msgs/ur_dashboard_msgs/srv/detail/get_robot_mode__rosidl_typesupport_fastrtps_cpp.hpp
[41.276s] -- Installing: /home/com9/uet_ws/install/ur_dashboard_msgs/include/ur_dashboard_msgs/ur_dashboard_msgs/srv/detail/get_operational_mode__rosidl_typesupport_fastrtps_cpp.hpp
[41.276s] -- Installing: /home/com9/uet_ws/install/ur_dashboard_msgs/include/ur_dashboard_msgs/ur_dashboard_msgs/srv/detail/get_loaded_program__rosidl_typesupport_fastrtps_cpp.hpp
[41.276s] -- Installing: /home/com9/uet_ws/install/ur_dashboard_msgs/include/ur_dashboard_msgs/ur_dashboard_msgs/srv/detail/add_to_log__rosidl_typesupport_fastrtps_cpp.hpp
[41.276s] -- Installing: /home/com9/uet_ws/install/ur_dashboard_msgs/include/ur_dashboard_msgs/ur_dashboard_msgs/srv/detail/load__rosidl_typesupport_fastrtps_cpp.hpp
[41.276s] -- Installing: /home/com9/uet_ws/install/ur_dashboard_msgs/include/ur_dashboard_msgs/ur_dashboard_msgs/srv/detail/popup__rosidl_typesupport_fastrtps_cpp.hpp
[41.276s] -- Installing: /home/com9/uet_ws/install/ur_dashboard_msgs/include/ur_dashboard_msgs/ur_dashboard_msgs/srv/detail/download_program__rosidl_typesupport_fastrtps_cpp.hpp
[41.276s] -- Installing: /home/com9/uet_ws/install/ur_dashboard_msgs/include/ur_dashboard_msgs/ur_dashboard_msgs/srv/detail/upload_program__rosidl_typesupport_fastrtps_cpp.hpp
[41.276s] -- Installing: /home/com9/uet_ws/install/ur_dashboard_msgs/include/ur_dashboard_msgs/ur_dashboard_msgs/srv/detail/get_programs__rosidl_typesupport_fastrtps_cpp.hpp
[41.276s] -- Installing: /home/com9/uet_ws/install/ur_dashboard_msgs/include/ur_dashboard_msgs/ur_dashboard_msgs/srv/detail/set_user_role__rosidl_typesupport_fastrtps_cpp.hpp
[41.276s] -- Up-to-date: /home/com9/uet_ws/install/ur_dashboard_msgs/include/ur_dashboard_msgs/ur_dashboard_msgs/action
[41.276s] -- Up-to-date: /home/com9/uet_ws/install/ur_dashboard_msgs/include/ur_dashboard_msgs/ur_dashboard_msgs/action/detail
[41.277s] -- Installing: /home/com9/uet_ws/install/ur_dashboard_msgs/include/ur_dashboard_msgs/ur_dashboard_msgs/action/detail/set_mode__rosidl_typesupport_fastrtps_cpp.hpp
[41.277s] -- Installing: /home/com9/uet_ws/install/ur_dashboard_msgs/include/ur_dashboard_msgs/ur_dashboard_msgs/action/detail/dds_fastrtps
[41.277s] -- Installing: /home/com9/uet_ws/install/ur_dashboard_msgs/lib/libur_dashboard_msgs__rosidl_typesupport_fastrtps_cpp.so
[41.277s] -- Set runtime path of "/home/com9/uet_ws/install/ur_dashboard_msgs/lib/libur_dashboard_msgs__rosidl_typesupport_fastrtps_cpp.so" to ""
[41.277s] -- Up-to-date: /home/com9/uet_ws/install/ur_dashboard_msgs/include/ur_dashboard_msgs/ur_dashboard_msgs
[41.277s] -- Up-to-date: /home/com9/uet_ws/install/ur_dashboard_msgs/include/ur_dashboard_msgs/ur_dashboard_msgs/msg
[41.277s] -- Up-to-date: /home/com9/uet_ws/install/ur_dashboard_msgs/include/ur_dashboard_msgs/ur_dashboard_msgs/msg/detail
[41.277s] -- Installing: /home/com9/uet_ws/install/ur_dashboard_msgs/include/ur_dashboard_msgs/ur_dashboard_msgs/msg/detail/safety_status__type_support.cpp
[41.277s] -- Installing: /home/com9/uet_ws/install/ur_dashboard_msgs/include/ur_dashboard_msgs/ur_dashboard_msgs/msg/detail/version_information__type_support.cpp
[41.277s] -- Installing: /home/com9/uet_ws/install/ur_dashboard_msgs/include/ur_dashboard_msgs/ur_dashboard_msgs/msg/detail/safety_status__rosidl_typesupport_introspection_cpp.hpp
[41.277s] -- Installing: /home/com9/uet_ws/install/ur_dashboard_msgs/include/ur_dashboard_msgs/ur_dashboard_msgs/msg/detail/program_state__rosidl_typesupport_introspection_cpp.hpp
[41.277s] -- Installing: /home/com9/uet_ws/install/ur_dashboard_msgs/include/ur_dashboard_msgs/ur_dashboard_msgs/msg/detail/operational_mode__type_support.cpp
[41.277s] -- Installing: /home/com9/uet_ws/install/ur_dashboard_msgs/include/ur_dashboard_msgs/ur_dashboard_msgs/msg/detail/robot_mode__rosidl_typesupport_introspection_cpp.hpp
[41.277s] -- Installing: /home/com9/uet_ws/install/ur_dashboard_msgs/include/ur_dashboard_msgs/ur_dashboard_msgs/msg/detail/safety_mode__type_support.cpp
[41.277s] -- Installing: /home/com9/uet_ws/install/ur_dashboard_msgs/include/ur_dashboard_msgs/ur_dashboard_msgs/msg/detail/version_information__rosidl_typesupport_introspection_cpp.hpp
[41.277s] -- Installing: /home/com9/uet_ws/install/ur_dashboard_msgs/include/ur_dashboard_msgs/ur_dashboard_msgs/msg/detail/program_information__type_support.cpp
[41.277s] -- Installing: /home/com9/uet_ws/install/ur_dashboard_msgs/include/ur_dashboard_msgs/ur_dashboard_msgs/msg/detail/program_state__type_support.cpp
[41.278s] -- Installing: /home/com9/uet_ws/install/ur_dashboard_msgs/include/ur_dashboard_msgs/ur_dashboard_msgs/msg/detail/safety_mode__rosidl_typesupport_introspection_cpp.hpp
[41.278s] -- Installing: /home/com9/uet_ws/install/ur_dashboard_msgs/include/ur_dashboard_msgs/ur_dashboard_msgs/msg/detail/user_role__type_support.cpp
[41.278s] -- Installing: /home/com9/uet_ws/install/ur_dashboard_msgs/include/ur_dashboard_msgs/ur_dashboard_msgs/msg/detail/robot_mode__type_support.cpp
[41.278s] -- Installing: /home/com9/uet_ws/install/ur_dashboard_msgs/include/ur_dashboard_msgs/ur_dashboard_msgs/msg/detail/user_role__rosidl_typesupport_introspection_cpp.hpp
[41.278s] -- Installing: /home/com9/uet_ws/install/ur_dashboard_msgs/include/ur_dashboard_msgs/ur_dashboard_msgs/msg/detail/program_information__rosidl_typesupport_introspection_cpp.hpp
[41.278s] -- Installing: /home/com9/uet_ws/install/ur_dashboard_msgs/include/ur_dashboard_msgs/ur_dashboard_msgs/msg/detail/operational_mode__rosidl_typesupport_introspection_cpp.hpp
[41.278s] -- Up-to-date: /home/com9/uet_ws/install/ur_dashboard_msgs/include/ur_dashboard_msgs/ur_dashboard_msgs/srv
[41.278s] -- Up-to-date: /home/com9/uet_ws/install/ur_dashboard_msgs/include/ur_dashboard_msgs/ur_dashboard_msgs/srv/detail
[41.278s] -- Installing: /home/com9/uet_ws/install/ur_dashboard_msgs/include/ur_dashboard_msgs/ur_dashboard_msgs/srv/detail/get_safety_mode__type_support.cpp
[41.278s] -- Installing: /home/com9/uet_ws/install/ur_dashboard_msgs/include/ur_dashboard_msgs/ur_dashboard_msgs/srv/detail/raw_request__rosidl_typesupport_introspection_cpp.hpp
[41.278s] -- Installing: /home/com9/uet_ws/install/ur_dashboard_msgs/include/ur_dashboard_msgs/ur_dashboard_msgs/srv/detail/get_operational_mode__rosidl_typesupport_introspection_cpp.hpp
[41.278s] -- Installing: /home/com9/uet_ws/install/ur_dashboard_msgs/include/ur_dashboard_msgs/ur_dashboard_msgs/srv/detail/download_program__type_support.cpp
[41.278s] -- Installing: /home/com9/uet_ws/install/ur_dashboard_msgs/include/ur_dashboard_msgs/ur_dashboard_msgs/srv/detail/get_loaded_program__type_support.cpp
[41.278s] -- Installing: /home/com9/uet_ws/install/ur_dashboard_msgs/include/ur_dashboard_msgs/ur_dashboard_msgs/srv/detail/get_serial_number__rosidl_typesupport_introspection_cpp.hpp
[41.278s] -- Installing: /home/com9/uet_ws/install/ur_dashboard_msgs/include/ur_dashboard_msgs/ur_dashboard_msgs/srv/detail/get_robot_model__rosidl_typesupport_introspection_cpp.hpp
[41.278s] -- Installing: /home/com9/uet_ws/install/ur_dashboard_msgs/include/ur_dashboard_msgs/ur_dashboard_msgs/srv/detail/is_in_remote_control__type_support.cpp
[41.278s] -- Installing: /home/com9/uet_ws/install/ur_dashboard_msgs/include/ur_dashboard_msgs/ur_dashboard_msgs/srv/detail/get_user_role__type_support.cpp
[41.278s] -- Installing: /home/com9/uet_ws/install/ur_dashboard_msgs/include/ur_dashboard_msgs/ur_dashboard_msgs/srv/detail/is_program_saved__type_support.cpp
[41.278s] -- Installing: /home/com9/uet_ws/install/ur_dashboard_msgs/include/ur_dashboard_msgs/ur_dashboard_msgs/srv/detail/popup__rosidl_typesupport_introspection_cpp.hpp
[41.278s] -- Installing: /home/com9/uet_ws/install/ur_dashboard_msgs/include/ur_dashboard_msgs/ur_dashboard_msgs/srv/detail/get_programs__type_support.cpp
[41.278s] -- Installing: /home/com9/uet_ws/install/ur_dashboard_msgs/include/ur_dashboard_msgs/ur_dashboard_msgs/srv/detail/upload_program__rosidl_typesupport_introspection_cpp.hpp
[41.278s] -- Installing: /home/com9/uet_ws/install/ur_dashboard_msgs/include/ur_dashboard_msgs/ur_dashboard_msgs/srv/detail/generate_support_file__type_support.cpp
[41.278s] -- Installing: /home/com9/uet_ws/install/ur_dashboard_msgs/include/ur_dashboard_msgs/ur_dashboard_msgs/srv/detail/get_user_role__rosidl_typesupport_introspection_cpp.hpp
[41.278s] -- Installing: /home/com9/uet_ws/install/ur_dashboard_msgs/include/ur_dashboard_msgs/ur_dashboard_msgs/srv/detail/get_poly_scope_version__rosidl_typesupport_introspection_cpp.hpp
[41.278s] -- Installing: /home/com9/uet_ws/install/ur_dashboard_msgs/include/ur_dashboard_msgs/ur_dashboard_msgs/srv/detail/is_in_remote_control__rosidl_typesupport_introspection_cpp.hpp
[41.279s] -- Installing: /home/com9/uet_ws/install/ur_dashboard_msgs/include/ur_dashboard_msgs/ur_dashboard_msgs/srv/detail/set_user_role__type_support.cpp
[41.279s] -- Installing: /home/com9/uet_ws/install/ur_dashboard_msgs/include/ur_dashboard_msgs/ur_dashboard_msgs/srv/detail/get_robot_model__type_support.cpp
[41.279s] -- Installing: /home/com9/uet_ws/install/ur_dashboard_msgs/include/ur_dashboard_msgs/ur_dashboard_msgs/srv/detail/get_robot_mode__type_support.cpp
[41.279s] -- Installing: /home/com9/uet_ws/install/ur_dashboard_msgs/include/ur_dashboard_msgs/ur_dashboard_msgs/srv/detail/generate_flight_report__rosidl_typesupport_introspection_cpp.hpp
[41.279s] -- Installing: /home/com9/uet_ws/install/ur_dashboard_msgs/include/ur_dashboard_msgs/ur_dashboard_msgs/srv/detail/get_operational_mode__type_support.cpp
[41.279s] -- Installing: /home/com9/uet_ws/install/ur_dashboard_msgs/include/ur_dashboard_msgs/ur_dashboard_msgs/srv/detail/is_program_running__rosidl_typesupport_introspection_cpp.hpp
[41.279s] -- Installing: /home/com9/uet_ws/install/ur_dashboard_msgs/include/ur_dashboard_msgs/ur_dashboard_msgs/srv/detail/set_operational_mode__type_support.cpp
[41.279s] -- Installing: /home/com9/uet_ws/install/ur_dashboard_msgs/include/ur_dashboard_msgs/ur_dashboard_msgs/srv/detail/get_programs__rosidl_typesupport_introspection_cpp.hpp
[41.279s] -- Installing: /home/com9/uet_ws/install/ur_dashboard_msgs/include/ur_dashboard_msgs/ur_dashboard_msgs/srv/detail/get_program_state__type_support.cpp
[41.279s] -- Installing: /home/com9/uet_ws/install/ur_dashboard_msgs/include/ur_dashboard_msgs/ur_dashboard_msgs/srv/detail/get_safety_mode__rosidl_typesupport_introspection_cpp.hpp
[41.279s] -- Installing: /home/com9/uet_ws/install/ur_dashboard_msgs/include/ur_dashboard_msgs/ur_dashboard_msgs/srv/detail/get_safety_status__rosidl_typesupport_introspection_cpp.hpp
[41.279s] -- Installing: /home/com9/uet_ws/install/ur_dashboard_msgs/include/ur_dashboard_msgs/ur_dashboard_msgs/srv/detail/get_loaded_program__rosidl_typesupport_introspection_cpp.hpp
[41.279s] -- Installing: /home/com9/uet_ws/install/ur_dashboard_msgs/include/ur_dashboard_msgs/ur_dashboard_msgs/srv/detail/get_poly_scope_version__type_support.cpp
[41.279s] -- Installing: /home/com9/uet_ws/install/ur_dashboard_msgs/include/ur_dashboard_msgs/ur_dashboard_msgs/srv/detail/add_to_log__type_support.cpp
[41.279s] -- Installing: /home/com9/uet_ws/install/ur_dashboard_msgs/include/ur_dashboard_msgs/ur_dashboard_msgs/srv/detail/get_serial_number__type_support.cpp
[41.279s] -- Installing: /home/com9/uet_ws/install/ur_dashboard_msgs/include/ur_dashboard_msgs/ur_dashboard_msgs/srv/detail/get_safety_status__type_support.cpp
[41.279s] -- Installing: /home/com9/uet_ws/install/ur_dashboard_msgs/include/ur_dashboard_msgs/ur_dashboard_msgs/srv/detail/generate_flight_report__type_support.cpp
[41.279s] -- Installing: /home/com9/uet_ws/install/ur_dashboard_msgs/include/ur_dashboard_msgs/ur_dashboard_msgs/srv/detail/add_to_log__rosidl_typesupport_introspection_cpp.hpp
[41.279s] -- Installing: /home/com9/uet_ws/install/ur_dashboard_msgs/include/ur_dashboard_msgs/ur_dashboard_msgs/srv/detail/generate_support_file__rosidl_typesupport_introspection_cpp.hpp
[41.279s] -- Installing: /home/com9/uet_ws/install/ur_dashboard_msgs/include/ur_dashboard_msgs/ur_dashboard_msgs/srv/detail/get_robot_mode__rosidl_typesupport_introspection_cpp.hpp
[41.279s] -- Installing: /home/com9/uet_ws/install/ur_dashboard_msgs/include/ur_dashboard_msgs/ur_dashboard_msgs/srv/detail/popup__type_support.cpp
[41.279s] -- Installing: /home/com9/uet_ws/install/ur_dashboard_msgs/include/ur_dashboard_msgs/ur_dashboard_msgs/srv/detail/load__rosidl_typesupport_introspection_cpp.hpp
[41.279s] -- Installing: /home/com9/uet_ws/install/ur_dashboard_msgs/include/ur_dashboard_msgs/ur_dashboard_msgs/srv/detail/upload_program__type_support.cpp
[41.279s] -- Installing: /home/com9/uet_ws/install/ur_dashboard_msgs/include/ur_dashboard_msgs/ur_dashboard_msgs/srv/detail/download_program__rosidl_typesupport_introspection_cpp.hpp
[41.280s] -- Installing: /home/com9/uet_ws/install/ur_dashboard_msgs/include/ur_dashboard_msgs/ur_dashboard_msgs/srv/detail/is_program_saved__rosidl_typesupport_introspection_cpp.hpp
[41.280s] -- Installing: /home/com9/uet_ws/install/ur_dashboard_msgs/include/ur_dashboard_msgs/ur_dashboard_msgs/srv/detail/set_user_role__rosidl_typesupport_introspection_cpp.hpp
[41.280s] -- Installing: /home/com9/uet_ws/install/ur_dashboard_msgs/include/ur_dashboard_msgs/ur_dashboard_msgs/srv/detail/set_operational_mode__rosidl_typesupport_introspection_cpp.hpp
[41.280s] -- Installing: /home/com9/uet_ws/install/ur_dashboard_msgs/include/ur_dashboard_msgs/ur_dashboard_msgs/srv/detail/raw_request__type_support.cpp
[41.280s] -- Installing: /home/com9/uet_ws/install/ur_dashboard_msgs/include/ur_dashboard_msgs/ur_dashboard_msgs/srv/detail/load__type_support.cpp
[41.280s] -- Installing: /home/com9/uet_ws/install/ur_dashboard_msgs/include/ur_dashboard_msgs/ur_dashboard_msgs/srv/detail/get_program_state__rosidl_typesupport_introspection_cpp.hpp
[41.280s] -- Installing: /home/com9/uet_ws/install/ur_dashboard_msgs/include/ur_dashboard_msgs/ur_dashboard_msgs/srv/detail/is_program_running__type_support.cpp
[41.280s] -- Up-to-date: /home/com9/uet_ws/install/ur_dashboard_msgs/include/ur_dashboard_msgs/ur_dashboard_msgs/action
[41.280s] -- Up-to-date: /home/com9/uet_ws/install/ur_dashboard_msgs/include/ur_dashboard_msgs/ur_dashboard_msgs/action/detail
[41.280s] -- Installing: /home/com9/uet_ws/install/ur_dashboard_msgs/include/ur_dashboard_msgs/ur_dashboard_msgs/action/detail/set_mode__rosidl_typesupport_introspection_cpp.hpp
[41.280s] -- Installing: /home/com9/uet_ws/install/ur_dashboard_msgs/include/ur_dashboard_msgs/ur_dashboard_msgs/action/detail/set_mode__type_support.cpp
[41.280s] -- Installing: /home/com9/uet_ws/install/ur_dashboard_msgs/lib/libur_dashboard_msgs__rosidl_typesupport_introspection_cpp.so
[41.280s] -- Set runtime path of "/home/com9/uet_ws/install/ur_dashboard_msgs/lib/libur_dashboard_msgs__rosidl_typesupport_introspection_cpp.so" to ""
[41.280s] -- Installing: /home/com9/uet_ws/install/ur_dashboard_msgs/lib/libur_dashboard_msgs__rosidl_typesupport_cpp.so
[41.281s] -- Set runtime path of "/home/com9/uet_ws/install/ur_dashboard_msgs/lib/libur_dashboard_msgs__rosidl_typesupport_cpp.so" to ""
[41.281s] -- Installing: /home/com9/uet_ws/install/ur_dashboard_msgs/share/ur_dashboard_msgs/environment/pythonpath.sh
[41.281s] -- Installing: /home/com9/uet_ws/install/ur_dashboard_msgs/share/ur_dashboard_msgs/environment/pythonpath.dsv
[41.281s] -- Installing: /home/com9/uet_ws/install/ur_dashboard_msgs/local/lib/python3.10/dist-packages/ur_dashboard_msgs-2.13.1-py3.10.egg-info
[41.281s] -- Installing: /home/com9/uet_ws/install/ur_dashboard_msgs/local/lib/python3.10/dist-packages/ur_dashboard_msgs-2.13.1-py3.10.egg-info/dependency_links.txt
[41.281s] -- Installing: /home/com9/uet_ws/install/ur_dashboard_msgs/local/lib/python3.10/dist-packages/ur_dashboard_msgs-2.13.1-py3.10.egg-info/top_level.txt
[41.281s] -- Installing: /home/com9/uet_ws/install/ur_dashboard_msgs/local/lib/python3.10/dist-packages/ur_dashboard_msgs-2.13.1-py3.10.egg-info/SOURCES.txt
[41.281s] -- Installing: /home/com9/uet_ws/install/ur_dashboard_msgs/local/lib/python3.10/dist-packages/ur_dashboard_msgs-2.13.1-py3.10.egg-info/PKG-INFO
[41.281s] -- Installing: /home/com9/uet_ws/install/ur_dashboard_msgs/local/lib/python3.10/dist-packages/ur_dashboard_msgs
[41.281s] -- Installing: /home/com9/uet_ws/install/ur_dashboard_msgs/local/lib/python3.10/dist-packages/ur_dashboard_msgs/ur_dashboard_msgs_s__rosidl_typesupport_c.cpython-310-x86_64-linux-gnu.so
[41.281s] -- Installing: /home/com9/uet_ws/install/ur_dashboard_msgs/local/lib/python3.10/dist-packages/ur_dashboard_msgs/libur_dashboard_msgs__rosidl_generator_py.so
[41.282s] -- Installing: /home/com9/uet_ws/install/ur_dashboard_msgs/local/lib/python3.10/dist-packages/ur_dashboard_msgs/msg
[41.282s] -- Installing: /home/com9/uet_ws/install/ur_dashboard_msgs/local/lib/python3.10/dist-packages/ur_dashboard_msgs/msg/_safety_mode_s.c
[41.282s] -- Installing: /home/com9/uet_ws/install/ur_dashboard_msgs/local/lib/python3.10/dist-packages/ur_dashboard_msgs/msg/_robot_mode.py
[41.282s] -- Installing: /home/com9/uet_ws/install/ur_dashboard_msgs/local/lib/python3.10/dist-packages/ur_dashboard_msgs/msg/_program_state_s.c
[41.282s] -- Installing: /home/com9/uet_ws/install/ur_dashboard_msgs/local/lib/python3.10/dist-packages/ur_dashboard_msgs/msg/_operational_mode_s.c
[41.282s] -- Installing: /home/com9/uet_ws/install/ur_dashboard_msgs/local/lib/python3.10/dist-packages/ur_dashboard_msgs/msg/_program_information.py
[41.282s] -- Installing: /home/com9/uet_ws/install/ur_dashboard_msgs/local/lib/python3.10/dist-packages/ur_dashboard_msgs/msg/_safety_status.py
[41.282s] -- Installing: /home/com9/uet_ws/install/ur_dashboard_msgs/local/lib/python3.10/dist-packages/ur_dashboard_msgs/msg/_user_role.py
[41.282s] -- Installing: /home/com9/uet_ws/install/ur_dashboard_msgs/local/lib/python3.10/dist-packages/ur_dashboard_msgs/msg/_safety_status_s.c
[41.282s] -- Installing: /home/com9/uet_ws/install/ur_dashboard_msgs/local/lib/python3.10/dist-packages/ur_dashboard_msgs/msg/__init__.py
[41.282s] -- Installing: /home/com9/uet_ws/install/ur_dashboard_msgs/local/lib/python3.10/dist-packages/ur_dashboard_msgs/msg/_version_information_s.c
[41.282s] -- Installing: /home/com9/uet_ws/install/ur_dashboard_msgs/local/lib/python3.10/dist-packages/ur_dashboard_msgs/msg/_version_information.py
[41.282s] -- Installing: /home/com9/uet_ws/install/ur_dashboard_msgs/local/lib/python3.10/dist-packages/ur_dashboard_msgs/msg/_program_information_s.c
[41.282s] -- Installing: /home/com9/uet_ws/install/ur_dashboard_msgs/local/lib/python3.10/dist-packages/ur_dashboard_msgs/msg/_safety_mode.py
[41.282s] -- Installing: /home/com9/uet_ws/install/ur_dashboard_msgs/local/lib/python3.10/dist-packages/ur_dashboard_msgs/msg/_program_state.py
[41.282s] -- Installing: /home/com9/uet_ws/install/ur_dashboard_msgs/local/lib/python3.10/dist-packages/ur_dashboard_msgs/msg/_user_role_s.c
[41.282s] -- Installing: /home/com9/uet_ws/install/ur_dashboard_msgs/local/lib/python3.10/dist-packages/ur_dashboard_msgs/msg/_robot_mode_s.c
[41.282s] -- Installing: /home/com9/uet_ws/install/ur_dashboard_msgs/local/lib/python3.10/dist-packages/ur_dashboard_msgs/msg/_operational_mode.py
[41.282s] -- Installing: /home/com9/uet_ws/install/ur_dashboard_msgs/local/lib/python3.10/dist-packages/ur_dashboard_msgs/_ur_dashboard_msgs_s.ep.rosidl_typesupport_c.c
[41.282s] -- Installing: /home/com9/uet_ws/install/ur_dashboard_msgs/local/lib/python3.10/dist-packages/ur_dashboard_msgs/__init__.py
[41.282s] -- Installing: /home/com9/uet_ws/install/ur_dashboard_msgs/local/lib/python3.10/dist-packages/ur_dashboard_msgs/_ur_dashboard_msgs_s.ep.rosidl_typesupport_introspection_c.c
[41.282s] -- Installing: /home/com9/uet_ws/install/ur_dashboard_msgs/local/lib/python3.10/dist-packages/ur_dashboard_msgs/srv
[41.283s] -- Installing: /home/com9/uet_ws/install/ur_dashboard_msgs/local/lib/python3.10/dist-packages/ur_dashboard_msgs/srv/_is_program_running.py
[41.283s] -- Installing: /home/com9/uet_ws/install/ur_dashboard_msgs/local/lib/python3.10/dist-packages/ur_dashboard_msgs/srv/_get_serial_number_s.c
[41.283s] -- Installing: /home/com9/uet_ws/install/ur_dashboard_msgs/local/lib/python3.10/dist-packages/ur_dashboard_msgs/srv/_get_safety_mode_s.c
[41.283s] -- Installing: /home/com9/uet_ws/install/ur_dashboard_msgs/local/lib/python3.10/dist-packages/ur_dashboard_msgs/srv/_generate_support_file.py
[41.283s] -- Installing: /home/com9/uet_ws/install/ur_dashboard_msgs/local/lib/python3.10/dist-packages/ur_dashboard_msgs/srv/_set_operational_mode_s.c
[41.283s] -- Installing: /home/com9/uet_ws/install/ur_dashboard_msgs/local/lib/python3.10/dist-packages/ur_dashboard_msgs/srv/_get_loaded_program.py
[41.283s] -- Installing: /home/com9/uet_ws/install/ur_dashboard_msgs/local/lib/python3.10/dist-packages/ur_dashboard_msgs/srv/_get_user_role.py
[41.283s] -- Installing: /home/com9/uet_ws/install/ur_dashboard_msgs/local/lib/python3.10/dist-packages/ur_dashboard_msgs/srv/_get_safety_mode.py
[41.283s] -- Installing: /home/com9/uet_ws/install/ur_dashboard_msgs/local/lib/python3.10/dist-packages/ur_dashboard_msgs/srv/_set_user_role_s.c
[41.283s] -- Installing: /home/com9/uet_ws/install/ur_dashboard_msgs/local/lib/python3.10/dist-packages/ur_dashboard_msgs/srv/_get_program_state_s.c
[41.283s] -- Installing: /home/com9/uet_ws/install/ur_dashboard_msgs/local/lib/python3.10/dist-packages/ur_dashboard_msgs/srv/_get_operational_mode_s.c
[41.283s] -- Installing: /home/com9/uet_ws/install/ur_dashboard_msgs/local/lib/python3.10/dist-packages/ur_dashboard_msgs/srv/_get_robot_model_s.c
[41.283s] -- Installing: /home/com9/uet_ws/install/ur_dashboard_msgs/local/lib/python3.10/dist-packages/ur_dashboard_msgs/srv/_download_program_s.c
[41.283s] -- Installing: /home/com9/uet_ws/install/ur_dashboard_msgs/local/lib/python3.10/dist-packages/ur_dashboard_msgs/srv/_is_program_running_s.c
[41.283s] -- Installing: /home/com9/uet_ws/install/ur_dashboard_msgs/local/lib/python3.10/dist-packages/ur_dashboard_msgs/srv/__init__.py
[41.283s] -- Installing: /home/com9/uet_ws/install/ur_dashboard_msgs/local/lib/python3.10/dist-packages/ur_dashboard_msgs/srv/_generate_flight_report.py
[41.283s] -- Installing: /home/com9/uet_ws/install/ur_dashboard_msgs/local/lib/python3.10/dist-packages/ur_dashboard_msgs/srv/_get_programs.py
[41.283s] -- Installing: /home/com9/uet_ws/install/ur_dashboard_msgs/local/lib/python3.10/dist-packages/ur_dashboard_msgs/srv/_get_operational_mode.py
[41.284s] -- Installing: /home/com9/uet_ws/install/ur_dashboard_msgs/local/lib/python3.10/dist-packages/ur_dashboard_msgs/srv/_get_robot_mode.py
[41.284s] -- Installing: /home/com9/uet_ws/install/ur_dashboard_msgs/local/lib/python3.10/dist-packages/ur_dashboard_msgs/srv/_set_user_role.py
[41.284s] -- Installing: /home/com9/uet_ws/install/ur_dashboard_msgs/local/lib/python3.10/dist-packages/ur_dashboard_msgs/srv/_upload_program.py
[41.284s] -- Installing: /home/com9/uet_ws/install/ur_dashboard_msgs/local/lib/python3.10/dist-packages/ur_dashboard_msgs/srv/_popup.py
[41.284s] -- Installing: /home/com9/uet_ws/install/ur_dashboard_msgs/local/lib/python3.10/dist-packages/ur_dashboard_msgs/srv/_load.py
[41.284s] -- Installing: /home/com9/uet_ws/install/ur_dashboard_msgs/local/lib/python3.10/dist-packages/ur_dashboard_msgs/srv/_generate_flight_report_s.c
[41.284s] -- Installing: /home/com9/uet_ws/install/ur_dashboard_msgs/local/lib/python3.10/dist-packages/ur_dashboard_msgs/srv/_get_robot_model.py
[41.284s] -- Installing: /home/com9/uet_ws/install/ur_dashboard_msgs/local/lib/python3.10/dist-packages/ur_dashboard_msgs/srv/_get_programs_s.c
[41.284s] -- Installing: /home/com9/uet_ws/install/ur_dashboard_msgs/local/lib/python3.10/dist-packages/ur_dashboard_msgs/srv/_get_user_role_s.c
[41.284s] -- Installing: /home/com9/uet_ws/install/ur_dashboard_msgs/local/lib/python3.10/dist-packages/ur_dashboard_msgs/srv/_download_program.py
[41.284s] -- Installing: /home/com9/uet_ws/install/ur_dashboard_msgs/local/lib/python3.10/dist-packages/ur_dashboard_msgs/srv/_is_program_saved_s.c
[41.284s] -- Installing: /home/com9/uet_ws/install/ur_dashboard_msgs/local/lib/python3.10/dist-packages/ur_dashboard_msgs/srv/_raw_request_s.c
[41.284s] -- Installing: /home/com9/uet_ws/install/ur_dashboard_msgs/local/lib/python3.10/dist-packages/ur_dashboard_msgs/srv/_is_in_remote_control_s.c
[41.284s] -- Installing: /home/com9/uet_ws/install/ur_dashboard_msgs/local/lib/python3.10/dist-packages/ur_dashboard_msgs/srv/_get_serial_number.py
[41.284s] -- Installing: /home/com9/uet_ws/install/ur_dashboard_msgs/local/lib/python3.10/dist-packages/ur_dashboard_msgs/srv/_is_in_remote_control.py
[41.284s] -- Installing: /home/com9/uet_ws/install/ur_dashboard_msgs/local/lib/python3.10/dist-packages/ur_dashboard_msgs/srv/_get_poly_scope_version_s.c
[41.284s] -- Installing: /home/com9/uet_ws/install/ur_dashboard_msgs/local/lib/python3.10/dist-packages/ur_dashboard_msgs/srv/_get_poly_scope_version.py
[41.284s] -- Installing: /home/com9/uet_ws/install/ur_dashboard_msgs/local/lib/python3.10/dist-packages/ur_dashboard_msgs/srv/_add_to_log.py
[41.284s] -- Installing: /home/com9/uet_ws/install/ur_dashboard_msgs/local/lib/python3.10/dist-packages/ur_dashboard_msgs/srv/_add_to_log_s.c
[41.284s] -- Installing: /home/com9/uet_ws/install/ur_dashboard_msgs/local/lib/python3.10/dist-packages/ur_dashboard_msgs/srv/_raw_request.py
[41.284s] -- Installing: /home/com9/uet_ws/install/ur_dashboard_msgs/local/lib/python3.10/dist-packages/ur_dashboard_msgs/srv/_is_program_saved.py
[41.284s] -- Installing: /home/com9/uet_ws/install/ur_dashboard_msgs/local/lib/python3.10/dist-packages/ur_dashboard_msgs/srv/_generate_support_file_s.c
[41.284s] -- Installing: /home/com9/uet_ws/install/ur_dashboard_msgs/local/lib/python3.10/dist-packages/ur_dashboard_msgs/srv/_get_robot_mode_s.c
[41.284s] -- Installing: /home/com9/uet_ws/install/ur_dashboard_msgs/local/lib/python3.10/dist-packages/ur_dashboard_msgs/srv/_get_safety_status.py
[41.285s] -- Installing: /home/com9/uet_ws/install/ur_dashboard_msgs/local/lib/python3.10/dist-packages/ur_dashboard_msgs/srv/_load_s.c
[41.285s] -- Installing: /home/com9/uet_ws/install/ur_dashboard_msgs/local/lib/python3.10/dist-packages/ur_dashboard_msgs/srv/_popup_s.c
[41.285s] -- Installing: /home/com9/uet_ws/install/ur_dashboard_msgs/local/lib/python3.10/dist-packages/ur_dashboard_msgs/srv/_set_operational_mode.py
[41.285s] -- Installing: /home/com9/uet_ws/install/ur_dashboard_msgs/local/lib/python3.10/dist-packages/ur_dashboard_msgs/srv/_get_safety_status_s.c
[41.285s] -- Installing: /home/com9/uet_ws/install/ur_dashboard_msgs/local/lib/python3.10/dist-packages/ur_dashboard_msgs/srv/_get_program_state.py
[41.285s] -- Installing: /home/com9/uet_ws/install/ur_dashboard_msgs/local/lib/python3.10/dist-packages/ur_dashboard_msgs/srv/_get_loaded_program_s.c
[41.285s] -- Installing: /home/com9/uet_ws/install/ur_dashboard_msgs/local/lib/python3.10/dist-packages/ur_dashboard_msgs/srv/_upload_program_s.c
[41.285s] -- Installing: /home/com9/uet_ws/install/ur_dashboard_msgs/local/lib/python3.10/dist-packages/ur_dashboard_msgs/_ur_dashboard_msgs_s.ep.rosidl_typesupport_fastrtps_c.c
[41.285s] -- Installing: /home/com9/uet_ws/install/ur_dashboard_msgs/local/lib/python3.10/dist-packages/ur_dashboard_msgs/ur_dashboard_msgs_s__rosidl_typesupport_fastrtps_c.cpython-310-x86_64-linux-gnu.so
[41.285s] -- Installing: /home/com9/uet_ws/install/ur_dashboard_msgs/local/lib/python3.10/dist-packages/ur_dashboard_msgs/ur_dashboard_msgs_s__rosidl_typesupport_introspection_c.cpython-310-x86_64-linux-gnu.so
[41.285s] -- Installing: /home/com9/uet_ws/install/ur_dashboard_msgs/local/lib/python3.10/dist-packages/ur_dashboard_msgs/action
[41.285s] -- Installing: /home/com9/uet_ws/install/ur_dashboard_msgs/local/lib/python3.10/dist-packages/ur_dashboard_msgs/action/_set_mode_s.c
[41.285s] -- Installing: /home/com9/uet_ws/install/ur_dashboard_msgs/local/lib/python3.10/dist-packages/ur_dashboard_msgs/action/__init__.py
[41.285s] -- Installing: /home/com9/uet_ws/install/ur_dashboard_msgs/local/lib/python3.10/dist-packages/ur_dashboard_msgs/action/_set_mode.py
[41.338s] Listing '/home/com9/uet_ws/install/ur_dashboard_msgs/local/lib/python3.10/dist-packages/ur_dashboard_msgs'...
[41.338s] Compiling '/home/com9/uet_ws/install/ur_dashboard_msgs/local/lib/python3.10/dist-packages/ur_dashboard_msgs/__init__.py'...
[41.338s] Listing '/home/com9/uet_ws/install/ur_dashboard_msgs/local/lib/python3.10/dist-packages/ur_dashboard_msgs/action'...
[41.338s] Compiling '/home/com9/uet_ws/install/ur_dashboard_msgs/local/lib/python3.10/dist-packages/ur_dashboard_msgs/action/__init__.py'...
[41.338s] Compiling '/home/com9/uet_ws/install/ur_dashboard_msgs/local/lib/python3.10/dist-packages/ur_dashboard_msgs/action/_set_mode.py'...
[41.338s] Listing '/home/com9/uet_ws/install/ur_dashboard_msgs/local/lib/python3.10/dist-packages/ur_dashboard_msgs/msg'...
[41.338s] Compiling '/home/com9/uet_ws/install/ur_dashboard_msgs/local/lib/python3.10/dist-packages/ur_dashboard_msgs/msg/__init__.py'...
[41.338s] Compiling '/home/com9/uet_ws/install/ur_dashboard_msgs/local/lib/python3.10/dist-packages/ur_dashboard_msgs/msg/_operational_mode.py'...
[41.338s] Compiling '/home/com9/uet_ws/install/ur_dashboard_msgs/local/lib/python3.10/dist-packages/ur_dashboard_msgs/msg/_program_information.py'...
[41.338s] Compiling '/home/com9/uet_ws/install/ur_dashboard_msgs/local/lib/python3.10/dist-packages/ur_dashboard_msgs/msg/_program_state.py'...
[41.338s] Compiling '/home/com9/uet_ws/install/ur_dashboard_msgs/local/lib/python3.10/dist-packages/ur_dashboard_msgs/msg/_robot_mode.py'...
[41.338s] Compiling '/home/com9/uet_ws/install/ur_dashboard_msgs/local/lib/python3.10/dist-packages/ur_dashboard_msgs/msg/_safety_mode.py'...
[41.338s] Compiling '/home/com9/uet_ws/install/ur_dashboard_msgs/local/lib/python3.10/dist-packages/ur_dashboard_msgs/msg/_safety_status.py'...
[41.338s] Compiling '/home/com9/uet_ws/install/ur_dashboard_msgs/local/lib/python3.10/dist-packages/ur_dashboard_msgs/msg/_user_role.py'...
[41.338s] Compiling '/home/com9/uet_ws/install/ur_dashboard_msgs/local/lib/python3.10/dist-packages/ur_dashboard_msgs/msg/_version_information.py'...
[41.338s] Listing '/home/com9/uet_ws/install/ur_dashboard_msgs/local/lib/python3.10/dist-packages/ur_dashboard_msgs/srv'...
[41.338s] Compiling '/home/com9/uet_ws/install/ur_dashboard_msgs/local/lib/python3.10/dist-packages/ur_dashboard_msgs/srv/__init__.py'...
[41.338s] Compiling '/home/com9/uet_ws/install/ur_dashboard_msgs/local/lib/python3.10/dist-packages/ur_dashboard_msgs/srv/_add_to_log.py'...
[41.338s] Compiling '/home/com9/uet_ws/install/ur_dashboard_msgs/local/lib/python3.10/dist-packages/ur_dashboard_msgs/srv/_download_program.py'...
[41.338s] Compiling '/home/com9/uet_ws/install/ur_dashboard_msgs/local/lib/python3.10/dist-packages/ur_dashboard_msgs/srv/_generate_flight_report.py'...
[41.338s] Compiling '/home/com9/uet_ws/install/ur_dashboard_msgs/local/lib/python3.10/dist-packages/ur_dashboard_msgs/srv/_generate_support_file.py'...
[41.338s] Compiling '/home/com9/uet_ws/install/ur_dashboard_msgs/local/lib/python3.10/dist-packages/ur_dashboard_msgs/srv/_get_loaded_program.py'...
[41.338s] Compiling '/home/com9/uet_ws/install/ur_dashboard_msgs/local/lib/python3.10/dist-packages/ur_dashboard_msgs/srv/_get_operational_mode.py'...
[41.338s] Compiling '/home/com9/uet_ws/install/ur_dashboard_msgs/local/lib/python3.10/dist-packages/ur_dashboard_msgs/srv/_get_poly_scope_version.py'...
[41.338s] Compiling '/home/com9/uet_ws/install/ur_dashboard_msgs/local/lib/python3.10/dist-packages/ur_dashboard_msgs/srv/_get_program_state.py'...
[41.338s] Compiling '/home/com9/uet_ws/install/ur_dashboard_msgs/local/lib/python3.10/dist-packages/ur_dashboard_msgs/srv/_get_programs.py'...
[41.338s] Compiling '/home/com9/uet_ws/install/ur_dashboard_msgs/local/lib/python3.10/dist-packages/ur_dashboard_msgs/srv/_get_robot_mode.py'...
[41.338s] Compiling '/home/com9/uet_ws/install/ur_dashboard_msgs/local/lib/python3.10/dist-packages/ur_dashboard_msgs/srv/_get_robot_model.py'...
[41.338s] Compiling '/home/com9/uet_ws/install/ur_dashboard_msgs/local/lib/python3.10/dist-packages/ur_dashboard_msgs/srv/_get_safety_mode.py'...
[41.338s] Compiling '/home/com9/uet_ws/install/ur_dashboard_msgs/local/lib/python3.10/dist-packages/ur_dashboard_msgs/srv/_get_safety_status.py'...
[41.338s] Compiling '/home/com9/uet_ws/install/ur_dashboard_msgs/local/lib/python3.10/dist-packages/ur_dashboard_msgs/srv/_get_serial_number.py'...
[41.338s] Compiling '/home/com9/uet_ws/install/ur_dashboard_msgs/local/lib/python3.10/dist-packages/ur_dashboard_msgs/srv/_get_user_role.py'...
[41.338s] Compiling '/home/com9/uet_ws/install/ur_dashboard_msgs/local/lib/python3.10/dist-packages/ur_dashboard_msgs/srv/_is_in_remote_control.py'...
[41.338s] Compiling '/home/com9/uet_ws/install/ur_dashboard_msgs/local/lib/python3.10/dist-packages/ur_dashboard_msgs/srv/_is_program_running.py'...
[41.338s] Compiling '/home/com9/uet_ws/install/ur_dashboard_msgs/local/lib/python3.10/dist-packages/ur_dashboard_msgs/srv/_is_program_saved.py'...
[41.338s] Compiling '/home/com9/uet_ws/install/ur_dashboard_msgs/local/lib/python3.10/dist-packages/ur_dashboard_msgs/srv/_load.py'...
[41.338s] Compiling '/home/com9/uet_ws/install/ur_dashboard_msgs/local/lib/python3.10/dist-packages/ur_dashboard_msgs/srv/_popup.py'...
[41.338s] Compiling '/home/com9/uet_ws/install/ur_dashboard_msgs/local/lib/python3.10/dist-packages/ur_dashboard_msgs/srv/_raw_request.py'...
[41.339s] Compiling '/home/com9/uet_ws/install/ur_dashboard_msgs/local/lib/python3.10/dist-packages/ur_dashboard_msgs/srv/_set_operational_mode.py'...
[41.339s] Compiling '/home/com9/uet_ws/install/ur_dashboard_msgs/local/lib/python3.10/dist-packages/ur_dashboard_msgs/srv/_set_user_role.py'...
[41.339s] Compiling '/home/com9/uet_ws/install/ur_dashboard_msgs/local/lib/python3.10/dist-packages/ur_dashboard_msgs/srv/_upload_program.py'...
[41.340s] -- Installing: /home/com9/uet_ws/install/ur_dashboard_msgs/local/lib/python3.10/dist-packages/ur_dashboard_msgs/ur_dashboard_msgs_s__rosidl_typesupport_fastrtps_c.cpython-310-x86_64-linux-gnu.so
[41.340s] -- Set runtime path of "/home/com9/uet_ws/install/ur_dashboard_msgs/local/lib/python3.10/dist-packages/ur_dashboard_msgs/ur_dashboard_msgs_s__rosidl_typesupport_fastrtps_c.cpython-310-x86_64-linux-gnu.so" to ""
[41.341s] -- Installing: /home/com9/uet_ws/install/ur_dashboard_msgs/local/lib/python3.10/dist-packages/ur_dashboard_msgs/ur_dashboard_msgs_s__rosidl_typesupport_introspection_c.cpython-310-x86_64-linux-gnu.so
[41.341s] -- Set runtime path of "/home/com9/uet_ws/install/ur_dashboard_msgs/local/lib/python3.10/dist-packages/ur_dashboard_msgs/ur_dashboard_msgs_s__rosidl_typesupport_introspection_c.cpython-310-x86_64-linux-gnu.so" to ""
[41.341s] -- Installing: /home/com9/uet_ws/install/ur_dashboard_msgs/local/lib/python3.10/dist-packages/ur_dashboard_msgs/ur_dashboard_msgs_s__rosidl_typesupport_c.cpython-310-x86_64-linux-gnu.so
[41.341s] -- Set runtime path of "/home/com9/uet_ws/install/ur_dashboard_msgs/local/lib/python3.10/dist-packages/ur_dashboard_msgs/ur_dashboard_msgs_s__rosidl_typesupport_c.cpython-310-x86_64-linux-gnu.so" to ""
[41.341s] -- Installing: /home/com9/uet_ws/install/ur_dashboard_msgs/lib/libur_dashboard_msgs__rosidl_generator_py.so
[41.341s] -- Set runtime path of "/home/com9/uet_ws/install/ur_dashboard_msgs/lib/libur_dashboard_msgs__rosidl_generator_py.so" to ""
[41.341s] -- Installing: /home/com9/uet_ws/install/ur_dashboard_msgs/share/ament_index/resource_index/rust_packages/ur_dashboard_msgs
[41.341s] -- Installing: /home/com9/uet_ws/install/ur_dashboard_msgs/share/ur_dashboard_msgs/rust
[41.341s] -- Installing: /home/com9/uet_ws/install/ur_dashboard_msgs/share/ur_dashboard_msgs/rust/Cargo.toml
[41.342s] -- Installing: /home/com9/uet_ws/install/ur_dashboard_msgs/share/ur_dashboard_msgs/rust/src
[41.342s] -- Installing: /home/com9/uet_ws/install/ur_dashboard_msgs/share/ur_dashboard_msgs/rust/src/msg
[41.342s] -- Installing: /home/com9/uet_ws/install/ur_dashboard_msgs/share/ur_dashboard_msgs/rust/src/msg/rmw.rs
[41.342s] -- Installing: /home/com9/uet_ws/install/ur_dashboard_msgs/share/ur_dashboard_msgs/rust/src/srv
[41.342s] -- Installing: /home/com9/uet_ws/install/ur_dashboard_msgs/share/ur_dashboard_msgs/rust/src/srv/rmw.rs
[41.342s] -- Installing: /home/com9/uet_ws/install/ur_dashboard_msgs/share/ur_dashboard_msgs/rust/src/lib.rs
[41.342s] -- Installing: /home/com9/uet_ws/install/ur_dashboard_msgs/share/ur_dashboard_msgs/rust/src/msg.rs
[41.342s] -- Installing: /home/com9/uet_ws/install/ur_dashboard_msgs/share/ur_dashboard_msgs/rust/src/action.rs
[41.342s] -- Installing: /home/com9/uet_ws/install/ur_dashboard_msgs/share/ur_dashboard_msgs/rust/src/srv.rs
[41.342s] -- Installing: /home/com9/uet_ws/install/ur_dashboard_msgs/share/ur_dashboard_msgs/rust/src/action
[41.342s] -- Installing: /home/com9/uet_ws/install/ur_dashboard_msgs/share/ur_dashboard_msgs/rust/src/action/rmw.rs
[41.342s] -- Installing: /home/com9/uet_ws/install/ur_dashboard_msgs/share/ur_dashboard_msgs/rust/build.rs
[41.342s] -- Installing: /home/com9/uet_ws/install/ur_dashboard_msgs/share/ur_dashboard_msgs/msg/ProgramInformation.idl
[41.342s] -- Installing: /home/com9/uet_ws/install/ur_dashboard_msgs/share/ur_dashboard_msgs/msg/ProgramState.idl
[41.342s] -- Installing: /home/com9/uet_ws/install/ur_dashboard_msgs/share/ur_dashboard_msgs/msg/RobotMode.idl
[41.342s] -- Installing: /home/com9/uet_ws/install/ur_dashboard_msgs/share/ur_dashboard_msgs/msg/SafetyMode.idl
[41.342s] -- Installing: /home/com9/uet_ws/install/ur_dashboard_msgs/share/ur_dashboard_msgs/msg/OperationalMode.idl
[41.342s] -- Installing: /home/com9/uet_ws/install/ur_dashboard_msgs/share/ur_dashboard_msgs/msg/UserRole.idl
[41.342s] -- Installing: /home/com9/uet_ws/install/ur_dashboard_msgs/share/ur_dashboard_msgs/msg/VersionInformation.idl
[41.342s] -- Installing: /home/com9/uet_ws/install/ur_dashboard_msgs/share/ur_dashboard_msgs/msg/SafetyStatus.idl
[41.343s] -- Installing: /home/com9/uet_ws/install/ur_dashboard_msgs/share/ur_dashboard_msgs/srv/AddToLog.idl
[41.343s] -- Installing: /home/com9/uet_ws/install/ur_dashboard_msgs/share/ur_dashboard_msgs/srv/DownloadProgram.idl
[41.343s] -- Installing: /home/com9/uet_ws/install/ur_dashboard_msgs/share/ur_dashboard_msgs/srv/GetLoadedProgram.idl
[41.343s] -- Installing: /home/com9/uet_ws/install/ur_dashboard_msgs/share/ur_dashboard_msgs/srv/GetPrograms.idl
[41.343s] -- Installing: /home/com9/uet_ws/install/ur_dashboard_msgs/share/ur_dashboard_msgs/srv/GetProgramState.idl
[41.343s] -- Installing: /home/com9/uet_ws/install/ur_dashboard_msgs/share/ur_dashboard_msgs/srv/GetRobotMode.idl
[41.343s] -- Installing: /home/com9/uet_ws/install/ur_dashboard_msgs/share/ur_dashboard_msgs/srv/GetSafetyMode.idl
[41.343s] -- Installing: /home/com9/uet_ws/install/ur_dashboard_msgs/share/ur_dashboard_msgs/srv/IsProgramRunning.idl
[41.343s] -- Installing: /home/com9/uet_ws/install/ur_dashboard_msgs/share/ur_dashboard_msgs/srv/IsProgramSaved.idl
[41.343s] -- Installing: /home/com9/uet_ws/install/ur_dashboard_msgs/share/ur_dashboard_msgs/srv/Load.idl
[41.343s] -- Installing: /home/com9/uet_ws/install/ur_dashboard_msgs/share/ur_dashboard_msgs/srv/Popup.idl
[41.343s] -- Installing: /home/com9/uet_ws/install/ur_dashboard_msgs/share/ur_dashboard_msgs/srv/RawRequest.idl
[41.343s] -- Installing: /home/com9/uet_ws/install/ur_dashboard_msgs/share/ur_dashboard_msgs/srv/IsInRemoteControl.idl
[41.343s] -- Installing: /home/com9/uet_ws/install/ur_dashboard_msgs/share/ur_dashboard_msgs/srv/UploadProgram.idl
[41.343s] -- Installing: /home/com9/uet_ws/install/ur_dashboard_msgs/share/ur_dashboard_msgs/srv/GetPolyScopeVersion.idl
[41.343s] -- Installing: /home/com9/uet_ws/install/ur_dashboard_msgs/share/ur_dashboard_msgs/srv/GetSerialNumber.idl
[41.344s] -- Installing: /home/com9/uet_ws/install/ur_dashboard_msgs/share/ur_dashboard_msgs/srv/GetUserRole.idl
[41.344s] -- Installing: /home/com9/uet_ws/install/ur_dashboard_msgs/share/ur_dashboard_msgs/srv/SetUserRole.idl
[41.344s] -- Installing: /home/com9/uet_ws/install/ur_dashboard_msgs/share/ur_dashboard_msgs/srv/SetOperationalMode.idl
[41.344s] -- Installing: /home/com9/uet_ws/install/ur_dashboard_msgs/share/ur_dashboard_msgs/srv/GetOperationalMode.idl
[41.344s] -- Installing: /home/com9/uet_ws/install/ur_dashboard_msgs/share/ur_dashboard_msgs/srv/GetRobotModel.idl
[41.344s] -- Installing: /home/com9/uet_ws/install/ur_dashboard_msgs/share/ur_dashboard_msgs/srv/GetSafetyStatus.idl
[41.344s] -- Installing: /home/com9/uet_ws/install/ur_dashboard_msgs/share/ur_dashboard_msgs/srv/GenerateFlightReport.idl
[41.344s] -- Installing: /home/com9/uet_ws/install/ur_dashboard_msgs/share/ur_dashboard_msgs/srv/GenerateSupportFile.idl
[41.344s] -- Installing: /home/com9/uet_ws/install/ur_dashboard_msgs/share/ur_dashboard_msgs/action/SetMode.idl
[41.344s] -- Installing: /home/com9/uet_ws/install/ur_dashboard_msgs/share/ur_dashboard_msgs/msg/ProgramInformation.msg
[41.344s] -- Installing: /home/com9/uet_ws/install/ur_dashboard_msgs/share/ur_dashboard_msgs/msg/ProgramState.msg
[41.344s] -- Installing: /home/com9/uet_ws/install/ur_dashboard_msgs/share/ur_dashboard_msgs/msg/RobotMode.msg
[41.344s] -- Installing: /home/com9/uet_ws/install/ur_dashboard_msgs/share/ur_dashboard_msgs/msg/SafetyMode.msg
[41.344s] -- Installing: /home/com9/uet_ws/install/ur_dashboard_msgs/share/ur_dashboard_msgs/msg/OperationalMode.msg
[41.344s] -- Installing: /home/com9/uet_ws/install/ur_dashboard_msgs/share/ur_dashboard_msgs/msg/UserRole.msg
[41.344s] -- Installing: /home/com9/uet_ws/install/ur_dashboard_msgs/share/ur_dashboard_msgs/msg/VersionInformation.msg
[41.345s] -- Installing: /home/com9/uet_ws/install/ur_dashboard_msgs/share/ur_dashboard_msgs/msg/SafetyStatus.msg
[41.345s] -- Installing: /home/com9/uet_ws/install/ur_dashboard_msgs/share/ur_dashboard_msgs/srv/AddToLog.srv
[41.345s] -- Installing: /home/com9/uet_ws/install/ur_dashboard_msgs/share/ur_dashboard_msgs/srv/AddToLog_Request.msg
[41.345s] -- Installing: /home/com9/uet_ws/install/ur_dashboard_msgs/share/ur_dashboard_msgs/srv/AddToLog_Response.msg
[41.345s] -- Installing: /home/com9/uet_ws/install/ur_dashboard_msgs/share/ur_dashboard_msgs/srv/DownloadProgram.srv
[41.345s] -- Installing: /home/com9/uet_ws/install/ur_dashboard_msgs/share/ur_dashboard_msgs/srv/DownloadProgram_Request.msg
[41.345s] -- Installing: /home/com9/uet_ws/install/ur_dashboard_msgs/share/ur_dashboard_msgs/srv/DownloadProgram_Response.msg
[41.345s] -- Installing: /home/com9/uet_ws/install/ur_dashboard_msgs/share/ur_dashboard_msgs/srv/GetLoadedProgram.srv
[41.345s] -- Installing: /home/com9/uet_ws/install/ur_dashboard_msgs/share/ur_dashboard_msgs/srv/GetLoadedProgram_Request.msg
[41.345s] -- Installing: /home/com9/uet_ws/install/ur_dashboard_msgs/share/ur_dashboard_msgs/srv/GetLoadedProgram_Response.msg
[41.345s] -- Installing: /home/com9/uet_ws/install/ur_dashboard_msgs/share/ur_dashboard_msgs/srv/GetPrograms.srv
[41.345s] -- Installing: /home/com9/uet_ws/install/ur_dashboard_msgs/share/ur_dashboard_msgs/srv/GetPrograms_Request.msg
[41.345s] -- Installing: /home/com9/uet_ws/install/ur_dashboard_msgs/share/ur_dashboard_msgs/srv/GetPrograms_Response.msg
[41.345s] -- Installing: /home/com9/uet_ws/install/ur_dashboard_msgs/share/ur_dashboard_msgs/srv/GetProgramState.srv
[41.345s] -- Installing: /home/com9/uet_ws/install/ur_dashboard_msgs/share/ur_dashboard_msgs/srv/GetProgramState_Request.msg
[41.345s] -- Installing: /home/com9/uet_ws/install/ur_dashboard_msgs/share/ur_dashboard_msgs/srv/GetProgramState_Response.msg
[41.346s] -- Installing: /home/com9/uet_ws/install/ur_dashboard_msgs/share/ur_dashboard_msgs/srv/GetRobotMode.srv
[41.346s] -- Installing: /home/com9/uet_ws/install/ur_dashboard_msgs/share/ur_dashboard_msgs/srv/GetRobotMode_Request.msg
[41.346s] -- Installing: /home/com9/uet_ws/install/ur_dashboard_msgs/share/ur_dashboard_msgs/srv/GetRobotMode_Response.msg
[41.346s] -- Installing: /home/com9/uet_ws/install/ur_dashboard_msgs/share/ur_dashboard_msgs/srv/GetSafetyMode.srv
[41.346s] -- Installing: /home/com9/uet_ws/install/ur_dashboard_msgs/share/ur_dashboard_msgs/srv/GetSafetyMode_Request.msg
[41.346s] -- Installing: /home/com9/uet_ws/install/ur_dashboard_msgs/share/ur_dashboard_msgs/srv/GetSafetyMode_Response.msg
[41.346s] -- Installing: /home/com9/uet_ws/install/ur_dashboard_msgs/share/ur_dashboard_msgs/srv/IsProgramRunning.srv
[41.346s] -- Installing: /home/com9/uet_ws/install/ur_dashboard_msgs/share/ur_dashboard_msgs/srv/IsProgramRunning_Request.msg
[41.346s] -- Installing: /home/com9/uet_ws/install/ur_dashboard_msgs/share/ur_dashboard_msgs/srv/IsProgramRunning_Response.msg
[41.346s] -- Installing: /home/com9/uet_ws/install/ur_dashboard_msgs/share/ur_dashboard_msgs/srv/IsProgramSaved.srv
[41.346s] -- Installing: /home/com9/uet_ws/install/ur_dashboard_msgs/share/ur_dashboard_msgs/srv/IsProgramSaved_Request.msg
[41.346s] -- Installing: /home/com9/uet_ws/install/ur_dashboard_msgs/share/ur_dashboard_msgs/srv/IsProgramSaved_Response.msg
[41.346s] -- Installing: /home/com9/uet_ws/install/ur_dashboard_msgs/share/ur_dashboard_msgs/srv/Load.srv
[41.346s] -- Installing: /home/com9/uet_ws/install/ur_dashboard_msgs/share/ur_dashboard_msgs/srv/Load_Request.msg
[41.346s] -- Installing: /home/com9/uet_ws/install/ur_dashboard_msgs/share/ur_dashboard_msgs/srv/Load_Response.msg
[41.346s] -- Installing: /home/com9/uet_ws/install/ur_dashboard_msgs/share/ur_dashboard_msgs/srv/Popup.srv
[41.346s] -- Installing: /home/com9/uet_ws/install/ur_dashboard_msgs/share/ur_dashboard_msgs/srv/Popup_Request.msg
[41.347s] -- Installing: /home/com9/uet_ws/install/ur_dashboard_msgs/share/ur_dashboard_msgs/srv/Popup_Response.msg
[41.347s] -- Installing: /home/com9/uet_ws/install/ur_dashboard_msgs/share/ur_dashboard_msgs/srv/RawRequest.srv
[41.347s] -- Installing: /home/com9/uet_ws/install/ur_dashboard_msgs/share/ur_dashboard_msgs/srv/RawRequest_Request.msg
[41.347s] -- Installing: /home/com9/uet_ws/install/ur_dashboard_msgs/share/ur_dashboard_msgs/srv/RawRequest_Response.msg
[41.347s] -- Installing: /home/com9/uet_ws/install/ur_dashboard_msgs/share/ur_dashboard_msgs/srv/IsInRemoteControl.srv
[41.347s] -- Installing: /home/com9/uet_ws/install/ur_dashboard_msgs/share/ur_dashboard_msgs/srv/IsInRemoteControl_Request.msg
[41.347s] -- Installing: /home/com9/uet_ws/install/ur_dashboard_msgs/share/ur_dashboard_msgs/srv/IsInRemoteControl_Response.msg
[41.347s] -- Installing: /home/com9/uet_ws/install/ur_dashboard_msgs/share/ur_dashboard_msgs/srv/UploadProgram.srv
[41.347s] -- Installing: /home/com9/uet_ws/install/ur_dashboard_msgs/share/ur_dashboard_msgs/srv/UploadProgram_Request.msg
[41.347s] -- Installing: /home/com9/uet_ws/install/ur_dashboard_msgs/share/ur_dashboard_msgs/srv/UploadProgram_Response.msg
[41.347s] -- Installing: /home/com9/uet_ws/install/ur_dashboard_msgs/share/ur_dashboard_msgs/srv/GetPolyScopeVersion.srv
[41.347s] -- Installing: /home/com9/uet_ws/install/ur_dashboard_msgs/share/ur_dashboard_msgs/srv/GetPolyScopeVersion_Request.msg
[41.347s] -- Installing: /home/com9/uet_ws/install/ur_dashboard_msgs/share/ur_dashboard_msgs/srv/GetPolyScopeVersion_Response.msg
[41.347s] -- Installing: /home/com9/uet_ws/install/ur_dashboard_msgs/share/ur_dashboard_msgs/srv/GetSerialNumber.srv
[41.348s] -- Installing: /home/com9/uet_ws/install/ur_dashboard_msgs/share/ur_dashboard_msgs/srv/GetSerialNumber_Request.msg
[41.348s] -- Installing: /home/com9/uet_ws/install/ur_dashboard_msgs/share/ur_dashboard_msgs/srv/GetSerialNumber_Response.msg
[41.348s] -- Installing: /home/com9/uet_ws/install/ur_dashboard_msgs/share/ur_dashboard_msgs/srv/GetUserRole.srv
[41.348s] -- Installing: /home/com9/uet_ws/install/ur_dashboard_msgs/share/ur_dashboard_msgs/srv/GetUserRole_Request.msg
[41.348s] -- Installing: /home/com9/uet_ws/install/ur_dashboard_msgs/share/ur_dashboard_msgs/srv/GetUserRole_Response.msg
[41.348s] -- Installing: /home/com9/uet_ws/install/ur_dashboard_msgs/share/ur_dashboard_msgs/srv/SetUserRole.srv
[41.348s] -- Installing: /home/com9/uet_ws/install/ur_dashboard_msgs/share/ur_dashboard_msgs/srv/SetUserRole_Request.msg
[41.348s] -- Installing: /home/com9/uet_ws/install/ur_dashboard_msgs/share/ur_dashboard_msgs/srv/SetUserRole_Response.msg
[41.348s] -- Installing: /home/com9/uet_ws/install/ur_dashboard_msgs/share/ur_dashboard_msgs/srv/SetOperationalMode.srv
[41.348s] -- Installing: /home/com9/uet_ws/install/ur_dashboard_msgs/share/ur_dashboard_msgs/srv/SetOperationalMode_Request.msg
[41.348s] -- Installing: /home/com9/uet_ws/install/ur_dashboard_msgs/share/ur_dashboard_msgs/srv/SetOperationalMode_Response.msg
[41.348s] -- Installing: /home/com9/uet_ws/install/ur_dashboard_msgs/share/ur_dashboard_msgs/srv/GetOperationalMode.srv
[41.348s] -- Installing: /home/com9/uet_ws/install/ur_dashboard_msgs/share/ur_dashboard_msgs/srv/GetOperationalMode_Request.msg
[41.348s] -- Installing: /home/com9/uet_ws/install/ur_dashboard_msgs/share/ur_dashboard_msgs/srv/GetOperationalMode_Response.msg
[41.349s] -- Installing: /home/com9/uet_ws/install/ur_dashboard_msgs/share/ur_dashboard_msgs/srv/GetRobotModel.srv
[41.349s] -- Installing: /home/com9/uet_ws/install/ur_dashboard_msgs/share/ur_dashboard_msgs/srv/GetRobotModel_Request.msg
[41.349s] -- Installing: /home/com9/uet_ws/install/ur_dashboard_msgs/share/ur_dashboard_msgs/srv/GetRobotModel_Response.msg
[41.349s] -- Installing: /home/com9/uet_ws/install/ur_dashboard_msgs/share/ur_dashboard_msgs/srv/GetSafetyStatus.srv
[41.349s] -- Installing: /home/com9/uet_ws/install/ur_dashboard_msgs/share/ur_dashboard_msgs/srv/GetSafetyStatus_Request.msg
[41.349s] -- Installing: /home/com9/uet_ws/install/ur_dashboard_msgs/share/ur_dashboard_msgs/srv/GetSafetyStatus_Response.msg
[41.349s] -- Installing: /home/com9/uet_ws/install/ur_dashboard_msgs/share/ur_dashboard_msgs/srv/GenerateFlightReport.srv
[41.349s] -- Installing: /home/com9/uet_ws/install/ur_dashboard_msgs/share/ur_dashboard_msgs/srv/GenerateFlightReport_Request.msg
[41.349s] -- Installing: /home/com9/uet_ws/install/ur_dashboard_msgs/share/ur_dashboard_msgs/srv/GenerateFlightReport_Response.msg
[41.349s] -- Installing: /home/com9/uet_ws/install/ur_dashboard_msgs/share/ur_dashboard_msgs/srv/GenerateSupportFile.srv
[41.349s] -- Installing: /home/com9/uet_ws/install/ur_dashboard_msgs/share/ur_dashboard_msgs/srv/GenerateSupportFile_Request.msg
[41.349s] -- Installing: /home/com9/uet_ws/install/ur_dashboard_msgs/share/ur_dashboard_msgs/srv/GenerateSupportFile_Response.msg
[41.349s] -- Installing: /home/com9/uet_ws/install/ur_dashboard_msgs/share/ur_dashboard_msgs/action/SetMode.action
[41.350s] -- Installing: /home/com9/uet_ws/install/ur_dashboard_msgs/share/ament_index/resource_index/package_run_dependencies/ur_dashboard_msgs
[41.350s] -- Installing: /home/com9/uet_ws/install/ur_dashboard_msgs/share/ament_index/resource_index/parent_prefix_path/ur_dashboard_msgs
[41.350s] -- Installing: /home/com9/uet_ws/install/ur_dashboard_msgs/share/ur_dashboard_msgs/environment/ament_prefix_path.sh
[41.350s] -- Installing: /home/com9/uet_ws/install/ur_dashboard_msgs/share/ur_dashboard_msgs/environment/ament_prefix_path.dsv
[41.350s] -- Installing: /home/com9/uet_ws/install/ur_dashboard_msgs/share/ur_dashboard_msgs/environment/path.sh
[41.350s] -- Installing: /home/com9/uet_ws/install/ur_dashboard_msgs/share/ur_dashboard_msgs/environment/path.dsv
[41.350s] -- Installing: /home/com9/uet_ws/install/ur_dashboard_msgs/share/ur_dashboard_msgs/local_setup.bash
[41.350s] -- Installing: /home/com9/uet_ws/install/ur_dashboard_msgs/share/ur_dashboard_msgs/local_setup.sh
[41.350s] -- Installing: /home/com9/uet_ws/install/ur_dashboard_msgs/share/ur_dashboard_msgs/local_setup.zsh
[41.350s] -- Installing: /home/com9/uet_ws/install/ur_dashboard_msgs/share/ur_dashboard_msgs/local_setup.dsv
[41.350s] -- Installing: /home/com9/uet_ws/install/ur_dashboard_msgs/share/ur_dashboard_msgs/package.dsv
[41.350s] -- Installing: /home/com9/uet_ws/install/ur_dashboard_msgs/share/ament_index/resource_index/packages/ur_dashboard_msgs
[41.350s] -- Installing: /home/com9/uet_ws/install/ur_dashboard_msgs/share/ur_dashboard_msgs/cmake/export_ur_dashboard_msgs__rosidl_generator_cExport.cmake
[41.350s] -- Installing: /home/com9/uet_ws/install/ur_dashboard_msgs/share/ur_dashboard_msgs/cmake/export_ur_dashboard_msgs__rosidl_generator_cExport-noconfig.cmake
[41.351s] -- Installing: /home/com9/uet_ws/install/ur_dashboard_msgs/share/ur_dashboard_msgs/cmake/export_ur_dashboard_msgs__rosidl_typesupport_fastrtps_cExport.cmake
[41.351s] -- Installing: /home/com9/uet_ws/install/ur_dashboard_msgs/share/ur_dashboard_msgs/cmake/export_ur_dashboard_msgs__rosidl_typesupport_fastrtps_cExport-noconfig.cmake
[41.351s] -- Installing: /home/com9/uet_ws/install/ur_dashboard_msgs/share/ur_dashboard_msgs/cmake/ur_dashboard_msgs__rosidl_typesupport_introspection_cExport.cmake
[41.351s] -- Installing: /home/com9/uet_ws/install/ur_dashboard_msgs/share/ur_dashboard_msgs/cmake/ur_dashboard_msgs__rosidl_typesupport_introspection_cExport-noconfig.cmake
[41.351s] -- Installing: /home/com9/uet_ws/install/ur_dashboard_msgs/share/ur_dashboard_msgs/cmake/ur_dashboard_msgs__rosidl_typesupport_cExport.cmake
[41.351s] -- Installing: /home/com9/uet_ws/install/ur_dashboard_msgs/share/ur_dashboard_msgs/cmake/ur_dashboard_msgs__rosidl_typesupport_cExport-noconfig.cmake
[41.351s] -- Installing: /home/com9/uet_ws/install/ur_dashboard_msgs/share/ur_dashboard_msgs/cmake/export_ur_dashboard_msgs__rosidl_generator_cppExport.cmake
[41.351s] -- Installing: /home/com9/uet_ws/install/ur_dashboard_msgs/share/ur_dashboard_msgs/cmake/export_ur_dashboard_msgs__rosidl_typesupport_fastrtps_cppExport.cmake
[41.351s] -- Installing: /home/com9/uet_ws/install/ur_dashboard_msgs/share/ur_dashboard_msgs/cmake/export_ur_dashboard_msgs__rosidl_typesupport_fastrtps_cppExport-noconfig.cmake
[41.351s] -- Installing: /home/com9/uet_ws/install/ur_dashboard_msgs/share/ur_dashboard_msgs/cmake/ur_dashboard_msgs__rosidl_typesupport_introspection_cppExport.cmake
[41.351s] -- Installing: /home/com9/uet_ws/install/ur_dashboard_msgs/share/ur_dashboard_msgs/cmake/ur_dashboard_msgs__rosidl_typesupport_introspection_cppExport-noconfig.cmake
[41.351s] -- Installing: /home/com9/uet_ws/install/ur_dashboard_msgs/share/ur_dashboard_msgs/cmake/ur_dashboard_msgs__rosidl_typesupport_cppExport.cmake
[41.351s] -- Installing: /home/com9/uet_ws/install/ur_dashboard_msgs/share/ur_dashboard_msgs/cmake/ur_dashboard_msgs__rosidl_typesupport_cppExport-noconfig.cmake
[41.352s] -- Installing: /home/com9/uet_ws/install/ur_dashboard_msgs/share/ur_dashboard_msgs/cmake/export_ur_dashboard_msgs__rosidl_generator_pyExport.cmake
[41.352s] -- Installing: /home/com9/uet_ws/install/ur_dashboard_msgs/share/ur_dashboard_msgs/cmake/export_ur_dashboard_msgs__rosidl_generator_pyExport-noconfig.cmake
[41.352s] -- Installing: /home/com9/uet_ws/install/ur_dashboard_msgs/share/ur_dashboard_msgs/cmake/rosidl_cmake-extras.cmake
[41.352s] -- Installing: /home/com9/uet_ws/install/ur_dashboard_msgs/share/ur_dashboard_msgs/cmake/ament_cmake_export_dependencies-extras.cmake
[41.352s] -- Installing: /home/com9/uet_ws/install/ur_dashboard_msgs/share/ur_dashboard_msgs/cmake/ament_cmake_export_include_directories-extras.cmake
[41.352s] -- Installing: /home/com9/uet_ws/install/ur_dashboard_msgs/share/ur_dashboard_msgs/cmake/ament_cmake_export_libraries-extras.cmake
[41.352s] -- Installing: /home/com9/uet_ws/install/ur_dashboard_msgs/share/ur_dashboard_msgs/cmake/ament_cmake_export_targets-extras.cmake
[41.352s] -- Installing: /home/com9/uet_ws/install/ur_dashboard_msgs/share/ur_dashboard_msgs/cmake/rosidl_cmake_export_typesupport_targets-extras.cmake
[41.352s] -- Installing: /home/com9/uet_ws/install/ur_dashboard_msgs/share/ur_dashboard_msgs/cmake/rosidl_cmake_export_typesupport_libraries-extras.cmake
[41.352s] -- Installing: /home/com9/uet_ws/install/ur_dashboard_msgs/share/ur_dashboard_msgs/cmake/ur_dashboard_msgsConfig.cmake
[41.352s] -- Installing: /home/com9/uet_ws/install/ur_dashboard_msgs/share/ur_dashboard_msgs/cmake/ur_dashboard_msgsConfig-version.cmake
[41.352s] -- Installing: /home/com9/uet_ws/install/ur_dashboard_msgs/share/ur_dashboard_msgs/package.xml
[41.354s] Invoked command in '/home/com9/uet_ws/build/ur_dashboard_msgs' returned '0': CMAKE_PREFIX_PATH=/opt/ros/humble /usr/bin/cmake --install /home/com9/uet_ws/build/ur_dashboard_msgs
