[0.062s] DEBUG:colcon:Command line arguments: ['/usr/bin/colcon', 'build', '--executor', 'sequential', '--event-handlers', 'console_direct+']
[0.062s] DEBUG:colcon:Parsed command line arguments: Namespace(log_base=None, log_level=None, verb_name='build', build_base='build', install_base='install', merge_install=False, symlink_install=False, test_result_base=None, continue_on_error=False, executor='sequential', parallel_workers=16, event_handlers=['console_direct+'], ignore_user_meta=False, metas=['./colcon.meta'], base_paths=['.'], packages_ignore=None, packages_ignore_regex=None, paths=None, packages_up_to=None, packages_up_to_regex=None, packages_above=None, packages_above_and_dependencies=None, packages_above_depth=None, packages_select_by_dep=None, packages_skip_by_dep=None, packages_skip_up_to=None, packages_select_build_failed=False, packages_skip_build_finished=False, packages_select_test_failures=False, packages_skip_test_passed=False, packages_select=None, packages_skip=None, packages_select_regex=None, packages_skip_regex=None, packages_start=None, packages_end=None, allow_overriding=[], cmake_args=None, cmake_target=None, cmake_target_skip_unavailable=False, cmake_clean_cache=False, cmake_clean_first=False, cmake_force_configure=False, ament_cmake_args=None, catkin_cmake_args=None, catkin_skip_building_tests=False, mixin_files=None, mixin=None, verb_parser=<colcon_mixin.mixin.mixin_argument.MixinArgumentDecorator object at 0x7feb8e26b790>, verb_extension=<colcon_core.verb.build.BuildVerb object at 0x7feb8e26b070>, main=<bound method BuildVerb.main of <colcon_core.verb.build.BuildVerb object at 0x7feb8e26b070>>, mixin_verb=('build',))
[0.142s] Level 1:colcon.colcon_core.package_discovery:discover_packages(colcon_meta) check parameters
[0.142s] Level 1:colcon.colcon_core.package_discovery:discover_packages(recursive) check parameters
[0.142s] Level 1:colcon.colcon_core.package_discovery:discover_packages(ignore) check parameters
[0.142s] Level 1:colcon.colcon_core.package_discovery:discover_packages(path) check parameters
[0.142s] Level 1:colcon.colcon_core.package_discovery:discover_packages(colcon_meta) discover
[0.142s] Level 1:colcon.colcon_core.package_discovery:discover_packages(recursive) discover
[0.142s] INFO:colcon.colcon_core.package_discovery:Crawling recursively for packages in '/home/com9/uet_ws'
[0.142s] Level 1:colcon.colcon_core.package_identification:_identify(.) by extensions ['ignore', 'ignore_ament_install']
[0.142s] Level 1:colcon.colcon_core.package_identification:_identify(.) by extension 'ignore'
[0.142s] Level 1:colcon.colcon_core.package_identification:_identify(.) by extension 'ignore_ament_install'
[0.142s] Level 1:colcon.colcon_core.package_identification:_identify(.) by extensions ['colcon_pkg']
[0.142s] Level 1:colcon.colcon_core.package_identification:_identify(.) by extension 'colcon_pkg'
[0.142s] Level 1:colcon.colcon_core.package_identification:_identify(.) by extensions ['colcon_meta']
[0.142s] Level 1:colcon.colcon_core.package_identification:_identify(.) by extension 'colcon_meta'
[0.142s] Level 1:colcon.colcon_core.package_identification:_identify(.) by extensions ['ros']
[0.142s] Level 1:colcon.colcon_core.package_identification:_identify(.) by extension 'ros'
[0.148s] Level 1:colcon.colcon_core.package_identification:_identify(.) by extensions ['cmake', 'python']
[0.148s] Level 1:colcon.colcon_core.package_identification:_identify(.) by extension 'cmake'
[0.148s] Level 1:colcon.colcon_core.package_identification:_identify(.) by extension 'python'
[0.148s] Level 1:colcon.colcon_core.package_identification:_identify(.) by extensions ['python_setup_py']
[0.148s] Level 1:colcon.colcon_core.package_identification:_identify(.) by extension 'python_setup_py'
[0.148s] Level 1:colcon.colcon_core.package_identification:_identify(build) by extensions ['ignore', 'ignore_ament_install']
[0.149s] Level 1:colcon.colcon_core.package_identification:_identify(build) by extension 'ignore'
[0.149s] Level 1:colcon.colcon_core.package_identification:_identify(build) ignored
[0.149s] Level 1:colcon.colcon_core.package_identification:_identify(install) by extensions ['ignore', 'ignore_ament_install']
[0.149s] Level 1:colcon.colcon_core.package_identification:_identify(install) by extension 'ignore'
[0.149s] Level 1:colcon.colcon_core.package_identification:_identify(install) ignored
[0.149s] Level 1:colcon.colcon_core.package_identification:_identify(log) by extensions ['ignore', 'ignore_ament_install']
[0.149s] Level 1:colcon.colcon_core.package_identification:_identify(log) by extension 'ignore'
[0.149s] Level 1:colcon.colcon_core.package_identification:_identify(log) ignored
[0.149s] Level 1:colcon.colcon_core.package_identification:_identify(src) by extensions ['ignore', 'ignore_ament_install']
[0.149s] Level 1:colcon.colcon_core.package_identification:_identify(src) by extension 'ignore'
[0.149s] Level 1:colcon.colcon_core.package_identification:_identify(src) by extension 'ignore_ament_install'
[0.149s] Level 1:colcon.colcon_core.package_identification:_identify(src) by extensions ['colcon_pkg']
[0.149s] Level 1:colcon.colcon_core.package_identification:_identify(src) by extension 'colcon_pkg'
[0.149s] Level 1:colcon.colcon_core.package_identification:_identify(src) by extensions ['colcon_meta']
[0.149s] Level 1:colcon.colcon_core.package_identification:_identify(src) by extension 'colcon_meta'
[0.149s] Level 1:colcon.colcon_core.package_identification:_identify(src) by extensions ['ros']
[0.149s] Level 1:colcon.colcon_core.package_identification:_identify(src) by extension 'ros'
[0.149s] Level 1:colcon.colcon_core.package_identification:_identify(src) by extensions ['cmake', 'python']
[0.149s] Level 1:colcon.colcon_core.package_identification:_identify(src) by extension 'cmake'
[0.149s] Level 1:colcon.colcon_core.package_identification:_identify(src) by extension 'python'
[0.149s] Level 1:colcon.colcon_core.package_identification:_identify(src) by extensions ['python_setup_py']
[0.149s] Level 1:colcon.colcon_core.package_identification:_identify(src) by extension 'python_setup_py'
[0.149s] Level 1:colcon.colcon_core.package_identification:_identify(src/Universal_Robots_ROS2_Driver) by extensions ['ignore', 'ignore_ament_install']
[0.149s] Level 1:colcon.colcon_core.package_identification:_identify(src/Universal_Robots_ROS2_Driver) by extension 'ignore'
[0.149s] Level 1:colcon.colcon_core.package_identification:_identify(src/Universal_Robots_ROS2_Driver) by extension 'ignore_ament_install'
[0.149s] Level 1:colcon.colcon_core.package_identification:_identify(src/Universal_Robots_ROS2_Driver) by extensions ['colcon_pkg']
[0.149s] Level 1:colcon.colcon_core.package_identification:_identify(src/Universal_Robots_ROS2_Driver) by extension 'colcon_pkg'
[0.149s] Level 1:colcon.colcon_core.package_identification:_identify(src/Universal_Robots_ROS2_Driver) by extensions ['colcon_meta']
[0.149s] Level 1:colcon.colcon_core.package_identification:_identify(src/Universal_Robots_ROS2_Driver) by extension 'colcon_meta'
[0.149s] Level 1:colcon.colcon_core.package_identification:_identify(src/Universal_Robots_ROS2_Driver) by extensions ['ros']
[0.149s] Level 1:colcon.colcon_core.package_identification:_identify(src/Universal_Robots_ROS2_Driver) by extension 'ros'
[0.149s] Level 1:colcon.colcon_core.package_identification:_identify(src/Universal_Robots_ROS2_Driver) by extensions ['cmake', 'python']
[0.149s] Level 1:colcon.colcon_core.package_identification:_identify(src/Universal_Robots_ROS2_Driver) by extension 'cmake'
[0.149s] Level 1:colcon.colcon_core.package_identification:_identify(src/Universal_Robots_ROS2_Driver) by extension 'python'
[0.149s] Level 1:colcon.colcon_core.package_identification:_identify(src/Universal_Robots_ROS2_Driver) by extensions ['python_setup_py']
[0.149s] Level 1:colcon.colcon_core.package_identification:_identify(src/Universal_Robots_ROS2_Driver) by extension 'python_setup_py'
[0.149s] Level 1:colcon.colcon_core.package_identification:_identify(src/Universal_Robots_ROS2_Driver/ur) by extensions ['ignore', 'ignore_ament_install']
[0.149s] Level 1:colcon.colcon_core.package_identification:_identify(src/Universal_Robots_ROS2_Driver/ur) by extension 'ignore'
[0.150s] Level 1:colcon.colcon_core.package_identification:_identify(src/Universal_Robots_ROS2_Driver/ur) by extension 'ignore_ament_install'
[0.150s] Level 1:colcon.colcon_core.package_identification:_identify(src/Universal_Robots_ROS2_Driver/ur) by extensions ['colcon_pkg']
[0.150s] Level 1:colcon.colcon_core.package_identification:_identify(src/Universal_Robots_ROS2_Driver/ur) by extension 'colcon_pkg'
[0.150s] Level 1:colcon.colcon_core.package_identification:_identify(src/Universal_Robots_ROS2_Driver/ur) by extensions ['colcon_meta']
[0.150s] Level 1:colcon.colcon_core.package_identification:_identify(src/Universal_Robots_ROS2_Driver/ur) by extension 'colcon_meta'
[0.150s] Level 1:colcon.colcon_core.package_identification:_identify(src/Universal_Robots_ROS2_Driver/ur) by extensions ['ros']
[0.150s] Level 1:colcon.colcon_core.package_identification:_identify(src/Universal_Robots_ROS2_Driver/ur) by extension 'ros'
[0.151s] DEBUG:colcon.colcon_core.package_identification:Package 'src/Universal_Robots_ROS2_Driver/ur' with type 'ros.ament_cmake' and name 'ur'
[0.151s] Level 1:colcon.colcon_core.package_identification:_identify(src/Universal_Robots_ROS2_Driver/ur_bringup) by extensions ['ignore', 'ignore_ament_install']
[0.151s] Level 1:colcon.colcon_core.package_identification:_identify(src/Universal_Robots_ROS2_Driver/ur_bringup) by extension 'ignore'
[0.151s] Level 1:colcon.colcon_core.package_identification:_identify(src/Universal_Robots_ROS2_Driver/ur_bringup) by extension 'ignore_ament_install'
[0.151s] Level 1:colcon.colcon_core.package_identification:_identify(src/Universal_Robots_ROS2_Driver/ur_bringup) by extensions ['colcon_pkg']
[0.151s] Level 1:colcon.colcon_core.package_identification:_identify(src/Universal_Robots_ROS2_Driver/ur_bringup) by extension 'colcon_pkg'
[0.151s] Level 1:colcon.colcon_core.package_identification:_identify(src/Universal_Robots_ROS2_Driver/ur_bringup) by extensions ['colcon_meta']
[0.151s] Level 1:colcon.colcon_core.package_identification:_identify(src/Universal_Robots_ROS2_Driver/ur_bringup) by extension 'colcon_meta'
[0.151s] Level 1:colcon.colcon_core.package_identification:_identify(src/Universal_Robots_ROS2_Driver/ur_bringup) by extensions ['ros']
[0.151s] Level 1:colcon.colcon_core.package_identification:_identify(src/Universal_Robots_ROS2_Driver/ur_bringup) by extension 'ros'
[0.152s] DEBUG:colcon.colcon_core.package_identification:Package 'src/Universal_Robots_ROS2_Driver/ur_bringup' with type 'ros.ament_cmake' and name 'ur_bringup'
[0.152s] Level 1:colcon.colcon_core.package_identification:_identify(src/Universal_Robots_ROS2_Driver/ur_calibration) by extensions ['ignore', 'ignore_ament_install']
[0.152s] Level 1:colcon.colcon_core.package_identification:_identify(src/Universal_Robots_ROS2_Driver/ur_calibration) by extension 'ignore'
[0.152s] Level 1:colcon.colcon_core.package_identification:_identify(src/Universal_Robots_ROS2_Driver/ur_calibration) by extension 'ignore_ament_install'
[0.152s] Level 1:colcon.colcon_core.package_identification:_identify(src/Universal_Robots_ROS2_Driver/ur_calibration) by extensions ['colcon_pkg']
[0.152s] Level 1:colcon.colcon_core.package_identification:_identify(src/Universal_Robots_ROS2_Driver/ur_calibration) by extension 'colcon_pkg'
[0.152s] Level 1:colcon.colcon_core.package_identification:_identify(src/Universal_Robots_ROS2_Driver/ur_calibration) by extensions ['colcon_meta']
[0.152s] Level 1:colcon.colcon_core.package_identification:_identify(src/Universal_Robots_ROS2_Driver/ur_calibration) by extension 'colcon_meta'
[0.152s] Level 1:colcon.colcon_core.package_identification:_identify(src/Universal_Robots_ROS2_Driver/ur_calibration) by extensions ['ros']
[0.152s] Level 1:colcon.colcon_core.package_identification:_identify(src/Universal_Robots_ROS2_Driver/ur_calibration) by extension 'ros'
[0.152s] DEBUG:colcon.colcon_core.package_identification:Package 'src/Universal_Robots_ROS2_Driver/ur_calibration' with type 'ros.ament_cmake' and name 'ur_calibration'
[0.152s] Level 1:colcon.colcon_core.package_identification:_identify(src/Universal_Robots_ROS2_Driver/ur_controllers) by extensions ['ignore', 'ignore_ament_install']
[0.152s] Level 1:colcon.colcon_core.package_identification:_identify(src/Universal_Robots_ROS2_Driver/ur_controllers) by extension 'ignore'
[0.152s] Level 1:colcon.colcon_core.package_identification:_identify(src/Universal_Robots_ROS2_Driver/ur_controllers) by extension 'ignore_ament_install'
[0.153s] Level 1:colcon.colcon_core.package_identification:_identify(src/Universal_Robots_ROS2_Driver/ur_controllers) by extensions ['colcon_pkg']
[0.153s] Level 1:colcon.colcon_core.package_identification:_identify(src/Universal_Robots_ROS2_Driver/ur_controllers) by extension 'colcon_pkg'
[0.153s] Level 1:colcon.colcon_core.package_identification:_identify(src/Universal_Robots_ROS2_Driver/ur_controllers) by extensions ['colcon_meta']
[0.153s] Level 1:colcon.colcon_core.package_identification:_identify(src/Universal_Robots_ROS2_Driver/ur_controllers) by extension 'colcon_meta'
[0.153s] Level 1:colcon.colcon_core.package_identification:_identify(src/Universal_Robots_ROS2_Driver/ur_controllers) by extensions ['ros']
[0.153s] Level 1:colcon.colcon_core.package_identification:_identify(src/Universal_Robots_ROS2_Driver/ur_controllers) by extension 'ros'
[0.154s] DEBUG:colcon.colcon_core.package_identification:Package 'src/Universal_Robots_ROS2_Driver/ur_controllers' with type 'ros.ament_cmake' and name 'ur_controllers'
[0.154s] Level 1:colcon.colcon_core.package_identification:_identify(src/Universal_Robots_ROS2_Driver/ur_dashboard_msgs) by extensions ['ignore', 'ignore_ament_install']
[0.154s] Level 1:colcon.colcon_core.package_identification:_identify(src/Universal_Robots_ROS2_Driver/ur_dashboard_msgs) by extension 'ignore'
[0.154s] Level 1:colcon.colcon_core.package_identification:_identify(src/Universal_Robots_ROS2_Driver/ur_dashboard_msgs) by extension 'ignore_ament_install'
[0.154s] Level 1:colcon.colcon_core.package_identification:_identify(src/Universal_Robots_ROS2_Driver/ur_dashboard_msgs) by extensions ['colcon_pkg']
[0.154s] Level 1:colcon.colcon_core.package_identification:_identify(src/Universal_Robots_ROS2_Driver/ur_dashboard_msgs) by extension 'colcon_pkg'
[0.154s] Level 1:colcon.colcon_core.package_identification:_identify(src/Universal_Robots_ROS2_Driver/ur_dashboard_msgs) by extensions ['colcon_meta']
[0.154s] Level 1:colcon.colcon_core.package_identification:_identify(src/Universal_Robots_ROS2_Driver/ur_dashboard_msgs) by extension 'colcon_meta'
[0.154s] Level 1:colcon.colcon_core.package_identification:_identify(src/Universal_Robots_ROS2_Driver/ur_dashboard_msgs) by extensions ['ros']
[0.154s] Level 1:colcon.colcon_core.package_identification:_identify(src/Universal_Robots_ROS2_Driver/ur_dashboard_msgs) by extension 'ros'
[0.155s] DEBUG:colcon.colcon_core.package_identification:Package 'src/Universal_Robots_ROS2_Driver/ur_dashboard_msgs' with type 'ros.ament_cmake' and name 'ur_dashboard_msgs'
[0.155s] Level 1:colcon.colcon_core.package_identification:_identify(src/Universal_Robots_ROS2_Driver/ur_moveit_config) by extensions ['ignore', 'ignore_ament_install']
[0.155s] Level 1:colcon.colcon_core.package_identification:_identify(src/Universal_Robots_ROS2_Driver/ur_moveit_config) by extension 'ignore'
[0.155s] Level 1:colcon.colcon_core.package_identification:_identify(src/Universal_Robots_ROS2_Driver/ur_moveit_config) by extension 'ignore_ament_install'
[0.155s] Level 1:colcon.colcon_core.package_identification:_identify(src/Universal_Robots_ROS2_Driver/ur_moveit_config) by extensions ['colcon_pkg']
[0.155s] Level 1:colcon.colcon_core.package_identification:_identify(src/Universal_Robots_ROS2_Driver/ur_moveit_config) by extension 'colcon_pkg'
[0.155s] Level 1:colcon.colcon_core.package_identification:_identify(src/Universal_Robots_ROS2_Driver/ur_moveit_config) by extensions ['colcon_meta']
[0.155s] Level 1:colcon.colcon_core.package_identification:_identify(src/Universal_Robots_ROS2_Driver/ur_moveit_config) by extension 'colcon_meta'
[0.155s] Level 1:colcon.colcon_core.package_identification:_identify(src/Universal_Robots_ROS2_Driver/ur_moveit_config) by extensions ['ros']
[0.155s] Level 1:colcon.colcon_core.package_identification:_identify(src/Universal_Robots_ROS2_Driver/ur_moveit_config) by extension 'ros'
[0.155s] DEBUG:colcon.colcon_core.package_identification:Package 'src/Universal_Robots_ROS2_Driver/ur_moveit_config' with type 'ros.ament_cmake' and name 'ur_moveit_config'
[0.155s] Level 1:colcon.colcon_core.package_identification:_identify(src/Universal_Robots_ROS2_Driver/ur_robot_driver) by extensions ['ignore', 'ignore_ament_install']
[0.156s] Level 1:colcon.colcon_core.package_identification:_identify(src/Universal_Robots_ROS2_Driver/ur_robot_driver) by extension 'ignore'
[0.156s] Level 1:colcon.colcon_core.package_identification:_identify(src/Universal_Robots_ROS2_Driver/ur_robot_driver) by extension 'ignore_ament_install'
[0.156s] Level 1:colcon.colcon_core.package_identification:_identify(src/Universal_Robots_ROS2_Driver/ur_robot_driver) by extensions ['colcon_pkg']
[0.156s] Level 1:colcon.colcon_core.package_identification:_identify(src/Universal_Robots_ROS2_Driver/ur_robot_driver) by extension 'colcon_pkg'
[0.156s] Level 1:colcon.colcon_core.package_identification:_identify(src/Universal_Robots_ROS2_Driver/ur_robot_driver) by extensions ['colcon_meta']
[0.156s] Level 1:colcon.colcon_core.package_identification:_identify(src/Universal_Robots_ROS2_Driver/ur_robot_driver) by extension 'colcon_meta'
[0.156s] Level 1:colcon.colcon_core.package_identification:_identify(src/Universal_Robots_ROS2_Driver/ur_robot_driver) by extensions ['ros']
[0.156s] Level 1:colcon.colcon_core.package_identification:_identify(src/Universal_Robots_ROS2_Driver/ur_robot_driver) by extension 'ros'
[0.161s] DEBUG:colcon.colcon_core.package_identification:Package 'src/Universal_Robots_ROS2_Driver/ur_robot_driver' with type 'ros.ament_cmake' and name 'ur_robot_driver'
[0.161s] Level 1:colcon.colcon_core.package_identification:_identify(src/susgrip_2f) by extensions ['ignore', 'ignore_ament_install']
[0.162s] Level 1:colcon.colcon_core.package_identification:_identify(src/susgrip_2f) by extension 'ignore'
[0.162s] Level 1:colcon.colcon_core.package_identification:_identify(src/susgrip_2f) by extension 'ignore_ament_install'
[0.162s] Level 1:colcon.colcon_core.package_identification:_identify(src/susgrip_2f) by extensions ['colcon_pkg']
[0.162s] Level 1:colcon.colcon_core.package_identification:_identify(src/susgrip_2f) by extension 'colcon_pkg'
[0.162s] Level 1:colcon.colcon_core.package_identification:_identify(src/susgrip_2f) by extensions ['colcon_meta']
[0.162s] Level 1:colcon.colcon_core.package_identification:_identify(src/susgrip_2f) by extension 'colcon_meta'
[0.162s] Level 1:colcon.colcon_core.package_identification:_identify(src/susgrip_2f) by extensions ['ros']
[0.162s] Level 1:colcon.colcon_core.package_identification:_identify(src/susgrip_2f) by extension 'ros'
[0.162s] Level 1:colcon.colcon_core.package_identification:_identify(src/susgrip_2f) by extensions ['cmake', 'python']
[0.162s] Level 1:colcon.colcon_core.package_identification:_identify(src/susgrip_2f) by extension 'cmake'
[0.162s] Level 1:colcon.colcon_core.package_identification:_identify(src/susgrip_2f) by extension 'python'
[0.162s] Level 1:colcon.colcon_core.package_identification:_identify(src/susgrip_2f) by extensions ['python_setup_py']
[0.162s] Level 1:colcon.colcon_core.package_identification:_identify(src/susgrip_2f) by extension 'python_setup_py'
[0.162s] Level 1:colcon.colcon_core.package_identification:_identify(src/susgrip_2f/susgrip_2f_control) by extensions ['ignore', 'ignore_ament_install']
[0.162s] Level 1:colcon.colcon_core.package_identification:_identify(src/susgrip_2f/susgrip_2f_control) by extension 'ignore'
[0.162s] Level 1:colcon.colcon_core.package_identification:_identify(src/susgrip_2f/susgrip_2f_control) by extension 'ignore_ament_install'
[0.162s] Level 1:colcon.colcon_core.package_identification:_identify(src/susgrip_2f/susgrip_2f_control) by extensions ['colcon_pkg']
[0.162s] Level 1:colcon.colcon_core.package_identification:_identify(src/susgrip_2f/susgrip_2f_control) by extension 'colcon_pkg'
[0.162s] Level 1:colcon.colcon_core.package_identification:_identify(src/susgrip_2f/susgrip_2f_control) by extensions ['colcon_meta']
[0.162s] Level 1:colcon.colcon_core.package_identification:_identify(src/susgrip_2f/susgrip_2f_control) by extension 'colcon_meta'
[0.162s] Level 1:colcon.colcon_core.package_identification:_identify(src/susgrip_2f/susgrip_2f_control) by extensions ['ros']
[0.162s] Level 1:colcon.colcon_core.package_identification:_identify(src/susgrip_2f/susgrip_2f_control) by extension 'ros'
[0.162s] DEBUG:colcon.colcon_core.package_identification:Package 'src/susgrip_2f/susgrip_2f_control' with type 'ros.ament_python' and name 'susgrip_2f_control'
[0.162s] Level 1:colcon.colcon_core.package_identification:_identify(src/susgrip_2f/susgrip_2f_description) by extensions ['ignore', 'ignore_ament_install']
[0.162s] Level 1:colcon.colcon_core.package_identification:_identify(src/susgrip_2f/susgrip_2f_description) by extension 'ignore'
[0.162s] Level 1:colcon.colcon_core.package_identification:_identify(src/susgrip_2f/susgrip_2f_description) by extension 'ignore_ament_install'
[0.162s] Level 1:colcon.colcon_core.package_identification:_identify(src/susgrip_2f/susgrip_2f_description) by extensions ['colcon_pkg']
[0.162s] Level 1:colcon.colcon_core.package_identification:_identify(src/susgrip_2f/susgrip_2f_description) by extension 'colcon_pkg'
[0.162s] Level 1:colcon.colcon_core.package_identification:_identify(src/susgrip_2f/susgrip_2f_description) by extensions ['colcon_meta']
[0.162s] Level 1:colcon.colcon_core.package_identification:_identify(src/susgrip_2f/susgrip_2f_description) by extension 'colcon_meta'
[0.162s] Level 1:colcon.colcon_core.package_identification:_identify(src/susgrip_2f/susgrip_2f_description) by extensions ['ros']
[0.163s] Level 1:colcon.colcon_core.package_identification:_identify(src/susgrip_2f/susgrip_2f_description) by extension 'ros'
[0.163s] DEBUG:colcon.colcon_core.package_identification:Package 'src/susgrip_2f/susgrip_2f_description' with type 'ros.ament_python' and name 'susgrip_2f_description'
[0.163s] Level 1:colcon.colcon_core.package_identification:_identify(src/susgrip_2f/susgrip_2f_gazebo) by extensions ['ignore', 'ignore_ament_install']
[0.163s] Level 1:colcon.colcon_core.package_identification:_identify(src/susgrip_2f/susgrip_2f_gazebo) by extension 'ignore'
[0.163s] Level 1:colcon.colcon_core.package_identification:_identify(src/susgrip_2f/susgrip_2f_gazebo) by extension 'ignore_ament_install'
[0.163s] Level 1:colcon.colcon_core.package_identification:_identify(src/susgrip_2f/susgrip_2f_gazebo) by extensions ['colcon_pkg']
[0.163s] Level 1:colcon.colcon_core.package_identification:_identify(src/susgrip_2f/susgrip_2f_gazebo) by extension 'colcon_pkg'
[0.163s] Level 1:colcon.colcon_core.package_identification:_identify(src/susgrip_2f/susgrip_2f_gazebo) by extensions ['colcon_meta']
[0.163s] Level 1:colcon.colcon_core.package_identification:_identify(src/susgrip_2f/susgrip_2f_gazebo) by extension 'colcon_meta'
[0.163s] Level 1:colcon.colcon_core.package_identification:_identify(src/susgrip_2f/susgrip_2f_gazebo) by extensions ['ros']
[0.163s] Level 1:colcon.colcon_core.package_identification:_identify(src/susgrip_2f/susgrip_2f_gazebo) by extension 'ros'
[0.164s] DEBUG:colcon.colcon_core.package_identification:Package 'src/susgrip_2f/susgrip_2f_gazebo' with type 'ros.ament_python' and name 'susgrip_2f_gazebo'
[0.164s] Level 1:colcon.colcon_core.package_identification:_identify(src/susgrip_2f/susgrip_2f_hardware) by extensions ['ignore', 'ignore_ament_install']
[0.164s] Level 1:colcon.colcon_core.package_identification:_identify(src/susgrip_2f/susgrip_2f_hardware) by extension 'ignore'
[0.164s] Level 1:colcon.colcon_core.package_identification:_identify(src/susgrip_2f/susgrip_2f_hardware) by extension 'ignore_ament_install'
[0.164s] Level 1:colcon.colcon_core.package_identification:_identify(src/susgrip_2f/susgrip_2f_hardware) by extensions ['colcon_pkg']
[0.164s] Level 1:colcon.colcon_core.package_identification:_identify(src/susgrip_2f/susgrip_2f_hardware) by extension 'colcon_pkg'
[0.164s] Level 1:colcon.colcon_core.package_identification:_identify(src/susgrip_2f/susgrip_2f_hardware) by extensions ['colcon_meta']
[0.164s] Level 1:colcon.colcon_core.package_identification:_identify(src/susgrip_2f/susgrip_2f_hardware) by extension 'colcon_meta'
[0.164s] Level 1:colcon.colcon_core.package_identification:_identify(src/susgrip_2f/susgrip_2f_hardware) by extensions ['ros']
[0.164s] Level 1:colcon.colcon_core.package_identification:_identify(src/susgrip_2f/susgrip_2f_hardware) by extension 'ros'
[0.165s] DEBUG:colcon.colcon_core.package_identification:Package 'src/susgrip_2f/susgrip_2f_hardware' with type 'ros.ament_python' and name 'susgrip_2f_hardware'
[0.165s] Level 1:colcon.colcon_core.package_identification:_identify(src/ur3_moveit_control) by extensions ['ignore', 'ignore_ament_install']
[0.165s] Level 1:colcon.colcon_core.package_identification:_identify(src/ur3_moveit_control) by extension 'ignore'
[0.165s] Level 1:colcon.colcon_core.package_identification:_identify(src/ur3_moveit_control) by extension 'ignore_ament_install'
[0.165s] Level 1:colcon.colcon_core.package_identification:_identify(src/ur3_moveit_control) by extensions ['colcon_pkg']
[0.165s] Level 1:colcon.colcon_core.package_identification:_identify(src/ur3_moveit_control) by extension 'colcon_pkg'
[0.165s] Level 1:colcon.colcon_core.package_identification:_identify(src/ur3_moveit_control) by extensions ['colcon_meta']
[0.165s] Level 1:colcon.colcon_core.package_identification:_identify(src/ur3_moveit_control) by extension 'colcon_meta'
[0.165s] Level 1:colcon.colcon_core.package_identification:_identify(src/ur3_moveit_control) by extensions ['ros']
[0.165s] Level 1:colcon.colcon_core.package_identification:_identify(src/ur3_moveit_control) by extension 'ros'
[0.166s] DEBUG:colcon.colcon_core.package_identification:Package 'src/ur3_moveit_control' with type 'ros.ament_cmake' and name 'ur3_moveit_control'
[0.166s] Level 1:colcon.colcon_core.package_identification:_identify(src/ur_simulation_gz) by extensions ['ignore', 'ignore_ament_install']
[0.166s] Level 1:colcon.colcon_core.package_identification:_identify(src/ur_simulation_gz) by extension 'ignore'
[0.166s] Level 1:colcon.colcon_core.package_identification:_identify(src/ur_simulation_gz) by extension 'ignore_ament_install'
[0.166s] Level 1:colcon.colcon_core.package_identification:_identify(src/ur_simulation_gz) by extensions ['colcon_pkg']
[0.166s] Level 1:colcon.colcon_core.package_identification:_identify(src/ur_simulation_gz) by extension 'colcon_pkg'
[0.166s] Level 1:colcon.colcon_core.package_identification:_identify(src/ur_simulation_gz) by extensions ['colcon_meta']
[0.166s] Level 1:colcon.colcon_core.package_identification:_identify(src/ur_simulation_gz) by extension 'colcon_meta'
[0.166s] Level 1:colcon.colcon_core.package_identification:_identify(src/ur_simulation_gz) by extensions ['ros']
[0.166s] Level 1:colcon.colcon_core.package_identification:_identify(src/ur_simulation_gz) by extension 'ros'
[0.167s] DEBUG:colcon.colcon_core.package_identification:Package 'src/ur_simulation_gz' with type 'ros.ament_cmake' and name 'ur_simulation_gz'
[0.167s] Level 1:colcon.colcon_core.package_identification:_identify(susgrip_2f) by extensions ['ignore', 'ignore_ament_install']
[0.167s] Level 1:colcon.colcon_core.package_identification:_identify(susgrip_2f) by extension 'ignore'
[0.167s] Level 1:colcon.colcon_core.package_identification:_identify(susgrip_2f) by extension 'ignore_ament_install'
[0.167s] Level 1:colcon.colcon_core.package_identification:_identify(susgrip_2f) by extensions ['colcon_pkg']
[0.167s] Level 1:colcon.colcon_core.package_identification:_identify(susgrip_2f) by extension 'colcon_pkg'
[0.167s] Level 1:colcon.colcon_core.package_identification:_identify(susgrip_2f) by extensions ['colcon_meta']
[0.167s] Level 1:colcon.colcon_core.package_identification:_identify(susgrip_2f) by extension 'colcon_meta'
[0.167s] Level 1:colcon.colcon_core.package_identification:_identify(susgrip_2f) by extensions ['ros']
[0.167s] Level 1:colcon.colcon_core.package_identification:_identify(susgrip_2f) by extension 'ros'
[0.167s] Level 1:colcon.colcon_core.package_identification:_identify(susgrip_2f) by extensions ['cmake', 'python']
[0.167s] Level 1:colcon.colcon_core.package_identification:_identify(susgrip_2f) by extension 'cmake'
[0.167s] Level 1:colcon.colcon_core.package_identification:_identify(susgrip_2f) by extension 'python'
[0.167s] Level 1:colcon.colcon_core.package_identification:_identify(susgrip_2f) by extensions ['python_setup_py']
[0.167s] Level 1:colcon.colcon_core.package_identification:_identify(susgrip_2f) by extension 'python_setup_py'
[0.167s] Level 1:colcon.colcon_core.package_identification:_identify(susgrip_2f/susgrip_2f_hardware) by extensions ['ignore', 'ignore_ament_install']
[0.167s] Level 1:colcon.colcon_core.package_identification:_identify(susgrip_2f/susgrip_2f_hardware) by extension 'ignore'
[0.167s] Level 1:colcon.colcon_core.package_identification:_identify(susgrip_2f/susgrip_2f_hardware) by extension 'ignore_ament_install'
[0.167s] Level 1:colcon.colcon_core.package_identification:_identify(susgrip_2f/susgrip_2f_hardware) by extensions ['colcon_pkg']
[0.167s] Level 1:colcon.colcon_core.package_identification:_identify(susgrip_2f/susgrip_2f_hardware) by extension 'colcon_pkg'
[0.167s] Level 1:colcon.colcon_core.package_identification:_identify(susgrip_2f/susgrip_2f_hardware) by extensions ['colcon_meta']
[0.167s] Level 1:colcon.colcon_core.package_identification:_identify(susgrip_2f/susgrip_2f_hardware) by extension 'colcon_meta'
[0.167s] Level 1:colcon.colcon_core.package_identification:_identify(susgrip_2f/susgrip_2f_hardware) by extensions ['ros']
[0.167s] Level 1:colcon.colcon_core.package_identification:_identify(susgrip_2f/susgrip_2f_hardware) by extension 'ros'
[0.167s] Level 1:colcon.colcon_core.package_identification:_identify(susgrip_2f/susgrip_2f_hardware) by extensions ['cmake', 'python']
[0.167s] Level 1:colcon.colcon_core.package_identification:_identify(susgrip_2f/susgrip_2f_hardware) by extension 'cmake'
[0.167s] Level 1:colcon.colcon_core.package_identification:_identify(susgrip_2f/susgrip_2f_hardware) by extension 'python'
[0.167s] Level 1:colcon.colcon_core.package_identification:_identify(susgrip_2f/susgrip_2f_hardware) by extensions ['python_setup_py']
[0.167s] Level 1:colcon.colcon_core.package_identification:_identify(susgrip_2f/susgrip_2f_hardware) by extension 'python_setup_py'
[0.167s] Level 1:colcon.colcon_core.package_identification:_identify(susgrip_2f/susgrip_2f_hardware/susgrip_2f_hardware) by extensions ['ignore', 'ignore_ament_install']
[0.167s] Level 1:colcon.colcon_core.package_identification:_identify(susgrip_2f/susgrip_2f_hardware/susgrip_2f_hardware) by extension 'ignore'
[0.167s] Level 1:colcon.colcon_core.package_identification:_identify(susgrip_2f/susgrip_2f_hardware/susgrip_2f_hardware) by extension 'ignore_ament_install'
[0.168s] Level 1:colcon.colcon_core.package_identification:_identify(susgrip_2f/susgrip_2f_hardware/susgrip_2f_hardware) by extensions ['colcon_pkg']
[0.168s] Level 1:colcon.colcon_core.package_identification:_identify(susgrip_2f/susgrip_2f_hardware/susgrip_2f_hardware) by extension 'colcon_pkg'
[0.168s] Level 1:colcon.colcon_core.package_identification:_identify(susgrip_2f/susgrip_2f_hardware/susgrip_2f_hardware) by extensions ['colcon_meta']
[0.168s] Level 1:colcon.colcon_core.package_identification:_identify(susgrip_2f/susgrip_2f_hardware/susgrip_2f_hardware) by extension 'colcon_meta'
[0.168s] Level 1:colcon.colcon_core.package_identification:_identify(susgrip_2f/susgrip_2f_hardware/susgrip_2f_hardware) by extensions ['ros']
[0.168s] Level 1:colcon.colcon_core.package_identification:_identify(susgrip_2f/susgrip_2f_hardware/susgrip_2f_hardware) by extension 'ros'
[0.168s] Level 1:colcon.colcon_core.package_identification:_identify(susgrip_2f/susgrip_2f_hardware/susgrip_2f_hardware) by extensions ['cmake', 'python']
[0.168s] Level 1:colcon.colcon_core.package_identification:_identify(susgrip_2f/susgrip_2f_hardware/susgrip_2f_hardware) by extension 'cmake'
[0.168s] Level 1:colcon.colcon_core.package_identification:_identify(susgrip_2f/susgrip_2f_hardware/susgrip_2f_hardware) by extension 'python'
[0.168s] Level 1:colcon.colcon_core.package_identification:_identify(susgrip_2f/susgrip_2f_hardware/susgrip_2f_hardware) by extensions ['python_setup_py']
[0.168s] Level 1:colcon.colcon_core.package_identification:_identify(susgrip_2f/susgrip_2f_hardware/susgrip_2f_hardware) by extension 'python_setup_py'
[0.168s] Level 1:colcon.colcon_core.package_discovery:discover_packages(recursive) using defaults
[0.168s] Level 1:colcon.colcon_core.package_discovery:discover_packages(ignore) discover
[0.168s] Level 1:colcon.colcon_core.package_discovery:discover_packages(ignore) using defaults
[0.168s] Level 1:colcon.colcon_core.package_discovery:discover_packages(path) discover
[0.168s] Level 1:colcon.colcon_core.package_discovery:discover_packages(path) using defaults
[0.182s] Level 1:colcon.colcon_core.package_discovery:discover_packages(prefix_path) check parameters
[0.182s] Level 1:colcon.colcon_core.package_discovery:discover_packages(prefix_path) discover
[0.183s] DEBUG:colcon.colcon_installed_package_information.package_discovery:Found 13 installed packages in /home/com9/uet_ws/install
[0.184s] DEBUG:colcon.colcon_installed_package_information.package_discovery:Found 383 installed packages in /opt/ros/humble
[0.186s] Level 1:colcon.colcon_core.package_discovery:discover_packages(prefix_path) using defaults
[0.212s] Level 5:colcon.colcon_core.verb:set package 'susgrip_2f_control' build argument 'cmake_args' from command line to 'None'
[0.212s] Level 5:colcon.colcon_core.verb:set package 'susgrip_2f_control' build argument 'cmake_target' from command line to 'None'
[0.212s] Level 5:colcon.colcon_core.verb:set package 'susgrip_2f_control' build argument 'cmake_target_skip_unavailable' from command line to 'False'
[0.212s] Level 5:colcon.colcon_core.verb:set package 'susgrip_2f_control' build argument 'cmake_clean_cache' from command line to 'False'
[0.212s] Level 5:colcon.colcon_core.verb:set package 'susgrip_2f_control' build argument 'cmake_clean_first' from command line to 'False'
[0.212s] Level 5:colcon.colcon_core.verb:set package 'susgrip_2f_control' build argument 'cmake_force_configure' from command line to 'False'
[0.212s] Level 5:colcon.colcon_core.verb:set package 'susgrip_2f_control' build argument 'ament_cmake_args' from command line to 'None'
[0.212s] Level 5:colcon.colcon_core.verb:set package 'susgrip_2f_control' build argument 'catkin_cmake_args' from command line to 'None'
[0.212s] Level 5:colcon.colcon_core.verb:set package 'susgrip_2f_control' build argument 'catkin_skip_building_tests' from command line to 'False'
[0.212s] DEBUG:colcon.colcon_core.verb:Building package 'susgrip_2f_control' with the following arguments: {'ament_cmake_args': None, 'build_base': '/home/com9/uet_ws/build/susgrip_2f_control', 'catkin_cmake_args': None, 'catkin_skip_building_tests': False, 'cmake_args': None, 'cmake_clean_cache': False, 'cmake_clean_first': False, 'cmake_force_configure': False, 'cmake_target': None, 'cmake_target_skip_unavailable': False, 'install_base': '/home/com9/uet_ws/install/susgrip_2f_control', 'merge_install': False, 'path': '/home/com9/uet_ws/src/susgrip_2f/susgrip_2f_control', 'symlink_install': False, 'test_result_base': None}
[0.212s] Level 5:colcon.colcon_core.verb:set package 'susgrip_2f_description' build argument 'cmake_args' from command line to 'None'
[0.212s] Level 5:colcon.colcon_core.verb:set package 'susgrip_2f_description' build argument 'cmake_target' from command line to 'None'
[0.212s] Level 5:colcon.colcon_core.verb:set package 'susgrip_2f_description' build argument 'cmake_target_skip_unavailable' from command line to 'False'
[0.212s] Level 5:colcon.colcon_core.verb:set package 'susgrip_2f_description' build argument 'cmake_clean_cache' from command line to 'False'
[0.212s] Level 5:colcon.colcon_core.verb:set package 'susgrip_2f_description' build argument 'cmake_clean_first' from command line to 'False'
[0.212s] Level 5:colcon.colcon_core.verb:set package 'susgrip_2f_description' build argument 'cmake_force_configure' from command line to 'False'
[0.212s] Level 5:colcon.colcon_core.verb:set package 'susgrip_2f_description' build argument 'ament_cmake_args' from command line to 'None'
[0.212s] Level 5:colcon.colcon_core.verb:set package 'susgrip_2f_description' build argument 'catkin_cmake_args' from command line to 'None'
[0.212s] Level 5:colcon.colcon_core.verb:set package 'susgrip_2f_description' build argument 'catkin_skip_building_tests' from command line to 'False'
[0.212s] DEBUG:colcon.colcon_core.verb:Building package 'susgrip_2f_description' with the following arguments: {'ament_cmake_args': None, 'build_base': '/home/com9/uet_ws/build/susgrip_2f_description', 'catkin_cmake_args': None, 'catkin_skip_building_tests': False, 'cmake_args': None, 'cmake_clean_cache': False, 'cmake_clean_first': False, 'cmake_force_configure': False, 'cmake_target': None, 'cmake_target_skip_unavailable': False, 'install_base': '/home/com9/uet_ws/install/susgrip_2f_description', 'merge_install': False, 'path': '/home/com9/uet_ws/src/susgrip_2f/susgrip_2f_description', 'symlink_install': False, 'test_result_base': None}
[0.212s] Level 5:colcon.colcon_core.verb:set package 'susgrip_2f_hardware' build argument 'cmake_args' from command line to 'None'
[0.212s] Level 5:colcon.colcon_core.verb:set package 'susgrip_2f_hardware' build argument 'cmake_target' from command line to 'None'
[0.212s] Level 5:colcon.colcon_core.verb:set package 'susgrip_2f_hardware' build argument 'cmake_target_skip_unavailable' from command line to 'False'
[0.212s] Level 5:colcon.colcon_core.verb:set package 'susgrip_2f_hardware' build argument 'cmake_clean_cache' from command line to 'False'
[0.212s] Level 5:colcon.colcon_core.verb:set package 'susgrip_2f_hardware' build argument 'cmake_clean_first' from command line to 'False'
[0.212s] Level 5:colcon.colcon_core.verb:set package 'susgrip_2f_hardware' build argument 'cmake_force_configure' from command line to 'False'
[0.212s] Level 5:colcon.colcon_core.verb:set package 'susgrip_2f_hardware' build argument 'ament_cmake_args' from command line to 'None'
[0.212s] Level 5:colcon.colcon_core.verb:set package 'susgrip_2f_hardware' build argument 'catkin_cmake_args' from command line to 'None'
[0.212s] Level 5:colcon.colcon_core.verb:set package 'susgrip_2f_hardware' build argument 'catkin_skip_building_tests' from command line to 'False'
[0.212s] DEBUG:colcon.colcon_core.verb:Building package 'susgrip_2f_hardware' with the following arguments: {'ament_cmake_args': None, 'build_base': '/home/com9/uet_ws/build/susgrip_2f_hardware', 'catkin_cmake_args': None, 'catkin_skip_building_tests': False, 'cmake_args': None, 'cmake_clean_cache': False, 'cmake_clean_first': False, 'cmake_force_configure': False, 'cmake_target': None, 'cmake_target_skip_unavailable': False, 'install_base': '/home/com9/uet_ws/install/susgrip_2f_hardware', 'merge_install': False, 'path': '/home/com9/uet_ws/src/susgrip_2f/susgrip_2f_hardware', 'symlink_install': False, 'test_result_base': None}
[0.213s] Level 5:colcon.colcon_core.verb:set package 'ur_dashboard_msgs' build argument 'cmake_args' from command line to 'None'
[0.213s] Level 5:colcon.colcon_core.verb:set package 'ur_dashboard_msgs' build argument 'cmake_target' from command line to 'None'
[0.213s] Level 5:colcon.colcon_core.verb:set package 'ur_dashboard_msgs' build argument 'cmake_target_skip_unavailable' from command line to 'False'
[0.213s] Level 5:colcon.colcon_core.verb:set package 'ur_dashboard_msgs' build argument 'cmake_clean_cache' from command line to 'False'
[0.213s] Level 5:colcon.colcon_core.verb:set package 'ur_dashboard_msgs' build argument 'cmake_clean_first' from command line to 'False'
[0.213s] Level 5:colcon.colcon_core.verb:set package 'ur_dashboard_msgs' build argument 'cmake_force_configure' from command line to 'False'
[0.213s] Level 5:colcon.colcon_core.verb:set package 'ur_dashboard_msgs' build argument 'ament_cmake_args' from command line to 'None'
[0.213s] Level 5:colcon.colcon_core.verb:set package 'ur_dashboard_msgs' build argument 'catkin_cmake_args' from command line to 'None'
[0.213s] Level 5:colcon.colcon_core.verb:set package 'ur_dashboard_msgs' build argument 'catkin_skip_building_tests' from command line to 'False'
[0.213s] DEBUG:colcon.colcon_core.verb:Building package 'ur_dashboard_msgs' with the following arguments: {'ament_cmake_args': None, 'build_base': '/home/com9/uet_ws/build/ur_dashboard_msgs', 'catkin_cmake_args': None, 'catkin_skip_building_tests': False, 'cmake_args': None, 'cmake_clean_cache': False, 'cmake_clean_first': False, 'cmake_force_configure': False, 'cmake_target': None, 'cmake_target_skip_unavailable': False, 'install_base': '/home/com9/uet_ws/install/ur_dashboard_msgs', 'merge_install': False, 'path': '/home/com9/uet_ws/src/Universal_Robots_ROS2_Driver/ur_dashboard_msgs', 'symlink_install': False, 'test_result_base': None}
[0.213s] Level 5:colcon.colcon_core.verb:set package 'ur_moveit_config' build argument 'cmake_args' from command line to 'None'
[0.213s] Level 5:colcon.colcon_core.verb:set package 'ur_moveit_config' build argument 'cmake_target' from command line to 'None'
[0.213s] Level 5:colcon.colcon_core.verb:set package 'ur_moveit_config' build argument 'cmake_target_skip_unavailable' from command line to 'False'
[0.213s] Level 5:colcon.colcon_core.verb:set package 'ur_moveit_config' build argument 'cmake_clean_cache' from command line to 'False'
[0.213s] Level 5:colcon.colcon_core.verb:set package 'ur_moveit_config' build argument 'cmake_clean_first' from command line to 'False'
[0.213s] Level 5:colcon.colcon_core.verb:set package 'ur_moveit_config' build argument 'cmake_force_configure' from command line to 'False'
[0.213s] Level 5:colcon.colcon_core.verb:set package 'ur_moveit_config' build argument 'ament_cmake_args' from command line to 'None'
[0.213s] Level 5:colcon.colcon_core.verb:set package 'ur_moveit_config' build argument 'catkin_cmake_args' from command line to 'None'
[0.213s] Level 5:colcon.colcon_core.verb:set package 'ur_moveit_config' build argument 'catkin_skip_building_tests' from command line to 'False'
[0.213s] DEBUG:colcon.colcon_core.verb:Building package 'ur_moveit_config' with the following arguments: {'ament_cmake_args': None, 'build_base': '/home/com9/uet_ws/build/ur_moveit_config', 'catkin_cmake_args': None, 'catkin_skip_building_tests': False, 'cmake_args': None, 'cmake_clean_cache': False, 'cmake_clean_first': False, 'cmake_force_configure': False, 'cmake_target': None, 'cmake_target_skip_unavailable': False, 'install_base': '/home/com9/uet_ws/install/ur_moveit_config', 'merge_install': False, 'path': '/home/com9/uet_ws/src/Universal_Robots_ROS2_Driver/ur_moveit_config', 'symlink_install': False, 'test_result_base': None}
[0.213s] Level 5:colcon.colcon_core.verb:set package 'susgrip_2f_gazebo' build argument 'cmake_args' from command line to 'None'
[0.213s] Level 5:colcon.colcon_core.verb:set package 'susgrip_2f_gazebo' build argument 'cmake_target' from command line to 'None'
[0.213s] Level 5:colcon.colcon_core.verb:set package 'susgrip_2f_gazebo' build argument 'cmake_target_skip_unavailable' from command line to 'False'
[0.213s] Level 5:colcon.colcon_core.verb:set package 'susgrip_2f_gazebo' build argument 'cmake_clean_cache' from command line to 'False'
[0.213s] Level 5:colcon.colcon_core.verb:set package 'susgrip_2f_gazebo' build argument 'cmake_clean_first' from command line to 'False'
[0.213s] Level 5:colcon.colcon_core.verb:set package 'susgrip_2f_gazebo' build argument 'cmake_force_configure' from command line to 'False'
[0.213s] Level 5:colcon.colcon_core.verb:set package 'susgrip_2f_gazebo' build argument 'ament_cmake_args' from command line to 'None'
[0.213s] Level 5:colcon.colcon_core.verb:set package 'susgrip_2f_gazebo' build argument 'catkin_cmake_args' from command line to 'None'
[0.213s] Level 5:colcon.colcon_core.verb:set package 'susgrip_2f_gazebo' build argument 'catkin_skip_building_tests' from command line to 'False'
[0.213s] DEBUG:colcon.colcon_core.verb:Building package 'susgrip_2f_gazebo' with the following arguments: {'ament_cmake_args': None, 'build_base': '/home/com9/uet_ws/build/susgrip_2f_gazebo', 'catkin_cmake_args': None, 'catkin_skip_building_tests': False, 'cmake_args': None, 'cmake_clean_cache': False, 'cmake_clean_first': False, 'cmake_force_configure': False, 'cmake_target': None, 'cmake_target_skip_unavailable': False, 'install_base': '/home/com9/uet_ws/install/susgrip_2f_gazebo', 'merge_install': False, 'path': '/home/com9/uet_ws/src/susgrip_2f/susgrip_2f_gazebo', 'symlink_install': False, 'test_result_base': None}
[0.213s] Level 5:colcon.colcon_core.verb:set package 'ur3_moveit_control' build argument 'cmake_args' from command line to 'None'
[0.213s] Level 5:colcon.colcon_core.verb:set package 'ur3_moveit_control' build argument 'cmake_target' from command line to 'None'
[0.213s] Level 5:colcon.colcon_core.verb:set package 'ur3_moveit_control' build argument 'cmake_target_skip_unavailable' from command line to 'False'
[0.213s] Level 5:colcon.colcon_core.verb:set package 'ur3_moveit_control' build argument 'cmake_clean_cache' from command line to 'False'
[0.213s] Level 5:colcon.colcon_core.verb:set package 'ur3_moveit_control' build argument 'cmake_clean_first' from command line to 'False'
[0.213s] Level 5:colcon.colcon_core.verb:set package 'ur3_moveit_control' build argument 'cmake_force_configure' from command line to 'False'
[0.213s] Level 5:colcon.colcon_core.verb:set package 'ur3_moveit_control' build argument 'ament_cmake_args' from command line to 'None'
[0.213s] Level 5:colcon.colcon_core.verb:set package 'ur3_moveit_control' build argument 'catkin_cmake_args' from command line to 'None'
[0.213s] Level 5:colcon.colcon_core.verb:set package 'ur3_moveit_control' build argument 'catkin_skip_building_tests' from command line to 'False'
[0.213s] DEBUG:colcon.colcon_core.verb:Building package 'ur3_moveit_control' with the following arguments: {'ament_cmake_args': None, 'build_base': '/home/com9/uet_ws/build/ur3_moveit_control', 'catkin_cmake_args': None, 'catkin_skip_building_tests': False, 'cmake_args': None, 'cmake_clean_cache': False, 'cmake_clean_first': False, 'cmake_force_configure': False, 'cmake_target': None, 'cmake_target_skip_unavailable': False, 'install_base': '/home/com9/uet_ws/install/ur3_moveit_control', 'merge_install': False, 'path': '/home/com9/uet_ws/src/ur3_moveit_control', 'symlink_install': False, 'test_result_base': None}
[0.214s] Level 5:colcon.colcon_core.verb:set package 'ur_controllers' build argument 'cmake_args' from command line to 'None'
[0.214s] Level 5:colcon.colcon_core.verb:set package 'ur_controllers' build argument 'cmake_target' from command line to 'None'
[0.214s] Level 5:colcon.colcon_core.verb:set package 'ur_controllers' build argument 'cmake_target_skip_unavailable' from command line to 'False'
[0.214s] Level 5:colcon.colcon_core.verb:set package 'ur_controllers' build argument 'cmake_clean_cache' from command line to 'False'
[0.214s] Level 5:colcon.colcon_core.verb:set package 'ur_controllers' build argument 'cmake_clean_first' from command line to 'False'
[0.214s] Level 5:colcon.colcon_core.verb:set package 'ur_controllers' build argument 'cmake_force_configure' from command line to 'False'
[0.214s] Level 5:colcon.colcon_core.verb:set package 'ur_controllers' build argument 'ament_cmake_args' from command line to 'None'
[0.214s] Level 5:colcon.colcon_core.verb:set package 'ur_controllers' build argument 'catkin_cmake_args' from command line to 'None'
[0.214s] Level 5:colcon.colcon_core.verb:set package 'ur_controllers' build argument 'catkin_skip_building_tests' from command line to 'False'
[0.214s] DEBUG:colcon.colcon_core.verb:Building package 'ur_controllers' with the following arguments: {'ament_cmake_args': None, 'build_base': '/home/com9/uet_ws/build/ur_controllers', 'catkin_cmake_args': None, 'catkin_skip_building_tests': False, 'cmake_args': None, 'cmake_clean_cache': False, 'cmake_clean_first': False, 'cmake_force_configure': False, 'cmake_target': None, 'cmake_target_skip_unavailable': False, 'install_base': '/home/com9/uet_ws/install/ur_controllers', 'merge_install': False, 'path': '/home/com9/uet_ws/src/Universal_Robots_ROS2_Driver/ur_controllers', 'symlink_install': False, 'test_result_base': None}
[0.214s] Level 5:colcon.colcon_core.verb:set package 'ur_bringup' build argument 'cmake_args' from command line to 'None'
[0.214s] Level 5:colcon.colcon_core.verb:set package 'ur_bringup' build argument 'cmake_target' from command line to 'None'
[0.214s] Level 5:colcon.colcon_core.verb:set package 'ur_bringup' build argument 'cmake_target_skip_unavailable' from command line to 'False'
[0.214s] Level 5:colcon.colcon_core.verb:set package 'ur_bringup' build argument 'cmake_clean_cache' from command line to 'False'
[0.214s] Level 5:colcon.colcon_core.verb:set package 'ur_bringup' build argument 'cmake_clean_first' from command line to 'False'
[0.214s] Level 5:colcon.colcon_core.verb:set package 'ur_bringup' build argument 'cmake_force_configure' from command line to 'False'
[0.214s] Level 5:colcon.colcon_core.verb:set package 'ur_bringup' build argument 'ament_cmake_args' from command line to 'None'
[0.214s] Level 5:colcon.colcon_core.verb:set package 'ur_bringup' build argument 'catkin_cmake_args' from command line to 'None'
[0.214s] Level 5:colcon.colcon_core.verb:set package 'ur_bringup' build argument 'catkin_skip_building_tests' from command line to 'False'
[0.214s] DEBUG:colcon.colcon_core.verb:Building package 'ur_bringup' with the following arguments: {'ament_cmake_args': None, 'build_base': '/home/com9/uet_ws/build/ur_bringup', 'catkin_cmake_args': None, 'catkin_skip_building_tests': False, 'cmake_args': None, 'cmake_clean_cache': False, 'cmake_clean_first': False, 'cmake_force_configure': False, 'cmake_target': None, 'cmake_target_skip_unavailable': False, 'install_base': '/home/com9/uet_ws/install/ur_bringup', 'merge_install': False, 'path': '/home/com9/uet_ws/src/Universal_Robots_ROS2_Driver/ur_bringup', 'symlink_install': False, 'test_result_base': None}
[0.214s] Level 5:colcon.colcon_core.verb:set package 'ur_robot_driver' build argument 'cmake_args' from command line to 'None'
[0.214s] Level 5:colcon.colcon_core.verb:set package 'ur_robot_driver' build argument 'cmake_target' from command line to 'None'
[0.214s] Level 5:colcon.colcon_core.verb:set package 'ur_robot_driver' build argument 'cmake_target_skip_unavailable' from command line to 'False'
[0.214s] Level 5:colcon.colcon_core.verb:set package 'ur_robot_driver' build argument 'cmake_clean_cache' from command line to 'False'
[0.214s] Level 5:colcon.colcon_core.verb:set package 'ur_robot_driver' build argument 'cmake_clean_first' from command line to 'False'
[0.214s] Level 5:colcon.colcon_core.verb:set package 'ur_robot_driver' build argument 'cmake_force_configure' from command line to 'False'
[0.214s] Level 5:colcon.colcon_core.verb:set package 'ur_robot_driver' build argument 'ament_cmake_args' from command line to 'None'
[0.214s] Level 5:colcon.colcon_core.verb:set package 'ur_robot_driver' build argument 'catkin_cmake_args' from command line to 'None'
[0.214s] Level 5:colcon.colcon_core.verb:set package 'ur_robot_driver' build argument 'catkin_skip_building_tests' from command line to 'False'
[0.214s] DEBUG:colcon.colcon_core.verb:Building package 'ur_robot_driver' with the following arguments: {'ament_cmake_args': None, 'build_base': '/home/com9/uet_ws/build/ur_robot_driver', 'catkin_cmake_args': None, 'catkin_skip_building_tests': False, 'cmake_args': None, 'cmake_clean_cache': False, 'cmake_clean_first': False, 'cmake_force_configure': False, 'cmake_target': None, 'cmake_target_skip_unavailable': False, 'install_base': '/home/com9/uet_ws/install/ur_robot_driver', 'merge_install': False, 'path': '/home/com9/uet_ws/src/Universal_Robots_ROS2_Driver/ur_robot_driver', 'symlink_install': False, 'test_result_base': None}
[0.214s] Level 5:colcon.colcon_core.verb:set package 'ur_simulation_gz' build argument 'cmake_args' from command line to 'None'
[0.214s] Level 5:colcon.colcon_core.verb:set package 'ur_simulation_gz' build argument 'cmake_target' from command line to 'None'
[0.214s] Level 5:colcon.colcon_core.verb:set package 'ur_simulation_gz' build argument 'cmake_target_skip_unavailable' from command line to 'False'
[0.214s] Level 5:colcon.colcon_core.verb:set package 'ur_simulation_gz' build argument 'cmake_clean_cache' from command line to 'False'
[0.214s] Level 5:colcon.colcon_core.verb:set package 'ur_simulation_gz' build argument 'cmake_clean_first' from command line to 'False'
[0.214s] Level 5:colcon.colcon_core.verb:set package 'ur_simulation_gz' build argument 'cmake_force_configure' from command line to 'False'
[0.215s] Level 5:colcon.colcon_core.verb:set package 'ur_simulation_gz' build argument 'ament_cmake_args' from command line to 'None'
[0.215s] Level 5:colcon.colcon_core.verb:set package 'ur_simulation_gz' build argument 'catkin_cmake_args' from command line to 'None'
[0.215s] Level 5:colcon.colcon_core.verb:set package 'ur_simulation_gz' build argument 'catkin_skip_building_tests' from command line to 'False'
[0.215s] DEBUG:colcon.colcon_core.verb:Building package 'ur_simulation_gz' with the following arguments: {'ament_cmake_args': None, 'build_base': '/home/com9/uet_ws/build/ur_simulation_gz', 'catkin_cmake_args': None, 'catkin_skip_building_tests': False, 'cmake_args': None, 'cmake_clean_cache': False, 'cmake_clean_first': False, 'cmake_force_configure': False, 'cmake_target': None, 'cmake_target_skip_unavailable': False, 'install_base': '/home/com9/uet_ws/install/ur_simulation_gz', 'merge_install': False, 'path': '/home/com9/uet_ws/src/ur_simulation_gz', 'symlink_install': False, 'test_result_base': None}
[0.215s] Level 5:colcon.colcon_core.verb:set package 'ur_calibration' build argument 'cmake_args' from command line to 'None'
[0.215s] Level 5:colcon.colcon_core.verb:set package 'ur_calibration' build argument 'cmake_target' from command line to 'None'
[0.215s] Level 5:colcon.colcon_core.verb:set package 'ur_calibration' build argument 'cmake_target_skip_unavailable' from command line to 'False'
[0.215s] Level 5:colcon.colcon_core.verb:set package 'ur_calibration' build argument 'cmake_clean_cache' from command line to 'False'
[0.215s] Level 5:colcon.colcon_core.verb:set package 'ur_calibration' build argument 'cmake_clean_first' from command line to 'False'
[0.215s] Level 5:colcon.colcon_core.verb:set package 'ur_calibration' build argument 'cmake_force_configure' from command line to 'False'
[0.215s] Level 5:colcon.colcon_core.verb:set package 'ur_calibration' build argument 'ament_cmake_args' from command line to 'None'
[0.215s] Level 5:colcon.colcon_core.verb:set package 'ur_calibration' build argument 'catkin_cmake_args' from command line to 'None'
[0.215s] Level 5:colcon.colcon_core.verb:set package 'ur_calibration' build argument 'catkin_skip_building_tests' from command line to 'False'
[0.215s] DEBUG:colcon.colcon_core.verb:Building package 'ur_calibration' with the following arguments: {'ament_cmake_args': None, 'build_base': '/home/com9/uet_ws/build/ur_calibration', 'catkin_cmake_args': None, 'catkin_skip_building_tests': False, 'cmake_args': None, 'cmake_clean_cache': False, 'cmake_clean_first': False, 'cmake_force_configure': False, 'cmake_target': None, 'cmake_target_skip_unavailable': False, 'install_base': '/home/com9/uet_ws/install/ur_calibration', 'merge_install': False, 'path': '/home/com9/uet_ws/src/Universal_Robots_ROS2_Driver/ur_calibration', 'symlink_install': False, 'test_result_base': None}
[0.215s] Level 5:colcon.colcon_core.verb:set package 'ur' build argument 'cmake_args' from command line to 'None'
[0.215s] Level 5:colcon.colcon_core.verb:set package 'ur' build argument 'cmake_target' from command line to 'None'
[0.215s] Level 5:colcon.colcon_core.verb:set package 'ur' build argument 'cmake_target_skip_unavailable' from command line to 'False'
[0.215s] Level 5:colcon.colcon_core.verb:set package 'ur' build argument 'cmake_clean_cache' from command line to 'False'
[0.215s] Level 5:colcon.colcon_core.verb:set package 'ur' build argument 'cmake_clean_first' from command line to 'False'
[0.215s] Level 5:colcon.colcon_core.verb:set package 'ur' build argument 'cmake_force_configure' from command line to 'False'
[0.215s] Level 5:colcon.colcon_core.verb:set package 'ur' build argument 'ament_cmake_args' from command line to 'None'
[0.215s] Level 5:colcon.colcon_core.verb:set package 'ur' build argument 'catkin_cmake_args' from command line to 'None'
[0.215s] Level 5:colcon.colcon_core.verb:set package 'ur' build argument 'catkin_skip_building_tests' from command line to 'False'
[0.215s] DEBUG:colcon.colcon_core.verb:Building package 'ur' with the following arguments: {'ament_cmake_args': None, 'build_base': '/home/com9/uet_ws/build/ur', 'catkin_cmake_args': None, 'catkin_skip_building_tests': False, 'cmake_args': None, 'cmake_clean_cache': False, 'cmake_clean_first': False, 'cmake_force_configure': False, 'cmake_target': None, 'cmake_target_skip_unavailable': False, 'install_base': '/home/com9/uet_ws/install/ur', 'merge_install': False, 'path': '/home/com9/uet_ws/src/Universal_Robots_ROS2_Driver/ur', 'symlink_install': False, 'test_result_base': None}
[0.215s] INFO:colcon.colcon_core.executor:Executing jobs using 'sequential' executor
[0.216s] DEBUG:colcon.colcon_core.executor.sequential:run_until_complete 'susgrip_2f_control'
[0.216s] INFO:colcon.colcon_ros.task.ament_python.build:Building ROS package in '/home/com9/uet_ws/src/susgrip_2f/susgrip_2f_control' with build type 'ament_python'
[0.216s] Level 1:colcon.colcon_core.shell:create_environment_hook('susgrip_2f_control', 'ament_prefix_path')
[0.217s] INFO:colcon.colcon_core.plugin_system:Skipping extension 'colcon_core.shell.bat': Not used on non-Windows systems
[0.217s] INFO:colcon.colcon_core.shell:Creating environment hook '/home/com9/uet_ws/install/susgrip_2f_control/share/susgrip_2f_control/hook/ament_prefix_path.ps1'
[0.218s] INFO:colcon.colcon_core.shell:Creating environment descriptor '/home/com9/uet_ws/install/susgrip_2f_control/share/susgrip_2f_control/hook/ament_prefix_path.dsv'
[0.218s] INFO:colcon.colcon_core.shell:Creating environment hook '/home/com9/uet_ws/install/susgrip_2f_control/share/susgrip_2f_control/hook/ament_prefix_path.sh'
[0.218s] INFO:colcon.colcon_core.shell:Skip shell extension 'powershell' for command environment: Not usable outside of PowerShell
[0.218s] DEBUG:colcon.colcon_core.shell:Skip shell extension 'dsv' for command environment
[0.359s] INFO:colcon.colcon_core.task.python.build:Building Python package in '/home/com9/uet_ws/src/susgrip_2f/susgrip_2f_control'
[0.359s] INFO:colcon.colcon_core.shell:Skip shell extension 'powershell' for command environment: Not usable outside of PowerShell
[0.359s] DEBUG:colcon.colcon_core.shell:Skip shell extension 'dsv' for command environment
[0.540s] DEBUG:colcon.colcon_core.task.python.build:Available setuptools commands: bdist_rpm, build_scripts, sdist, install_lib, upload, install_egg_info, build, rotate, compile_catalog, update_catalog, install, install_scripts, saveopts, bdist, install_headers, extract_messages, develop, egg_info, upload_docs, init_catalog, bdist_egg, build_ext, clean, check, setopt, symlink_data, alias, bdist_dumb, build_clib, build_py, install_data, register, easy_install, test, dist_info
[0.542s] DEBUG:colcon.colcon_core.event_handler.log_command:Invoking command in '/home/com9/uet_ws/src/susgrip_2f/susgrip_2f_control': PYTHONPATH=/home/com9/uet_ws/build/susgrip_2f_control/prefix_override:/usr/lib/python3/dist-packages/colcon_core/task/python/colcon_distutils_commands:/home/com9/uet_ws/install/susgrip_2f_control/lib/python3.10/site-packages:${PYTHONPATH} /usr/bin/python3 -W ignore:setup.py install is deprecated -W ignore:easy_install command is deprecated setup.py egg_info --egg-base ../../../build/susgrip_2f_control build --build-base /home/com9/uet_ws/build/susgrip_2f_control/build install --record /home/com9/uet_ws/build/susgrip_2f_control/install.log --install-scripts $base/lib/susgrip_2f_control --single-version-externally-managed install_data
[0.695s] DEBUG:colcon.colcon_core.event_handler.log_command:Invoked command in '/home/com9/uet_ws/src/susgrip_2f/susgrip_2f_control' returned '0': PYTHONPATH=/home/com9/uet_ws/build/susgrip_2f_control/prefix_override:/usr/lib/python3/dist-packages/colcon_core/task/python/colcon_distutils_commands:/home/com9/uet_ws/install/susgrip_2f_control/lib/python3.10/site-packages:${PYTHONPATH} /usr/bin/python3 -W ignore:setup.py install is deprecated -W ignore:easy_install command is deprecated setup.py egg_info --egg-base ../../../build/susgrip_2f_control build --build-base /home/com9/uet_ws/build/susgrip_2f_control/build install --record /home/com9/uet_ws/build/susgrip_2f_control/install.log --install-scripts $base/lib/susgrip_2f_control --single-version-externally-managed install_data
[0.697s] Level 1:colcon.colcon_core.environment:checking '/home/com9/uet_ws/install/susgrip_2f_control' for CMake module files
[0.697s] Level 1:colcon.colcon_core.environment:checking '/home/com9/uet_ws/install/susgrip_2f_control' for CMake config files
[0.697s] Level 1:colcon.colcon_core.environment:checking '/home/com9/uet_ws/install/susgrip_2f_control/lib'
[0.697s] Level 1:colcon.colcon_core.environment:checking '/home/com9/uet_ws/install/susgrip_2f_control/bin'
[0.697s] Level 1:colcon.colcon_core.environment:checking '/home/com9/uet_ws/install/susgrip_2f_control/lib/pkgconfig/susgrip_2f_control.pc'
[0.697s] Level 1:colcon.colcon_core.environment:checking '/home/com9/uet_ws/install/susgrip_2f_control/lib/python3.10/site-packages'
[0.697s] Level 1:colcon.colcon_core.shell:create_environment_hook('susgrip_2f_control', 'pythonpath')
[0.698s] INFO:colcon.colcon_core.shell:Creating environment hook '/home/com9/uet_ws/install/susgrip_2f_control/share/susgrip_2f_control/hook/pythonpath.ps1'
[0.698s] INFO:colcon.colcon_core.shell:Creating environment descriptor '/home/com9/uet_ws/install/susgrip_2f_control/share/susgrip_2f_control/hook/pythonpath.dsv'
[0.698s] INFO:colcon.colcon_core.shell:Creating environment hook '/home/com9/uet_ws/install/susgrip_2f_control/share/susgrip_2f_control/hook/pythonpath.sh'
[0.698s] Level 1:colcon.colcon_core.environment:checking '/home/com9/uet_ws/install/susgrip_2f_control/bin'
[0.698s] Level 1:colcon.colcon_core.environment:create_environment_scripts_only(susgrip_2f_control)
[0.699s] INFO:colcon.colcon_core.shell:Creating package script '/home/com9/uet_ws/install/susgrip_2f_control/share/susgrip_2f_control/package.ps1'
[0.699s] INFO:colcon.colcon_core.shell:Creating package descriptor '/home/com9/uet_ws/install/susgrip_2f_control/share/susgrip_2f_control/package.dsv'
[0.700s] INFO:colcon.colcon_core.shell:Creating package script '/home/com9/uet_ws/install/susgrip_2f_control/share/susgrip_2f_control/package.sh'
[0.700s] INFO:colcon.colcon_core.shell:Creating package script '/home/com9/uet_ws/install/susgrip_2f_control/share/susgrip_2f_control/package.bash'
[0.700s] INFO:colcon.colcon_core.shell:Creating package script '/home/com9/uet_ws/install/susgrip_2f_control/share/susgrip_2f_control/package.zsh'
[0.701s] Level 1:colcon.colcon_core.environment:create_file_with_runtime_dependencies(/home/com9/uet_ws/install/susgrip_2f_control/share/colcon-core/packages/susgrip_2f_control)
[0.701s] DEBUG:colcon.colcon_core.executor.sequential:run_until_complete 'susgrip_2f_control' finished with '0'
[0.701s] DEBUG:colcon.colcon_core.executor.sequential:run_until_complete 'susgrip_2f_description'
[0.701s] INFO:colcon.colcon_ros.task.ament_python.build:Building ROS package in '/home/com9/uet_ws/src/susgrip_2f/susgrip_2f_description' with build type 'ament_python'
[0.701s] Level 1:colcon.colcon_core.shell:create_environment_hook('susgrip_2f_description', 'ament_prefix_path')
[0.701s] INFO:colcon.colcon_core.shell:Creating environment hook '/home/com9/uet_ws/install/susgrip_2f_description/share/susgrip_2f_description/hook/ament_prefix_path.ps1'
[0.702s] INFO:colcon.colcon_core.shell:Creating environment descriptor '/home/com9/uet_ws/install/susgrip_2f_description/share/susgrip_2f_description/hook/ament_prefix_path.dsv'
[0.702s] INFO:colcon.colcon_core.shell:Creating environment hook '/home/com9/uet_ws/install/susgrip_2f_description/share/susgrip_2f_description/hook/ament_prefix_path.sh'
[0.702s] INFO:colcon.colcon_core.shell:Skip shell extension 'powershell' for command environment: Not usable outside of PowerShell
[0.702s] DEBUG:colcon.colcon_core.shell:Skip shell extension 'dsv' for command environment
[0.835s] INFO:colcon.colcon_core.task.python.build:Building Python package in '/home/com9/uet_ws/src/susgrip_2f/susgrip_2f_description'
[0.835s] INFO:colcon.colcon_core.shell:Skip shell extension 'powershell' for command environment: Not usable outside of PowerShell
[0.835s] DEBUG:colcon.colcon_core.shell:Skip shell extension 'dsv' for command environment
[1.016s] DEBUG:colcon.colcon_core.task.python.build:Available setuptools commands: bdist_rpm, build_scripts, sdist, install_lib, upload, install_egg_info, build, rotate, compile_catalog, update_catalog, install, install_scripts, saveopts, bdist, install_headers, extract_messages, develop, egg_info, upload_docs, init_catalog, bdist_egg, build_ext, clean, check, setopt, symlink_data, alias, bdist_dumb, build_clib, build_py, install_data, register, easy_install, test, dist_info
[1.017s] DEBUG:colcon.colcon_core.event_handler.log_command:Invoking command in '/home/com9/uet_ws/src/susgrip_2f/susgrip_2f_description': PYTHONPATH=/home/com9/uet_ws/build/susgrip_2f_description/prefix_override:/usr/lib/python3/dist-packages/colcon_core/task/python/colcon_distutils_commands:/home/com9/uet_ws/install/susgrip_2f_description/lib/python3.10/site-packages:${PYTHONPATH} /usr/bin/python3 -W ignore:setup.py install is deprecated -W ignore:easy_install command is deprecated setup.py egg_info --egg-base ../../../build/susgrip_2f_description build --build-base /home/com9/uet_ws/build/susgrip_2f_description/build install --record /home/com9/uet_ws/build/susgrip_2f_description/install.log --install-scripts $base/lib/susgrip_2f_description --single-version-externally-managed install_data
[1.174s] Level 1:colcon.colcon_core.environment:checking '/home/com9/uet_ws/install/susgrip_2f_description' for CMake module files
[1.174s] DEBUG:colcon.colcon_core.event_handler.log_command:Invoked command in '/home/com9/uet_ws/src/susgrip_2f/susgrip_2f_description' returned '0': PYTHONPATH=/home/com9/uet_ws/build/susgrip_2f_description/prefix_override:/usr/lib/python3/dist-packages/colcon_core/task/python/colcon_distutils_commands:/home/com9/uet_ws/install/susgrip_2f_description/lib/python3.10/site-packages:${PYTHONPATH} /usr/bin/python3 -W ignore:setup.py install is deprecated -W ignore:easy_install command is deprecated setup.py egg_info --egg-base ../../../build/susgrip_2f_description build --build-base /home/com9/uet_ws/build/susgrip_2f_description/build install --record /home/com9/uet_ws/build/susgrip_2f_description/install.log --install-scripts $base/lib/susgrip_2f_description --single-version-externally-managed install_data
[1.174s] Level 1:colcon.colcon_core.environment:checking '/home/com9/uet_ws/install/susgrip_2f_description' for CMake config files
[1.174s] Level 1:colcon.colcon_core.environment:checking '/home/com9/uet_ws/install/susgrip_2f_description/lib'
[1.174s] Level 1:colcon.colcon_core.environment:checking '/home/com9/uet_ws/install/susgrip_2f_description/bin'
[1.174s] Level 1:colcon.colcon_core.environment:checking '/home/com9/uet_ws/install/susgrip_2f_description/lib/pkgconfig/susgrip_2f_description.pc'
[1.175s] Level 1:colcon.colcon_core.environment:checking '/home/com9/uet_ws/install/susgrip_2f_description/lib/python3.10/site-packages'
[1.175s] Level 1:colcon.colcon_core.shell:create_environment_hook('susgrip_2f_description', 'pythonpath')
[1.175s] INFO:colcon.colcon_core.shell:Creating environment hook '/home/com9/uet_ws/install/susgrip_2f_description/share/susgrip_2f_description/hook/pythonpath.ps1'
[1.175s] INFO:colcon.colcon_core.shell:Creating environment descriptor '/home/com9/uet_ws/install/susgrip_2f_description/share/susgrip_2f_description/hook/pythonpath.dsv'
[1.175s] INFO:colcon.colcon_core.shell:Creating environment hook '/home/com9/uet_ws/install/susgrip_2f_description/share/susgrip_2f_description/hook/pythonpath.sh'
[1.176s] Level 1:colcon.colcon_core.environment:checking '/home/com9/uet_ws/install/susgrip_2f_description/bin'
[1.176s] Level 1:colcon.colcon_core.environment:create_environment_scripts_only(susgrip_2f_description)
[1.176s] INFO:colcon.colcon_core.shell:Creating package script '/home/com9/uet_ws/install/susgrip_2f_description/share/susgrip_2f_description/package.ps1'
[1.176s] INFO:colcon.colcon_core.shell:Creating package descriptor '/home/com9/uet_ws/install/susgrip_2f_description/share/susgrip_2f_description/package.dsv'
[1.176s] INFO:colcon.colcon_core.shell:Creating package script '/home/com9/uet_ws/install/susgrip_2f_description/share/susgrip_2f_description/package.sh'
[1.177s] INFO:colcon.colcon_core.shell:Creating package script '/home/com9/uet_ws/install/susgrip_2f_description/share/susgrip_2f_description/package.bash'
[1.177s] INFO:colcon.colcon_core.shell:Creating package script '/home/com9/uet_ws/install/susgrip_2f_description/share/susgrip_2f_description/package.zsh'
[1.177s] Level 1:colcon.colcon_core.environment:create_file_with_runtime_dependencies(/home/com9/uet_ws/install/susgrip_2f_description/share/colcon-core/packages/susgrip_2f_description)
[1.177s] DEBUG:colcon.colcon_core.executor.sequential:run_until_complete 'susgrip_2f_description' finished with '0'
[1.177s] DEBUG:colcon.colcon_core.executor.sequential:run_until_complete 'susgrip_2f_hardware'
[1.177s] INFO:colcon.colcon_ros.task.ament_python.build:Building ROS package in '/home/com9/uet_ws/src/susgrip_2f/susgrip_2f_hardware' with build type 'ament_python'
[1.177s] Level 1:colcon.colcon_core.shell:create_environment_hook('susgrip_2f_hardware', 'ament_prefix_path')
[1.177s] INFO:colcon.colcon_core.shell:Creating environment hook '/home/com9/uet_ws/install/susgrip_2f_hardware/share/susgrip_2f_hardware/hook/ament_prefix_path.ps1'
[1.178s] INFO:colcon.colcon_core.shell:Creating environment descriptor '/home/com9/uet_ws/install/susgrip_2f_hardware/share/susgrip_2f_hardware/hook/ament_prefix_path.dsv'
[1.178s] INFO:colcon.colcon_core.shell:Creating environment hook '/home/com9/uet_ws/install/susgrip_2f_hardware/share/susgrip_2f_hardware/hook/ament_prefix_path.sh'
[1.178s] INFO:colcon.colcon_core.shell:Skip shell extension 'powershell' for command environment: Not usable outside of PowerShell
[1.178s] DEBUG:colcon.colcon_core.shell:Skip shell extension 'dsv' for command environment
[1.318s] INFO:colcon.colcon_core.task.python.build:Building Python package in '/home/com9/uet_ws/src/susgrip_2f/susgrip_2f_hardware'
[1.318s] INFO:colcon.colcon_core.shell:Skip shell extension 'powershell' for command environment: Not usable outside of PowerShell
[1.318s] DEBUG:colcon.colcon_core.shell:Skip shell extension 'dsv' for command environment
[1.500s] DEBUG:colcon.colcon_core.task.python.build:Available setuptools commands: bdist_rpm, build_scripts, sdist, install_lib, upload, install_egg_info, build, rotate, compile_catalog, update_catalog, install, install_scripts, saveopts, bdist, install_headers, extract_messages, develop, egg_info, upload_docs, init_catalog, bdist_egg, build_ext, clean, check, setopt, symlink_data, alias, bdist_dumb, build_clib, build_py, install_data, register, easy_install, test, dist_info
[1.501s] DEBUG:colcon.colcon_core.event_handler.log_command:Invoking command in '/home/com9/uet_ws/src/susgrip_2f/susgrip_2f_hardware': PYTHONPATH=/home/com9/uet_ws/build/susgrip_2f_hardware/prefix_override:/usr/lib/python3/dist-packages/colcon_core/task/python/colcon_distutils_commands:/home/com9/uet_ws/install/susgrip_2f_hardware/lib/python3.10/site-packages:${PYTHONPATH} /usr/bin/python3 -W ignore:setup.py install is deprecated -W ignore:easy_install command is deprecated setup.py egg_info --egg-base ../../../build/susgrip_2f_hardware build --build-base /home/com9/uet_ws/build/susgrip_2f_hardware/build install --record /home/com9/uet_ws/build/susgrip_2f_hardware/install.log --install-scripts $base/lib/susgrip_2f_hardware --single-version-externally-managed install_data
[1.657s] Level 1:colcon.colcon_core.environment:checking '/home/com9/uet_ws/install/susgrip_2f_hardware' for CMake module files
[1.657s] DEBUG:colcon.colcon_core.event_handler.log_command:Invoked command in '/home/com9/uet_ws/src/susgrip_2f/susgrip_2f_hardware' returned '0': PYTHONPATH=/home/com9/uet_ws/build/susgrip_2f_hardware/prefix_override:/usr/lib/python3/dist-packages/colcon_core/task/python/colcon_distutils_commands:/home/com9/uet_ws/install/susgrip_2f_hardware/lib/python3.10/site-packages:${PYTHONPATH} /usr/bin/python3 -W ignore:setup.py install is deprecated -W ignore:easy_install command is deprecated setup.py egg_info --egg-base ../../../build/susgrip_2f_hardware build --build-base /home/com9/uet_ws/build/susgrip_2f_hardware/build install --record /home/com9/uet_ws/build/susgrip_2f_hardware/install.log --install-scripts $base/lib/susgrip_2f_hardware --single-version-externally-managed install_data
[1.657s] Level 1:colcon.colcon_core.environment:checking '/home/com9/uet_ws/install/susgrip_2f_hardware' for CMake config files
[1.657s] Level 1:colcon.colcon_core.environment:checking '/home/com9/uet_ws/install/susgrip_2f_hardware/lib'
[1.657s] Level 1:colcon.colcon_core.environment:checking '/home/com9/uet_ws/install/susgrip_2f_hardware/bin'
[1.657s] Level 1:colcon.colcon_core.environment:checking '/home/com9/uet_ws/install/susgrip_2f_hardware/lib/pkgconfig/susgrip_2f_hardware.pc'
[1.658s] Level 1:colcon.colcon_core.environment:checking '/home/com9/uet_ws/install/susgrip_2f_hardware/lib/python3.10/site-packages'
[1.658s] Level 1:colcon.colcon_core.shell:create_environment_hook('susgrip_2f_hardware', 'pythonpath')
[1.658s] INFO:colcon.colcon_core.shell:Creating environment hook '/home/com9/uet_ws/install/susgrip_2f_hardware/share/susgrip_2f_hardware/hook/pythonpath.ps1'
[1.658s] INFO:colcon.colcon_core.shell:Creating environment descriptor '/home/com9/uet_ws/install/susgrip_2f_hardware/share/susgrip_2f_hardware/hook/pythonpath.dsv'
[1.658s] INFO:colcon.colcon_core.shell:Creating environment hook '/home/com9/uet_ws/install/susgrip_2f_hardware/share/susgrip_2f_hardware/hook/pythonpath.sh'
[1.659s] Level 1:colcon.colcon_core.environment:checking '/home/com9/uet_ws/install/susgrip_2f_hardware/bin'
[1.659s] Level 1:colcon.colcon_core.environment:create_environment_scripts_only(susgrip_2f_hardware)
[1.659s] INFO:colcon.colcon_core.shell:Creating package script '/home/com9/uet_ws/install/susgrip_2f_hardware/share/susgrip_2f_hardware/package.ps1'
[1.659s] INFO:colcon.colcon_core.shell:Creating package descriptor '/home/com9/uet_ws/install/susgrip_2f_hardware/share/susgrip_2f_hardware/package.dsv'
[1.659s] INFO:colcon.colcon_core.shell:Creating package script '/home/com9/uet_ws/install/susgrip_2f_hardware/share/susgrip_2f_hardware/package.sh'
[1.659s] INFO:colcon.colcon_core.shell:Creating package script '/home/com9/uet_ws/install/susgrip_2f_hardware/share/susgrip_2f_hardware/package.bash'
[1.660s] INFO:colcon.colcon_core.shell:Creating package script '/home/com9/uet_ws/install/susgrip_2f_hardware/share/susgrip_2f_hardware/package.zsh'
[1.660s] Level 1:colcon.colcon_core.environment:create_file_with_runtime_dependencies(/home/com9/uet_ws/install/susgrip_2f_hardware/share/colcon-core/packages/susgrip_2f_hardware)
[1.660s] DEBUG:colcon.colcon_core.executor.sequential:run_until_complete 'susgrip_2f_hardware' finished with '0'
[1.660s] DEBUG:colcon.colcon_core.executor.sequential:run_until_complete 'ur_dashboard_msgs'
[1.660s] INFO:colcon.colcon_ros.task.ament_cmake.build:Building ROS package in '/home/com9/uet_ws/src/Universal_Robots_ROS2_Driver/ur_dashboard_msgs' with build type 'ament_cmake'
[1.660s] INFO:colcon.colcon_cmake.task.cmake.build:Building CMake package in '/home/com9/uet_ws/src/Universal_Robots_ROS2_Driver/ur_dashboard_msgs'
[1.660s] INFO:colcon.colcon_core.shell:Skip shell extension 'powershell' for command environment: Not usable outside of PowerShell
[1.660s] DEBUG:colcon.colcon_core.shell:Skip shell extension 'dsv' for command environment
[1.665s] DEBUG:colcon.colcon_core.event_handler.log_command:Invoking command in '/home/com9/uet_ws/build/ur_dashboard_msgs': CMAKE_PREFIX_PATH=${CMAKE_PREFIX_PATH}:/home/com9/uet_ws/install/susgrip_2f_hardware:/home/com9/uet_ws/install/susgrip_2f_gazebo:/home/com9/uet_ws/install/susgrip_2f_description:/home/com9/uet_ws/install/susgrip_2f_control:/opt/ros/humble /usr/bin/cmake --build /home/com9/uet_ws/build/ur_dashboard_msgs
[2.173s] DEBUG:colcon.colcon_core.event_handler.log_command:Invoked command in '/home/com9/uet_ws/build/ur_dashboard_msgs' returned '0': CMAKE_PREFIX_PATH=${CMAKE_PREFIX_PATH}:/home/com9/uet_ws/install/susgrip_2f_hardware:/home/com9/uet_ws/install/susgrip_2f_gazebo:/home/com9/uet_ws/install/susgrip_2f_description:/home/com9/uet_ws/install/susgrip_2f_control:/opt/ros/humble /usr/bin/cmake --build /home/com9/uet_ws/build/ur_dashboard_msgs
[2.180s] DEBUG:colcon.colcon_core.event_handler.log_command:Invoking command in '/home/com9/uet_ws/build/ur_dashboard_msgs': CMAKE_PREFIX_PATH=${CMAKE_PREFIX_PATH}:/home/com9/uet_ws/install/susgrip_2f_hardware:/home/com9/uet_ws/install/susgrip_2f_gazebo:/home/com9/uet_ws/install/susgrip_2f_description:/home/com9/uet_ws/install/susgrip_2f_control:/opt/ros/humble /usr/bin/cmake --install /home/com9/uet_ws/build/ur_dashboard_msgs
[2.228s] Level 1:colcon.colcon_core.environment:create_environment_scripts_only(ur_dashboard_msgs)
[2.229s] DEBUG:colcon.colcon_core.event_handler.log_command:Invoked command in '/home/com9/uet_ws/build/ur_dashboard_msgs' returned '0': CMAKE_PREFIX_PATH=${CMAKE_PREFIX_PATH}:/home/com9/uet_ws/install/susgrip_2f_hardware:/home/com9/uet_ws/install/susgrip_2f_gazebo:/home/com9/uet_ws/install/susgrip_2f_description:/home/com9/uet_ws/install/susgrip_2f_control:/opt/ros/humble /usr/bin/cmake --install /home/com9/uet_ws/build/ur_dashboard_msgs
[2.229s] Level 1:colcon.colcon_core.environment:checking '/home/com9/uet_ws/install/ur_dashboard_msgs' for CMake module files
[2.230s] Level 1:colcon.colcon_core.environment:checking '/home/com9/uet_ws/install/ur_dashboard_msgs' for CMake config files
[2.231s] Level 1:colcon.colcon_core.shell:create_environment_hook('ur_dashboard_msgs', 'cmake_prefix_path')
[2.231s] INFO:colcon.colcon_core.shell:Creating environment hook '/home/com9/uet_ws/install/ur_dashboard_msgs/share/ur_dashboard_msgs/hook/cmake_prefix_path.ps1'
[2.231s] INFO:colcon.colcon_core.shell:Creating environment descriptor '/home/com9/uet_ws/install/ur_dashboard_msgs/share/ur_dashboard_msgs/hook/cmake_prefix_path.dsv'
[2.232s] INFO:colcon.colcon_core.shell:Creating environment hook '/home/com9/uet_ws/install/ur_dashboard_msgs/share/ur_dashboard_msgs/hook/cmake_prefix_path.sh'
[2.232s] Level 1:colcon.colcon_core.environment:checking '/home/com9/uet_ws/install/ur_dashboard_msgs/lib'
[2.232s] Level 1:colcon.colcon_core.shell:create_environment_hook('ur_dashboard_msgs', 'ld_library_path_lib')
[2.232s] INFO:colcon.colcon_core.shell:Creating environment hook '/home/com9/uet_ws/install/ur_dashboard_msgs/share/ur_dashboard_msgs/hook/ld_library_path_lib.ps1'
[2.232s] INFO:colcon.colcon_core.shell:Creating environment descriptor '/home/com9/uet_ws/install/ur_dashboard_msgs/share/ur_dashboard_msgs/hook/ld_library_path_lib.dsv'
[2.232s] INFO:colcon.colcon_core.shell:Creating environment hook '/home/com9/uet_ws/install/ur_dashboard_msgs/share/ur_dashboard_msgs/hook/ld_library_path_lib.sh'
[2.233s] Level 1:colcon.colcon_core.environment:checking '/home/com9/uet_ws/install/ur_dashboard_msgs/bin'
[2.233s] Level 1:colcon.colcon_core.environment:checking '/home/com9/uet_ws/install/ur_dashboard_msgs/lib/pkgconfig/ur_dashboard_msgs.pc'
[2.233s] Level 1:colcon.colcon_core.environment:checking '/home/com9/uet_ws/install/ur_dashboard_msgs/lib/python3.10/site-packages'
[2.233s] Level 1:colcon.colcon_core.environment:checking '/home/com9/uet_ws/install/ur_dashboard_msgs/bin'
[2.233s] INFO:colcon.colcon_core.shell:Creating package script '/home/com9/uet_ws/install/ur_dashboard_msgs/share/ur_dashboard_msgs/package.ps1'
[2.233s] INFO:colcon.colcon_core.shell:Creating package descriptor '/home/com9/uet_ws/install/ur_dashboard_msgs/share/ur_dashboard_msgs/package.dsv'
[2.234s] INFO:colcon.colcon_core.shell:Creating package script '/home/com9/uet_ws/install/ur_dashboard_msgs/share/ur_dashboard_msgs/package.sh'
[2.234s] INFO:colcon.colcon_core.shell:Creating package script '/home/com9/uet_ws/install/ur_dashboard_msgs/share/ur_dashboard_msgs/package.bash'
[2.234s] INFO:colcon.colcon_core.shell:Creating package script '/home/com9/uet_ws/install/ur_dashboard_msgs/share/ur_dashboard_msgs/package.zsh'
[2.234s] Level 1:colcon.colcon_core.environment:create_file_with_runtime_dependencies(/home/com9/uet_ws/install/ur_dashboard_msgs/share/colcon-core/packages/ur_dashboard_msgs)
[2.235s] Level 1:colcon.colcon_core.environment:create_environment_scripts_only(ur_dashboard_msgs)
[2.235s] Level 1:colcon.colcon_core.environment:checking '/home/com9/uet_ws/install/ur_dashboard_msgs' for CMake module files
[2.235s] Level 1:colcon.colcon_core.environment:checking '/home/com9/uet_ws/install/ur_dashboard_msgs' for CMake config files
[2.236s] Level 1:colcon.colcon_core.shell:create_environment_hook('ur_dashboard_msgs', 'cmake_prefix_path')
[2.236s] INFO:colcon.colcon_core.shell:Creating environment hook '/home/com9/uet_ws/install/ur_dashboard_msgs/share/ur_dashboard_msgs/hook/cmake_prefix_path.ps1'
[2.236s] INFO:colcon.colcon_core.shell:Creating environment descriptor '/home/com9/uet_ws/install/ur_dashboard_msgs/share/ur_dashboard_msgs/hook/cmake_prefix_path.dsv'
[2.236s] INFO:colcon.colcon_core.shell:Creating environment hook '/home/com9/uet_ws/install/ur_dashboard_msgs/share/ur_dashboard_msgs/hook/cmake_prefix_path.sh'
[2.237s] Level 1:colcon.colcon_core.environment:checking '/home/com9/uet_ws/install/ur_dashboard_msgs/lib'
[2.237s] Level 1:colcon.colcon_core.shell:create_environment_hook('ur_dashboard_msgs', 'ld_library_path_lib')
[2.237s] INFO:colcon.colcon_core.shell:Creating environment hook '/home/com9/uet_ws/install/ur_dashboard_msgs/share/ur_dashboard_msgs/hook/ld_library_path_lib.ps1'
[2.237s] INFO:colcon.colcon_core.shell:Creating environment descriptor '/home/com9/uet_ws/install/ur_dashboard_msgs/share/ur_dashboard_msgs/hook/ld_library_path_lib.dsv'
[2.237s] INFO:colcon.colcon_core.shell:Creating environment hook '/home/com9/uet_ws/install/ur_dashboard_msgs/share/ur_dashboard_msgs/hook/ld_library_path_lib.sh'
[2.237s] Level 1:colcon.colcon_core.environment:checking '/home/com9/uet_ws/install/ur_dashboard_msgs/bin'
[2.237s] Level 1:colcon.colcon_core.environment:checking '/home/com9/uet_ws/install/ur_dashboard_msgs/lib/pkgconfig/ur_dashboard_msgs.pc'
[2.237s] Level 1:colcon.colcon_core.environment:checking '/home/com9/uet_ws/install/ur_dashboard_msgs/lib/python3.10/site-packages'
[2.238s] Level 1:colcon.colcon_core.environment:checking '/home/com9/uet_ws/install/ur_dashboard_msgs/bin'
[2.238s] INFO:colcon.colcon_core.shell:Creating package script '/home/com9/uet_ws/install/ur_dashboard_msgs/share/ur_dashboard_msgs/package.ps1'
[2.238s] INFO:colcon.colcon_core.shell:Creating package descriptor '/home/com9/uet_ws/install/ur_dashboard_msgs/share/ur_dashboard_msgs/package.dsv'
[2.238s] INFO:colcon.colcon_core.shell:Creating package script '/home/com9/uet_ws/install/ur_dashboard_msgs/share/ur_dashboard_msgs/package.sh'
[2.239s] INFO:colcon.colcon_core.shell:Creating package script '/home/com9/uet_ws/install/ur_dashboard_msgs/share/ur_dashboard_msgs/package.bash'
[2.239s] INFO:colcon.colcon_core.shell:Creating package script '/home/com9/uet_ws/install/ur_dashboard_msgs/share/ur_dashboard_msgs/package.zsh'
[2.239s] Level 1:colcon.colcon_core.environment:create_file_with_runtime_dependencies(/home/com9/uet_ws/install/ur_dashboard_msgs/share/colcon-core/packages/ur_dashboard_msgs)
[2.239s] DEBUG:colcon.colcon_core.executor.sequential:run_until_complete 'ur_dashboard_msgs' finished with '0'
[2.239s] DEBUG:colcon.colcon_core.executor.sequential:run_until_complete 'ur_moveit_config'
[2.239s] INFO:colcon.colcon_ros.task.ament_cmake.build:Building ROS package in '/home/com9/uet_ws/src/Universal_Robots_ROS2_Driver/ur_moveit_config' with build type 'ament_cmake'
[2.239s] INFO:colcon.colcon_cmake.task.cmake.build:Building CMake package in '/home/com9/uet_ws/src/Universal_Robots_ROS2_Driver/ur_moveit_config'
[2.239s] INFO:colcon.colcon_core.shell:Skip shell extension 'powershell' for command environment: Not usable outside of PowerShell
[2.240s] DEBUG:colcon.colcon_core.shell:Skip shell extension 'dsv' for command environment
[2.244s] DEBUG:colcon.colcon_core.event_handler.log_command:Invoking command in '/home/com9/uet_ws/build/ur_moveit_config': CMAKE_PREFIX_PATH=${CMAKE_PREFIX_PATH}:/home/com9/uet_ws/install/susgrip_2f_hardware:/home/com9/uet_ws/install/susgrip_2f_gazebo:/home/com9/uet_ws/install/susgrip_2f_description:/home/com9/uet_ws/install/susgrip_2f_control:/opt/ros/humble /usr/bin/cmake --build /home/com9/uet_ws/build/ur_moveit_config
[2.442s] DEBUG:colcon.colcon_core.event_handler.log_command:Invoked command in '/home/com9/uet_ws/build/ur_moveit_config' returned '0': CMAKE_PREFIX_PATH=${CMAKE_PREFIX_PATH}:/home/com9/uet_ws/install/susgrip_2f_hardware:/home/com9/uet_ws/install/susgrip_2f_gazebo:/home/com9/uet_ws/install/susgrip_2f_description:/home/com9/uet_ws/install/susgrip_2f_control:/opt/ros/humble /usr/bin/cmake --build /home/com9/uet_ws/build/ur_moveit_config
[2.442s] DEBUG:colcon.colcon_core.event_handler.log_command:Invoking command in '/home/com9/uet_ws/build/ur_moveit_config': CMAKE_PREFIX_PATH=${CMAKE_PREFIX_PATH}:/home/com9/uet_ws/install/susgrip_2f_hardware:/home/com9/uet_ws/install/susgrip_2f_gazebo:/home/com9/uet_ws/install/susgrip_2f_description:/home/com9/uet_ws/install/susgrip_2f_control:/opt/ros/humble /usr/bin/cmake --install /home/com9/uet_ws/build/ur_moveit_config
[2.496s] Level 1:colcon.colcon_core.environment:create_environment_scripts_only(ur_moveit_config)
[2.497s] Level 1:colcon.colcon_core.environment:checking '/home/com9/uet_ws/install/ur_moveit_config' for CMake module files
[2.497s] DEBUG:colcon.colcon_core.event_handler.log_command:Invoked command in '/home/com9/uet_ws/build/ur_moveit_config' returned '0': CMAKE_PREFIX_PATH=${CMAKE_PREFIX_PATH}:/home/com9/uet_ws/install/susgrip_2f_hardware:/home/com9/uet_ws/install/susgrip_2f_gazebo:/home/com9/uet_ws/install/susgrip_2f_description:/home/com9/uet_ws/install/susgrip_2f_control:/opt/ros/humble /usr/bin/cmake --install /home/com9/uet_ws/build/ur_moveit_config
[2.497s] Level 1:colcon.colcon_core.environment:checking '/home/com9/uet_ws/install/ur_moveit_config' for CMake config files
[2.497s] Level 1:colcon.colcon_core.shell:create_environment_hook('ur_moveit_config', 'cmake_prefix_path')
[2.497s] INFO:colcon.colcon_core.shell:Creating environment hook '/home/com9/uet_ws/install/ur_moveit_config/share/ur_moveit_config/hook/cmake_prefix_path.ps1'
[2.498s] INFO:colcon.colcon_core.shell:Creating environment descriptor '/home/com9/uet_ws/install/ur_moveit_config/share/ur_moveit_config/hook/cmake_prefix_path.dsv'
[2.498s] INFO:colcon.colcon_core.shell:Creating environment hook '/home/com9/uet_ws/install/ur_moveit_config/share/ur_moveit_config/hook/cmake_prefix_path.sh'
[2.498s] Level 1:colcon.colcon_core.environment:checking '/home/com9/uet_ws/install/ur_moveit_config/bin'
[2.498s] Level 1:colcon.colcon_core.environment:checking '/home/com9/uet_ws/install/ur_moveit_config/lib/pkgconfig/ur_moveit_config.pc'
[2.498s] Level 1:colcon.colcon_core.environment:checking '/home/com9/uet_ws/install/ur_moveit_config/lib/python3.10/site-packages'
[2.499s] Level 1:colcon.colcon_core.environment:checking '/home/com9/uet_ws/install/ur_moveit_config/bin'
[2.499s] INFO:colcon.colcon_core.shell:Creating package script '/home/com9/uet_ws/install/ur_moveit_config/share/ur_moveit_config/package.ps1'
[2.499s] INFO:colcon.colcon_core.shell:Creating package descriptor '/home/com9/uet_ws/install/ur_moveit_config/share/ur_moveit_config/package.dsv'
[2.499s] INFO:colcon.colcon_core.shell:Creating package script '/home/com9/uet_ws/install/ur_moveit_config/share/ur_moveit_config/package.sh'
[2.499s] INFO:colcon.colcon_core.shell:Creating package script '/home/com9/uet_ws/install/ur_moveit_config/share/ur_moveit_config/package.bash'
[2.500s] INFO:colcon.colcon_core.shell:Creating package script '/home/com9/uet_ws/install/ur_moveit_config/share/ur_moveit_config/package.zsh'
[2.500s] Level 1:colcon.colcon_core.environment:create_file_with_runtime_dependencies(/home/com9/uet_ws/install/ur_moveit_config/share/colcon-core/packages/ur_moveit_config)
[2.500s] Level 1:colcon.colcon_core.environment:create_environment_scripts_only(ur_moveit_config)
[2.500s] Level 1:colcon.colcon_core.environment:checking '/home/com9/uet_ws/install/ur_moveit_config' for CMake module files
[2.500s] Level 1:colcon.colcon_core.environment:checking '/home/com9/uet_ws/install/ur_moveit_config' for CMake config files
[2.501s] Level 1:colcon.colcon_core.shell:create_environment_hook('ur_moveit_config', 'cmake_prefix_path')
[2.501s] INFO:colcon.colcon_core.shell:Creating environment hook '/home/com9/uet_ws/install/ur_moveit_config/share/ur_moveit_config/hook/cmake_prefix_path.ps1'
[2.501s] INFO:colcon.colcon_core.shell:Creating environment descriptor '/home/com9/uet_ws/install/ur_moveit_config/share/ur_moveit_config/hook/cmake_prefix_path.dsv'
[2.501s] INFO:colcon.colcon_core.shell:Creating environment hook '/home/com9/uet_ws/install/ur_moveit_config/share/ur_moveit_config/hook/cmake_prefix_path.sh'
[2.501s] Level 1:colcon.colcon_core.environment:checking '/home/com9/uet_ws/install/ur_moveit_config/bin'
[2.501s] Level 1:colcon.colcon_core.environment:checking '/home/com9/uet_ws/install/ur_moveit_config/lib/pkgconfig/ur_moveit_config.pc'
[2.501s] Level 1:colcon.colcon_core.environment:checking '/home/com9/uet_ws/install/ur_moveit_config/lib/python3.10/site-packages'
[2.502s] Level 1:colcon.colcon_core.environment:checking '/home/com9/uet_ws/install/ur_moveit_config/bin'
[2.502s] INFO:colcon.colcon_core.shell:Creating package script '/home/com9/uet_ws/install/ur_moveit_config/share/ur_moveit_config/package.ps1'
[2.502s] INFO:colcon.colcon_core.shell:Creating package descriptor '/home/com9/uet_ws/install/ur_moveit_config/share/ur_moveit_config/package.dsv'
[2.502s] INFO:colcon.colcon_core.shell:Creating package script '/home/com9/uet_ws/install/ur_moveit_config/share/ur_moveit_config/package.sh'
[2.503s] INFO:colcon.colcon_core.shell:Creating package script '/home/com9/uet_ws/install/ur_moveit_config/share/ur_moveit_config/package.bash'
[2.503s] INFO:colcon.colcon_core.shell:Creating package script '/home/com9/uet_ws/install/ur_moveit_config/share/ur_moveit_config/package.zsh'
[2.503s] Level 1:colcon.colcon_core.environment:create_file_with_runtime_dependencies(/home/com9/uet_ws/install/ur_moveit_config/share/colcon-core/packages/ur_moveit_config)
[2.503s] DEBUG:colcon.colcon_core.executor.sequential:run_until_complete 'ur_moveit_config' finished with '0'
[2.503s] DEBUG:colcon.colcon_core.executor.sequential:run_until_complete 'susgrip_2f_gazebo'
[2.503s] INFO:colcon.colcon_ros.task.ament_python.build:Building ROS package in '/home/com9/uet_ws/src/susgrip_2f/susgrip_2f_gazebo' with build type 'ament_python'
[2.503s] Level 1:colcon.colcon_core.shell:create_environment_hook('susgrip_2f_gazebo', 'ament_prefix_path')
[2.503s] INFO:colcon.colcon_core.shell:Creating environment hook '/home/com9/uet_ws/install/susgrip_2f_gazebo/share/susgrip_2f_gazebo/hook/ament_prefix_path.ps1'
[2.504s] INFO:colcon.colcon_core.shell:Creating environment descriptor '/home/com9/uet_ws/install/susgrip_2f_gazebo/share/susgrip_2f_gazebo/hook/ament_prefix_path.dsv'
[2.504s] INFO:colcon.colcon_core.shell:Creating environment hook '/home/com9/uet_ws/install/susgrip_2f_gazebo/share/susgrip_2f_gazebo/hook/ament_prefix_path.sh'
[2.504s] INFO:colcon.colcon_core.shell:Skip shell extension 'powershell' for command environment: Not usable outside of PowerShell
[2.504s] DEBUG:colcon.colcon_core.shell:Skip shell extension 'dsv' for command environment
[2.642s] INFO:colcon.colcon_core.task.python.build:Building Python package in '/home/com9/uet_ws/src/susgrip_2f/susgrip_2f_gazebo'
[2.643s] INFO:colcon.colcon_core.shell:Skip shell extension 'powershell' for command environment: Not usable outside of PowerShell
[2.643s] DEBUG:colcon.colcon_core.shell:Skip shell extension 'dsv' for command environment
[2.824s] DEBUG:colcon.colcon_core.task.python.build:Available setuptools commands: bdist_rpm, build_scripts, sdist, install_lib, upload, install_egg_info, build, rotate, compile_catalog, update_catalog, install, install_scripts, saveopts, bdist, install_headers, extract_messages, develop, egg_info, upload_docs, init_catalog, bdist_egg, build_ext, clean, check, setopt, symlink_data, alias, bdist_dumb, build_clib, build_py, install_data, register, easy_install, test, dist_info
[2.826s] DEBUG:colcon.colcon_core.event_handler.log_command:Invoking command in '/home/com9/uet_ws/src/susgrip_2f/susgrip_2f_gazebo': AMENT_PREFIX_PATH=/home/com9/uet_ws/install/susgrip_2f_description:/home/com9/uet_ws/install/ur_simulation_gz:/home/com9/uet_ws/install/ur:/home/com9/uet_ws/install/ur_calibration:/home/com9/uet_ws/install/ur_robot_driver:/home/com9/uet_ws/install/ur3_moveit_control:/home/com9/uet_ws/install/ur_moveit_config:/home/com9/uet_ws/install/ur_bringup:/home/com9/uet_ws/install/ur_controllers:/home/com9/uet_ws/install/ur_dashboard_msgs:/home/com9/uet_ws/install/susgrip_2f_hardware:/home/com9/uet_ws/install/susgrip_2f_gazebo:/home/com9/uet_ws/install/susgrip_2f_control:/opt/ros/humble PYTHONPATH=/home/com9/uet_ws/build/susgrip_2f_gazebo/prefix_override:/usr/lib/python3/dist-packages/colcon_core/task/python/colcon_distutils_commands:/home/com9/uet_ws/install/susgrip_2f_gazebo/lib/python3.10/site-packages:/home/com9/uet_ws/install/susgrip_2f_description/lib/python3.10/site-packages:/home/com9/uet_ws/install/ur_robot_driver/local/lib/python3.10/dist-packages:/home/com9/uet_ws/install/ur3_moveit_control/local/lib/python3.10/dist-packages:/home/com9/uet_ws/install/ur_moveit_config/local/lib/python3.10/dist-packages:/home/com9/uet_ws/install/ur_dashboard_msgs/local/lib/python3.10/dist-packages:/home/com9/uet_ws/install/susgrip_2f_hardware/lib/python3.10/site-packages:/home/com9/uet_ws/install/susgrip_2f_gazebo/lib/python3.10/site-packages:/home/com9/uet_ws/install/susgrip_2f_control/lib/python3.10/site-packages:/opt/ros/humble/lib/python3.10/site-packages:/opt/ros/humble/local/lib/python3.10/dist-packages /usr/bin/python3 -W ignore:setup.py install is deprecated -W ignore:easy_install command is deprecated setup.py egg_info --egg-base ../../../build/susgrip_2f_gazebo build --build-base /home/com9/uet_ws/build/susgrip_2f_gazebo/build install --record /home/com9/uet_ws/build/susgrip_2f_gazebo/install.log --install-scripts $base/lib/susgrip_2f_gazebo --single-version-externally-managed install_data
[2.973s] Level 1:colcon.colcon_core.environment:checking '/home/com9/uet_ws/install/susgrip_2f_gazebo' for CMake module files
[2.974s] DEBUG:colcon.colcon_core.event_handler.log_command:Invoked command in '/home/com9/uet_ws/src/susgrip_2f/susgrip_2f_gazebo' returned '0': AMENT_PREFIX_PATH=/home/com9/uet_ws/install/susgrip_2f_description:/home/com9/uet_ws/install/ur_simulation_gz:/home/com9/uet_ws/install/ur:/home/com9/uet_ws/install/ur_calibration:/home/com9/uet_ws/install/ur_robot_driver:/home/com9/uet_ws/install/ur3_moveit_control:/home/com9/uet_ws/install/ur_moveit_config:/home/com9/uet_ws/install/ur_bringup:/home/com9/uet_ws/install/ur_controllers:/home/com9/uet_ws/install/ur_dashboard_msgs:/home/com9/uet_ws/install/susgrip_2f_hardware:/home/com9/uet_ws/install/susgrip_2f_gazebo:/home/com9/uet_ws/install/susgrip_2f_control:/opt/ros/humble PYTHONPATH=/home/com9/uet_ws/build/susgrip_2f_gazebo/prefix_override:/usr/lib/python3/dist-packages/colcon_core/task/python/colcon_distutils_commands:/home/com9/uet_ws/install/susgrip_2f_gazebo/lib/python3.10/site-packages:/home/com9/uet_ws/install/susgrip_2f_description/lib/python3.10/site-packages:/home/com9/uet_ws/install/ur_robot_driver/local/lib/python3.10/dist-packages:/home/com9/uet_ws/install/ur3_moveit_control/local/lib/python3.10/dist-packages:/home/com9/uet_ws/install/ur_moveit_config/local/lib/python3.10/dist-packages:/home/com9/uet_ws/install/ur_dashboard_msgs/local/lib/python3.10/dist-packages:/home/com9/uet_ws/install/susgrip_2f_hardware/lib/python3.10/site-packages:/home/com9/uet_ws/install/susgrip_2f_gazebo/lib/python3.10/site-packages:/home/com9/uet_ws/install/susgrip_2f_control/lib/python3.10/site-packages:/opt/ros/humble/lib/python3.10/site-packages:/opt/ros/humble/local/lib/python3.10/dist-packages /usr/bin/python3 -W ignore:setup.py install is deprecated -W ignore:easy_install command is deprecated setup.py egg_info --egg-base ../../../build/susgrip_2f_gazebo build --build-base /home/com9/uet_ws/build/susgrip_2f_gazebo/build install --record /home/com9/uet_ws/build/susgrip_2f_gazebo/install.log --install-scripts $base/lib/susgrip_2f_gazebo --single-version-externally-managed install_data
[2.974s] Level 1:colcon.colcon_core.environment:checking '/home/com9/uet_ws/install/susgrip_2f_gazebo' for CMake config files
[2.974s] Level 1:colcon.colcon_core.environment:checking '/home/com9/uet_ws/install/susgrip_2f_gazebo/lib'
[2.974s] Level 1:colcon.colcon_core.environment:checking '/home/com9/uet_ws/install/susgrip_2f_gazebo/bin'
[2.974s] Level 1:colcon.colcon_core.environment:checking '/home/com9/uet_ws/install/susgrip_2f_gazebo/lib/pkgconfig/susgrip_2f_gazebo.pc'
[2.974s] Level 1:colcon.colcon_core.environment:checking '/home/com9/uet_ws/install/susgrip_2f_gazebo/lib/python3.10/site-packages'
[2.974s] Level 1:colcon.colcon_core.shell:create_environment_hook('susgrip_2f_gazebo', 'pythonpath')
[2.974s] INFO:colcon.colcon_core.shell:Creating environment hook '/home/com9/uet_ws/install/susgrip_2f_gazebo/share/susgrip_2f_gazebo/hook/pythonpath.ps1'
[2.975s] INFO:colcon.colcon_core.shell:Creating environment descriptor '/home/com9/uet_ws/install/susgrip_2f_gazebo/share/susgrip_2f_gazebo/hook/pythonpath.dsv'
[2.975s] INFO:colcon.colcon_core.shell:Creating environment hook '/home/com9/uet_ws/install/susgrip_2f_gazebo/share/susgrip_2f_gazebo/hook/pythonpath.sh'
[2.975s] Level 1:colcon.colcon_core.environment:checking '/home/com9/uet_ws/install/susgrip_2f_gazebo/bin'
[2.975s] Level 1:colcon.colcon_core.environment:create_environment_scripts_only(susgrip_2f_gazebo)
[2.975s] INFO:colcon.colcon_core.shell:Creating package script '/home/com9/uet_ws/install/susgrip_2f_gazebo/share/susgrip_2f_gazebo/package.ps1'
[2.976s] INFO:colcon.colcon_core.shell:Creating package descriptor '/home/com9/uet_ws/install/susgrip_2f_gazebo/share/susgrip_2f_gazebo/package.dsv'
[2.976s] INFO:colcon.colcon_core.shell:Creating package script '/home/com9/uet_ws/install/susgrip_2f_gazebo/share/susgrip_2f_gazebo/package.sh'
[2.976s] INFO:colcon.colcon_core.shell:Creating package script '/home/com9/uet_ws/install/susgrip_2f_gazebo/share/susgrip_2f_gazebo/package.bash'
[2.976s] INFO:colcon.colcon_core.shell:Creating package script '/home/com9/uet_ws/install/susgrip_2f_gazebo/share/susgrip_2f_gazebo/package.zsh'
[2.976s] Level 1:colcon.colcon_core.environment:create_file_with_runtime_dependencies(/home/com9/uet_ws/install/susgrip_2f_gazebo/share/colcon-core/packages/susgrip_2f_gazebo)
[2.976s] DEBUG:colcon.colcon_core.executor.sequential:run_until_complete 'susgrip_2f_gazebo' finished with '0'
[2.976s] DEBUG:colcon.colcon_core.executor.sequential:run_until_complete 'ur3_moveit_control'
[2.976s] INFO:colcon.colcon_ros.task.ament_cmake.build:Building ROS package in '/home/com9/uet_ws/src/ur3_moveit_control' with build type 'ament_cmake'
[2.976s] INFO:colcon.colcon_cmake.task.cmake.build:Building CMake package in '/home/com9/uet_ws/src/ur3_moveit_control'
[2.977s] INFO:colcon.colcon_core.shell:Skip shell extension 'powershell' for command environment: Not usable outside of PowerShell
[2.977s] DEBUG:colcon.colcon_core.shell:Skip shell extension 'dsv' for command environment
[2.983s] DEBUG:colcon.colcon_core.event_handler.log_command:Invoking command in '/home/com9/uet_ws/build/ur3_moveit_control': CMAKE_PREFIX_PATH=/home/com9/uet_ws/install/ur_moveit_config:/home/com9/uet_ws/install/ur_simulation_gz:/home/com9/uet_ws/install/ur:/home/com9/uet_ws/install/ur_calibration:/home/com9/uet_ws/install/ur_robot_driver:/home/com9/uet_ws/install/ur3_moveit_control:/home/com9/uet_ws/install/ur_bringup:/home/com9/uet_ws/install/ur_controllers:/home/com9/uet_ws/install/ur_dashboard_msgs:/home/com9/uet_ws/install/susgrip_2f_hardware:/home/com9/uet_ws/install/susgrip_2f_gazebo:/home/com9/uet_ws/install/susgrip_2f_description:/home/com9/uet_ws/install/susgrip_2f_control:/opt/ros/humble /usr/bin/cmake --build /home/com9/uet_ws/build/ur3_moveit_control
[3.435s] DEBUG:colcon.colcon_core.event_handler.log_command:Invoked command in '/home/com9/uet_ws/build/ur3_moveit_control' returned '0': CMAKE_PREFIX_PATH=/home/com9/uet_ws/install/ur_moveit_config:/home/com9/uet_ws/install/ur_simulation_gz:/home/com9/uet_ws/install/ur:/home/com9/uet_ws/install/ur_calibration:/home/com9/uet_ws/install/ur_robot_driver:/home/com9/uet_ws/install/ur3_moveit_control:/home/com9/uet_ws/install/ur_bringup:/home/com9/uet_ws/install/ur_controllers:/home/com9/uet_ws/install/ur_dashboard_msgs:/home/com9/uet_ws/install/susgrip_2f_hardware:/home/com9/uet_ws/install/susgrip_2f_gazebo:/home/com9/uet_ws/install/susgrip_2f_description:/home/com9/uet_ws/install/susgrip_2f_control:/opt/ros/humble /usr/bin/cmake --build /home/com9/uet_ws/build/ur3_moveit_control
[3.436s] DEBUG:colcon.colcon_core.event_handler.log_command:Invoking command in '/home/com9/uet_ws/build/ur3_moveit_control': CMAKE_PREFIX_PATH=/home/com9/uet_ws/install/ur_moveit_config:/home/com9/uet_ws/install/ur_simulation_gz:/home/com9/uet_ws/install/ur:/home/com9/uet_ws/install/ur_calibration:/home/com9/uet_ws/install/ur_robot_driver:/home/com9/uet_ws/install/ur3_moveit_control:/home/com9/uet_ws/install/ur_bringup:/home/com9/uet_ws/install/ur_controllers:/home/com9/uet_ws/install/ur_dashboard_msgs:/home/com9/uet_ws/install/susgrip_2f_hardware:/home/com9/uet_ws/install/susgrip_2f_gazebo:/home/com9/uet_ws/install/susgrip_2f_description:/home/com9/uet_ws/install/susgrip_2f_control:/opt/ros/humble /usr/bin/cmake --install /home/com9/uet_ws/build/ur3_moveit_control
[3.474s] Level 1:colcon.colcon_core.environment:create_environment_scripts_only(ur3_moveit_control)
[3.474s] DEBUG:colcon.colcon_core.event_handler.log_command:Invoked command in '/home/com9/uet_ws/build/ur3_moveit_control' returned '0': CMAKE_PREFIX_PATH=/home/com9/uet_ws/install/ur_moveit_config:/home/com9/uet_ws/install/ur_simulation_gz:/home/com9/uet_ws/install/ur:/home/com9/uet_ws/install/ur_calibration:/home/com9/uet_ws/install/ur_robot_driver:/home/com9/uet_ws/install/ur3_moveit_control:/home/com9/uet_ws/install/ur_bringup:/home/com9/uet_ws/install/ur_controllers:/home/com9/uet_ws/install/ur_dashboard_msgs:/home/com9/uet_ws/install/susgrip_2f_hardware:/home/com9/uet_ws/install/susgrip_2f_gazebo:/home/com9/uet_ws/install/susgrip_2f_description:/home/com9/uet_ws/install/susgrip_2f_control:/opt/ros/humble /usr/bin/cmake --install /home/com9/uet_ws/build/ur3_moveit_control
[3.474s] Level 1:colcon.colcon_core.environment:checking '/home/com9/uet_ws/install/ur3_moveit_control' for CMake module files
[3.475s] Level 1:colcon.colcon_core.environment:checking '/home/com9/uet_ws/install/ur3_moveit_control' for CMake config files
[3.475s] Level 1:colcon.colcon_core.shell:create_environment_hook('ur3_moveit_control', 'cmake_prefix_path')
[3.476s] INFO:colcon.colcon_core.shell:Creating environment hook '/home/com9/uet_ws/install/ur3_moveit_control/share/ur3_moveit_control/hook/cmake_prefix_path.ps1'
[3.476s] INFO:colcon.colcon_core.shell:Creating environment descriptor '/home/com9/uet_ws/install/ur3_moveit_control/share/ur3_moveit_control/hook/cmake_prefix_path.dsv'
[3.476s] INFO:colcon.colcon_core.shell:Creating environment hook '/home/com9/uet_ws/install/ur3_moveit_control/share/ur3_moveit_control/hook/cmake_prefix_path.sh'
[3.476s] Level 1:colcon.colcon_core.environment:checking '/home/com9/uet_ws/install/ur3_moveit_control/lib'
[3.476s] Level 1:colcon.colcon_core.shell:create_environment_hook('ur3_moveit_control', 'ld_library_path_lib')
[3.477s] INFO:colcon.colcon_core.shell:Creating environment hook '/home/com9/uet_ws/install/ur3_moveit_control/share/ur3_moveit_control/hook/ld_library_path_lib.ps1'
[3.477s] INFO:colcon.colcon_core.shell:Creating environment descriptor '/home/com9/uet_ws/install/ur3_moveit_control/share/ur3_moveit_control/hook/ld_library_path_lib.dsv'
[3.477s] INFO:colcon.colcon_core.shell:Creating environment hook '/home/com9/uet_ws/install/ur3_moveit_control/share/ur3_moveit_control/hook/ld_library_path_lib.sh'
[3.477s] Level 1:colcon.colcon_core.environment:checking '/home/com9/uet_ws/install/ur3_moveit_control/bin'
[3.477s] Level 1:colcon.colcon_core.environment:checking '/home/com9/uet_ws/install/ur3_moveit_control/lib/pkgconfig/ur3_moveit_control.pc'
[3.477s] Level 1:colcon.colcon_core.environment:checking '/home/com9/uet_ws/install/ur3_moveit_control/lib/python3.10/site-packages'
[3.477s] Level 1:colcon.colcon_core.environment:checking '/home/com9/uet_ws/install/ur3_moveit_control/bin'
[3.478s] INFO:colcon.colcon_core.shell:Creating package script '/home/com9/uet_ws/install/ur3_moveit_control/share/ur3_moveit_control/package.ps1'
[3.478s] INFO:colcon.colcon_core.shell:Creating package descriptor '/home/com9/uet_ws/install/ur3_moveit_control/share/ur3_moveit_control/package.dsv'
[3.478s] INFO:colcon.colcon_core.shell:Creating package script '/home/com9/uet_ws/install/ur3_moveit_control/share/ur3_moveit_control/package.sh'
[3.478s] INFO:colcon.colcon_core.shell:Creating package script '/home/com9/uet_ws/install/ur3_moveit_control/share/ur3_moveit_control/package.bash'
[3.479s] INFO:colcon.colcon_core.shell:Creating package script '/home/com9/uet_ws/install/ur3_moveit_control/share/ur3_moveit_control/package.zsh'
[3.479s] Level 1:colcon.colcon_core.environment:create_file_with_runtime_dependencies(/home/com9/uet_ws/install/ur3_moveit_control/share/colcon-core/packages/ur3_moveit_control)
[3.479s] Level 1:colcon.colcon_core.environment:create_environment_scripts_only(ur3_moveit_control)
[3.479s] Level 1:colcon.colcon_core.environment:checking '/home/com9/uet_ws/install/ur3_moveit_control' for CMake module files
[3.480s] Level 1:colcon.colcon_core.environment:checking '/home/com9/uet_ws/install/ur3_moveit_control' for CMake config files
[3.480s] Level 1:colcon.colcon_core.shell:create_environment_hook('ur3_moveit_control', 'cmake_prefix_path')
[3.480s] INFO:colcon.colcon_core.shell:Creating environment hook '/home/com9/uet_ws/install/ur3_moveit_control/share/ur3_moveit_control/hook/cmake_prefix_path.ps1'
[3.480s] INFO:colcon.colcon_core.shell:Creating environment descriptor '/home/com9/uet_ws/install/ur3_moveit_control/share/ur3_moveit_control/hook/cmake_prefix_path.dsv'
[3.480s] INFO:colcon.colcon_core.shell:Creating environment hook '/home/com9/uet_ws/install/ur3_moveit_control/share/ur3_moveit_control/hook/cmake_prefix_path.sh'
[3.481s] Level 1:colcon.colcon_core.environment:checking '/home/com9/uet_ws/install/ur3_moveit_control/lib'
[3.481s] Level 1:colcon.colcon_core.shell:create_environment_hook('ur3_moveit_control', 'ld_library_path_lib')
[3.481s] INFO:colcon.colcon_core.shell:Creating environment hook '/home/com9/uet_ws/install/ur3_moveit_control/share/ur3_moveit_control/hook/ld_library_path_lib.ps1'
[3.481s] INFO:colcon.colcon_core.shell:Creating environment descriptor '/home/com9/uet_ws/install/ur3_moveit_control/share/ur3_moveit_control/hook/ld_library_path_lib.dsv'
[3.481s] INFO:colcon.colcon_core.shell:Creating environment hook '/home/com9/uet_ws/install/ur3_moveit_control/share/ur3_moveit_control/hook/ld_library_path_lib.sh'
[3.481s] Level 1:colcon.colcon_core.environment:checking '/home/com9/uet_ws/install/ur3_moveit_control/bin'
[3.481s] Level 1:colcon.colcon_core.environment:checking '/home/com9/uet_ws/install/ur3_moveit_control/lib/pkgconfig/ur3_moveit_control.pc'
[3.482s] Level 1:colcon.colcon_core.environment:checking '/home/com9/uet_ws/install/ur3_moveit_control/lib/python3.10/site-packages'
[3.482s] Level 1:colcon.colcon_core.environment:checking '/home/com9/uet_ws/install/ur3_moveit_control/bin'
[3.482s] INFO:colcon.colcon_core.shell:Creating package script '/home/com9/uet_ws/install/ur3_moveit_control/share/ur3_moveit_control/package.ps1'
[3.483s] INFO:colcon.colcon_core.shell:Creating package descriptor '/home/com9/uet_ws/install/ur3_moveit_control/share/ur3_moveit_control/package.dsv'
[3.483s] INFO:colcon.colcon_core.shell:Creating package script '/home/com9/uet_ws/install/ur3_moveit_control/share/ur3_moveit_control/package.sh'
[3.483s] INFO:colcon.colcon_core.shell:Creating package script '/home/com9/uet_ws/install/ur3_moveit_control/share/ur3_moveit_control/package.bash'
[3.483s] INFO:colcon.colcon_core.shell:Creating package script '/home/com9/uet_ws/install/ur3_moveit_control/share/ur3_moveit_control/package.zsh'
[3.483s] Level 1:colcon.colcon_core.environment:create_file_with_runtime_dependencies(/home/com9/uet_ws/install/ur3_moveit_control/share/colcon-core/packages/ur3_moveit_control)
[3.484s] DEBUG:colcon.colcon_core.executor.sequential:run_until_complete 'ur3_moveit_control' finished with '0'
[3.484s] DEBUG:colcon.colcon_core.executor.sequential:run_until_complete 'ur_controllers'
[3.484s] INFO:colcon.colcon_ros.task.ament_cmake.build:Building ROS package in '/home/com9/uet_ws/src/Universal_Robots_ROS2_Driver/ur_controllers' with build type 'ament_cmake'
[3.484s] INFO:colcon.colcon_cmake.task.cmake.build:Building CMake package in '/home/com9/uet_ws/src/Universal_Robots_ROS2_Driver/ur_controllers'
[3.484s] INFO:colcon.colcon_core.shell:Skip shell extension 'powershell' for command environment: Not usable outside of PowerShell
[3.484s] DEBUG:colcon.colcon_core.shell:Skip shell extension 'dsv' for command environment
[3.491s] DEBUG:colcon.colcon_core.event_handler.log_command:Invoking command in '/home/com9/uet_ws/build/ur_controllers': CMAKE_PREFIX_PATH=/home/com9/uet_ws/install/ur_dashboard_msgs:/home/com9/uet_ws/install/ur_simulation_gz:/home/com9/uet_ws/install/ur:/home/com9/uet_ws/install/ur_calibration:/home/com9/uet_ws/install/ur_robot_driver:/home/com9/uet_ws/install/ur3_moveit_control:/home/com9/uet_ws/install/ur_moveit_config:/home/com9/uet_ws/install/ur_bringup:/home/com9/uet_ws/install/ur_controllers:/home/com9/uet_ws/install/susgrip_2f_hardware:/home/com9/uet_ws/install/susgrip_2f_gazebo:/home/com9/uet_ws/install/susgrip_2f_description:/home/com9/uet_ws/install/susgrip_2f_control:/opt/ros/humble LD_LIBRARY_PATH=/home/com9/uet_ws/install/ur_dashboard_msgs/lib:/home/com9/uet_ws/install/ur_robot_driver/lib:/home/com9/uet_ws/install/ur3_moveit_control/lib:/home/com9/uet_ws/install/ur_controllers/lib:/opt/ros/humble/opt/rviz_ogre_vendor/lib:/opt/ros/humble/lib/x86_64-linux-gnu:/opt/ros/humble/lib /usr/bin/cmake --build /home/com9/uet_ws/build/ur_controllers
[3.794s] DEBUG:colcon.colcon_core.event_handler.log_command:Invoked command in '/home/com9/uet_ws/build/ur_controllers' returned '0': CMAKE_PREFIX_PATH=/home/com9/uet_ws/install/ur_dashboard_msgs:/home/com9/uet_ws/install/ur_simulation_gz:/home/com9/uet_ws/install/ur:/home/com9/uet_ws/install/ur_calibration:/home/com9/uet_ws/install/ur_robot_driver:/home/com9/uet_ws/install/ur3_moveit_control:/home/com9/uet_ws/install/ur_moveit_config:/home/com9/uet_ws/install/ur_bringup:/home/com9/uet_ws/install/ur_controllers:/home/com9/uet_ws/install/susgrip_2f_hardware:/home/com9/uet_ws/install/susgrip_2f_gazebo:/home/com9/uet_ws/install/susgrip_2f_description:/home/com9/uet_ws/install/susgrip_2f_control:/opt/ros/humble LD_LIBRARY_PATH=/home/com9/uet_ws/install/ur_dashboard_msgs/lib:/home/com9/uet_ws/install/ur_robot_driver/lib:/home/com9/uet_ws/install/ur3_moveit_control/lib:/home/com9/uet_ws/install/ur_controllers/lib:/opt/ros/humble/opt/rviz_ogre_vendor/lib:/opt/ros/humble/lib/x86_64-linux-gnu:/opt/ros/humble/lib /usr/bin/cmake --build /home/com9/uet_ws/build/ur_controllers
[3.795s] DEBUG:colcon.colcon_core.event_handler.log_command:Invoking command in '/home/com9/uet_ws/build/ur_controllers': CMAKE_PREFIX_PATH=/home/com9/uet_ws/install/ur_dashboard_msgs:/home/com9/uet_ws/install/ur_simulation_gz:/home/com9/uet_ws/install/ur:/home/com9/uet_ws/install/ur_calibration:/home/com9/uet_ws/install/ur_robot_driver:/home/com9/uet_ws/install/ur3_moveit_control:/home/com9/uet_ws/install/ur_moveit_config:/home/com9/uet_ws/install/ur_bringup:/home/com9/uet_ws/install/ur_controllers:/home/com9/uet_ws/install/susgrip_2f_hardware:/home/com9/uet_ws/install/susgrip_2f_gazebo:/home/com9/uet_ws/install/susgrip_2f_description:/home/com9/uet_ws/install/susgrip_2f_control:/opt/ros/humble LD_LIBRARY_PATH=/home/com9/uet_ws/install/ur_dashboard_msgs/lib:/home/com9/uet_ws/install/ur_robot_driver/lib:/home/com9/uet_ws/install/ur3_moveit_control/lib:/home/com9/uet_ws/install/ur_controllers/lib:/opt/ros/humble/opt/rviz_ogre_vendor/lib:/opt/ros/humble/lib/x86_64-linux-gnu:/opt/ros/humble/lib /usr/bin/cmake --install /home/com9/uet_ws/build/ur_controllers
[3.802s] Level 1:colcon.colcon_core.environment:create_environment_scripts_only(ur_controllers)
[3.802s] Level 1:colcon.colcon_core.environment:checking '/home/com9/uet_ws/install/ur_controllers' for CMake module files
[3.803s] Level 1:colcon.colcon_core.environment:checking '/home/com9/uet_ws/install/ur_controllers' for CMake config files
[3.804s] DEBUG:colcon.colcon_core.event_handler.log_command:Invoked command in '/home/com9/uet_ws/build/ur_controllers' returned '0': CMAKE_PREFIX_PATH=/home/com9/uet_ws/install/ur_dashboard_msgs:/home/com9/uet_ws/install/ur_simulation_gz:/home/com9/uet_ws/install/ur:/home/com9/uet_ws/install/ur_calibration:/home/com9/uet_ws/install/ur_robot_driver:/home/com9/uet_ws/install/ur3_moveit_control:/home/com9/uet_ws/install/ur_moveit_config:/home/com9/uet_ws/install/ur_bringup:/home/com9/uet_ws/install/ur_controllers:/home/com9/uet_ws/install/susgrip_2f_hardware:/home/com9/uet_ws/install/susgrip_2f_gazebo:/home/com9/uet_ws/install/susgrip_2f_description:/home/com9/uet_ws/install/susgrip_2f_control:/opt/ros/humble LD_LIBRARY_PATH=/home/com9/uet_ws/install/ur_dashboard_msgs/lib:/home/com9/uet_ws/install/ur_robot_driver/lib:/home/com9/uet_ws/install/ur3_moveit_control/lib:/home/com9/uet_ws/install/ur_controllers/lib:/opt/ros/humble/opt/rviz_ogre_vendor/lib:/opt/ros/humble/lib/x86_64-linux-gnu:/opt/ros/humble/lib /usr/bin/cmake --install /home/com9/uet_ws/build/ur_controllers
[3.804s] Level 1:colcon.colcon_core.shell:create_environment_hook('ur_controllers', 'cmake_prefix_path')
[3.804s] INFO:colcon.colcon_core.shell:Creating environment hook '/home/com9/uet_ws/install/ur_controllers/share/ur_controllers/hook/cmake_prefix_path.ps1'
[3.805s] INFO:colcon.colcon_core.shell:Creating environment descriptor '/home/com9/uet_ws/install/ur_controllers/share/ur_controllers/hook/cmake_prefix_path.dsv'
[3.805s] INFO:colcon.colcon_core.shell:Creating environment hook '/home/com9/uet_ws/install/ur_controllers/share/ur_controllers/hook/cmake_prefix_path.sh'
[3.805s] Level 1:colcon.colcon_core.environment:checking '/home/com9/uet_ws/install/ur_controllers/lib'
[3.805s] Level 1:colcon.colcon_core.shell:create_environment_hook('ur_controllers', 'ld_library_path_lib')
[3.805s] INFO:colcon.colcon_core.shell:Creating environment hook '/home/com9/uet_ws/install/ur_controllers/share/ur_controllers/hook/ld_library_path_lib.ps1'
[3.805s] INFO:colcon.colcon_core.shell:Creating environment descriptor '/home/com9/uet_ws/install/ur_controllers/share/ur_controllers/hook/ld_library_path_lib.dsv'
[3.806s] INFO:colcon.colcon_core.shell:Creating environment hook '/home/com9/uet_ws/install/ur_controllers/share/ur_controllers/hook/ld_library_path_lib.sh'
[3.806s] Level 1:colcon.colcon_core.environment:checking '/home/com9/uet_ws/install/ur_controllers/bin'
[3.806s] Level 1:colcon.colcon_core.environment:checking '/home/com9/uet_ws/install/ur_controllers/lib/pkgconfig/ur_controllers.pc'
[3.806s] Level 1:colcon.colcon_core.environment:checking '/home/com9/uet_ws/install/ur_controllers/lib/python3.10/site-packages'
[3.806s] Level 1:colcon.colcon_core.environment:checking '/home/com9/uet_ws/install/ur_controllers/bin'
[3.806s] INFO:colcon.colcon_core.shell:Creating package script '/home/com9/uet_ws/install/ur_controllers/share/ur_controllers/package.ps1'
[3.807s] INFO:colcon.colcon_core.shell:Creating package descriptor '/home/com9/uet_ws/install/ur_controllers/share/ur_controllers/package.dsv'
[3.807s] INFO:colcon.colcon_core.shell:Creating package script '/home/com9/uet_ws/install/ur_controllers/share/ur_controllers/package.sh'
[3.807s] INFO:colcon.colcon_core.shell:Creating package script '/home/com9/uet_ws/install/ur_controllers/share/ur_controllers/package.bash'
[3.807s] INFO:colcon.colcon_core.shell:Creating package script '/home/com9/uet_ws/install/ur_controllers/share/ur_controllers/package.zsh'
[3.807s] Level 1:colcon.colcon_core.environment:create_file_with_runtime_dependencies(/home/com9/uet_ws/install/ur_controllers/share/colcon-core/packages/ur_controllers)
[3.808s] Level 1:colcon.colcon_core.environment:create_environment_scripts_only(ur_controllers)
[3.808s] Level 1:colcon.colcon_core.environment:checking '/home/com9/uet_ws/install/ur_controllers' for CMake module files
[3.808s] Level 1:colcon.colcon_core.environment:checking '/home/com9/uet_ws/install/ur_controllers' for CMake config files
[3.808s] Level 1:colcon.colcon_core.shell:create_environment_hook('ur_controllers', 'cmake_prefix_path')
[3.808s] INFO:colcon.colcon_core.shell:Creating environment hook '/home/com9/uet_ws/install/ur_controllers/share/ur_controllers/hook/cmake_prefix_path.ps1'
[3.808s] INFO:colcon.colcon_core.shell:Creating environment descriptor '/home/com9/uet_ws/install/ur_controllers/share/ur_controllers/hook/cmake_prefix_path.dsv'
[3.809s] INFO:colcon.colcon_core.shell:Creating environment hook '/home/com9/uet_ws/install/ur_controllers/share/ur_controllers/hook/cmake_prefix_path.sh'
[3.809s] Level 1:colcon.colcon_core.environment:checking '/home/com9/uet_ws/install/ur_controllers/lib'
[3.809s] Level 1:colcon.colcon_core.shell:create_environment_hook('ur_controllers', 'ld_library_path_lib')
[3.809s] INFO:colcon.colcon_core.shell:Creating environment hook '/home/com9/uet_ws/install/ur_controllers/share/ur_controllers/hook/ld_library_path_lib.ps1'
[3.809s] INFO:colcon.colcon_core.shell:Creating environment descriptor '/home/com9/uet_ws/install/ur_controllers/share/ur_controllers/hook/ld_library_path_lib.dsv'
[3.809s] INFO:colcon.colcon_core.shell:Creating environment hook '/home/com9/uet_ws/install/ur_controllers/share/ur_controllers/hook/ld_library_path_lib.sh'
[3.809s] Level 1:colcon.colcon_core.environment:checking '/home/com9/uet_ws/install/ur_controllers/bin'
[3.810s] Level 1:colcon.colcon_core.environment:checking '/home/com9/uet_ws/install/ur_controllers/lib/pkgconfig/ur_controllers.pc'
[3.810s] Level 1:colcon.colcon_core.environment:checking '/home/com9/uet_ws/install/ur_controllers/lib/python3.10/site-packages'
[3.810s] Level 1:colcon.colcon_core.environment:checking '/home/com9/uet_ws/install/ur_controllers/bin'
[3.810s] INFO:colcon.colcon_core.shell:Creating package script '/home/com9/uet_ws/install/ur_controllers/share/ur_controllers/package.ps1'
[3.810s] INFO:colcon.colcon_core.shell:Creating package descriptor '/home/com9/uet_ws/install/ur_controllers/share/ur_controllers/package.dsv'
[3.811s] INFO:colcon.colcon_core.shell:Creating package script '/home/com9/uet_ws/install/ur_controllers/share/ur_controllers/package.sh'
[3.811s] INFO:colcon.colcon_core.shell:Creating package script '/home/com9/uet_ws/install/ur_controllers/share/ur_controllers/package.bash'
[3.811s] INFO:colcon.colcon_core.shell:Creating package script '/home/com9/uet_ws/install/ur_controllers/share/ur_controllers/package.zsh'
[3.811s] Level 1:colcon.colcon_core.environment:create_file_with_runtime_dependencies(/home/com9/uet_ws/install/ur_controllers/share/colcon-core/packages/ur_controllers)
[3.811s] DEBUG:colcon.colcon_core.executor.sequential:run_until_complete 'ur_controllers' finished with '0'
[3.811s] DEBUG:colcon.colcon_core.executor.sequential:run_until_complete 'ur_bringup'
[3.811s] INFO:colcon.colcon_ros.task.ament_cmake.build:Building ROS package in '/home/com9/uet_ws/src/Universal_Robots_ROS2_Driver/ur_bringup' with build type 'ament_cmake'
[3.811s] INFO:colcon.colcon_cmake.task.cmake.build:Building CMake package in '/home/com9/uet_ws/src/Universal_Robots_ROS2_Driver/ur_bringup'
[3.812s] INFO:colcon.colcon_core.shell:Skip shell extension 'powershell' for command environment: Not usable outside of PowerShell
[3.812s] DEBUG:colcon.colcon_core.shell:Skip shell extension 'dsv' for command environment
[3.820s] DEBUG:colcon.colcon_core.event_handler.log_command:Invoking command in '/home/com9/uet_ws/build/ur_bringup': CMAKE_PREFIX_PATH=/home/com9/uet_ws/install/ur_controllers:/home/com9/uet_ws/install/ur_dashboard_msgs:/home/com9/uet_ws/install/ur_simulation_gz:/home/com9/uet_ws/install/ur:/home/com9/uet_ws/install/ur_calibration:/home/com9/uet_ws/install/ur_robot_driver:/home/com9/uet_ws/install/ur3_moveit_control:/home/com9/uet_ws/install/ur_moveit_config:/home/com9/uet_ws/install/ur_bringup:/home/com9/uet_ws/install/susgrip_2f_hardware:/home/com9/uet_ws/install/susgrip_2f_gazebo:/home/com9/uet_ws/install/susgrip_2f_description:/home/com9/uet_ws/install/susgrip_2f_control:/opt/ros/humble LD_LIBRARY_PATH=/home/com9/uet_ws/install/ur_controllers/lib:/home/com9/uet_ws/install/ur_dashboard_msgs/lib:/home/com9/uet_ws/install/ur_robot_driver/lib:/home/com9/uet_ws/install/ur3_moveit_control/lib:/opt/ros/humble/opt/rviz_ogre_vendor/lib:/opt/ros/humble/lib/x86_64-linux-gnu:/opt/ros/humble/lib /usr/bin/cmake --build /home/com9/uet_ws/build/ur_bringup
[3.844s] DEBUG:colcon.colcon_core.event_handler.log_command:Invoked command in '/home/com9/uet_ws/build/ur_bringup' returned '0': CMAKE_PREFIX_PATH=/home/com9/uet_ws/install/ur_controllers:/home/com9/uet_ws/install/ur_dashboard_msgs:/home/com9/uet_ws/install/ur_simulation_gz:/home/com9/uet_ws/install/ur:/home/com9/uet_ws/install/ur_calibration:/home/com9/uet_ws/install/ur_robot_driver:/home/com9/uet_ws/install/ur3_moveit_control:/home/com9/uet_ws/install/ur_moveit_config:/home/com9/uet_ws/install/ur_bringup:/home/com9/uet_ws/install/susgrip_2f_hardware:/home/com9/uet_ws/install/susgrip_2f_gazebo:/home/com9/uet_ws/install/susgrip_2f_description:/home/com9/uet_ws/install/susgrip_2f_control:/opt/ros/humble LD_LIBRARY_PATH=/home/com9/uet_ws/install/ur_controllers/lib:/home/com9/uet_ws/install/ur_dashboard_msgs/lib:/home/com9/uet_ws/install/ur_robot_driver/lib:/home/com9/uet_ws/install/ur3_moveit_control/lib:/opt/ros/humble/opt/rviz_ogre_vendor/lib:/opt/ros/humble/lib/x86_64-linux-gnu:/opt/ros/humble/lib /usr/bin/cmake --build /home/com9/uet_ws/build/ur_bringup
[3.845s] DEBUG:colcon.colcon_core.event_handler.log_command:Invoking command in '/home/com9/uet_ws/build/ur_bringup': CMAKE_PREFIX_PATH=/home/com9/uet_ws/install/ur_controllers:/home/com9/uet_ws/install/ur_dashboard_msgs:/home/com9/uet_ws/install/ur_simulation_gz:/home/com9/uet_ws/install/ur:/home/com9/uet_ws/install/ur_calibration:/home/com9/uet_ws/install/ur_robot_driver:/home/com9/uet_ws/install/ur3_moveit_control:/home/com9/uet_ws/install/ur_moveit_config:/home/com9/uet_ws/install/ur_bringup:/home/com9/uet_ws/install/susgrip_2f_hardware:/home/com9/uet_ws/install/susgrip_2f_gazebo:/home/com9/uet_ws/install/susgrip_2f_description:/home/com9/uet_ws/install/susgrip_2f_control:/opt/ros/humble LD_LIBRARY_PATH=/home/com9/uet_ws/install/ur_controllers/lib:/home/com9/uet_ws/install/ur_dashboard_msgs/lib:/home/com9/uet_ws/install/ur_robot_driver/lib:/home/com9/uet_ws/install/ur3_moveit_control/lib:/opt/ros/humble/opt/rviz_ogre_vendor/lib:/opt/ros/humble/lib/x86_64-linux-gnu:/opt/ros/humble/lib /usr/bin/cmake --install /home/com9/uet_ws/build/ur_bringup
[3.853s] Level 1:colcon.colcon_core.environment:create_environment_scripts_only(ur_bringup)
[3.853s] DEBUG:colcon.colcon_core.event_handler.log_command:Invoked command in '/home/com9/uet_ws/build/ur_bringup' returned '0': CMAKE_PREFIX_PATH=/home/com9/uet_ws/install/ur_controllers:/home/com9/uet_ws/install/ur_dashboard_msgs:/home/com9/uet_ws/install/ur_simulation_gz:/home/com9/uet_ws/install/ur:/home/com9/uet_ws/install/ur_calibration:/home/com9/uet_ws/install/ur_robot_driver:/home/com9/uet_ws/install/ur3_moveit_control:/home/com9/uet_ws/install/ur_moveit_config:/home/com9/uet_ws/install/ur_bringup:/home/com9/uet_ws/install/susgrip_2f_hardware:/home/com9/uet_ws/install/susgrip_2f_gazebo:/home/com9/uet_ws/install/susgrip_2f_description:/home/com9/uet_ws/install/susgrip_2f_control:/opt/ros/humble LD_LIBRARY_PATH=/home/com9/uet_ws/install/ur_controllers/lib:/home/com9/uet_ws/install/ur_dashboard_msgs/lib:/home/com9/uet_ws/install/ur_robot_driver/lib:/home/com9/uet_ws/install/ur3_moveit_control/lib:/opt/ros/humble/opt/rviz_ogre_vendor/lib:/opt/ros/humble/lib/x86_64-linux-gnu:/opt/ros/humble/lib /usr/bin/cmake --install /home/com9/uet_ws/build/ur_bringup
[3.853s] Level 1:colcon.colcon_core.environment:checking '/home/com9/uet_ws/install/ur_bringup' for CMake module files
[3.853s] Level 1:colcon.colcon_core.environment:checking '/home/com9/uet_ws/install/ur_bringup' for CMake config files
[3.854s] Level 1:colcon.colcon_core.shell:create_environment_hook('ur_bringup', 'cmake_prefix_path')
[3.854s] INFO:colcon.colcon_core.shell:Creating environment hook '/home/com9/uet_ws/install/ur_bringup/share/ur_bringup/hook/cmake_prefix_path.ps1'
[3.854s] INFO:colcon.colcon_core.shell:Creating environment descriptor '/home/com9/uet_ws/install/ur_bringup/share/ur_bringup/hook/cmake_prefix_path.dsv'
[3.854s] INFO:colcon.colcon_core.shell:Creating environment hook '/home/com9/uet_ws/install/ur_bringup/share/ur_bringup/hook/cmake_prefix_path.sh'
[3.854s] Level 1:colcon.colcon_core.environment:checking '/home/com9/uet_ws/install/ur_bringup/lib'
[3.854s] Level 1:colcon.colcon_core.environment:checking '/home/com9/uet_ws/install/ur_bringup/bin'
[3.855s] Level 1:colcon.colcon_core.environment:checking '/home/com9/uet_ws/install/ur_bringup/lib/pkgconfig/ur_bringup.pc'
[3.855s] Level 1:colcon.colcon_core.environment:checking '/home/com9/uet_ws/install/ur_bringup/lib/python3.10/site-packages'
[3.855s] Level 1:colcon.colcon_core.environment:checking '/home/com9/uet_ws/install/ur_bringup/bin'
[3.855s] INFO:colcon.colcon_core.shell:Creating package script '/home/com9/uet_ws/install/ur_bringup/share/ur_bringup/package.ps1'
[3.855s] INFO:colcon.colcon_core.shell:Creating package descriptor '/home/com9/uet_ws/install/ur_bringup/share/ur_bringup/package.dsv'
[3.856s] INFO:colcon.colcon_core.shell:Creating package script '/home/com9/uet_ws/install/ur_bringup/share/ur_bringup/package.sh'
[3.856s] INFO:colcon.colcon_core.shell:Creating package script '/home/com9/uet_ws/install/ur_bringup/share/ur_bringup/package.bash'
[3.856s] INFO:colcon.colcon_core.shell:Creating package script '/home/com9/uet_ws/install/ur_bringup/share/ur_bringup/package.zsh'
[3.856s] Level 1:colcon.colcon_core.environment:create_file_with_runtime_dependencies(/home/com9/uet_ws/install/ur_bringup/share/colcon-core/packages/ur_bringup)
[3.856s] Level 1:colcon.colcon_core.environment:create_environment_scripts_only(ur_bringup)
[3.857s] Level 1:colcon.colcon_core.environment:checking '/home/com9/uet_ws/install/ur_bringup' for CMake module files
[3.857s] Level 1:colcon.colcon_core.environment:checking '/home/com9/uet_ws/install/ur_bringup' for CMake config files
[3.857s] Level 1:colcon.colcon_core.shell:create_environment_hook('ur_bringup', 'cmake_prefix_path')
[3.857s] INFO:colcon.colcon_core.shell:Creating environment hook '/home/com9/uet_ws/install/ur_bringup/share/ur_bringup/hook/cmake_prefix_path.ps1'
[3.857s] INFO:colcon.colcon_core.shell:Creating environment descriptor '/home/com9/uet_ws/install/ur_bringup/share/ur_bringup/hook/cmake_prefix_path.dsv'
[3.857s] INFO:colcon.colcon_core.shell:Creating environment hook '/home/com9/uet_ws/install/ur_bringup/share/ur_bringup/hook/cmake_prefix_path.sh'
[3.858s] Level 1:colcon.colcon_core.environment:checking '/home/com9/uet_ws/install/ur_bringup/lib'
[3.858s] Level 1:colcon.colcon_core.environment:checking '/home/com9/uet_ws/install/ur_bringup/bin'
[3.858s] Level 1:colcon.colcon_core.environment:checking '/home/com9/uet_ws/install/ur_bringup/lib/pkgconfig/ur_bringup.pc'
[3.858s] Level 1:colcon.colcon_core.environment:checking '/home/com9/uet_ws/install/ur_bringup/lib/python3.10/site-packages'
[3.858s] Level 1:colcon.colcon_core.environment:checking '/home/com9/uet_ws/install/ur_bringup/bin'
[3.858s] INFO:colcon.colcon_core.shell:Creating package script '/home/com9/uet_ws/install/ur_bringup/share/ur_bringup/package.ps1'
[3.859s] INFO:colcon.colcon_core.shell:Creating package descriptor '/home/com9/uet_ws/install/ur_bringup/share/ur_bringup/package.dsv'
[3.859s] INFO:colcon.colcon_core.shell:Creating package script '/home/com9/uet_ws/install/ur_bringup/share/ur_bringup/package.sh'
[3.859s] INFO:colcon.colcon_core.shell:Creating package script '/home/com9/uet_ws/install/ur_bringup/share/ur_bringup/package.bash'
[3.859s] INFO:colcon.colcon_core.shell:Creating package script '/home/com9/uet_ws/install/ur_bringup/share/ur_bringup/package.zsh'
[3.860s] Level 1:colcon.colcon_core.environment:create_file_with_runtime_dependencies(/home/com9/uet_ws/install/ur_bringup/share/colcon-core/packages/ur_bringup)
[3.860s] DEBUG:colcon.colcon_core.executor.sequential:run_until_complete 'ur_bringup' finished with '0'
[3.860s] DEBUG:colcon.colcon_core.executor.sequential:run_until_complete 'ur_robot_driver'
[3.860s] INFO:colcon.colcon_ros.task.ament_cmake.build:Building ROS package in '/home/com9/uet_ws/src/Universal_Robots_ROS2_Driver/ur_robot_driver' with build type 'ament_cmake'
[3.860s] INFO:colcon.colcon_cmake.task.cmake.build:Building CMake package in '/home/com9/uet_ws/src/Universal_Robots_ROS2_Driver/ur_robot_driver'
[3.860s] INFO:colcon.colcon_core.shell:Skip shell extension 'powershell' for command environment: Not usable outside of PowerShell
[3.860s] DEBUG:colcon.colcon_core.shell:Skip shell extension 'dsv' for command environment
[3.868s] DEBUG:colcon.colcon_core.event_handler.log_command:Invoking command in '/home/com9/uet_ws/build/ur_robot_driver': CMAKE_PREFIX_PATH=/home/com9/uet_ws/install/ur_controllers:/home/com9/uet_ws/install/ur_dashboard_msgs:/home/com9/uet_ws/install/ur_simulation_gz:/home/com9/uet_ws/install/ur:/home/com9/uet_ws/install/ur_calibration:/home/com9/uet_ws/install/ur_robot_driver:/home/com9/uet_ws/install/ur3_moveit_control:/home/com9/uet_ws/install/ur_moveit_config:/home/com9/uet_ws/install/ur_bringup:/home/com9/uet_ws/install/susgrip_2f_hardware:/home/com9/uet_ws/install/susgrip_2f_gazebo:/home/com9/uet_ws/install/susgrip_2f_description:/home/com9/uet_ws/install/susgrip_2f_control:/opt/ros/humble LD_LIBRARY_PATH=/home/com9/uet_ws/install/ur_controllers/lib:/home/com9/uet_ws/install/ur_dashboard_msgs/lib:/home/com9/uet_ws/install/ur_robot_driver/lib:/home/com9/uet_ws/install/ur3_moveit_control/lib:/opt/ros/humble/opt/rviz_ogre_vendor/lib:/opt/ros/humble/lib/x86_64-linux-gnu:/opt/ros/humble/lib /usr/bin/cmake --build /home/com9/uet_ws/build/ur_robot_driver
[4.203s] DEBUG:colcon.colcon_core.event_handler.log_command:Invoked command in '/home/com9/uet_ws/build/ur_robot_driver' returned '0': CMAKE_PREFIX_PATH=/home/com9/uet_ws/install/ur_controllers:/home/com9/uet_ws/install/ur_dashboard_msgs:/home/com9/uet_ws/install/ur_simulation_gz:/home/com9/uet_ws/install/ur:/home/com9/uet_ws/install/ur_calibration:/home/com9/uet_ws/install/ur_robot_driver:/home/com9/uet_ws/install/ur3_moveit_control:/home/com9/uet_ws/install/ur_moveit_config:/home/com9/uet_ws/install/ur_bringup:/home/com9/uet_ws/install/susgrip_2f_hardware:/home/com9/uet_ws/install/susgrip_2f_gazebo:/home/com9/uet_ws/install/susgrip_2f_description:/home/com9/uet_ws/install/susgrip_2f_control:/opt/ros/humble LD_LIBRARY_PATH=/home/com9/uet_ws/install/ur_controllers/lib:/home/com9/uet_ws/install/ur_dashboard_msgs/lib:/home/com9/uet_ws/install/ur_robot_driver/lib:/home/com9/uet_ws/install/ur3_moveit_control/lib:/opt/ros/humble/opt/rviz_ogre_vendor/lib:/opt/ros/humble/lib/x86_64-linux-gnu:/opt/ros/humble/lib /usr/bin/cmake --build /home/com9/uet_ws/build/ur_robot_driver
[4.203s] DEBUG:colcon.colcon_core.event_handler.log_command:Invoking command in '/home/com9/uet_ws/build/ur_robot_driver': CMAKE_PREFIX_PATH=/home/com9/uet_ws/install/ur_controllers:/home/com9/uet_ws/install/ur_dashboard_msgs:/home/com9/uet_ws/install/ur_simulation_gz:/home/com9/uet_ws/install/ur:/home/com9/uet_ws/install/ur_calibration:/home/com9/uet_ws/install/ur_robot_driver:/home/com9/uet_ws/install/ur3_moveit_control:/home/com9/uet_ws/install/ur_moveit_config:/home/com9/uet_ws/install/ur_bringup:/home/com9/uet_ws/install/susgrip_2f_hardware:/home/com9/uet_ws/install/susgrip_2f_gazebo:/home/com9/uet_ws/install/susgrip_2f_description:/home/com9/uet_ws/install/susgrip_2f_control:/opt/ros/humble LD_LIBRARY_PATH=/home/com9/uet_ws/install/ur_controllers/lib:/home/com9/uet_ws/install/ur_dashboard_msgs/lib:/home/com9/uet_ws/install/ur_robot_driver/lib:/home/com9/uet_ws/install/ur3_moveit_control/lib:/opt/ros/humble/opt/rviz_ogre_vendor/lib:/opt/ros/humble/lib/x86_64-linux-gnu:/opt/ros/humble/lib /usr/bin/cmake --install /home/com9/uet_ws/build/ur_robot_driver
[4.239s] Level 1:colcon.colcon_core.environment:create_environment_scripts_only(ur_robot_driver)
[4.239s] Level 1:colcon.colcon_core.environment:checking '/home/com9/uet_ws/install/ur_robot_driver' for CMake module files
[4.239s] DEBUG:colcon.colcon_core.event_handler.log_command:Invoked command in '/home/com9/uet_ws/build/ur_robot_driver' returned '0': CMAKE_PREFIX_PATH=/home/com9/uet_ws/install/ur_controllers:/home/com9/uet_ws/install/ur_dashboard_msgs:/home/com9/uet_ws/install/ur_simulation_gz:/home/com9/uet_ws/install/ur:/home/com9/uet_ws/install/ur_calibration:/home/com9/uet_ws/install/ur_robot_driver:/home/com9/uet_ws/install/ur3_moveit_control:/home/com9/uet_ws/install/ur_moveit_config:/home/com9/uet_ws/install/ur_bringup:/home/com9/uet_ws/install/susgrip_2f_hardware:/home/com9/uet_ws/install/susgrip_2f_gazebo:/home/com9/uet_ws/install/susgrip_2f_description:/home/com9/uet_ws/install/susgrip_2f_control:/opt/ros/humble LD_LIBRARY_PATH=/home/com9/uet_ws/install/ur_controllers/lib:/home/com9/uet_ws/install/ur_dashboard_msgs/lib:/home/com9/uet_ws/install/ur_robot_driver/lib:/home/com9/uet_ws/install/ur3_moveit_control/lib:/opt/ros/humble/opt/rviz_ogre_vendor/lib:/opt/ros/humble/lib/x86_64-linux-gnu:/opt/ros/humble/lib /usr/bin/cmake --install /home/com9/uet_ws/build/ur_robot_driver
[4.240s] Level 1:colcon.colcon_core.environment:checking '/home/com9/uet_ws/install/ur_robot_driver' for CMake config files
[4.240s] Level 1:colcon.colcon_core.shell:create_environment_hook('ur_robot_driver', 'cmake_prefix_path')
[4.240s] INFO:colcon.colcon_core.shell:Creating environment hook '/home/com9/uet_ws/install/ur_robot_driver/share/ur_robot_driver/hook/cmake_prefix_path.ps1'
[4.240s] INFO:colcon.colcon_core.shell:Creating environment descriptor '/home/com9/uet_ws/install/ur_robot_driver/share/ur_robot_driver/hook/cmake_prefix_path.dsv'
[4.240s] INFO:colcon.colcon_core.shell:Creating environment hook '/home/com9/uet_ws/install/ur_robot_driver/share/ur_robot_driver/hook/cmake_prefix_path.sh'
[4.241s] Level 1:colcon.colcon_core.environment:checking '/home/com9/uet_ws/install/ur_robot_driver/lib'
[4.241s] Level 1:colcon.colcon_core.shell:create_environment_hook('ur_robot_driver', 'ld_library_path_lib')
[4.241s] INFO:colcon.colcon_core.shell:Creating environment hook '/home/com9/uet_ws/install/ur_robot_driver/share/ur_robot_driver/hook/ld_library_path_lib.ps1'
[4.241s] INFO:colcon.colcon_core.shell:Creating environment descriptor '/home/com9/uet_ws/install/ur_robot_driver/share/ur_robot_driver/hook/ld_library_path_lib.dsv'
[4.241s] INFO:colcon.colcon_core.shell:Creating environment hook '/home/com9/uet_ws/install/ur_robot_driver/share/ur_robot_driver/hook/ld_library_path_lib.sh'
[4.241s] Level 1:colcon.colcon_core.environment:checking '/home/com9/uet_ws/install/ur_robot_driver/bin'
[4.242s] Level 1:colcon.colcon_core.shell:create_environment_hook('ur_robot_driver', 'path')
[4.242s] INFO:colcon.colcon_core.shell:Creating environment hook '/home/com9/uet_ws/install/ur_robot_driver/share/ur_robot_driver/hook/path.ps1'
[4.242s] INFO:colcon.colcon_core.shell:Creating environment descriptor '/home/com9/uet_ws/install/ur_robot_driver/share/ur_robot_driver/hook/path.dsv'
[4.242s] INFO:colcon.colcon_core.shell:Creating environment hook '/home/com9/uet_ws/install/ur_robot_driver/share/ur_robot_driver/hook/path.sh'
[4.242s] Level 1:colcon.colcon_core.environment:checking '/home/com9/uet_ws/install/ur_robot_driver/lib/pkgconfig/ur_robot_driver.pc'
[4.242s] Level 1:colcon.colcon_core.environment:checking '/home/com9/uet_ws/install/ur_robot_driver/lib/python3.10/site-packages'
[4.243s] Level 1:colcon.colcon_core.environment:checking '/home/com9/uet_ws/install/ur_robot_driver/bin'
[4.243s] Level 1:colcon.colcon_core.shell:create_environment_hook('ur_robot_driver', 'pythonscriptspath')
[4.243s] INFO:colcon.colcon_core.shell:Creating environment hook '/home/com9/uet_ws/install/ur_robot_driver/share/ur_robot_driver/hook/pythonscriptspath.ps1'
[4.243s] INFO:colcon.colcon_core.shell:Creating environment descriptor '/home/com9/uet_ws/install/ur_robot_driver/share/ur_robot_driver/hook/pythonscriptspath.dsv'
[4.243s] INFO:colcon.colcon_core.shell:Creating environment hook '/home/com9/uet_ws/install/ur_robot_driver/share/ur_robot_driver/hook/pythonscriptspath.sh'
[4.243s] INFO:colcon.colcon_core.shell:Creating package script '/home/com9/uet_ws/install/ur_robot_driver/share/ur_robot_driver/package.ps1'
[4.244s] INFO:colcon.colcon_core.shell:Creating package descriptor '/home/com9/uet_ws/install/ur_robot_driver/share/ur_robot_driver/package.dsv'
[4.244s] INFO:colcon.colcon_core.shell:Creating package script '/home/com9/uet_ws/install/ur_robot_driver/share/ur_robot_driver/package.sh'
[4.244s] INFO:colcon.colcon_core.shell:Creating package script '/home/com9/uet_ws/install/ur_robot_driver/share/ur_robot_driver/package.bash'
[4.245s] INFO:colcon.colcon_core.shell:Creating package script '/home/com9/uet_ws/install/ur_robot_driver/share/ur_robot_driver/package.zsh'
[4.245s] Level 1:colcon.colcon_core.environment:create_file_with_runtime_dependencies(/home/com9/uet_ws/install/ur_robot_driver/share/colcon-core/packages/ur_robot_driver)
[4.245s] Level 1:colcon.colcon_core.environment:create_environment_scripts_only(ur_robot_driver)
[4.245s] Level 1:colcon.colcon_core.environment:checking '/home/com9/uet_ws/install/ur_robot_driver' for CMake module files
[4.245s] Level 1:colcon.colcon_core.environment:checking '/home/com9/uet_ws/install/ur_robot_driver' for CMake config files
[4.246s] Level 1:colcon.colcon_core.shell:create_environment_hook('ur_robot_driver', 'cmake_prefix_path')
[4.246s] INFO:colcon.colcon_core.shell:Creating environment hook '/home/com9/uet_ws/install/ur_robot_driver/share/ur_robot_driver/hook/cmake_prefix_path.ps1'
[4.246s] INFO:colcon.colcon_core.shell:Creating environment descriptor '/home/com9/uet_ws/install/ur_robot_driver/share/ur_robot_driver/hook/cmake_prefix_path.dsv'
[4.246s] INFO:colcon.colcon_core.shell:Creating environment hook '/home/com9/uet_ws/install/ur_robot_driver/share/ur_robot_driver/hook/cmake_prefix_path.sh'
[4.246s] Level 1:colcon.colcon_core.environment:checking '/home/com9/uet_ws/install/ur_robot_driver/lib'
[4.246s] Level 1:colcon.colcon_core.shell:create_environment_hook('ur_robot_driver', 'ld_library_path_lib')
[4.247s] INFO:colcon.colcon_core.shell:Creating environment hook '/home/com9/uet_ws/install/ur_robot_driver/share/ur_robot_driver/hook/ld_library_path_lib.ps1'
[4.247s] INFO:colcon.colcon_core.shell:Creating environment descriptor '/home/com9/uet_ws/install/ur_robot_driver/share/ur_robot_driver/hook/ld_library_path_lib.dsv'
[4.247s] INFO:colcon.colcon_core.shell:Creating environment hook '/home/com9/uet_ws/install/ur_robot_driver/share/ur_robot_driver/hook/ld_library_path_lib.sh'
[4.247s] Level 1:colcon.colcon_core.environment:checking '/home/com9/uet_ws/install/ur_robot_driver/bin'
[4.247s] Level 1:colcon.colcon_core.shell:create_environment_hook('ur_robot_driver', 'path')
[4.247s] INFO:colcon.colcon_core.shell:Creating environment hook '/home/com9/uet_ws/install/ur_robot_driver/share/ur_robot_driver/hook/path.ps1'
[4.247s] INFO:colcon.colcon_core.shell:Creating environment descriptor '/home/com9/uet_ws/install/ur_robot_driver/share/ur_robot_driver/hook/path.dsv'
[4.248s] INFO:colcon.colcon_core.shell:Creating environment hook '/home/com9/uet_ws/install/ur_robot_driver/share/ur_robot_driver/hook/path.sh'
[4.248s] Level 1:colcon.colcon_core.environment:checking '/home/com9/uet_ws/install/ur_robot_driver/lib/pkgconfig/ur_robot_driver.pc'
[4.248s] Level 1:colcon.colcon_core.environment:checking '/home/com9/uet_ws/install/ur_robot_driver/lib/python3.10/site-packages'
[4.248s] Level 1:colcon.colcon_core.environment:checking '/home/com9/uet_ws/install/ur_robot_driver/bin'
[4.248s] Level 1:colcon.colcon_core.shell:create_environment_hook('ur_robot_driver', 'pythonscriptspath')
[4.248s] INFO:colcon.colcon_core.shell:Creating environment hook '/home/com9/uet_ws/install/ur_robot_driver/share/ur_robot_driver/hook/pythonscriptspath.ps1'
[4.249s] INFO:colcon.colcon_core.shell:Creating environment descriptor '/home/com9/uet_ws/install/ur_robot_driver/share/ur_robot_driver/hook/pythonscriptspath.dsv'
[4.249s] INFO:colcon.colcon_core.shell:Creating environment hook '/home/com9/uet_ws/install/ur_robot_driver/share/ur_robot_driver/hook/pythonscriptspath.sh'
[4.249s] INFO:colcon.colcon_core.shell:Creating package script '/home/com9/uet_ws/install/ur_robot_driver/share/ur_robot_driver/package.ps1'
[4.249s] INFO:colcon.colcon_core.shell:Creating package descriptor '/home/com9/uet_ws/install/ur_robot_driver/share/ur_robot_driver/package.dsv'
[4.250s] INFO:colcon.colcon_core.shell:Creating package script '/home/com9/uet_ws/install/ur_robot_driver/share/ur_robot_driver/package.sh'
[4.250s] INFO:colcon.colcon_core.shell:Creating package script '/home/com9/uet_ws/install/ur_robot_driver/share/ur_robot_driver/package.bash'
[4.250s] INFO:colcon.colcon_core.shell:Creating package script '/home/com9/uet_ws/install/ur_robot_driver/share/ur_robot_driver/package.zsh'
[4.250s] Level 1:colcon.colcon_core.environment:create_file_with_runtime_dependencies(/home/com9/uet_ws/install/ur_robot_driver/share/colcon-core/packages/ur_robot_driver)
[4.250s] DEBUG:colcon.colcon_core.executor.sequential:run_until_complete 'ur_robot_driver' finished with '0'
[4.251s] DEBUG:colcon.colcon_core.executor.sequential:run_until_complete 'ur_simulation_gz'
[4.251s] INFO:colcon.colcon_ros.task.ament_cmake.build:Building ROS package in '/home/com9/uet_ws/src/ur_simulation_gz' with build type 'ament_cmake'
[4.251s] INFO:colcon.colcon_cmake.task.cmake.build:Building CMake package in '/home/com9/uet_ws/src/ur_simulation_gz'
[4.251s] INFO:colcon.colcon_core.shell:Skip shell extension 'powershell' for command environment: Not usable outside of PowerShell
[4.251s] DEBUG:colcon.colcon_core.shell:Skip shell extension 'dsv' for command environment
[4.259s] DEBUG:colcon.colcon_core.event_handler.log_command:Invoking command in '/home/com9/uet_ws/build/ur_simulation_gz': CMAKE_PREFIX_PATH=/home/com9/uet_ws/install/ur_controllers:/home/com9/uet_ws/install/ur_moveit_config:/home/com9/uet_ws/install/ur_dashboard_msgs:/home/com9/uet_ws/install/ur_simulation_gz:/home/com9/uet_ws/install/ur:/home/com9/uet_ws/install/ur_calibration:/home/com9/uet_ws/install/ur_robot_driver:/home/com9/uet_ws/install/ur3_moveit_control:/home/com9/uet_ws/install/ur_bringup:/home/com9/uet_ws/install/susgrip_2f_hardware:/home/com9/uet_ws/install/susgrip_2f_gazebo:/home/com9/uet_ws/install/susgrip_2f_description:/home/com9/uet_ws/install/susgrip_2f_control:/opt/ros/humble LD_LIBRARY_PATH=/home/com9/uet_ws/install/ur_controllers/lib:/home/com9/uet_ws/install/ur_dashboard_msgs/lib:/home/com9/uet_ws/install/ur_robot_driver/lib:/home/com9/uet_ws/install/ur3_moveit_control/lib:/opt/ros/humble/opt/rviz_ogre_vendor/lib:/opt/ros/humble/lib/x86_64-linux-gnu:/opt/ros/humble/lib /usr/bin/cmake --build /home/com9/uet_ws/build/ur_simulation_gz
[4.281s] DEBUG:colcon.colcon_core.event_handler.log_command:Invoked command in '/home/com9/uet_ws/build/ur_simulation_gz' returned '0': CMAKE_PREFIX_PATH=/home/com9/uet_ws/install/ur_controllers:/home/com9/uet_ws/install/ur_moveit_config:/home/com9/uet_ws/install/ur_dashboard_msgs:/home/com9/uet_ws/install/ur_simulation_gz:/home/com9/uet_ws/install/ur:/home/com9/uet_ws/install/ur_calibration:/home/com9/uet_ws/install/ur_robot_driver:/home/com9/uet_ws/install/ur3_moveit_control:/home/com9/uet_ws/install/ur_bringup:/home/com9/uet_ws/install/susgrip_2f_hardware:/home/com9/uet_ws/install/susgrip_2f_gazebo:/home/com9/uet_ws/install/susgrip_2f_description:/home/com9/uet_ws/install/susgrip_2f_control:/opt/ros/humble LD_LIBRARY_PATH=/home/com9/uet_ws/install/ur_controllers/lib:/home/com9/uet_ws/install/ur_dashboard_msgs/lib:/home/com9/uet_ws/install/ur_robot_driver/lib:/home/com9/uet_ws/install/ur3_moveit_control/lib:/opt/ros/humble/opt/rviz_ogre_vendor/lib:/opt/ros/humble/lib/x86_64-linux-gnu:/opt/ros/humble/lib /usr/bin/cmake --build /home/com9/uet_ws/build/ur_simulation_gz
[4.282s] DEBUG:colcon.colcon_core.event_handler.log_command:Invoking command in '/home/com9/uet_ws/build/ur_simulation_gz': CMAKE_PREFIX_PATH=/home/com9/uet_ws/install/ur_controllers:/home/com9/uet_ws/install/ur_moveit_config:/home/com9/uet_ws/install/ur_dashboard_msgs:/home/com9/uet_ws/install/ur_simulation_gz:/home/com9/uet_ws/install/ur:/home/com9/uet_ws/install/ur_calibration:/home/com9/uet_ws/install/ur_robot_driver:/home/com9/uet_ws/install/ur3_moveit_control:/home/com9/uet_ws/install/ur_bringup:/home/com9/uet_ws/install/susgrip_2f_hardware:/home/com9/uet_ws/install/susgrip_2f_gazebo:/home/com9/uet_ws/install/susgrip_2f_description:/home/com9/uet_ws/install/susgrip_2f_control:/opt/ros/humble LD_LIBRARY_PATH=/home/com9/uet_ws/install/ur_controllers/lib:/home/com9/uet_ws/install/ur_dashboard_msgs/lib:/home/com9/uet_ws/install/ur_robot_driver/lib:/home/com9/uet_ws/install/ur3_moveit_control/lib:/opt/ros/humble/opt/rviz_ogre_vendor/lib:/opt/ros/humble/lib/x86_64-linux-gnu:/opt/ros/humble/lib /usr/bin/cmake --install /home/com9/uet_ws/build/ur_simulation_gz
[4.287s] Level 1:colcon.colcon_core.environment:create_environment_scripts_only(ur_simulation_gz)
[4.288s] DEBUG:colcon.colcon_core.event_handler.log_command:Invoked command in '/home/com9/uet_ws/build/ur_simulation_gz' returned '0': CMAKE_PREFIX_PATH=/home/com9/uet_ws/install/ur_controllers:/home/com9/uet_ws/install/ur_moveit_config:/home/com9/uet_ws/install/ur_dashboard_msgs:/home/com9/uet_ws/install/ur_simulation_gz:/home/com9/uet_ws/install/ur:/home/com9/uet_ws/install/ur_calibration:/home/com9/uet_ws/install/ur_robot_driver:/home/com9/uet_ws/install/ur3_moveit_control:/home/com9/uet_ws/install/ur_bringup:/home/com9/uet_ws/install/susgrip_2f_hardware:/home/com9/uet_ws/install/susgrip_2f_gazebo:/home/com9/uet_ws/install/susgrip_2f_description:/home/com9/uet_ws/install/susgrip_2f_control:/opt/ros/humble LD_LIBRARY_PATH=/home/com9/uet_ws/install/ur_controllers/lib:/home/com9/uet_ws/install/ur_dashboard_msgs/lib:/home/com9/uet_ws/install/ur_robot_driver/lib:/home/com9/uet_ws/install/ur3_moveit_control/lib:/opt/ros/humble/opt/rviz_ogre_vendor/lib:/opt/ros/humble/lib/x86_64-linux-gnu:/opt/ros/humble/lib /usr/bin/cmake --install /home/com9/uet_ws/build/ur_simulation_gz
[4.288s] Level 1:colcon.colcon_core.environment:checking '/home/com9/uet_ws/install/ur_simulation_gz' for CMake module files
[4.288s] Level 1:colcon.colcon_core.environment:checking '/home/com9/uet_ws/install/ur_simulation_gz' for CMake config files
[4.288s] Level 1:colcon.colcon_core.shell:create_environment_hook('ur_simulation_gz', 'cmake_prefix_path')
[4.288s] INFO:colcon.colcon_core.shell:Creating environment hook '/home/com9/uet_ws/install/ur_simulation_gz/share/ur_simulation_gz/hook/cmake_prefix_path.ps1'
[4.289s] INFO:colcon.colcon_core.shell:Creating environment descriptor '/home/com9/uet_ws/install/ur_simulation_gz/share/ur_simulation_gz/hook/cmake_prefix_path.dsv'
[4.289s] INFO:colcon.colcon_core.shell:Creating environment hook '/home/com9/uet_ws/install/ur_simulation_gz/share/ur_simulation_gz/hook/cmake_prefix_path.sh'
[4.289s] Level 1:colcon.colcon_core.environment:checking '/home/com9/uet_ws/install/ur_simulation_gz/lib'
[4.289s] Level 1:colcon.colcon_core.environment:checking '/home/com9/uet_ws/install/ur_simulation_gz/bin'
[4.289s] Level 1:colcon.colcon_core.environment:checking '/home/com9/uet_ws/install/ur_simulation_gz/lib/pkgconfig/ur_simulation_gz.pc'
[4.289s] Level 1:colcon.colcon_core.environment:checking '/home/com9/uet_ws/install/ur_simulation_gz/lib/python3.10/site-packages'
[4.290s] Level 1:colcon.colcon_core.environment:checking '/home/com9/uet_ws/install/ur_simulation_gz/bin'
[4.290s] INFO:colcon.colcon_core.shell:Creating package script '/home/com9/uet_ws/install/ur_simulation_gz/share/ur_simulation_gz/package.ps1'
[4.290s] INFO:colcon.colcon_core.shell:Creating package descriptor '/home/com9/uet_ws/install/ur_simulation_gz/share/ur_simulation_gz/package.dsv'
[4.290s] INFO:colcon.colcon_core.shell:Creating package script '/home/com9/uet_ws/install/ur_simulation_gz/share/ur_simulation_gz/package.sh'
[4.291s] INFO:colcon.colcon_core.shell:Creating package script '/home/com9/uet_ws/install/ur_simulation_gz/share/ur_simulation_gz/package.bash'
[4.291s] INFO:colcon.colcon_core.shell:Creating package script '/home/com9/uet_ws/install/ur_simulation_gz/share/ur_simulation_gz/package.zsh'
[4.291s] Level 1:colcon.colcon_core.environment:create_file_with_runtime_dependencies(/home/com9/uet_ws/install/ur_simulation_gz/share/colcon-core/packages/ur_simulation_gz)
[4.291s] Level 1:colcon.colcon_core.environment:create_environment_scripts_only(ur_simulation_gz)
[4.291s] Level 1:colcon.colcon_core.environment:checking '/home/com9/uet_ws/install/ur_simulation_gz' for CMake module files
[4.291s] Level 1:colcon.colcon_core.environment:checking '/home/com9/uet_ws/install/ur_simulation_gz' for CMake config files
[4.292s] Level 1:colcon.colcon_core.shell:create_environment_hook('ur_simulation_gz', 'cmake_prefix_path')
[4.292s] INFO:colcon.colcon_core.shell:Creating environment hook '/home/com9/uet_ws/install/ur_simulation_gz/share/ur_simulation_gz/hook/cmake_prefix_path.ps1'
[4.292s] INFO:colcon.colcon_core.shell:Creating environment descriptor '/home/com9/uet_ws/install/ur_simulation_gz/share/ur_simulation_gz/hook/cmake_prefix_path.dsv'
[4.292s] INFO:colcon.colcon_core.shell:Creating environment hook '/home/com9/uet_ws/install/ur_simulation_gz/share/ur_simulation_gz/hook/cmake_prefix_path.sh'
[4.292s] Level 1:colcon.colcon_core.environment:checking '/home/com9/uet_ws/install/ur_simulation_gz/lib'
[4.292s] Level 1:colcon.colcon_core.environment:checking '/home/com9/uet_ws/install/ur_simulation_gz/bin'
[4.292s] Level 1:colcon.colcon_core.environment:checking '/home/com9/uet_ws/install/ur_simulation_gz/lib/pkgconfig/ur_simulation_gz.pc'
[4.293s] Level 1:colcon.colcon_core.environment:checking '/home/com9/uet_ws/install/ur_simulation_gz/lib/python3.10/site-packages'
[4.293s] Level 1:colcon.colcon_core.environment:checking '/home/com9/uet_ws/install/ur_simulation_gz/bin'
[4.293s] INFO:colcon.colcon_core.shell:Creating package script '/home/com9/uet_ws/install/ur_simulation_gz/share/ur_simulation_gz/package.ps1'
[4.293s] INFO:colcon.colcon_core.shell:Creating package descriptor '/home/com9/uet_ws/install/ur_simulation_gz/share/ur_simulation_gz/package.dsv'
[4.293s] INFO:colcon.colcon_core.shell:Creating package script '/home/com9/uet_ws/install/ur_simulation_gz/share/ur_simulation_gz/package.sh'
[4.294s] INFO:colcon.colcon_core.shell:Creating package script '/home/com9/uet_ws/install/ur_simulation_gz/share/ur_simulation_gz/package.bash'
[4.294s] INFO:colcon.colcon_core.shell:Creating package script '/home/com9/uet_ws/install/ur_simulation_gz/share/ur_simulation_gz/package.zsh'
[4.294s] Level 1:colcon.colcon_core.environment:create_file_with_runtime_dependencies(/home/com9/uet_ws/install/ur_simulation_gz/share/colcon-core/packages/ur_simulation_gz)
[4.294s] DEBUG:colcon.colcon_core.executor.sequential:run_until_complete 'ur_simulation_gz' finished with '0'
[4.294s] DEBUG:colcon.colcon_core.executor.sequential:run_until_complete 'ur_calibration'
[4.294s] INFO:colcon.colcon_ros.task.ament_cmake.build:Building ROS package in '/home/com9/uet_ws/src/Universal_Robots_ROS2_Driver/ur_calibration' with build type 'ament_cmake'
[4.294s] INFO:colcon.colcon_cmake.task.cmake.build:Building CMake package in '/home/com9/uet_ws/src/Universal_Robots_ROS2_Driver/ur_calibration'
[4.294s] INFO:colcon.colcon_core.shell:Skip shell extension 'powershell' for command environment: Not usable outside of PowerShell
[4.294s] DEBUG:colcon.colcon_core.shell:Skip shell extension 'dsv' for command environment
[4.305s] DEBUG:colcon.colcon_core.event_handler.log_command:Invoking command in '/home/com9/uet_ws/build/ur_calibration': CMAKE_PREFIX_PATH=/home/com9/uet_ws/install/ur_robot_driver:/home/com9/uet_ws/install/ur_controllers:/home/com9/uet_ws/install/ur_dashboard_msgs:/home/com9/uet_ws/install/ur_simulation_gz:/home/com9/uet_ws/install/ur:/home/com9/uet_ws/install/ur_calibration:/home/com9/uet_ws/install/ur3_moveit_control:/home/com9/uet_ws/install/ur_moveit_config:/home/com9/uet_ws/install/ur_bringup:/home/com9/uet_ws/install/susgrip_2f_hardware:/home/com9/uet_ws/install/susgrip_2f_gazebo:/home/com9/uet_ws/install/susgrip_2f_description:/home/com9/uet_ws/install/susgrip_2f_control:/opt/ros/humble LD_LIBRARY_PATH=/home/com9/uet_ws/install/ur_robot_driver/lib:/home/com9/uet_ws/install/ur_controllers/lib:/home/com9/uet_ws/install/ur_dashboard_msgs/lib:/home/com9/uet_ws/install/ur3_moveit_control/lib:/opt/ros/humble/opt/rviz_ogre_vendor/lib:/opt/ros/humble/lib/x86_64-linux-gnu:/opt/ros/humble/lib /usr/bin/cmake --build /home/com9/uet_ws/build/ur_calibration
[4.426s] DEBUG:colcon.colcon_core.event_handler.log_command:Invoked command in '/home/com9/uet_ws/build/ur_calibration' returned '0': CMAKE_PREFIX_PATH=/home/com9/uet_ws/install/ur_robot_driver:/home/com9/uet_ws/install/ur_controllers:/home/com9/uet_ws/install/ur_dashboard_msgs:/home/com9/uet_ws/install/ur_simulation_gz:/home/com9/uet_ws/install/ur:/home/com9/uet_ws/install/ur_calibration:/home/com9/uet_ws/install/ur3_moveit_control:/home/com9/uet_ws/install/ur_moveit_config:/home/com9/uet_ws/install/ur_bringup:/home/com9/uet_ws/install/susgrip_2f_hardware:/home/com9/uet_ws/install/susgrip_2f_gazebo:/home/com9/uet_ws/install/susgrip_2f_description:/home/com9/uet_ws/install/susgrip_2f_control:/opt/ros/humble LD_LIBRARY_PATH=/home/com9/uet_ws/install/ur_robot_driver/lib:/home/com9/uet_ws/install/ur_controllers/lib:/home/com9/uet_ws/install/ur_dashboard_msgs/lib:/home/com9/uet_ws/install/ur3_moveit_control/lib:/opt/ros/humble/opt/rviz_ogre_vendor/lib:/opt/ros/humble/lib/x86_64-linux-gnu:/opt/ros/humble/lib /usr/bin/cmake --build /home/com9/uet_ws/build/ur_calibration
[4.427s] DEBUG:colcon.colcon_core.event_handler.log_command:Invoking command in '/home/com9/uet_ws/build/ur_calibration': CMAKE_PREFIX_PATH=/home/com9/uet_ws/install/ur_robot_driver:/home/com9/uet_ws/install/ur_controllers:/home/com9/uet_ws/install/ur_dashboard_msgs:/home/com9/uet_ws/install/ur_simulation_gz:/home/com9/uet_ws/install/ur:/home/com9/uet_ws/install/ur_calibration:/home/com9/uet_ws/install/ur3_moveit_control:/home/com9/uet_ws/install/ur_moveit_config:/home/com9/uet_ws/install/ur_bringup:/home/com9/uet_ws/install/susgrip_2f_hardware:/home/com9/uet_ws/install/susgrip_2f_gazebo:/home/com9/uet_ws/install/susgrip_2f_description:/home/com9/uet_ws/install/susgrip_2f_control:/opt/ros/humble LD_LIBRARY_PATH=/home/com9/uet_ws/install/ur_robot_driver/lib:/home/com9/uet_ws/install/ur_controllers/lib:/home/com9/uet_ws/install/ur_dashboard_msgs/lib:/home/com9/uet_ws/install/ur3_moveit_control/lib:/opt/ros/humble/opt/rviz_ogre_vendor/lib:/opt/ros/humble/lib/x86_64-linux-gnu:/opt/ros/humble/lib /usr/bin/cmake --install /home/com9/uet_ws/build/ur_calibration
[4.435s] Level 1:colcon.colcon_core.environment:create_environment_scripts_only(ur_calibration)
[4.435s] DEBUG:colcon.colcon_core.event_handler.log_command:Invoked command in '/home/com9/uet_ws/build/ur_calibration' returned '0': CMAKE_PREFIX_PATH=/home/com9/uet_ws/install/ur_robot_driver:/home/com9/uet_ws/install/ur_controllers:/home/com9/uet_ws/install/ur_dashboard_msgs:/home/com9/uet_ws/install/ur_simulation_gz:/home/com9/uet_ws/install/ur:/home/com9/uet_ws/install/ur_calibration:/home/com9/uet_ws/install/ur3_moveit_control:/home/com9/uet_ws/install/ur_moveit_config:/home/com9/uet_ws/install/ur_bringup:/home/com9/uet_ws/install/susgrip_2f_hardware:/home/com9/uet_ws/install/susgrip_2f_gazebo:/home/com9/uet_ws/install/susgrip_2f_description:/home/com9/uet_ws/install/susgrip_2f_control:/opt/ros/humble LD_LIBRARY_PATH=/home/com9/uet_ws/install/ur_robot_driver/lib:/home/com9/uet_ws/install/ur_controllers/lib:/home/com9/uet_ws/install/ur_dashboard_msgs/lib:/home/com9/uet_ws/install/ur3_moveit_control/lib:/opt/ros/humble/opt/rviz_ogre_vendor/lib:/opt/ros/humble/lib/x86_64-linux-gnu:/opt/ros/humble/lib /usr/bin/cmake --install /home/com9/uet_ws/build/ur_calibration
[4.435s] Level 1:colcon.colcon_core.environment:checking '/home/com9/uet_ws/install/ur_calibration' for CMake module files
[4.435s] Level 1:colcon.colcon_core.environment:checking '/home/com9/uet_ws/install/ur_calibration' for CMake config files
[4.435s] Level 1:colcon.colcon_core.shell:create_environment_hook('ur_calibration', 'cmake_prefix_path')
[4.436s] INFO:colcon.colcon_core.shell:Creating environment hook '/home/com9/uet_ws/install/ur_calibration/share/ur_calibration/hook/cmake_prefix_path.ps1'
[4.436s] INFO:colcon.colcon_core.shell:Creating environment descriptor '/home/com9/uet_ws/install/ur_calibration/share/ur_calibration/hook/cmake_prefix_path.dsv'
[4.436s] INFO:colcon.colcon_core.shell:Creating environment hook '/home/com9/uet_ws/install/ur_calibration/share/ur_calibration/hook/cmake_prefix_path.sh'
[4.436s] Level 1:colcon.colcon_core.environment:checking '/home/com9/uet_ws/install/ur_calibration/lib'
[4.436s] Level 1:colcon.colcon_core.environment:checking '/home/com9/uet_ws/install/ur_calibration/bin'
[4.436s] Level 1:colcon.colcon_core.environment:checking '/home/com9/uet_ws/install/ur_calibration/lib/pkgconfig/ur_calibration.pc'
[4.437s] Level 1:colcon.colcon_core.environment:checking '/home/com9/uet_ws/install/ur_calibration/lib/python3.10/site-packages'
[4.437s] Level 1:colcon.colcon_core.environment:checking '/home/com9/uet_ws/install/ur_calibration/bin'
[4.437s] INFO:colcon.colcon_core.shell:Creating package script '/home/com9/uet_ws/install/ur_calibration/share/ur_calibration/package.ps1'
[4.437s] INFO:colcon.colcon_core.shell:Creating package descriptor '/home/com9/uet_ws/install/ur_calibration/share/ur_calibration/package.dsv'
[4.437s] INFO:colcon.colcon_core.shell:Creating package script '/home/com9/uet_ws/install/ur_calibration/share/ur_calibration/package.sh'
[4.438s] INFO:colcon.colcon_core.shell:Creating package script '/home/com9/uet_ws/install/ur_calibration/share/ur_calibration/package.bash'
[4.438s] INFO:colcon.colcon_core.shell:Creating package script '/home/com9/uet_ws/install/ur_calibration/share/ur_calibration/package.zsh'
[4.438s] Level 1:colcon.colcon_core.environment:create_file_with_runtime_dependencies(/home/com9/uet_ws/install/ur_calibration/share/colcon-core/packages/ur_calibration)
[4.438s] Level 1:colcon.colcon_core.environment:create_environment_scripts_only(ur_calibration)
[4.438s] Level 1:colcon.colcon_core.environment:checking '/home/com9/uet_ws/install/ur_calibration' for CMake module files
[4.439s] Level 1:colcon.colcon_core.environment:checking '/home/com9/uet_ws/install/ur_calibration' for CMake config files
[4.439s] Level 1:colcon.colcon_core.shell:create_environment_hook('ur_calibration', 'cmake_prefix_path')
[4.439s] INFO:colcon.colcon_core.shell:Creating environment hook '/home/com9/uet_ws/install/ur_calibration/share/ur_calibration/hook/cmake_prefix_path.ps1'
[4.439s] INFO:colcon.colcon_core.shell:Creating environment descriptor '/home/com9/uet_ws/install/ur_calibration/share/ur_calibration/hook/cmake_prefix_path.dsv'
[4.439s] INFO:colcon.colcon_core.shell:Creating environment hook '/home/com9/uet_ws/install/ur_calibration/share/ur_calibration/hook/cmake_prefix_path.sh'
[4.439s] Level 1:colcon.colcon_core.environment:checking '/home/com9/uet_ws/install/ur_calibration/lib'
[4.439s] Level 1:colcon.colcon_core.environment:checking '/home/com9/uet_ws/install/ur_calibration/bin'
[4.440s] Level 1:colcon.colcon_core.environment:checking '/home/com9/uet_ws/install/ur_calibration/lib/pkgconfig/ur_calibration.pc'
[4.440s] Level 1:colcon.colcon_core.environment:checking '/home/com9/uet_ws/install/ur_calibration/lib/python3.10/site-packages'
[4.440s] Level 1:colcon.colcon_core.environment:checking '/home/com9/uet_ws/install/ur_calibration/bin'
[4.440s] INFO:colcon.colcon_core.shell:Creating package script '/home/com9/uet_ws/install/ur_calibration/share/ur_calibration/package.ps1'
[4.440s] INFO:colcon.colcon_core.shell:Creating package descriptor '/home/com9/uet_ws/install/ur_calibration/share/ur_calibration/package.dsv'
[4.441s] INFO:colcon.colcon_core.shell:Creating package script '/home/com9/uet_ws/install/ur_calibration/share/ur_calibration/package.sh'
[4.441s] INFO:colcon.colcon_core.shell:Creating package script '/home/com9/uet_ws/install/ur_calibration/share/ur_calibration/package.bash'
[4.441s] INFO:colcon.colcon_core.shell:Creating package script '/home/com9/uet_ws/install/ur_calibration/share/ur_calibration/package.zsh'
[4.441s] Level 1:colcon.colcon_core.environment:create_file_with_runtime_dependencies(/home/com9/uet_ws/install/ur_calibration/share/colcon-core/packages/ur_calibration)
[4.441s] DEBUG:colcon.colcon_core.executor.sequential:run_until_complete 'ur_calibration' finished with '0'
[4.441s] DEBUG:colcon.colcon_core.executor.sequential:run_until_complete 'ur'
[4.441s] INFO:colcon.colcon_ros.task.ament_cmake.build:Building ROS package in '/home/com9/uet_ws/src/Universal_Robots_ROS2_Driver/ur' with build type 'ament_cmake'
[4.441s] INFO:colcon.colcon_cmake.task.cmake.build:Building CMake package in '/home/com9/uet_ws/src/Universal_Robots_ROS2_Driver/ur'
[4.442s] INFO:colcon.colcon_core.shell:Skip shell extension 'powershell' for command environment: Not usable outside of PowerShell
[4.442s] DEBUG:colcon.colcon_core.shell:Skip shell extension 'dsv' for command environment
[4.452s] DEBUG:colcon.colcon_core.event_handler.log_command:Invoking command in '/home/com9/uet_ws/build/ur': CMAKE_PREFIX_PATH=/home/com9/uet_ws/install/ur_calibration:/home/com9/uet_ws/install/ur_robot_driver:/home/com9/uet_ws/install/ur_controllers:/home/com9/uet_ws/install/ur_moveit_config:/home/com9/uet_ws/install/ur_dashboard_msgs:/home/com9/uet_ws/install/ur_simulation_gz:/home/com9/uet_ws/install/ur:/home/com9/uet_ws/install/ur3_moveit_control:/home/com9/uet_ws/install/ur_bringup:/home/com9/uet_ws/install/susgrip_2f_hardware:/home/com9/uet_ws/install/susgrip_2f_gazebo:/home/com9/uet_ws/install/susgrip_2f_description:/home/com9/uet_ws/install/susgrip_2f_control:/opt/ros/humble LD_LIBRARY_PATH=/home/com9/uet_ws/install/ur_robot_driver/lib:/home/com9/uet_ws/install/ur_controllers/lib:/home/com9/uet_ws/install/ur_dashboard_msgs/lib:/home/com9/uet_ws/install/ur3_moveit_control/lib:/opt/ros/humble/opt/rviz_ogre_vendor/lib:/opt/ros/humble/lib/x86_64-linux-gnu:/opt/ros/humble/lib /usr/bin/cmake --build /home/com9/uet_ws/build/ur
[4.478s] DEBUG:colcon.colcon_core.event_handler.log_command:Invoked command in '/home/com9/uet_ws/build/ur' returned '0': CMAKE_PREFIX_PATH=/home/com9/uet_ws/install/ur_calibration:/home/com9/uet_ws/install/ur_robot_driver:/home/com9/uet_ws/install/ur_controllers:/home/com9/uet_ws/install/ur_moveit_config:/home/com9/uet_ws/install/ur_dashboard_msgs:/home/com9/uet_ws/install/ur_simulation_gz:/home/com9/uet_ws/install/ur:/home/com9/uet_ws/install/ur3_moveit_control:/home/com9/uet_ws/install/ur_bringup:/home/com9/uet_ws/install/susgrip_2f_hardware:/home/com9/uet_ws/install/susgrip_2f_gazebo:/home/com9/uet_ws/install/susgrip_2f_description:/home/com9/uet_ws/install/susgrip_2f_control:/opt/ros/humble LD_LIBRARY_PATH=/home/com9/uet_ws/install/ur_robot_driver/lib:/home/com9/uet_ws/install/ur_controllers/lib:/home/com9/uet_ws/install/ur_dashboard_msgs/lib:/home/com9/uet_ws/install/ur3_moveit_control/lib:/opt/ros/humble/opt/rviz_ogre_vendor/lib:/opt/ros/humble/lib/x86_64-linux-gnu:/opt/ros/humble/lib /usr/bin/cmake --build /home/com9/uet_ws/build/ur
[4.478s] DEBUG:colcon.colcon_core.event_handler.log_command:Invoking command in '/home/com9/uet_ws/build/ur': CMAKE_PREFIX_PATH=/home/com9/uet_ws/install/ur_calibration:/home/com9/uet_ws/install/ur_robot_driver:/home/com9/uet_ws/install/ur_controllers:/home/com9/uet_ws/install/ur_moveit_config:/home/com9/uet_ws/install/ur_dashboard_msgs:/home/com9/uet_ws/install/ur_simulation_gz:/home/com9/uet_ws/install/ur:/home/com9/uet_ws/install/ur3_moveit_control:/home/com9/uet_ws/install/ur_bringup:/home/com9/uet_ws/install/susgrip_2f_hardware:/home/com9/uet_ws/install/susgrip_2f_gazebo:/home/com9/uet_ws/install/susgrip_2f_description:/home/com9/uet_ws/install/susgrip_2f_control:/opt/ros/humble LD_LIBRARY_PATH=/home/com9/uet_ws/install/ur_robot_driver/lib:/home/com9/uet_ws/install/ur_controllers/lib:/home/com9/uet_ws/install/ur_dashboard_msgs/lib:/home/com9/uet_ws/install/ur3_moveit_control/lib:/opt/ros/humble/opt/rviz_ogre_vendor/lib:/opt/ros/humble/lib/x86_64-linux-gnu:/opt/ros/humble/lib /usr/bin/cmake --install /home/com9/uet_ws/build/ur
[4.485s] Level 1:colcon.colcon_core.environment:create_environment_scripts_only(ur)
[4.486s] DEBUG:colcon.colcon_core.event_handler.log_command:Invoked command in '/home/com9/uet_ws/build/ur' returned '0': CMAKE_PREFIX_PATH=/home/com9/uet_ws/install/ur_calibration:/home/com9/uet_ws/install/ur_robot_driver:/home/com9/uet_ws/install/ur_controllers:/home/com9/uet_ws/install/ur_moveit_config:/home/com9/uet_ws/install/ur_dashboard_msgs:/home/com9/uet_ws/install/ur_simulation_gz:/home/com9/uet_ws/install/ur:/home/com9/uet_ws/install/ur3_moveit_control:/home/com9/uet_ws/install/ur_bringup:/home/com9/uet_ws/install/susgrip_2f_hardware:/home/com9/uet_ws/install/susgrip_2f_gazebo:/home/com9/uet_ws/install/susgrip_2f_description:/home/com9/uet_ws/install/susgrip_2f_control:/opt/ros/humble LD_LIBRARY_PATH=/home/com9/uet_ws/install/ur_robot_driver/lib:/home/com9/uet_ws/install/ur_controllers/lib:/home/com9/uet_ws/install/ur_dashboard_msgs/lib:/home/com9/uet_ws/install/ur3_moveit_control/lib:/opt/ros/humble/opt/rviz_ogre_vendor/lib:/opt/ros/humble/lib/x86_64-linux-gnu:/opt/ros/humble/lib /usr/bin/cmake --install /home/com9/uet_ws/build/ur
[4.486s] Level 1:colcon.colcon_core.environment:checking '/home/com9/uet_ws/install/ur' for CMake module files
[4.486s] Level 1:colcon.colcon_core.environment:checking '/home/com9/uet_ws/install/ur' for CMake config files
[4.486s] Level 1:colcon.colcon_core.shell:create_environment_hook('ur', 'cmake_prefix_path')
[4.486s] INFO:colcon.colcon_core.shell:Creating environment hook '/home/com9/uet_ws/install/ur/share/ur/hook/cmake_prefix_path.ps1'
[4.486s] INFO:colcon.colcon_core.shell:Creating environment descriptor '/home/com9/uet_ws/install/ur/share/ur/hook/cmake_prefix_path.dsv'
[4.487s] INFO:colcon.colcon_core.shell:Creating environment hook '/home/com9/uet_ws/install/ur/share/ur/hook/cmake_prefix_path.sh'
[4.487s] Level 1:colcon.colcon_core.environment:checking '/home/com9/uet_ws/install/ur/bin'
[4.487s] Level 1:colcon.colcon_core.environment:checking '/home/com9/uet_ws/install/ur/lib/pkgconfig/ur.pc'
[4.487s] Level 1:colcon.colcon_core.environment:checking '/home/com9/uet_ws/install/ur/lib/python3.10/site-packages'
[4.487s] Level 1:colcon.colcon_core.environment:checking '/home/com9/uet_ws/install/ur/bin'
[4.488s] INFO:colcon.colcon_core.shell:Creating package script '/home/com9/uet_ws/install/ur/share/ur/package.ps1'
[4.488s] INFO:colcon.colcon_core.shell:Creating package descriptor '/home/com9/uet_ws/install/ur/share/ur/package.dsv'
[4.488s] INFO:colcon.colcon_core.shell:Creating package script '/home/com9/uet_ws/install/ur/share/ur/package.sh'
[4.488s] INFO:colcon.colcon_core.shell:Creating package script '/home/com9/uet_ws/install/ur/share/ur/package.bash'
[4.489s] INFO:colcon.colcon_core.shell:Creating package script '/home/com9/uet_ws/install/ur/share/ur/package.zsh'
[4.489s] Level 1:colcon.colcon_core.environment:create_file_with_runtime_dependencies(/home/com9/uet_ws/install/ur/share/colcon-core/packages/ur)
[4.489s] Level 1:colcon.colcon_core.environment:create_environment_scripts_only(ur)
[4.489s] Level 1:colcon.colcon_core.environment:checking '/home/com9/uet_ws/install/ur' for CMake module files
[4.489s] Level 1:colcon.colcon_core.environment:checking '/home/com9/uet_ws/install/ur' for CMake config files
[4.489s] Level 1:colcon.colcon_core.shell:create_environment_hook('ur', 'cmake_prefix_path')
[4.490s] INFO:colcon.colcon_core.shell:Creating environment hook '/home/com9/uet_ws/install/ur/share/ur/hook/cmake_prefix_path.ps1'
[4.490s] INFO:colcon.colcon_core.shell:Creating environment descriptor '/home/com9/uet_ws/install/ur/share/ur/hook/cmake_prefix_path.dsv'
[4.490s] INFO:colcon.colcon_core.shell:Creating environment hook '/home/com9/uet_ws/install/ur/share/ur/hook/cmake_prefix_path.sh'
[4.490s] Level 1:colcon.colcon_core.environment:checking '/home/com9/uet_ws/install/ur/bin'
[4.490s] Level 1:colcon.colcon_core.environment:checking '/home/com9/uet_ws/install/ur/lib/pkgconfig/ur.pc'
[4.490s] Level 1:colcon.colcon_core.environment:checking '/home/com9/uet_ws/install/ur/lib/python3.10/site-packages'
[4.491s] Level 1:colcon.colcon_core.environment:checking '/home/com9/uet_ws/install/ur/bin'
[4.491s] INFO:colcon.colcon_core.shell:Creating package script '/home/com9/uet_ws/install/ur/share/ur/package.ps1'
[4.491s] INFO:colcon.colcon_core.shell:Creating package descriptor '/home/com9/uet_ws/install/ur/share/ur/package.dsv'
[4.491s] INFO:colcon.colcon_core.shell:Creating package script '/home/com9/uet_ws/install/ur/share/ur/package.sh'
[4.491s] INFO:colcon.colcon_core.shell:Creating package script '/home/com9/uet_ws/install/ur/share/ur/package.bash'
[4.492s] INFO:colcon.colcon_core.shell:Creating package script '/home/com9/uet_ws/install/ur/share/ur/package.zsh'
[4.492s] Level 1:colcon.colcon_core.environment:create_file_with_runtime_dependencies(/home/com9/uet_ws/install/ur/share/colcon-core/packages/ur)
[4.492s] DEBUG:colcon.colcon_core.executor.sequential:run_until_complete 'ur' finished with '0'
[4.492s] DEBUG:colcon.colcon_core.executor.sequential:closing loop
[4.492s] DEBUG:colcon.colcon_core.executor.sequential:loop closed
[4.492s] DEBUG:colcon.colcon_core.event_reactor:joining thread
[4.495s] INFO:colcon.colcon_core.plugin_system:Skipping extension 'colcon_notification.desktop_notification.terminal_notifier': Not used on non-Darwin systems
[4.495s] INFO:colcon.colcon_core.plugin_system:Skipping extension 'colcon_notification.desktop_notification.win32': Not used on non-Windows systems
[4.495s] INFO:colcon.colcon_notification.desktop_notification:Sending desktop notification using 'notify2'
[4.502s] DEBUG:colcon.colcon_core.event_reactor:joined thread
[4.502s] INFO:colcon.colcon_core.shell:Creating prefix script '/home/com9/uet_ws/install/local_setup.ps1'
[4.503s] INFO:colcon.colcon_core.shell:Creating prefix util module '/home/com9/uet_ws/install/_local_setup_util_ps1.py'
[4.503s] INFO:colcon.colcon_core.shell:Creating prefix chain script '/home/com9/uet_ws/install/setup.ps1'
[4.504s] INFO:colcon.colcon_core.shell:Creating prefix script '/home/com9/uet_ws/install/local_setup.sh'
[4.504s] INFO:colcon.colcon_core.shell:Creating prefix util module '/home/com9/uet_ws/install/_local_setup_util_sh.py'
[4.505s] INFO:colcon.colcon_core.shell:Creating prefix chain script '/home/com9/uet_ws/install/setup.sh'
[4.506s] INFO:colcon.colcon_core.shell:Creating prefix script '/home/com9/uet_ws/install/local_setup.bash'
[4.506s] INFO:colcon.colcon_core.shell:Creating prefix chain script '/home/com9/uet_ws/install/setup.bash'
[4.506s] INFO:colcon.colcon_core.shell:Creating prefix script '/home/com9/uet_ws/install/local_setup.zsh'
[4.507s] INFO:colcon.colcon_core.shell:Creating prefix chain script '/home/com9/uet_ws/install/setup.zsh'
