[0.186s] DEBUG:colcon:Command line arguments: ['/usr/bin/colcon', 'build', '--executor', 'sequential', '--event-handlers', 'console_direct+']
[0.186s] DEBUG:colcon:Parsed command line arguments: Namespace(log_base=None, log_level=None, verb_name='build', build_base='build', install_base='install', merge_install=False, symlink_install=False, test_result_base=None, continue_on_error=False, executor='sequential', parallel_workers=16, event_handlers=['console_direct+'], ignore_user_meta=False, metas=['./colcon.meta'], base_paths=['.'], packages_ignore=None, packages_ignore_regex=None, paths=None, packages_up_to=None, packages_up_to_regex=None, packages_above=None, packages_above_and_dependencies=None, packages_above_depth=None, packages_select_by_dep=None, packages_skip_by_dep=None, packages_skip_up_to=None, packages_select_build_failed=False, packages_skip_build_finished=False, packages_select_test_failures=False, packages_skip_test_passed=False, packages_select=None, packages_skip=None, packages_select_regex=None, packages_skip_regex=None, packages_start=None, packages_end=None, allow_overriding=[], cmake_args=None, cmake_target=None, cmake_target_skip_unavailable=False, cmake_clean_cache=False, cmake_clean_first=False, cmake_force_configure=False, ament_cmake_args=None, catkin_cmake_args=None, catkin_skip_building_tests=False, mixin_files=None, mixin=None, verb_parser=<colcon_mixin.mixin.mixin_argument.MixinArgumentDecorator object at 0x7c159a73b7c0>, verb_extension=<colcon_core.verb.build.BuildVerb object at 0x7c159a73b0a0>, main=<bound method BuildVerb.main of <colcon_core.verb.build.BuildVerb object at 0x7c159a73b0a0>>, mixin_verb=('build',))
[0.372s] Level 1:colcon.colcon_core.package_discovery:discover_packages(colcon_meta) check parameters
[0.372s] Level 1:colcon.colcon_core.package_discovery:discover_packages(recursive) check parameters
[0.372s] Level 1:colcon.colcon_core.package_discovery:discover_packages(ignore) check parameters
[0.373s] Level 1:colcon.colcon_core.package_discovery:discover_packages(path) check parameters
[0.373s] Level 1:colcon.colcon_core.package_discovery:discover_packages(colcon_meta) discover
[0.373s] Level 1:colcon.colcon_core.package_discovery:discover_packages(recursive) discover
[0.373s] INFO:colcon.colcon_core.package_discovery:Crawling recursively for packages in '/home/com9/uet_ws'
[0.373s] Level 1:colcon.colcon_core.package_identification:_identify(.) by extensions ['ignore', 'ignore_ament_install']
[0.373s] Level 1:colcon.colcon_core.package_identification:_identify(.) by extension 'ignore'
[0.373s] Level 1:colcon.colcon_core.package_identification:_identify(.) by extension 'ignore_ament_install'
[0.373s] Level 1:colcon.colcon_core.package_identification:_identify(.) by extensions ['colcon_pkg']
[0.373s] Level 1:colcon.colcon_core.package_identification:_identify(.) by extension 'colcon_pkg'
[0.373s] Level 1:colcon.colcon_core.package_identification:_identify(.) by extensions ['colcon_meta']
[0.373s] Level 1:colcon.colcon_core.package_identification:_identify(.) by extension 'colcon_meta'
[0.373s] Level 1:colcon.colcon_core.package_identification:_identify(.) by extensions ['ros']
[0.373s] Level 1:colcon.colcon_core.package_identification:_identify(.) by extension 'ros'
[0.380s] Level 1:colcon.colcon_core.package_identification:_identify(.) by extensions ['cmake', 'python']
[0.380s] Level 1:colcon.colcon_core.package_identification:_identify(.) by extension 'cmake'
[0.381s] Level 1:colcon.colcon_core.package_identification:_identify(.) by extension 'python'
[0.381s] Level 1:colcon.colcon_core.package_identification:_identify(.) by extensions ['python_setup_py']
[0.381s] Level 1:colcon.colcon_core.package_identification:_identify(.) by extension 'python_setup_py'
[0.381s] Level 1:colcon.colcon_core.package_identification:_identify(build) by extensions ['ignore', 'ignore_ament_install']
[0.381s] Level 1:colcon.colcon_core.package_identification:_identify(build) by extension 'ignore'
[0.381s] Level 1:colcon.colcon_core.package_identification:_identify(build) ignored
[0.381s] Level 1:colcon.colcon_core.package_identification:_identify(install) by extensions ['ignore', 'ignore_ament_install']
[0.381s] Level 1:colcon.colcon_core.package_identification:_identify(install) by extension 'ignore'
[0.381s] Level 1:colcon.colcon_core.package_identification:_identify(install) ignored
[0.381s] Level 1:colcon.colcon_core.package_identification:_identify(log) by extensions ['ignore', 'ignore_ament_install']
[0.381s] Level 1:colcon.colcon_core.package_identification:_identify(log) by extension 'ignore'
[0.381s] Level 1:colcon.colcon_core.package_identification:_identify(log) ignored
[0.381s] Level 1:colcon.colcon_core.package_identification:_identify(src) by extensions ['ignore', 'ignore_ament_install']
[0.381s] Level 1:colcon.colcon_core.package_identification:_identify(src) by extension 'ignore'
[0.381s] Level 1:colcon.colcon_core.package_identification:_identify(src) by extension 'ignore_ament_install'
[0.381s] Level 1:colcon.colcon_core.package_identification:_identify(src) by extensions ['colcon_pkg']
[0.381s] Level 1:colcon.colcon_core.package_identification:_identify(src) by extension 'colcon_pkg'
[0.381s] Level 1:colcon.colcon_core.package_identification:_identify(src) by extensions ['colcon_meta']
[0.381s] Level 1:colcon.colcon_core.package_identification:_identify(src) by extension 'colcon_meta'
[0.381s] Level 1:colcon.colcon_core.package_identification:_identify(src) by extensions ['ros']
[0.381s] Level 1:colcon.colcon_core.package_identification:_identify(src) by extension 'ros'
[0.381s] Level 1:colcon.colcon_core.package_identification:_identify(src) by extensions ['cmake', 'python']
[0.381s] Level 1:colcon.colcon_core.package_identification:_identify(src) by extension 'cmake'
[0.381s] Level 1:colcon.colcon_core.package_identification:_identify(src) by extension 'python'
[0.381s] Level 1:colcon.colcon_core.package_identification:_identify(src) by extensions ['python_setup_py']
[0.381s] Level 1:colcon.colcon_core.package_identification:_identify(src) by extension 'python_setup_py'
[0.381s] Level 1:colcon.colcon_core.package_identification:_identify(src/Universal_Robots_ROS2_Driver) by extensions ['ignore', 'ignore_ament_install']
[0.381s] Level 1:colcon.colcon_core.package_identification:_identify(src/Universal_Robots_ROS2_Driver) by extension 'ignore'
[0.381s] Level 1:colcon.colcon_core.package_identification:_identify(src/Universal_Robots_ROS2_Driver) by extension 'ignore_ament_install'
[0.381s] Level 1:colcon.colcon_core.package_identification:_identify(src/Universal_Robots_ROS2_Driver) by extensions ['colcon_pkg']
[0.381s] Level 1:colcon.colcon_core.package_identification:_identify(src/Universal_Robots_ROS2_Driver) by extension 'colcon_pkg'
[0.382s] Level 1:colcon.colcon_core.package_identification:_identify(src/Universal_Robots_ROS2_Driver) by extensions ['colcon_meta']
[0.382s] Level 1:colcon.colcon_core.package_identification:_identify(src/Universal_Robots_ROS2_Driver) by extension 'colcon_meta'
[0.382s] Level 1:colcon.colcon_core.package_identification:_identify(src/Universal_Robots_ROS2_Driver) by extensions ['ros']
[0.382s] Level 1:colcon.colcon_core.package_identification:_identify(src/Universal_Robots_ROS2_Driver) by extension 'ros'
[0.382s] Level 1:colcon.colcon_core.package_identification:_identify(src/Universal_Robots_ROS2_Driver) by extensions ['cmake', 'python']
[0.382s] Level 1:colcon.colcon_core.package_identification:_identify(src/Universal_Robots_ROS2_Driver) by extension 'cmake'
[0.382s] Level 1:colcon.colcon_core.package_identification:_identify(src/Universal_Robots_ROS2_Driver) by extension 'python'
[0.382s] Level 1:colcon.colcon_core.package_identification:_identify(src/Universal_Robots_ROS2_Driver) by extensions ['python_setup_py']
[0.382s] Level 1:colcon.colcon_core.package_identification:_identify(src/Universal_Robots_ROS2_Driver) by extension 'python_setup_py'
[0.382s] Level 1:colcon.colcon_core.package_identification:_identify(src/Universal_Robots_ROS2_Driver/ur) by extensions ['ignore', 'ignore_ament_install']
[0.382s] Level 1:colcon.colcon_core.package_identification:_identify(src/Universal_Robots_ROS2_Driver/ur) by extension 'ignore'
[0.382s] Level 1:colcon.colcon_core.package_identification:_identify(src/Universal_Robots_ROS2_Driver/ur) by extension 'ignore_ament_install'
[0.382s] Level 1:colcon.colcon_core.package_identification:_identify(src/Universal_Robots_ROS2_Driver/ur) by extensions ['colcon_pkg']
[0.382s] Level 1:colcon.colcon_core.package_identification:_identify(src/Universal_Robots_ROS2_Driver/ur) by extension 'colcon_pkg'
[0.382s] Level 1:colcon.colcon_core.package_identification:_identify(src/Universal_Robots_ROS2_Driver/ur) by extensions ['colcon_meta']
[0.382s] Level 1:colcon.colcon_core.package_identification:_identify(src/Universal_Robots_ROS2_Driver/ur) by extension 'colcon_meta'
[0.382s] Level 1:colcon.colcon_core.package_identification:_identify(src/Universal_Robots_ROS2_Driver/ur) by extensions ['ros']
[0.382s] Level 1:colcon.colcon_core.package_identification:_identify(src/Universal_Robots_ROS2_Driver/ur) by extension 'ros'
[0.384s] DEBUG:colcon.colcon_core.package_identification:Package 'src/Universal_Robots_ROS2_Driver/ur' with type 'ros.ament_cmake' and name 'ur'
[0.384s] Level 1:colcon.colcon_core.package_identification:_identify(src/Universal_Robots_ROS2_Driver/ur_bringup) by extensions ['ignore', 'ignore_ament_install']
[0.384s] Level 1:colcon.colcon_core.package_identification:_identify(src/Universal_Robots_ROS2_Driver/ur_bringup) by extension 'ignore'
[0.384s] Level 1:colcon.colcon_core.package_identification:_identify(src/Universal_Robots_ROS2_Driver/ur_bringup) by extension 'ignore_ament_install'
[0.384s] Level 1:colcon.colcon_core.package_identification:_identify(src/Universal_Robots_ROS2_Driver/ur_bringup) by extensions ['colcon_pkg']
[0.384s] Level 1:colcon.colcon_core.package_identification:_identify(src/Universal_Robots_ROS2_Driver/ur_bringup) by extension 'colcon_pkg'
[0.384s] Level 1:colcon.colcon_core.package_identification:_identify(src/Universal_Robots_ROS2_Driver/ur_bringup) by extensions ['colcon_meta']
[0.384s] Level 1:colcon.colcon_core.package_identification:_identify(src/Universal_Robots_ROS2_Driver/ur_bringup) by extension 'colcon_meta'
[0.384s] Level 1:colcon.colcon_core.package_identification:_identify(src/Universal_Robots_ROS2_Driver/ur_bringup) by extensions ['ros']
[0.384s] Level 1:colcon.colcon_core.package_identification:_identify(src/Universal_Robots_ROS2_Driver/ur_bringup) by extension 'ros'
[0.385s] DEBUG:colcon.colcon_core.package_identification:Package 'src/Universal_Robots_ROS2_Driver/ur_bringup' with type 'ros.ament_cmake' and name 'ur_bringup'
[0.385s] Level 1:colcon.colcon_core.package_identification:_identify(src/Universal_Robots_ROS2_Driver/ur_calibration) by extensions ['ignore', 'ignore_ament_install']
[0.385s] Level 1:colcon.colcon_core.package_identification:_identify(src/Universal_Robots_ROS2_Driver/ur_calibration) by extension 'ignore'
[0.385s] Level 1:colcon.colcon_core.package_identification:_identify(src/Universal_Robots_ROS2_Driver/ur_calibration) by extension 'ignore_ament_install'
[0.385s] Level 1:colcon.colcon_core.package_identification:_identify(src/Universal_Robots_ROS2_Driver/ur_calibration) by extensions ['colcon_pkg']
[0.385s] Level 1:colcon.colcon_core.package_identification:_identify(src/Universal_Robots_ROS2_Driver/ur_calibration) by extension 'colcon_pkg'
[0.385s] Level 1:colcon.colcon_core.package_identification:_identify(src/Universal_Robots_ROS2_Driver/ur_calibration) by extensions ['colcon_meta']
[0.385s] Level 1:colcon.colcon_core.package_identification:_identify(src/Universal_Robots_ROS2_Driver/ur_calibration) by extension 'colcon_meta'
[0.385s] Level 1:colcon.colcon_core.package_identification:_identify(src/Universal_Robots_ROS2_Driver/ur_calibration) by extensions ['ros']
[0.385s] Level 1:colcon.colcon_core.package_identification:_identify(src/Universal_Robots_ROS2_Driver/ur_calibration) by extension 'ros'
[0.386s] DEBUG:colcon.colcon_core.package_identification:Package 'src/Universal_Robots_ROS2_Driver/ur_calibration' with type 'ros.ament_cmake' and name 'ur_calibration'
[0.386s] Level 1:colcon.colcon_core.package_identification:_identify(src/Universal_Robots_ROS2_Driver/ur_controllers) by extensions ['ignore', 'ignore_ament_install']
[0.386s] Level 1:colcon.colcon_core.package_identification:_identify(src/Universal_Robots_ROS2_Driver/ur_controllers) by extension 'ignore'
[0.386s] Level 1:colcon.colcon_core.package_identification:_identify(src/Universal_Robots_ROS2_Driver/ur_controllers) by extension 'ignore_ament_install'
[0.386s] Level 1:colcon.colcon_core.package_identification:_identify(src/Universal_Robots_ROS2_Driver/ur_controllers) by extensions ['colcon_pkg']
[0.386s] Level 1:colcon.colcon_core.package_identification:_identify(src/Universal_Robots_ROS2_Driver/ur_controllers) by extension 'colcon_pkg'
[0.386s] Level 1:colcon.colcon_core.package_identification:_identify(src/Universal_Robots_ROS2_Driver/ur_controllers) by extensions ['colcon_meta']
[0.386s] Level 1:colcon.colcon_core.package_identification:_identify(src/Universal_Robots_ROS2_Driver/ur_controllers) by extension 'colcon_meta'
[0.386s] Level 1:colcon.colcon_core.package_identification:_identify(src/Universal_Robots_ROS2_Driver/ur_controllers) by extensions ['ros']
[0.386s] Level 1:colcon.colcon_core.package_identification:_identify(src/Universal_Robots_ROS2_Driver/ur_controllers) by extension 'ros'
[0.388s] DEBUG:colcon.colcon_core.package_identification:Package 'src/Universal_Robots_ROS2_Driver/ur_controllers' with type 'ros.ament_cmake' and name 'ur_controllers'
[0.388s] Level 1:colcon.colcon_core.package_identification:_identify(src/Universal_Robots_ROS2_Driver/ur_dashboard_msgs) by extensions ['ignore', 'ignore_ament_install']
[0.388s] Level 1:colcon.colcon_core.package_identification:_identify(src/Universal_Robots_ROS2_Driver/ur_dashboard_msgs) by extension 'ignore'
[0.388s] Level 1:colcon.colcon_core.package_identification:_identify(src/Universal_Robots_ROS2_Driver/ur_dashboard_msgs) by extension 'ignore_ament_install'
[0.388s] Level 1:colcon.colcon_core.package_identification:_identify(src/Universal_Robots_ROS2_Driver/ur_dashboard_msgs) by extensions ['colcon_pkg']
[0.388s] Level 1:colcon.colcon_core.package_identification:_identify(src/Universal_Robots_ROS2_Driver/ur_dashboard_msgs) by extension 'colcon_pkg'
[0.388s] Level 1:colcon.colcon_core.package_identification:_identify(src/Universal_Robots_ROS2_Driver/ur_dashboard_msgs) by extensions ['colcon_meta']
[0.388s] Level 1:colcon.colcon_core.package_identification:_identify(src/Universal_Robots_ROS2_Driver/ur_dashboard_msgs) by extension 'colcon_meta'
[0.388s] Level 1:colcon.colcon_core.package_identification:_identify(src/Universal_Robots_ROS2_Driver/ur_dashboard_msgs) by extensions ['ros']
[0.388s] Level 1:colcon.colcon_core.package_identification:_identify(src/Universal_Robots_ROS2_Driver/ur_dashboard_msgs) by extension 'ros'
[0.389s] DEBUG:colcon.colcon_core.package_identification:Package 'src/Universal_Robots_ROS2_Driver/ur_dashboard_msgs' with type 'ros.ament_cmake' and name 'ur_dashboard_msgs'
[0.389s] Level 1:colcon.colcon_core.package_identification:_identify(src/Universal_Robots_ROS2_Driver/ur_moveit_config) by extensions ['ignore', 'ignore_ament_install']
[0.389s] Level 1:colcon.colcon_core.package_identification:_identify(src/Universal_Robots_ROS2_Driver/ur_moveit_config) by extension 'ignore'
[0.389s] Level 1:colcon.colcon_core.package_identification:_identify(src/Universal_Robots_ROS2_Driver/ur_moveit_config) by extension 'ignore_ament_install'
[0.389s] Level 1:colcon.colcon_core.package_identification:_identify(src/Universal_Robots_ROS2_Driver/ur_moveit_config) by extensions ['colcon_pkg']
[0.389s] Level 1:colcon.colcon_core.package_identification:_identify(src/Universal_Robots_ROS2_Driver/ur_moveit_config) by extension 'colcon_pkg'
[0.389s] Level 1:colcon.colcon_core.package_identification:_identify(src/Universal_Robots_ROS2_Driver/ur_moveit_config) by extensions ['colcon_meta']
[0.389s] Level 1:colcon.colcon_core.package_identification:_identify(src/Universal_Robots_ROS2_Driver/ur_moveit_config) by extension 'colcon_meta'
[0.389s] Level 1:colcon.colcon_core.package_identification:_identify(src/Universal_Robots_ROS2_Driver/ur_moveit_config) by extensions ['ros']
[0.389s] Level 1:colcon.colcon_core.package_identification:_identify(src/Universal_Robots_ROS2_Driver/ur_moveit_config) by extension 'ros'
[0.390s] DEBUG:colcon.colcon_core.package_identification:Package 'src/Universal_Robots_ROS2_Driver/ur_moveit_config' with type 'ros.ament_cmake' and name 'ur_moveit_config'
[0.390s] Level 1:colcon.colcon_core.package_identification:_identify(src/Universal_Robots_ROS2_Driver/ur_robot_driver) by extensions ['ignore', 'ignore_ament_install']
[0.390s] Level 1:colcon.colcon_core.package_identification:_identify(src/Universal_Robots_ROS2_Driver/ur_robot_driver) by extension 'ignore'
[0.390s] Level 1:colcon.colcon_core.package_identification:_identify(src/Universal_Robots_ROS2_Driver/ur_robot_driver) by extension 'ignore_ament_install'
[0.390s] Level 1:colcon.colcon_core.package_identification:_identify(src/Universal_Robots_ROS2_Driver/ur_robot_driver) by extensions ['colcon_pkg']
[0.390s] Level 1:colcon.colcon_core.package_identification:_identify(src/Universal_Robots_ROS2_Driver/ur_robot_driver) by extension 'colcon_pkg'
[0.390s] Level 1:colcon.colcon_core.package_identification:_identify(src/Universal_Robots_ROS2_Driver/ur_robot_driver) by extensions ['colcon_meta']
[0.390s] Level 1:colcon.colcon_core.package_identification:_identify(src/Universal_Robots_ROS2_Driver/ur_robot_driver) by extension 'colcon_meta'
[0.390s] Level 1:colcon.colcon_core.package_identification:_identify(src/Universal_Robots_ROS2_Driver/ur_robot_driver) by extensions ['ros']
[0.390s] Level 1:colcon.colcon_core.package_identification:_identify(src/Universal_Robots_ROS2_Driver/ur_robot_driver) by extension 'ros'
[0.397s] DEBUG:colcon.colcon_core.package_identification:Package 'src/Universal_Robots_ROS2_Driver/ur_robot_driver' with type 'ros.ament_cmake' and name 'ur_robot_driver'
[0.397s] Level 1:colcon.colcon_core.package_identification:_identify(src/susgrip_2f) by extensions ['ignore', 'ignore_ament_install']
[0.397s] Level 1:colcon.colcon_core.package_identification:_identify(src/susgrip_2f) by extension 'ignore'
[0.397s] Level 1:colcon.colcon_core.package_identification:_identify(src/susgrip_2f) by extension 'ignore_ament_install'
[0.397s] Level 1:colcon.colcon_core.package_identification:_identify(src/susgrip_2f) by extensions ['colcon_pkg']
[0.397s] Level 1:colcon.colcon_core.package_identification:_identify(src/susgrip_2f) by extension 'colcon_pkg'
[0.397s] Level 1:colcon.colcon_core.package_identification:_identify(src/susgrip_2f) by extensions ['colcon_meta']
[0.397s] Level 1:colcon.colcon_core.package_identification:_identify(src/susgrip_2f) by extension 'colcon_meta'
[0.397s] Level 1:colcon.colcon_core.package_identification:_identify(src/susgrip_2f) by extensions ['ros']
[0.397s] Level 1:colcon.colcon_core.package_identification:_identify(src/susgrip_2f) by extension 'ros'
[0.397s] Level 1:colcon.colcon_core.package_identification:_identify(src/susgrip_2f) by extensions ['cmake', 'python']
[0.397s] Level 1:colcon.colcon_core.package_identification:_identify(src/susgrip_2f) by extension 'cmake'
[0.397s] Level 1:colcon.colcon_core.package_identification:_identify(src/susgrip_2f) by extension 'python'
[0.397s] Level 1:colcon.colcon_core.package_identification:_identify(src/susgrip_2f) by extensions ['python_setup_py']
[0.397s] Level 1:colcon.colcon_core.package_identification:_identify(src/susgrip_2f) by extension 'python_setup_py'
[0.397s] Level 1:colcon.colcon_core.package_identification:_identify(src/susgrip_2f/susgrip_2f_control) by extensions ['ignore', 'ignore_ament_install']
[0.397s] Level 1:colcon.colcon_core.package_identification:_identify(src/susgrip_2f/susgrip_2f_control) by extension 'ignore'
[0.397s] Level 1:colcon.colcon_core.package_identification:_identify(src/susgrip_2f/susgrip_2f_control) by extension 'ignore_ament_install'
[0.397s] Level 1:colcon.colcon_core.package_identification:_identify(src/susgrip_2f/susgrip_2f_control) by extensions ['colcon_pkg']
[0.397s] Level 1:colcon.colcon_core.package_identification:_identify(src/susgrip_2f/susgrip_2f_control) by extension 'colcon_pkg'
[0.397s] Level 1:colcon.colcon_core.package_identification:_identify(src/susgrip_2f/susgrip_2f_control) by extensions ['colcon_meta']
[0.397s] Level 1:colcon.colcon_core.package_identification:_identify(src/susgrip_2f/susgrip_2f_control) by extension 'colcon_meta'
[0.397s] Level 1:colcon.colcon_core.package_identification:_identify(src/susgrip_2f/susgrip_2f_control) by extensions ['ros']
[0.397s] Level 1:colcon.colcon_core.package_identification:_identify(src/susgrip_2f/susgrip_2f_control) by extension 'ros'
[0.398s] DEBUG:colcon.colcon_core.package_identification:Package 'src/susgrip_2f/susgrip_2f_control' with type 'ros.ament_python' and name 'susgrip_2f_control'
[0.398s] Level 1:colcon.colcon_core.package_identification:_identify(src/susgrip_2f/susgrip_2f_description) by extensions ['ignore', 'ignore_ament_install']
[0.398s] Level 1:colcon.colcon_core.package_identification:_identify(src/susgrip_2f/susgrip_2f_description) by extension 'ignore'
[0.398s] Level 1:colcon.colcon_core.package_identification:_identify(src/susgrip_2f/susgrip_2f_description) by extension 'ignore_ament_install'
[0.398s] Level 1:colcon.colcon_core.package_identification:_identify(src/susgrip_2f/susgrip_2f_description) by extensions ['colcon_pkg']
[0.398s] Level 1:colcon.colcon_core.package_identification:_identify(src/susgrip_2f/susgrip_2f_description) by extension 'colcon_pkg'
[0.398s] Level 1:colcon.colcon_core.package_identification:_identify(src/susgrip_2f/susgrip_2f_description) by extensions ['colcon_meta']
[0.398s] Level 1:colcon.colcon_core.package_identification:_identify(src/susgrip_2f/susgrip_2f_description) by extension 'colcon_meta'
[0.398s] Level 1:colcon.colcon_core.package_identification:_identify(src/susgrip_2f/susgrip_2f_description) by extensions ['ros']
[0.398s] Level 1:colcon.colcon_core.package_identification:_identify(src/susgrip_2f/susgrip_2f_description) by extension 'ros'
[0.399s] DEBUG:colcon.colcon_core.package_identification:Package 'src/susgrip_2f/susgrip_2f_description' with type 'ros.ament_python' and name 'susgrip_2f_description'
[0.399s] Level 1:colcon.colcon_core.package_identification:_identify(src/susgrip_2f/susgrip_2f_gazebo) by extensions ['ignore', 'ignore_ament_install']
[0.399s] Level 1:colcon.colcon_core.package_identification:_identify(src/susgrip_2f/susgrip_2f_gazebo) by extension 'ignore'
[0.399s] Level 1:colcon.colcon_core.package_identification:_identify(src/susgrip_2f/susgrip_2f_gazebo) by extension 'ignore_ament_install'
[0.399s] Level 1:colcon.colcon_core.package_identification:_identify(src/susgrip_2f/susgrip_2f_gazebo) by extensions ['colcon_pkg']
[0.399s] Level 1:colcon.colcon_core.package_identification:_identify(src/susgrip_2f/susgrip_2f_gazebo) by extension 'colcon_pkg'
[0.399s] Level 1:colcon.colcon_core.package_identification:_identify(src/susgrip_2f/susgrip_2f_gazebo) by extensions ['colcon_meta']
[0.399s] Level 1:colcon.colcon_core.package_identification:_identify(src/susgrip_2f/susgrip_2f_gazebo) by extension 'colcon_meta'
[0.399s] Level 1:colcon.colcon_core.package_identification:_identify(src/susgrip_2f/susgrip_2f_gazebo) by extensions ['ros']
[0.399s] Level 1:colcon.colcon_core.package_identification:_identify(src/susgrip_2f/susgrip_2f_gazebo) by extension 'ros'
[0.400s] DEBUG:colcon.colcon_core.package_identification:Package 'src/susgrip_2f/susgrip_2f_gazebo' with type 'ros.ament_python' and name 'susgrip_2f_gazebo'
[0.400s] Level 1:colcon.colcon_core.package_identification:_identify(src/susgrip_2f/susgrip_2f_hardware) by extensions ['ignore', 'ignore_ament_install']
[0.400s] Level 1:colcon.colcon_core.package_identification:_identify(src/susgrip_2f/susgrip_2f_hardware) by extension 'ignore'
[0.401s] Level 1:colcon.colcon_core.package_identification:_identify(src/susgrip_2f/susgrip_2f_hardware) by extension 'ignore_ament_install'
[0.401s] Level 1:colcon.colcon_core.package_identification:_identify(src/susgrip_2f/susgrip_2f_hardware) by extensions ['colcon_pkg']
[0.401s] Level 1:colcon.colcon_core.package_identification:_identify(src/susgrip_2f/susgrip_2f_hardware) by extension 'colcon_pkg'
[0.401s] Level 1:colcon.colcon_core.package_identification:_identify(src/susgrip_2f/susgrip_2f_hardware) by extensions ['colcon_meta']
[0.401s] Level 1:colcon.colcon_core.package_identification:_identify(src/susgrip_2f/susgrip_2f_hardware) by extension 'colcon_meta'
[0.401s] Level 1:colcon.colcon_core.package_identification:_identify(src/susgrip_2f/susgrip_2f_hardware) by extensions ['ros']
[0.401s] Level 1:colcon.colcon_core.package_identification:_identify(src/susgrip_2f/susgrip_2f_hardware) by extension 'ros'
[0.401s] DEBUG:colcon.colcon_core.package_identification:Package 'src/susgrip_2f/susgrip_2f_hardware' with type 'ros.ament_python' and name 'susgrip_2f_hardware'
[0.401s] Level 1:colcon.colcon_core.package_identification:_identify(src/ur3_moveit_control) by extensions ['ignore', 'ignore_ament_install']
[0.401s] Level 1:colcon.colcon_core.package_identification:_identify(src/ur3_moveit_control) by extension 'ignore'
[0.401s] Level 1:colcon.colcon_core.package_identification:_identify(src/ur3_moveit_control) by extension 'ignore_ament_install'
[0.401s] Level 1:colcon.colcon_core.package_identification:_identify(src/ur3_moveit_control) by extensions ['colcon_pkg']
[0.401s] Level 1:colcon.colcon_core.package_identification:_identify(src/ur3_moveit_control) by extension 'colcon_pkg'
[0.401s] Level 1:colcon.colcon_core.package_identification:_identify(src/ur3_moveit_control) by extensions ['colcon_meta']
[0.401s] Level 1:colcon.colcon_core.package_identification:_identify(src/ur3_moveit_control) by extension 'colcon_meta'
[0.402s] Level 1:colcon.colcon_core.package_identification:_identify(src/ur3_moveit_control) by extensions ['ros']
[0.402s] Level 1:colcon.colcon_core.package_identification:_identify(src/ur3_moveit_control) by extension 'ros'
[0.402s] DEBUG:colcon.colcon_core.package_identification:Package 'src/ur3_moveit_control' with type 'ros.ament_cmake' and name 'ur3_moveit_control'
[0.402s] Level 1:colcon.colcon_core.package_identification:_identify(src/ur_simulation_gz) by extensions ['ignore', 'ignore_ament_install']
[0.402s] Level 1:colcon.colcon_core.package_identification:_identify(src/ur_simulation_gz) by extension 'ignore'
[0.402s] Level 1:colcon.colcon_core.package_identification:_identify(src/ur_simulation_gz) by extension 'ignore_ament_install'
[0.402s] Level 1:colcon.colcon_core.package_identification:_identify(src/ur_simulation_gz) by extensions ['colcon_pkg']
[0.402s] Level 1:colcon.colcon_core.package_identification:_identify(src/ur_simulation_gz) by extension 'colcon_pkg'
[0.402s] Level 1:colcon.colcon_core.package_identification:_identify(src/ur_simulation_gz) by extensions ['colcon_meta']
[0.402s] Level 1:colcon.colcon_core.package_identification:_identify(src/ur_simulation_gz) by extension 'colcon_meta'
[0.402s] Level 1:colcon.colcon_core.package_identification:_identify(src/ur_simulation_gz) by extensions ['ros']
[0.402s] Level 1:colcon.colcon_core.package_identification:_identify(src/ur_simulation_gz) by extension 'ros'
[0.403s] DEBUG:colcon.colcon_core.package_identification:Package 'src/ur_simulation_gz' with type 'ros.ament_cmake' and name 'ur_simulation_gz'
[0.403s] Level 1:colcon.colcon_core.package_identification:_identify(susgrip_2f) by extensions ['ignore', 'ignore_ament_install']
[0.403s] Level 1:colcon.colcon_core.package_identification:_identify(susgrip_2f) by extension 'ignore'
[0.403s] Level 1:colcon.colcon_core.package_identification:_identify(susgrip_2f) by extension 'ignore_ament_install'
[0.403s] Level 1:colcon.colcon_core.package_identification:_identify(susgrip_2f) by extensions ['colcon_pkg']
[0.403s] Level 1:colcon.colcon_core.package_identification:_identify(susgrip_2f) by extension 'colcon_pkg'
[0.403s] Level 1:colcon.colcon_core.package_identification:_identify(susgrip_2f) by extensions ['colcon_meta']
[0.403s] Level 1:colcon.colcon_core.package_identification:_identify(susgrip_2f) by extension 'colcon_meta'
[0.403s] Level 1:colcon.colcon_core.package_identification:_identify(susgrip_2f) by extensions ['ros']
[0.403s] Level 1:colcon.colcon_core.package_identification:_identify(susgrip_2f) by extension 'ros'
[0.403s] Level 1:colcon.colcon_core.package_identification:_identify(susgrip_2f) by extensions ['cmake', 'python']
[0.403s] Level 1:colcon.colcon_core.package_identification:_identify(susgrip_2f) by extension 'cmake'
[0.403s] Level 1:colcon.colcon_core.package_identification:_identify(susgrip_2f) by extension 'python'
[0.403s] Level 1:colcon.colcon_core.package_identification:_identify(susgrip_2f) by extensions ['python_setup_py']
[0.404s] Level 1:colcon.colcon_core.package_identification:_identify(susgrip_2f) by extension 'python_setup_py'
[0.404s] Level 1:colcon.colcon_core.package_identification:_identify(susgrip_2f/susgrip_2f_hardware) by extensions ['ignore', 'ignore_ament_install']
[0.404s] Level 1:colcon.colcon_core.package_identification:_identify(susgrip_2f/susgrip_2f_hardware) by extension 'ignore'
[0.404s] Level 1:colcon.colcon_core.package_identification:_identify(susgrip_2f/susgrip_2f_hardware) by extension 'ignore_ament_install'
[0.404s] Level 1:colcon.colcon_core.package_identification:_identify(susgrip_2f/susgrip_2f_hardware) by extensions ['colcon_pkg']
[0.404s] Level 1:colcon.colcon_core.package_identification:_identify(susgrip_2f/susgrip_2f_hardware) by extension 'colcon_pkg'
[0.404s] Level 1:colcon.colcon_core.package_identification:_identify(susgrip_2f/susgrip_2f_hardware) by extensions ['colcon_meta']
[0.404s] Level 1:colcon.colcon_core.package_identification:_identify(susgrip_2f/susgrip_2f_hardware) by extension 'colcon_meta'
[0.404s] Level 1:colcon.colcon_core.package_identification:_identify(susgrip_2f/susgrip_2f_hardware) by extensions ['ros']
[0.404s] Level 1:colcon.colcon_core.package_identification:_identify(susgrip_2f/susgrip_2f_hardware) by extension 'ros'
[0.404s] Level 1:colcon.colcon_core.package_identification:_identify(susgrip_2f/susgrip_2f_hardware) by extensions ['cmake', 'python']
[0.404s] Level 1:colcon.colcon_core.package_identification:_identify(susgrip_2f/susgrip_2f_hardware) by extension 'cmake'
[0.404s] Level 1:colcon.colcon_core.package_identification:_identify(susgrip_2f/susgrip_2f_hardware) by extension 'python'
[0.404s] Level 1:colcon.colcon_core.package_identification:_identify(susgrip_2f/susgrip_2f_hardware) by extensions ['python_setup_py']
[0.404s] Level 1:colcon.colcon_core.package_identification:_identify(susgrip_2f/susgrip_2f_hardware) by extension 'python_setup_py'
[0.404s] Level 1:colcon.colcon_core.package_identification:_identify(susgrip_2f/susgrip_2f_hardware/susgrip_2f_hardware) by extensions ['ignore', 'ignore_ament_install']
[0.404s] Level 1:colcon.colcon_core.package_identification:_identify(susgrip_2f/susgrip_2f_hardware/susgrip_2f_hardware) by extension 'ignore'
[0.404s] Level 1:colcon.colcon_core.package_identification:_identify(susgrip_2f/susgrip_2f_hardware/susgrip_2f_hardware) by extension 'ignore_ament_install'
[0.404s] Level 1:colcon.colcon_core.package_identification:_identify(susgrip_2f/susgrip_2f_hardware/susgrip_2f_hardware) by extensions ['colcon_pkg']
[0.404s] Level 1:colcon.colcon_core.package_identification:_identify(susgrip_2f/susgrip_2f_hardware/susgrip_2f_hardware) by extension 'colcon_pkg'
[0.404s] Level 1:colcon.colcon_core.package_identification:_identify(susgrip_2f/susgrip_2f_hardware/susgrip_2f_hardware) by extensions ['colcon_meta']
[0.404s] Level 1:colcon.colcon_core.package_identification:_identify(susgrip_2f/susgrip_2f_hardware/susgrip_2f_hardware) by extension 'colcon_meta'
[0.404s] Level 1:colcon.colcon_core.package_identification:_identify(susgrip_2f/susgrip_2f_hardware/susgrip_2f_hardware) by extensions ['ros']
[0.404s] Level 1:colcon.colcon_core.package_identification:_identify(susgrip_2f/susgrip_2f_hardware/susgrip_2f_hardware) by extension 'ros'
[0.404s] Level 1:colcon.colcon_core.package_identification:_identify(susgrip_2f/susgrip_2f_hardware/susgrip_2f_hardware) by extensions ['cmake', 'python']
[0.404s] Level 1:colcon.colcon_core.package_identification:_identify(susgrip_2f/susgrip_2f_hardware/susgrip_2f_hardware) by extension 'cmake'
[0.404s] Level 1:colcon.colcon_core.package_identification:_identify(susgrip_2f/susgrip_2f_hardware/susgrip_2f_hardware) by extension 'python'
[0.404s] Level 1:colcon.colcon_core.package_identification:_identify(susgrip_2f/susgrip_2f_hardware/susgrip_2f_hardware) by extensions ['python_setup_py']
[0.404s] Level 1:colcon.colcon_core.package_identification:_identify(susgrip_2f/susgrip_2f_hardware/susgrip_2f_hardware) by extension 'python_setup_py'
[0.404s] Level 1:colcon.colcon_core.package_discovery:discover_packages(recursive) using defaults
[0.404s] Level 1:colcon.colcon_core.package_discovery:discover_packages(ignore) discover
[0.404s] Level 1:colcon.colcon_core.package_discovery:discover_packages(ignore) using defaults
[0.404s] Level 1:colcon.colcon_core.package_discovery:discover_packages(path) discover
[0.404s] Level 1:colcon.colcon_core.package_discovery:discover_packages(path) using defaults
[0.426s] Level 1:colcon.colcon_core.package_discovery:discover_packages(prefix_path) check parameters
[0.426s] Level 1:colcon.colcon_core.package_discovery:discover_packages(prefix_path) discover
[0.433s] DEBUG:colcon.colcon_installed_package_information.package_discovery:Found 13 installed packages in /home/com9/uet_ws/install
[0.434s] DEBUG:colcon.colcon_installed_package_information.package_discovery:Found 383 installed packages in /opt/ros/humble
[0.436s] Level 1:colcon.colcon_core.package_discovery:discover_packages(prefix_path) using defaults
[0.508s] Level 5:colcon.colcon_core.verb:set package 'susgrip_2f_control' build argument 'cmake_args' from command line to 'None'
[0.508s] Level 5:colcon.colcon_core.verb:set package 'susgrip_2f_control' build argument 'cmake_target' from command line to 'None'
[0.508s] Level 5:colcon.colcon_core.verb:set package 'susgrip_2f_control' build argument 'cmake_target_skip_unavailable' from command line to 'False'
[0.508s] Level 5:colcon.colcon_core.verb:set package 'susgrip_2f_control' build argument 'cmake_clean_cache' from command line to 'False'
[0.508s] Level 5:colcon.colcon_core.verb:set package 'susgrip_2f_control' build argument 'cmake_clean_first' from command line to 'False'
[0.508s] Level 5:colcon.colcon_core.verb:set package 'susgrip_2f_control' build argument 'cmake_force_configure' from command line to 'False'
[0.508s] Level 5:colcon.colcon_core.verb:set package 'susgrip_2f_control' build argument 'ament_cmake_args' from command line to 'None'
[0.508s] Level 5:colcon.colcon_core.verb:set package 'susgrip_2f_control' build argument 'catkin_cmake_args' from command line to 'None'
[0.508s] Level 5:colcon.colcon_core.verb:set package 'susgrip_2f_control' build argument 'catkin_skip_building_tests' from command line to 'False'
[0.508s] DEBUG:colcon.colcon_core.verb:Building package 'susgrip_2f_control' with the following arguments: {'ament_cmake_args': None, 'build_base': '/home/com9/uet_ws/build/susgrip_2f_control', 'catkin_cmake_args': None, 'catkin_skip_building_tests': False, 'cmake_args': None, 'cmake_clean_cache': False, 'cmake_clean_first': False, 'cmake_force_configure': False, 'cmake_target': None, 'cmake_target_skip_unavailable': False, 'install_base': '/home/com9/uet_ws/install/susgrip_2f_control', 'merge_install': False, 'path': '/home/com9/uet_ws/src/susgrip_2f/susgrip_2f_control', 'symlink_install': False, 'test_result_base': None}
[0.508s] Level 5:colcon.colcon_core.verb:set package 'susgrip_2f_description' build argument 'cmake_args' from command line to 'None'
[0.508s] Level 5:colcon.colcon_core.verb:set package 'susgrip_2f_description' build argument 'cmake_target' from command line to 'None'
[0.508s] Level 5:colcon.colcon_core.verb:set package 'susgrip_2f_description' build argument 'cmake_target_skip_unavailable' from command line to 'False'
[0.508s] Level 5:colcon.colcon_core.verb:set package 'susgrip_2f_description' build argument 'cmake_clean_cache' from command line to 'False'
[0.508s] Level 5:colcon.colcon_core.verb:set package 'susgrip_2f_description' build argument 'cmake_clean_first' from command line to 'False'
[0.508s] Level 5:colcon.colcon_core.verb:set package 'susgrip_2f_description' build argument 'cmake_force_configure' from command line to 'False'
[0.508s] Level 5:colcon.colcon_core.verb:set package 'susgrip_2f_description' build argument 'ament_cmake_args' from command line to 'None'
[0.508s] Level 5:colcon.colcon_core.verb:set package 'susgrip_2f_description' build argument 'catkin_cmake_args' from command line to 'None'
[0.508s] Level 5:colcon.colcon_core.verb:set package 'susgrip_2f_description' build argument 'catkin_skip_building_tests' from command line to 'False'
[0.508s] DEBUG:colcon.colcon_core.verb:Building package 'susgrip_2f_description' with the following arguments: {'ament_cmake_args': None, 'build_base': '/home/com9/uet_ws/build/susgrip_2f_description', 'catkin_cmake_args': None, 'catkin_skip_building_tests': False, 'cmake_args': None, 'cmake_clean_cache': False, 'cmake_clean_first': False, 'cmake_force_configure': False, 'cmake_target': None, 'cmake_target_skip_unavailable': False, 'install_base': '/home/com9/uet_ws/install/susgrip_2f_description', 'merge_install': False, 'path': '/home/com9/uet_ws/src/susgrip_2f/susgrip_2f_description', 'symlink_install': False, 'test_result_base': None}
[0.508s] Level 5:colcon.colcon_core.verb:set package 'susgrip_2f_hardware' build argument 'cmake_args' from command line to 'None'
[0.508s] Level 5:colcon.colcon_core.verb:set package 'susgrip_2f_hardware' build argument 'cmake_target' from command line to 'None'
[0.508s] Level 5:colcon.colcon_core.verb:set package 'susgrip_2f_hardware' build argument 'cmake_target_skip_unavailable' from command line to 'False'
[0.508s] Level 5:colcon.colcon_core.verb:set package 'susgrip_2f_hardware' build argument 'cmake_clean_cache' from command line to 'False'
[0.508s] Level 5:colcon.colcon_core.verb:set package 'susgrip_2f_hardware' build argument 'cmake_clean_first' from command line to 'False'
[0.508s] Level 5:colcon.colcon_core.verb:set package 'susgrip_2f_hardware' build argument 'cmake_force_configure' from command line to 'False'
[0.508s] Level 5:colcon.colcon_core.verb:set package 'susgrip_2f_hardware' build argument 'ament_cmake_args' from command line to 'None'
[0.508s] Level 5:colcon.colcon_core.verb:set package 'susgrip_2f_hardware' build argument 'catkin_cmake_args' from command line to 'None'
[0.508s] Level 5:colcon.colcon_core.verb:set package 'susgrip_2f_hardware' build argument 'catkin_skip_building_tests' from command line to 'False'
[0.508s] DEBUG:colcon.colcon_core.verb:Building package 'susgrip_2f_hardware' with the following arguments: {'ament_cmake_args': None, 'build_base': '/home/com9/uet_ws/build/susgrip_2f_hardware', 'catkin_cmake_args': None, 'catkin_skip_building_tests': False, 'cmake_args': None, 'cmake_clean_cache': False, 'cmake_clean_first': False, 'cmake_force_configure': False, 'cmake_target': None, 'cmake_target_skip_unavailable': False, 'install_base': '/home/com9/uet_ws/install/susgrip_2f_hardware', 'merge_install': False, 'path': '/home/com9/uet_ws/src/susgrip_2f/susgrip_2f_hardware', 'symlink_install': False, 'test_result_base': None}
[0.509s] Level 5:colcon.colcon_core.verb:set package 'ur3_moveit_control' build argument 'cmake_args' from command line to 'None'
[0.509s] Level 5:colcon.colcon_core.verb:set package 'ur3_moveit_control' build argument 'cmake_target' from command line to 'None'
[0.509s] Level 5:colcon.colcon_core.verb:set package 'ur3_moveit_control' build argument 'cmake_target_skip_unavailable' from command line to 'False'
[0.509s] Level 5:colcon.colcon_core.verb:set package 'ur3_moveit_control' build argument 'cmake_clean_cache' from command line to 'False'
[0.509s] Level 5:colcon.colcon_core.verb:set package 'ur3_moveit_control' build argument 'cmake_clean_first' from command line to 'False'
[0.509s] Level 5:colcon.colcon_core.verb:set package 'ur3_moveit_control' build argument 'cmake_force_configure' from command line to 'False'
[0.509s] Level 5:colcon.colcon_core.verb:set package 'ur3_moveit_control' build argument 'ament_cmake_args' from command line to 'None'
[0.509s] Level 5:colcon.colcon_core.verb:set package 'ur3_moveit_control' build argument 'catkin_cmake_args' from command line to 'None'
[0.509s] Level 5:colcon.colcon_core.verb:set package 'ur3_moveit_control' build argument 'catkin_skip_building_tests' from command line to 'False'
[0.509s] DEBUG:colcon.colcon_core.verb:Building package 'ur3_moveit_control' with the following arguments: {'ament_cmake_args': None, 'build_base': '/home/com9/uet_ws/build/ur3_moveit_control', 'catkin_cmake_args': None, 'catkin_skip_building_tests': False, 'cmake_args': None, 'cmake_clean_cache': False, 'cmake_clean_first': False, 'cmake_force_configure': False, 'cmake_target': None, 'cmake_target_skip_unavailable': False, 'install_base': '/home/com9/uet_ws/install/ur3_moveit_control', 'merge_install': False, 'path': '/home/com9/uet_ws/src/ur3_moveit_control', 'symlink_install': False, 'test_result_base': None}
[0.509s] Level 5:colcon.colcon_core.verb:set package 'ur_dashboard_msgs' build argument 'cmake_args' from command line to 'None'
[0.509s] Level 5:colcon.colcon_core.verb:set package 'ur_dashboard_msgs' build argument 'cmake_target' from command line to 'None'
[0.509s] Level 5:colcon.colcon_core.verb:set package 'ur_dashboard_msgs' build argument 'cmake_target_skip_unavailable' from command line to 'False'
[0.509s] Level 5:colcon.colcon_core.verb:set package 'ur_dashboard_msgs' build argument 'cmake_clean_cache' from command line to 'False'
[0.509s] Level 5:colcon.colcon_core.verb:set package 'ur_dashboard_msgs' build argument 'cmake_clean_first' from command line to 'False'
[0.509s] Level 5:colcon.colcon_core.verb:set package 'ur_dashboard_msgs' build argument 'cmake_force_configure' from command line to 'False'
[0.509s] Level 5:colcon.colcon_core.verb:set package 'ur_dashboard_msgs' build argument 'ament_cmake_args' from command line to 'None'
[0.509s] Level 5:colcon.colcon_core.verb:set package 'ur_dashboard_msgs' build argument 'catkin_cmake_args' from command line to 'None'
[0.509s] Level 5:colcon.colcon_core.verb:set package 'ur_dashboard_msgs' build argument 'catkin_skip_building_tests' from command line to 'False'
[0.509s] DEBUG:colcon.colcon_core.verb:Building package 'ur_dashboard_msgs' with the following arguments: {'ament_cmake_args': None, 'build_base': '/home/com9/uet_ws/build/ur_dashboard_msgs', 'catkin_cmake_args': None, 'catkin_skip_building_tests': False, 'cmake_args': None, 'cmake_clean_cache': False, 'cmake_clean_first': False, 'cmake_force_configure': False, 'cmake_target': None, 'cmake_target_skip_unavailable': False, 'install_base': '/home/com9/uet_ws/install/ur_dashboard_msgs', 'merge_install': False, 'path': '/home/com9/uet_ws/src/Universal_Robots_ROS2_Driver/ur_dashboard_msgs', 'symlink_install': False, 'test_result_base': None}
[0.509s] Level 5:colcon.colcon_core.verb:set package 'ur_moveit_config' build argument 'cmake_args' from command line to 'None'
[0.509s] Level 5:colcon.colcon_core.verb:set package 'ur_moveit_config' build argument 'cmake_target' from command line to 'None'
[0.509s] Level 5:colcon.colcon_core.verb:set package 'ur_moveit_config' build argument 'cmake_target_skip_unavailable' from command line to 'False'
[0.509s] Level 5:colcon.colcon_core.verb:set package 'ur_moveit_config' build argument 'cmake_clean_cache' from command line to 'False'
[0.509s] Level 5:colcon.colcon_core.verb:set package 'ur_moveit_config' build argument 'cmake_clean_first' from command line to 'False'
[0.509s] Level 5:colcon.colcon_core.verb:set package 'ur_moveit_config' build argument 'cmake_force_configure' from command line to 'False'
[0.509s] Level 5:colcon.colcon_core.verb:set package 'ur_moveit_config' build argument 'ament_cmake_args' from command line to 'None'
[0.509s] Level 5:colcon.colcon_core.verb:set package 'ur_moveit_config' build argument 'catkin_cmake_args' from command line to 'None'
[0.509s] Level 5:colcon.colcon_core.verb:set package 'ur_moveit_config' build argument 'catkin_skip_building_tests' from command line to 'False'
[0.509s] DEBUG:colcon.colcon_core.verb:Building package 'ur_moveit_config' with the following arguments: {'ament_cmake_args': None, 'build_base': '/home/com9/uet_ws/build/ur_moveit_config', 'catkin_cmake_args': None, 'catkin_skip_building_tests': False, 'cmake_args': None, 'cmake_clean_cache': False, 'cmake_clean_first': False, 'cmake_force_configure': False, 'cmake_target': None, 'cmake_target_skip_unavailable': False, 'install_base': '/home/com9/uet_ws/install/ur_moveit_config', 'merge_install': False, 'path': '/home/com9/uet_ws/src/Universal_Robots_ROS2_Driver/ur_moveit_config', 'symlink_install': False, 'test_result_base': None}
[0.509s] Level 5:colcon.colcon_core.verb:set package 'susgrip_2f_gazebo' build argument 'cmake_args' from command line to 'None'
[0.509s] Level 5:colcon.colcon_core.verb:set package 'susgrip_2f_gazebo' build argument 'cmake_target' from command line to 'None'
[0.509s] Level 5:colcon.colcon_core.verb:set package 'susgrip_2f_gazebo' build argument 'cmake_target_skip_unavailable' from command line to 'False'
[0.509s] Level 5:colcon.colcon_core.verb:set package 'susgrip_2f_gazebo' build argument 'cmake_clean_cache' from command line to 'False'
[0.509s] Level 5:colcon.colcon_core.verb:set package 'susgrip_2f_gazebo' build argument 'cmake_clean_first' from command line to 'False'
[0.509s] Level 5:colcon.colcon_core.verb:set package 'susgrip_2f_gazebo' build argument 'cmake_force_configure' from command line to 'False'
[0.509s] Level 5:colcon.colcon_core.verb:set package 'susgrip_2f_gazebo' build argument 'ament_cmake_args' from command line to 'None'
[0.509s] Level 5:colcon.colcon_core.verb:set package 'susgrip_2f_gazebo' build argument 'catkin_cmake_args' from command line to 'None'
[0.509s] Level 5:colcon.colcon_core.verb:set package 'susgrip_2f_gazebo' build argument 'catkin_skip_building_tests' from command line to 'False'
[0.509s] DEBUG:colcon.colcon_core.verb:Building package 'susgrip_2f_gazebo' with the following arguments: {'ament_cmake_args': None, 'build_base': '/home/com9/uet_ws/build/susgrip_2f_gazebo', 'catkin_cmake_args': None, 'catkin_skip_building_tests': False, 'cmake_args': None, 'cmake_clean_cache': False, 'cmake_clean_first': False, 'cmake_force_configure': False, 'cmake_target': None, 'cmake_target_skip_unavailable': False, 'install_base': '/home/com9/uet_ws/install/susgrip_2f_gazebo', 'merge_install': False, 'path': '/home/com9/uet_ws/src/susgrip_2f/susgrip_2f_gazebo', 'symlink_install': False, 'test_result_base': None}
[0.510s] Level 5:colcon.colcon_core.verb:set package 'ur_controllers' build argument 'cmake_args' from command line to 'None'
[0.510s] Level 5:colcon.colcon_core.verb:set package 'ur_controllers' build argument 'cmake_target' from command line to 'None'
[0.510s] Level 5:colcon.colcon_core.verb:set package 'ur_controllers' build argument 'cmake_target_skip_unavailable' from command line to 'False'
[0.510s] Level 5:colcon.colcon_core.verb:set package 'ur_controllers' build argument 'cmake_clean_cache' from command line to 'False'
[0.510s] Level 5:colcon.colcon_core.verb:set package 'ur_controllers' build argument 'cmake_clean_first' from command line to 'False'
[0.510s] Level 5:colcon.colcon_core.verb:set package 'ur_controllers' build argument 'cmake_force_configure' from command line to 'False'
[0.510s] Level 5:colcon.colcon_core.verb:set package 'ur_controllers' build argument 'ament_cmake_args' from command line to 'None'
[0.510s] Level 5:colcon.colcon_core.verb:set package 'ur_controllers' build argument 'catkin_cmake_args' from command line to 'None'
[0.510s] Level 5:colcon.colcon_core.verb:set package 'ur_controllers' build argument 'catkin_skip_building_tests' from command line to 'False'
[0.510s] DEBUG:colcon.colcon_core.verb:Building package 'ur_controllers' with the following arguments: {'ament_cmake_args': None, 'build_base': '/home/com9/uet_ws/build/ur_controllers', 'catkin_cmake_args': None, 'catkin_skip_building_tests': False, 'cmake_args': None, 'cmake_clean_cache': False, 'cmake_clean_first': False, 'cmake_force_configure': False, 'cmake_target': None, 'cmake_target_skip_unavailable': False, 'install_base': '/home/com9/uet_ws/install/ur_controllers', 'merge_install': False, 'path': '/home/com9/uet_ws/src/Universal_Robots_ROS2_Driver/ur_controllers', 'symlink_install': False, 'test_result_base': None}
[0.510s] Level 5:colcon.colcon_core.verb:set package 'ur_bringup' build argument 'cmake_args' from command line to 'None'
[0.510s] Level 5:colcon.colcon_core.verb:set package 'ur_bringup' build argument 'cmake_target' from command line to 'None'
[0.510s] Level 5:colcon.colcon_core.verb:set package 'ur_bringup' build argument 'cmake_target_skip_unavailable' from command line to 'False'
[0.510s] Level 5:colcon.colcon_core.verb:set package 'ur_bringup' build argument 'cmake_clean_cache' from command line to 'False'
[0.510s] Level 5:colcon.colcon_core.verb:set package 'ur_bringup' build argument 'cmake_clean_first' from command line to 'False'
[0.510s] Level 5:colcon.colcon_core.verb:set package 'ur_bringup' build argument 'cmake_force_configure' from command line to 'False'
[0.510s] Level 5:colcon.colcon_core.verb:set package 'ur_bringup' build argument 'ament_cmake_args' from command line to 'None'
[0.510s] Level 5:colcon.colcon_core.verb:set package 'ur_bringup' build argument 'catkin_cmake_args' from command line to 'None'
[0.510s] Level 5:colcon.colcon_core.verb:set package 'ur_bringup' build argument 'catkin_skip_building_tests' from command line to 'False'
[0.510s] DEBUG:colcon.colcon_core.verb:Building package 'ur_bringup' with the following arguments: {'ament_cmake_args': None, 'build_base': '/home/com9/uet_ws/build/ur_bringup', 'catkin_cmake_args': None, 'catkin_skip_building_tests': False, 'cmake_args': None, 'cmake_clean_cache': False, 'cmake_clean_first': False, 'cmake_force_configure': False, 'cmake_target': None, 'cmake_target_skip_unavailable': False, 'install_base': '/home/com9/uet_ws/install/ur_bringup', 'merge_install': False, 'path': '/home/com9/uet_ws/src/Universal_Robots_ROS2_Driver/ur_bringup', 'symlink_install': False, 'test_result_base': None}
[0.510s] Level 5:colcon.colcon_core.verb:set package 'ur_robot_driver' build argument 'cmake_args' from command line to 'None'
[0.510s] Level 5:colcon.colcon_core.verb:set package 'ur_robot_driver' build argument 'cmake_target' from command line to 'None'
[0.510s] Level 5:colcon.colcon_core.verb:set package 'ur_robot_driver' build argument 'cmake_target_skip_unavailable' from command line to 'False'
[0.510s] Level 5:colcon.colcon_core.verb:set package 'ur_robot_driver' build argument 'cmake_clean_cache' from command line to 'False'
[0.510s] Level 5:colcon.colcon_core.verb:set package 'ur_robot_driver' build argument 'cmake_clean_first' from command line to 'False'
[0.510s] Level 5:colcon.colcon_core.verb:set package 'ur_robot_driver' build argument 'cmake_force_configure' from command line to 'False'
[0.510s] Level 5:colcon.colcon_core.verb:set package 'ur_robot_driver' build argument 'ament_cmake_args' from command line to 'None'
[0.510s] Level 5:colcon.colcon_core.verb:set package 'ur_robot_driver' build argument 'catkin_cmake_args' from command line to 'None'
[0.510s] Level 5:colcon.colcon_core.verb:set package 'ur_robot_driver' build argument 'catkin_skip_building_tests' from command line to 'False'
[0.510s] DEBUG:colcon.colcon_core.verb:Building package 'ur_robot_driver' with the following arguments: {'ament_cmake_args': None, 'build_base': '/home/com9/uet_ws/build/ur_robot_driver', 'catkin_cmake_args': None, 'catkin_skip_building_tests': False, 'cmake_args': None, 'cmake_clean_cache': False, 'cmake_clean_first': False, 'cmake_force_configure': False, 'cmake_target': None, 'cmake_target_skip_unavailable': False, 'install_base': '/home/com9/uet_ws/install/ur_robot_driver', 'merge_install': False, 'path': '/home/com9/uet_ws/src/Universal_Robots_ROS2_Driver/ur_robot_driver', 'symlink_install': False, 'test_result_base': None}
[0.510s] Level 5:colcon.colcon_core.verb:set package 'ur_simulation_gz' build argument 'cmake_args' from command line to 'None'
[0.510s] Level 5:colcon.colcon_core.verb:set package 'ur_simulation_gz' build argument 'cmake_target' from command line to 'None'
[0.510s] Level 5:colcon.colcon_core.verb:set package 'ur_simulation_gz' build argument 'cmake_target_skip_unavailable' from command line to 'False'
[0.510s] Level 5:colcon.colcon_core.verb:set package 'ur_simulation_gz' build argument 'cmake_clean_cache' from command line to 'False'
[0.510s] Level 5:colcon.colcon_core.verb:set package 'ur_simulation_gz' build argument 'cmake_clean_first' from command line to 'False'
[0.510s] Level 5:colcon.colcon_core.verb:set package 'ur_simulation_gz' build argument 'cmake_force_configure' from command line to 'False'
[0.510s] Level 5:colcon.colcon_core.verb:set package 'ur_simulation_gz' build argument 'ament_cmake_args' from command line to 'None'
[0.510s] Level 5:colcon.colcon_core.verb:set package 'ur_simulation_gz' build argument 'catkin_cmake_args' from command line to 'None'
[0.510s] Level 5:colcon.colcon_core.verb:set package 'ur_simulation_gz' build argument 'catkin_skip_building_tests' from command line to 'False'
[0.510s] DEBUG:colcon.colcon_core.verb:Building package 'ur_simulation_gz' with the following arguments: {'ament_cmake_args': None, 'build_base': '/home/com9/uet_ws/build/ur_simulation_gz', 'catkin_cmake_args': None, 'catkin_skip_building_tests': False, 'cmake_args': None, 'cmake_clean_cache': False, 'cmake_clean_first': False, 'cmake_force_configure': False, 'cmake_target': None, 'cmake_target_skip_unavailable': False, 'install_base': '/home/com9/uet_ws/install/ur_simulation_gz', 'merge_install': False, 'path': '/home/com9/uet_ws/src/ur_simulation_gz', 'symlink_install': False, 'test_result_base': None}
[0.511s] Level 5:colcon.colcon_core.verb:set package 'ur_calibration' build argument 'cmake_args' from command line to 'None'
[0.511s] Level 5:colcon.colcon_core.verb:set package 'ur_calibration' build argument 'cmake_target' from command line to 'None'
[0.511s] Level 5:colcon.colcon_core.verb:set package 'ur_calibration' build argument 'cmake_target_skip_unavailable' from command line to 'False'
[0.511s] Level 5:colcon.colcon_core.verb:set package 'ur_calibration' build argument 'cmake_clean_cache' from command line to 'False'
[0.511s] Level 5:colcon.colcon_core.verb:set package 'ur_calibration' build argument 'cmake_clean_first' from command line to 'False'
[0.511s] Level 5:colcon.colcon_core.verb:set package 'ur_calibration' build argument 'cmake_force_configure' from command line to 'False'
[0.511s] Level 5:colcon.colcon_core.verb:set package 'ur_calibration' build argument 'ament_cmake_args' from command line to 'None'
[0.511s] Level 5:colcon.colcon_core.verb:set package 'ur_calibration' build argument 'catkin_cmake_args' from command line to 'None'
[0.511s] Level 5:colcon.colcon_core.verb:set package 'ur_calibration' build argument 'catkin_skip_building_tests' from command line to 'False'
[0.511s] DEBUG:colcon.colcon_core.verb:Building package 'ur_calibration' with the following arguments: {'ament_cmake_args': None, 'build_base': '/home/com9/uet_ws/build/ur_calibration', 'catkin_cmake_args': None, 'catkin_skip_building_tests': False, 'cmake_args': None, 'cmake_clean_cache': False, 'cmake_clean_first': False, 'cmake_force_configure': False, 'cmake_target': None, 'cmake_target_skip_unavailable': False, 'install_base': '/home/com9/uet_ws/install/ur_calibration', 'merge_install': False, 'path': '/home/com9/uet_ws/src/Universal_Robots_ROS2_Driver/ur_calibration', 'symlink_install': False, 'test_result_base': None}
[0.511s] Level 5:colcon.colcon_core.verb:set package 'ur' build argument 'cmake_args' from command line to 'None'
[0.511s] Level 5:colcon.colcon_core.verb:set package 'ur' build argument 'cmake_target' from command line to 'None'
[0.511s] Level 5:colcon.colcon_core.verb:set package 'ur' build argument 'cmake_target_skip_unavailable' from command line to 'False'
[0.511s] Level 5:colcon.colcon_core.verb:set package 'ur' build argument 'cmake_clean_cache' from command line to 'False'
[0.511s] Level 5:colcon.colcon_core.verb:set package 'ur' build argument 'cmake_clean_first' from command line to 'False'
[0.511s] Level 5:colcon.colcon_core.verb:set package 'ur' build argument 'cmake_force_configure' from command line to 'False'
[0.511s] Level 5:colcon.colcon_core.verb:set package 'ur' build argument 'ament_cmake_args' from command line to 'None'
[0.511s] Level 5:colcon.colcon_core.verb:set package 'ur' build argument 'catkin_cmake_args' from command line to 'None'
[0.511s] Level 5:colcon.colcon_core.verb:set package 'ur' build argument 'catkin_skip_building_tests' from command line to 'False'
[0.511s] DEBUG:colcon.colcon_core.verb:Building package 'ur' with the following arguments: {'ament_cmake_args': None, 'build_base': '/home/com9/uet_ws/build/ur', 'catkin_cmake_args': None, 'catkin_skip_building_tests': False, 'cmake_args': None, 'cmake_clean_cache': False, 'cmake_clean_first': False, 'cmake_force_configure': False, 'cmake_target': None, 'cmake_target_skip_unavailable': False, 'install_base': '/home/com9/uet_ws/install/ur', 'merge_install': False, 'path': '/home/com9/uet_ws/src/Universal_Robots_ROS2_Driver/ur', 'symlink_install': False, 'test_result_base': None}
[0.511s] INFO:colcon.colcon_core.executor:Executing jobs using 'sequential' executor
[0.512s] DEBUG:colcon.colcon_core.executor.sequential:run_until_complete 'susgrip_2f_control'
[0.512s] INFO:colcon.colcon_ros.task.ament_python.build:Building ROS package in '/home/com9/uet_ws/src/susgrip_2f/susgrip_2f_control' with build type 'ament_python'
[0.512s] Level 1:colcon.colcon_core.shell:create_environment_hook('susgrip_2f_control', 'ament_prefix_path')
[0.515s] INFO:colcon.colcon_core.plugin_system:Skipping extension 'colcon_core.shell.bat': Not used on non-Windows systems
[0.515s] INFO:colcon.colcon_core.shell:Creating environment hook '/home/com9/uet_ws/install/susgrip_2f_control/share/susgrip_2f_control/hook/ament_prefix_path.ps1'
[0.516s] INFO:colcon.colcon_core.shell:Creating environment descriptor '/home/com9/uet_ws/install/susgrip_2f_control/share/susgrip_2f_control/hook/ament_prefix_path.dsv'
[0.516s] INFO:colcon.colcon_core.shell:Creating environment hook '/home/com9/uet_ws/install/susgrip_2f_control/share/susgrip_2f_control/hook/ament_prefix_path.sh'
[0.517s] INFO:colcon.colcon_core.shell:Skip shell extension 'powershell' for command environment: Not usable outside of PowerShell
[0.517s] DEBUG:colcon.colcon_core.shell:Skip shell extension 'dsv' for command environment
[0.653s] INFO:colcon.colcon_core.task.python.build:Building Python package in '/home/com9/uet_ws/src/susgrip_2f/susgrip_2f_control'
[0.654s] INFO:colcon.colcon_core.shell:Skip shell extension 'powershell' for command environment: Not usable outside of PowerShell
[0.654s] DEBUG:colcon.colcon_core.shell:Skip shell extension 'dsv' for command environment
[0.905s] DEBUG:colcon.colcon_core.task.python.build:Available setuptools commands: saveopts, install_egg_info, install, upload, clean, install_headers, build_clib, extract_messages, symlink_data, test, init_catalog, install_data, bdist_rpm, check, build_scripts, build, bdist_egg, bdist_dumb, update_catalog, setopt, egg_info, bdist, rotate, easy_install, compile_catalog, dist_info, alias, install_lib, develop, upload_docs, sdist, register, build_ext, install_scripts, build_py
[0.906s] DEBUG:colcon.colcon_core.event_handler.log_command:Invoking command in '/home/com9/uet_ws/src/susgrip_2f/susgrip_2f_control': PYTHONPATH=/home/com9/uet_ws/build/susgrip_2f_control/prefix_override:/usr/lib/python3/dist-packages/colcon_core/task/python/colcon_distutils_commands:/home/com9/uet_ws/install/susgrip_2f_control/lib/python3.10/site-packages:${PYTHONPATH} /usr/bin/python3 -W ignore:setup.py install is deprecated -W ignore:easy_install command is deprecated setup.py egg_info --egg-base ../../../build/susgrip_2f_control build --build-base /home/com9/uet_ws/build/susgrip_2f_control/build install --record /home/com9/uet_ws/build/susgrip_2f_control/install.log --install-scripts $base/lib/susgrip_2f_control --single-version-externally-managed install_data
[1.061s] DEBUG:colcon.colcon_core.event_handler.log_command:Invoked command in '/home/com9/uet_ws/src/susgrip_2f/susgrip_2f_control' returned '0': PYTHONPATH=/home/com9/uet_ws/build/susgrip_2f_control/prefix_override:/usr/lib/python3/dist-packages/colcon_core/task/python/colcon_distutils_commands:/home/com9/uet_ws/install/susgrip_2f_control/lib/python3.10/site-packages:${PYTHONPATH} /usr/bin/python3 -W ignore:setup.py install is deprecated -W ignore:easy_install command is deprecated setup.py egg_info --egg-base ../../../build/susgrip_2f_control build --build-base /home/com9/uet_ws/build/susgrip_2f_control/build install --record /home/com9/uet_ws/build/susgrip_2f_control/install.log --install-scripts $base/lib/susgrip_2f_control --single-version-externally-managed install_data
[1.065s] Level 1:colcon.colcon_core.environment:checking '/home/com9/uet_ws/install/susgrip_2f_control' for CMake module files
[1.065s] Level 1:colcon.colcon_core.environment:checking '/home/com9/uet_ws/install/susgrip_2f_control' for CMake config files
[1.065s] Level 1:colcon.colcon_core.environment:checking '/home/com9/uet_ws/install/susgrip_2f_control/lib'
[1.065s] Level 1:colcon.colcon_core.environment:checking '/home/com9/uet_ws/install/susgrip_2f_control/bin'
[1.066s] Level 1:colcon.colcon_core.environment:checking '/home/com9/uet_ws/install/susgrip_2f_control/lib/pkgconfig/susgrip_2f_control.pc'
[1.066s] Level 1:colcon.colcon_core.environment:checking '/home/com9/uet_ws/install/susgrip_2f_control/lib/python3.10/site-packages'
[1.066s] Level 1:colcon.colcon_core.shell:create_environment_hook('susgrip_2f_control', 'pythonpath')
[1.066s] INFO:colcon.colcon_core.shell:Creating environment hook '/home/com9/uet_ws/install/susgrip_2f_control/share/susgrip_2f_control/hook/pythonpath.ps1'
[1.066s] INFO:colcon.colcon_core.shell:Creating environment descriptor '/home/com9/uet_ws/install/susgrip_2f_control/share/susgrip_2f_control/hook/pythonpath.dsv'
[1.066s] INFO:colcon.colcon_core.shell:Creating environment hook '/home/com9/uet_ws/install/susgrip_2f_control/share/susgrip_2f_control/hook/pythonpath.sh'
[1.067s] Level 1:colcon.colcon_core.environment:checking '/home/com9/uet_ws/install/susgrip_2f_control/bin'
[1.067s] Level 1:colcon.colcon_core.environment:create_environment_scripts_only(susgrip_2f_control)
[1.067s] INFO:colcon.colcon_core.shell:Creating package script '/home/com9/uet_ws/install/susgrip_2f_control/share/susgrip_2f_control/package.ps1'
[1.068s] INFO:colcon.colcon_core.shell:Creating package descriptor '/home/com9/uet_ws/install/susgrip_2f_control/share/susgrip_2f_control/package.dsv'
[1.068s] INFO:colcon.colcon_core.shell:Creating package script '/home/com9/uet_ws/install/susgrip_2f_control/share/susgrip_2f_control/package.sh'
[1.068s] INFO:colcon.colcon_core.shell:Creating package script '/home/com9/uet_ws/install/susgrip_2f_control/share/susgrip_2f_control/package.bash'
[1.069s] INFO:colcon.colcon_core.shell:Creating package script '/home/com9/uet_ws/install/susgrip_2f_control/share/susgrip_2f_control/package.zsh'
[1.070s] Level 1:colcon.colcon_core.environment:create_file_with_runtime_dependencies(/home/com9/uet_ws/install/susgrip_2f_control/share/colcon-core/packages/susgrip_2f_control)
[1.070s] DEBUG:colcon.colcon_core.executor.sequential:run_until_complete 'susgrip_2f_control' finished with '0'
[1.070s] DEBUG:colcon.colcon_core.executor.sequential:run_until_complete 'susgrip_2f_description'
[1.070s] INFO:colcon.colcon_ros.task.ament_python.build:Building ROS package in '/home/com9/uet_ws/src/susgrip_2f/susgrip_2f_description' with build type 'ament_python'
[1.070s] Level 1:colcon.colcon_core.shell:create_environment_hook('susgrip_2f_description', 'ament_prefix_path')
[1.070s] INFO:colcon.colcon_core.shell:Creating environment hook '/home/com9/uet_ws/install/susgrip_2f_description/share/susgrip_2f_description/hook/ament_prefix_path.ps1'
[1.070s] INFO:colcon.colcon_core.shell:Creating environment descriptor '/home/com9/uet_ws/install/susgrip_2f_description/share/susgrip_2f_description/hook/ament_prefix_path.dsv'
[1.071s] INFO:colcon.colcon_core.shell:Creating environment hook '/home/com9/uet_ws/install/susgrip_2f_description/share/susgrip_2f_description/hook/ament_prefix_path.sh'
[1.071s] INFO:colcon.colcon_core.shell:Skip shell extension 'powershell' for command environment: Not usable outside of PowerShell
[1.071s] DEBUG:colcon.colcon_core.shell:Skip shell extension 'dsv' for command environment
[1.209s] INFO:colcon.colcon_core.task.python.build:Building Python package in '/home/com9/uet_ws/src/susgrip_2f/susgrip_2f_description'
[1.209s] INFO:colcon.colcon_core.shell:Skip shell extension 'powershell' for command environment: Not usable outside of PowerShell
[1.209s] DEBUG:colcon.colcon_core.shell:Skip shell extension 'dsv' for command environment
[1.392s] DEBUG:colcon.colcon_core.task.python.build:Available setuptools commands: saveopts, install_egg_info, install, upload, clean, install_headers, build_clib, extract_messages, symlink_data, test, init_catalog, install_data, bdist_rpm, check, build_scripts, build, bdist_egg, bdist_dumb, update_catalog, setopt, egg_info, bdist, rotate, easy_install, compile_catalog, dist_info, alias, install_lib, develop, upload_docs, sdist, register, build_ext, install_scripts, build_py
[1.394s] DEBUG:colcon.colcon_core.event_handler.log_command:Invoking command in '/home/com9/uet_ws/src/susgrip_2f/susgrip_2f_description': PYTHONPATH=/home/com9/uet_ws/build/susgrip_2f_description/prefix_override:/usr/lib/python3/dist-packages/colcon_core/task/python/colcon_distutils_commands:/home/com9/uet_ws/install/susgrip_2f_description/lib/python3.10/site-packages:${PYTHONPATH} /usr/bin/python3 -W ignore:setup.py install is deprecated -W ignore:easy_install command is deprecated setup.py egg_info --egg-base ../../../build/susgrip_2f_description build --build-base /home/com9/uet_ws/build/susgrip_2f_description/build install --record /home/com9/uet_ws/build/susgrip_2f_description/install.log --install-scripts $base/lib/susgrip_2f_description --single-version-externally-managed install_data
[1.548s] Level 1:colcon.colcon_core.environment:checking '/home/com9/uet_ws/install/susgrip_2f_description' for CMake module files
[1.549s] DEBUG:colcon.colcon_core.event_handler.log_command:Invoked command in '/home/com9/uet_ws/src/susgrip_2f/susgrip_2f_description' returned '0': PYTHONPATH=/home/com9/uet_ws/build/susgrip_2f_description/prefix_override:/usr/lib/python3/dist-packages/colcon_core/task/python/colcon_distutils_commands:/home/com9/uet_ws/install/susgrip_2f_description/lib/python3.10/site-packages:${PYTHONPATH} /usr/bin/python3 -W ignore:setup.py install is deprecated -W ignore:easy_install command is deprecated setup.py egg_info --egg-base ../../../build/susgrip_2f_description build --build-base /home/com9/uet_ws/build/susgrip_2f_description/build install --record /home/com9/uet_ws/build/susgrip_2f_description/install.log --install-scripts $base/lib/susgrip_2f_description --single-version-externally-managed install_data
[1.549s] Level 1:colcon.colcon_core.environment:checking '/home/com9/uet_ws/install/susgrip_2f_description' for CMake config files
[1.550s] Level 1:colcon.colcon_core.environment:checking '/home/com9/uet_ws/install/susgrip_2f_description/lib'
[1.550s] Level 1:colcon.colcon_core.environment:checking '/home/com9/uet_ws/install/susgrip_2f_description/bin'
[1.550s] Level 1:colcon.colcon_core.environment:checking '/home/com9/uet_ws/install/susgrip_2f_description/lib/pkgconfig/susgrip_2f_description.pc'
[1.550s] Level 1:colcon.colcon_core.environment:checking '/home/com9/uet_ws/install/susgrip_2f_description/lib/python3.10/site-packages'
[1.550s] Level 1:colcon.colcon_core.shell:create_environment_hook('susgrip_2f_description', 'pythonpath')
[1.550s] INFO:colcon.colcon_core.shell:Creating environment hook '/home/com9/uet_ws/install/susgrip_2f_description/share/susgrip_2f_description/hook/pythonpath.ps1'
[1.550s] INFO:colcon.colcon_core.shell:Creating environment descriptor '/home/com9/uet_ws/install/susgrip_2f_description/share/susgrip_2f_description/hook/pythonpath.dsv'
[1.551s] INFO:colcon.colcon_core.shell:Creating environment hook '/home/com9/uet_ws/install/susgrip_2f_description/share/susgrip_2f_description/hook/pythonpath.sh'
[1.551s] Level 1:colcon.colcon_core.environment:checking '/home/com9/uet_ws/install/susgrip_2f_description/bin'
[1.551s] Level 1:colcon.colcon_core.environment:create_environment_scripts_only(susgrip_2f_description)
[1.551s] INFO:colcon.colcon_core.shell:Creating package script '/home/com9/uet_ws/install/susgrip_2f_description/share/susgrip_2f_description/package.ps1'
[1.552s] INFO:colcon.colcon_core.shell:Creating package descriptor '/home/com9/uet_ws/install/susgrip_2f_description/share/susgrip_2f_description/package.dsv'
[1.552s] INFO:colcon.colcon_core.shell:Creating package script '/home/com9/uet_ws/install/susgrip_2f_description/share/susgrip_2f_description/package.sh'
[1.552s] INFO:colcon.colcon_core.shell:Creating package script '/home/com9/uet_ws/install/susgrip_2f_description/share/susgrip_2f_description/package.bash'
[1.552s] INFO:colcon.colcon_core.shell:Creating package script '/home/com9/uet_ws/install/susgrip_2f_description/share/susgrip_2f_description/package.zsh'
[1.552s] Level 1:colcon.colcon_core.environment:create_file_with_runtime_dependencies(/home/com9/uet_ws/install/susgrip_2f_description/share/colcon-core/packages/susgrip_2f_description)
[1.553s] DEBUG:colcon.colcon_core.executor.sequential:run_until_complete 'susgrip_2f_description' finished with '0'
[1.553s] DEBUG:colcon.colcon_core.executor.sequential:run_until_complete 'susgrip_2f_hardware'
[1.553s] INFO:colcon.colcon_ros.task.ament_python.build:Building ROS package in '/home/com9/uet_ws/src/susgrip_2f/susgrip_2f_hardware' with build type 'ament_python'
[1.553s] Level 1:colcon.colcon_core.shell:create_environment_hook('susgrip_2f_hardware', 'ament_prefix_path')
[1.553s] INFO:colcon.colcon_core.shell:Creating environment hook '/home/com9/uet_ws/install/susgrip_2f_hardware/share/susgrip_2f_hardware/hook/ament_prefix_path.ps1'
[1.554s] INFO:colcon.colcon_core.shell:Creating environment descriptor '/home/com9/uet_ws/install/susgrip_2f_hardware/share/susgrip_2f_hardware/hook/ament_prefix_path.dsv'
[1.554s] INFO:colcon.colcon_core.shell:Creating environment hook '/home/com9/uet_ws/install/susgrip_2f_hardware/share/susgrip_2f_hardware/hook/ament_prefix_path.sh'
[1.554s] INFO:colcon.colcon_core.shell:Skip shell extension 'powershell' for command environment: Not usable outside of PowerShell
[1.554s] DEBUG:colcon.colcon_core.shell:Skip shell extension 'dsv' for command environment
[1.690s] INFO:colcon.colcon_core.task.python.build:Building Python package in '/home/com9/uet_ws/src/susgrip_2f/susgrip_2f_hardware'
[1.690s] INFO:colcon.colcon_core.shell:Skip shell extension 'powershell' for command environment: Not usable outside of PowerShell
[1.690s] DEBUG:colcon.colcon_core.shell:Skip shell extension 'dsv' for command environment
[1.871s] DEBUG:colcon.colcon_core.task.python.build:Available setuptools commands: saveopts, install_egg_info, install, upload, clean, install_headers, build_clib, extract_messages, symlink_data, test, init_catalog, install_data, bdist_rpm, check, build_scripts, build, bdist_egg, bdist_dumb, update_catalog, setopt, egg_info, bdist, rotate, easy_install, compile_catalog, dist_info, alias, install_lib, develop, upload_docs, sdist, register, build_ext, install_scripts, build_py
[1.872s] DEBUG:colcon.colcon_core.event_handler.log_command:Invoking command in '/home/com9/uet_ws/src/susgrip_2f/susgrip_2f_hardware': PYTHONPATH=/home/com9/uet_ws/build/susgrip_2f_hardware/prefix_override:/usr/lib/python3/dist-packages/colcon_core/task/python/colcon_distutils_commands:/home/com9/uet_ws/install/susgrip_2f_hardware/lib/python3.10/site-packages:${PYTHONPATH} /usr/bin/python3 -W ignore:setup.py install is deprecated -W ignore:easy_install command is deprecated setup.py egg_info --egg-base ../../../build/susgrip_2f_hardware build --build-base /home/com9/uet_ws/build/susgrip_2f_hardware/build install --record /home/com9/uet_ws/build/susgrip_2f_hardware/install.log --install-scripts $base/lib/susgrip_2f_hardware --single-version-externally-managed install_data
[2.027s] Level 1:colcon.colcon_core.environment:checking '/home/com9/uet_ws/install/susgrip_2f_hardware' for CMake module files
[2.027s] DEBUG:colcon.colcon_core.event_handler.log_command:Invoked command in '/home/com9/uet_ws/src/susgrip_2f/susgrip_2f_hardware' returned '0': PYTHONPATH=/home/com9/uet_ws/build/susgrip_2f_hardware/prefix_override:/usr/lib/python3/dist-packages/colcon_core/task/python/colcon_distutils_commands:/home/com9/uet_ws/install/susgrip_2f_hardware/lib/python3.10/site-packages:${PYTHONPATH} /usr/bin/python3 -W ignore:setup.py install is deprecated -W ignore:easy_install command is deprecated setup.py egg_info --egg-base ../../../build/susgrip_2f_hardware build --build-base /home/com9/uet_ws/build/susgrip_2f_hardware/build install --record /home/com9/uet_ws/build/susgrip_2f_hardware/install.log --install-scripts $base/lib/susgrip_2f_hardware --single-version-externally-managed install_data
[2.027s] Level 1:colcon.colcon_core.environment:checking '/home/com9/uet_ws/install/susgrip_2f_hardware' for CMake config files
[2.027s] Level 1:colcon.colcon_core.environment:checking '/home/com9/uet_ws/install/susgrip_2f_hardware/lib'
[2.027s] Level 1:colcon.colcon_core.environment:checking '/home/com9/uet_ws/install/susgrip_2f_hardware/bin'
[2.028s] Level 1:colcon.colcon_core.environment:checking '/home/com9/uet_ws/install/susgrip_2f_hardware/lib/pkgconfig/susgrip_2f_hardware.pc'
[2.028s] Level 1:colcon.colcon_core.environment:checking '/home/com9/uet_ws/install/susgrip_2f_hardware/lib/python3.10/site-packages'
[2.028s] Level 1:colcon.colcon_core.shell:create_environment_hook('susgrip_2f_hardware', 'pythonpath')
[2.028s] INFO:colcon.colcon_core.shell:Creating environment hook '/home/com9/uet_ws/install/susgrip_2f_hardware/share/susgrip_2f_hardware/hook/pythonpath.ps1'
[2.028s] INFO:colcon.colcon_core.shell:Creating environment descriptor '/home/com9/uet_ws/install/susgrip_2f_hardware/share/susgrip_2f_hardware/hook/pythonpath.dsv'
[2.028s] INFO:colcon.colcon_core.shell:Creating environment hook '/home/com9/uet_ws/install/susgrip_2f_hardware/share/susgrip_2f_hardware/hook/pythonpath.sh'
[2.029s] Level 1:colcon.colcon_core.environment:checking '/home/com9/uet_ws/install/susgrip_2f_hardware/bin'
[2.029s] Level 1:colcon.colcon_core.environment:create_environment_scripts_only(susgrip_2f_hardware)
[2.029s] INFO:colcon.colcon_core.shell:Creating package script '/home/com9/uet_ws/install/susgrip_2f_hardware/share/susgrip_2f_hardware/package.ps1'
[2.029s] INFO:colcon.colcon_core.shell:Creating package descriptor '/home/com9/uet_ws/install/susgrip_2f_hardware/share/susgrip_2f_hardware/package.dsv'
[2.029s] INFO:colcon.colcon_core.shell:Creating package script '/home/com9/uet_ws/install/susgrip_2f_hardware/share/susgrip_2f_hardware/package.sh'
[2.030s] INFO:colcon.colcon_core.shell:Creating package script '/home/com9/uet_ws/install/susgrip_2f_hardware/share/susgrip_2f_hardware/package.bash'
[2.030s] INFO:colcon.colcon_core.shell:Creating package script '/home/com9/uet_ws/install/susgrip_2f_hardware/share/susgrip_2f_hardware/package.zsh'
[2.030s] Level 1:colcon.colcon_core.environment:create_file_with_runtime_dependencies(/home/com9/uet_ws/install/susgrip_2f_hardware/share/colcon-core/packages/susgrip_2f_hardware)
[2.030s] DEBUG:colcon.colcon_core.executor.sequential:run_until_complete 'susgrip_2f_hardware' finished with '0'
[2.030s] DEBUG:colcon.colcon_core.executor.sequential:run_until_complete 'ur3_moveit_control'
[2.030s] INFO:colcon.colcon_ros.task.ament_cmake.build:Building ROS package in '/home/com9/uet_ws/src/ur3_moveit_control' with build type 'ament_cmake'
[2.030s] INFO:colcon.colcon_cmake.task.cmake.build:Building CMake package in '/home/com9/uet_ws/src/ur3_moveit_control'
[2.030s] INFO:colcon.colcon_core.shell:Skip shell extension 'powershell' for command environment: Not usable outside of PowerShell
[2.030s] DEBUG:colcon.colcon_core.shell:Skip shell extension 'dsv' for command environment
[2.037s] DEBUG:colcon.colcon_core.event_handler.log_command:Invoking command in '/home/com9/uet_ws/build/ur3_moveit_control': CMAKE_PREFIX_PATH=${CMAKE_PREFIX_PATH}:/home/com9/uet_ws/install/susgrip_2f_hardware:/home/com9/uet_ws/install/susgrip_2f_gazebo:/home/com9/uet_ws/install/susgrip_2f_description:/home/com9/uet_ws/install/susgrip_2f_control:/opt/ros/humble /usr/bin/cmake --build /home/com9/uet_ws/build/ur3_moveit_control
[2.686s] DEBUG:colcon.colcon_core.event_handler.log_command:Invoked command in '/home/com9/uet_ws/build/ur3_moveit_control' returned '0': CMAKE_PREFIX_PATH=${CMAKE_PREFIX_PATH}:/home/com9/uet_ws/install/susgrip_2f_hardware:/home/com9/uet_ws/install/susgrip_2f_gazebo:/home/com9/uet_ws/install/susgrip_2f_description:/home/com9/uet_ws/install/susgrip_2f_control:/opt/ros/humble /usr/bin/cmake --build /home/com9/uet_ws/build/ur3_moveit_control
[2.694s] DEBUG:colcon.colcon_core.event_handler.log_command:Invoking command in '/home/com9/uet_ws/build/ur3_moveit_control': CMAKE_PREFIX_PATH=${CMAKE_PREFIX_PATH}:/home/com9/uet_ws/install/susgrip_2f_hardware:/home/com9/uet_ws/install/susgrip_2f_gazebo:/home/com9/uet_ws/install/susgrip_2f_description:/home/com9/uet_ws/install/susgrip_2f_control:/opt/ros/humble /usr/bin/cmake --install /home/com9/uet_ws/build/ur3_moveit_control
[2.741s] Level 1:colcon.colcon_core.environment:create_environment_scripts_only(ur3_moveit_control)
[2.741s] DEBUG:colcon.colcon_core.event_handler.log_command:Invoked command in '/home/com9/uet_ws/build/ur3_moveit_control' returned '0': CMAKE_PREFIX_PATH=${CMAKE_PREFIX_PATH}:/home/com9/uet_ws/install/susgrip_2f_hardware:/home/com9/uet_ws/install/susgrip_2f_gazebo:/home/com9/uet_ws/install/susgrip_2f_description:/home/com9/uet_ws/install/susgrip_2f_control:/opt/ros/humble /usr/bin/cmake --install /home/com9/uet_ws/build/ur3_moveit_control
[2.742s] Level 1:colcon.colcon_core.environment:checking '/home/com9/uet_ws/install/ur3_moveit_control' for CMake module files
[2.742s] Level 1:colcon.colcon_core.environment:checking '/home/com9/uet_ws/install/ur3_moveit_control' for CMake config files
[2.743s] Level 1:colcon.colcon_core.shell:create_environment_hook('ur3_moveit_control', 'cmake_prefix_path')
[2.743s] INFO:colcon.colcon_core.shell:Creating environment hook '/home/com9/uet_ws/install/ur3_moveit_control/share/ur3_moveit_control/hook/cmake_prefix_path.ps1'
[2.743s] INFO:colcon.colcon_core.shell:Creating environment descriptor '/home/com9/uet_ws/install/ur3_moveit_control/share/ur3_moveit_control/hook/cmake_prefix_path.dsv'
[2.743s] INFO:colcon.colcon_core.shell:Creating environment hook '/home/com9/uet_ws/install/ur3_moveit_control/share/ur3_moveit_control/hook/cmake_prefix_path.sh'
[2.744s] Level 1:colcon.colcon_core.environment:checking '/home/com9/uet_ws/install/ur3_moveit_control/lib'
[2.744s] Level 1:colcon.colcon_core.shell:create_environment_hook('ur3_moveit_control', 'ld_library_path_lib')
[2.744s] INFO:colcon.colcon_core.shell:Creating environment hook '/home/com9/uet_ws/install/ur3_moveit_control/share/ur3_moveit_control/hook/ld_library_path_lib.ps1'
[2.744s] INFO:colcon.colcon_core.shell:Creating environment descriptor '/home/com9/uet_ws/install/ur3_moveit_control/share/ur3_moveit_control/hook/ld_library_path_lib.dsv'
[2.744s] INFO:colcon.colcon_core.shell:Creating environment hook '/home/com9/uet_ws/install/ur3_moveit_control/share/ur3_moveit_control/hook/ld_library_path_lib.sh'
[2.745s] Level 1:colcon.colcon_core.environment:checking '/home/com9/uet_ws/install/ur3_moveit_control/bin'
[2.745s] Level 1:colcon.colcon_core.environment:checking '/home/com9/uet_ws/install/ur3_moveit_control/lib/pkgconfig/ur3_moveit_control.pc'
[2.745s] Level 1:colcon.colcon_core.environment:checking '/home/com9/uet_ws/install/ur3_moveit_control/lib/python3.10/site-packages'
[2.745s] Level 1:colcon.colcon_core.environment:checking '/home/com9/uet_ws/install/ur3_moveit_control/bin'
[2.745s] INFO:colcon.colcon_core.shell:Creating package script '/home/com9/uet_ws/install/ur3_moveit_control/share/ur3_moveit_control/package.ps1'
[2.745s] INFO:colcon.colcon_core.shell:Creating package descriptor '/home/com9/uet_ws/install/ur3_moveit_control/share/ur3_moveit_control/package.dsv'
[2.746s] INFO:colcon.colcon_core.shell:Creating package script '/home/com9/uet_ws/install/ur3_moveit_control/share/ur3_moveit_control/package.sh'
[2.746s] INFO:colcon.colcon_core.shell:Creating package script '/home/com9/uet_ws/install/ur3_moveit_control/share/ur3_moveit_control/package.bash'
[2.746s] INFO:colcon.colcon_core.shell:Creating package script '/home/com9/uet_ws/install/ur3_moveit_control/share/ur3_moveit_control/package.zsh'
[2.746s] Level 1:colcon.colcon_core.environment:create_file_with_runtime_dependencies(/home/com9/uet_ws/install/ur3_moveit_control/share/colcon-core/packages/ur3_moveit_control)
[2.746s] Level 1:colcon.colcon_core.environment:create_environment_scripts_only(ur3_moveit_control)
[2.747s] Level 1:colcon.colcon_core.environment:checking '/home/com9/uet_ws/install/ur3_moveit_control' for CMake module files
[2.747s] Level 1:colcon.colcon_core.environment:checking '/home/com9/uet_ws/install/ur3_moveit_control' for CMake config files
[2.747s] Level 1:colcon.colcon_core.shell:create_environment_hook('ur3_moveit_control', 'cmake_prefix_path')
[2.747s] INFO:colcon.colcon_core.shell:Creating environment hook '/home/com9/uet_ws/install/ur3_moveit_control/share/ur3_moveit_control/hook/cmake_prefix_path.ps1'
[2.748s] INFO:colcon.colcon_core.shell:Creating environment descriptor '/home/com9/uet_ws/install/ur3_moveit_control/share/ur3_moveit_control/hook/cmake_prefix_path.dsv'
[2.748s] INFO:colcon.colcon_core.shell:Creating environment hook '/home/com9/uet_ws/install/ur3_moveit_control/share/ur3_moveit_control/hook/cmake_prefix_path.sh'
[2.748s] Level 1:colcon.colcon_core.environment:checking '/home/com9/uet_ws/install/ur3_moveit_control/lib'
[2.748s] Level 1:colcon.colcon_core.shell:create_environment_hook('ur3_moveit_control', 'ld_library_path_lib')
[2.748s] INFO:colcon.colcon_core.shell:Creating environment hook '/home/com9/uet_ws/install/ur3_moveit_control/share/ur3_moveit_control/hook/ld_library_path_lib.ps1'
[2.748s] INFO:colcon.colcon_core.shell:Creating environment descriptor '/home/com9/uet_ws/install/ur3_moveit_control/share/ur3_moveit_control/hook/ld_library_path_lib.dsv'
[2.748s] INFO:colcon.colcon_core.shell:Creating environment hook '/home/com9/uet_ws/install/ur3_moveit_control/share/ur3_moveit_control/hook/ld_library_path_lib.sh'
[2.749s] Level 1:colcon.colcon_core.environment:checking '/home/com9/uet_ws/install/ur3_moveit_control/bin'
[2.749s] Level 1:colcon.colcon_core.environment:checking '/home/com9/uet_ws/install/ur3_moveit_control/lib/pkgconfig/ur3_moveit_control.pc'
[2.749s] Level 1:colcon.colcon_core.environment:checking '/home/com9/uet_ws/install/ur3_moveit_control/lib/python3.10/site-packages'
[2.749s] Level 1:colcon.colcon_core.environment:checking '/home/com9/uet_ws/install/ur3_moveit_control/bin'
[2.749s] INFO:colcon.colcon_core.shell:Creating package script '/home/com9/uet_ws/install/ur3_moveit_control/share/ur3_moveit_control/package.ps1'
[2.750s] INFO:colcon.colcon_core.shell:Creating package descriptor '/home/com9/uet_ws/install/ur3_moveit_control/share/ur3_moveit_control/package.dsv'
[2.750s] INFO:colcon.colcon_core.shell:Creating package script '/home/com9/uet_ws/install/ur3_moveit_control/share/ur3_moveit_control/package.sh'
[2.750s] INFO:colcon.colcon_core.shell:Creating package script '/home/com9/uet_ws/install/ur3_moveit_control/share/ur3_moveit_control/package.bash'
[2.750s] INFO:colcon.colcon_core.shell:Creating package script '/home/com9/uet_ws/install/ur3_moveit_control/share/ur3_moveit_control/package.zsh'
[2.750s] Level 1:colcon.colcon_core.environment:create_file_with_runtime_dependencies(/home/com9/uet_ws/install/ur3_moveit_control/share/colcon-core/packages/ur3_moveit_control)
[2.750s] DEBUG:colcon.colcon_core.executor.sequential:run_until_complete 'ur3_moveit_control' finished with '0'
[2.750s] DEBUG:colcon.colcon_core.executor.sequential:run_until_complete 'ur_dashboard_msgs'
[2.751s] INFO:colcon.colcon_ros.task.ament_cmake.build:Building ROS package in '/home/com9/uet_ws/src/Universal_Robots_ROS2_Driver/ur_dashboard_msgs' with build type 'ament_cmake'
[2.751s] INFO:colcon.colcon_cmake.task.cmake.build:Building CMake package in '/home/com9/uet_ws/src/Universal_Robots_ROS2_Driver/ur_dashboard_msgs'
[2.751s] INFO:colcon.colcon_core.shell:Skip shell extension 'powershell' for command environment: Not usable outside of PowerShell
[2.751s] DEBUG:colcon.colcon_core.shell:Skip shell extension 'dsv' for command environment
[2.756s] DEBUG:colcon.colcon_core.event_handler.log_command:Invoking command in '/home/com9/uet_ws/build/ur_dashboard_msgs': CMAKE_PREFIX_PATH=${CMAKE_PREFIX_PATH}:/home/com9/uet_ws/install/susgrip_2f_hardware:/home/com9/uet_ws/install/susgrip_2f_gazebo:/home/com9/uet_ws/install/susgrip_2f_description:/home/com9/uet_ws/install/susgrip_2f_control:/opt/ros/humble /usr/bin/cmake --build /home/com9/uet_ws/build/ur_dashboard_msgs
[3.317s] DEBUG:colcon.colcon_core.event_handler.log_command:Invoked command in '/home/com9/uet_ws/build/ur_dashboard_msgs' returned '0': CMAKE_PREFIX_PATH=${CMAKE_PREFIX_PATH}:/home/com9/uet_ws/install/susgrip_2f_hardware:/home/com9/uet_ws/install/susgrip_2f_gazebo:/home/com9/uet_ws/install/susgrip_2f_description:/home/com9/uet_ws/install/susgrip_2f_control:/opt/ros/humble /usr/bin/cmake --build /home/com9/uet_ws/build/ur_dashboard_msgs
[3.319s] DEBUG:colcon.colcon_core.event_handler.log_command:Invoking command in '/home/com9/uet_ws/build/ur_dashboard_msgs': CMAKE_PREFIX_PATH=${CMAKE_PREFIX_PATH}:/home/com9/uet_ws/install/susgrip_2f_hardware:/home/com9/uet_ws/install/susgrip_2f_gazebo:/home/com9/uet_ws/install/susgrip_2f_description:/home/com9/uet_ws/install/susgrip_2f_control:/opt/ros/humble /usr/bin/cmake --install /home/com9/uet_ws/build/ur_dashboard_msgs
[3.383s] Level 1:colcon.colcon_core.environment:create_environment_scripts_only(ur_dashboard_msgs)
[3.383s] Level 1:colcon.colcon_core.environment:checking '/home/com9/uet_ws/install/ur_dashboard_msgs' for CMake module files
[3.384s] DEBUG:colcon.colcon_core.event_handler.log_command:Invoked command in '/home/com9/uet_ws/build/ur_dashboard_msgs' returned '0': CMAKE_PREFIX_PATH=${CMAKE_PREFIX_PATH}:/home/com9/uet_ws/install/susgrip_2f_hardware:/home/com9/uet_ws/install/susgrip_2f_gazebo:/home/com9/uet_ws/install/susgrip_2f_description:/home/com9/uet_ws/install/susgrip_2f_control:/opt/ros/humble /usr/bin/cmake --install /home/com9/uet_ws/build/ur_dashboard_msgs
[3.384s] Level 1:colcon.colcon_core.environment:checking '/home/com9/uet_ws/install/ur_dashboard_msgs' for CMake config files
[3.385s] Level 1:colcon.colcon_core.shell:create_environment_hook('ur_dashboard_msgs', 'cmake_prefix_path')
[3.385s] INFO:colcon.colcon_core.shell:Creating environment hook '/home/com9/uet_ws/install/ur_dashboard_msgs/share/ur_dashboard_msgs/hook/cmake_prefix_path.ps1'
[3.386s] INFO:colcon.colcon_core.shell:Creating environment descriptor '/home/com9/uet_ws/install/ur_dashboard_msgs/share/ur_dashboard_msgs/hook/cmake_prefix_path.dsv'
[3.386s] INFO:colcon.colcon_core.shell:Creating environment hook '/home/com9/uet_ws/install/ur_dashboard_msgs/share/ur_dashboard_msgs/hook/cmake_prefix_path.sh'
[3.386s] Level 1:colcon.colcon_core.environment:checking '/home/com9/uet_ws/install/ur_dashboard_msgs/lib'
[3.386s] Level 1:colcon.colcon_core.shell:create_environment_hook('ur_dashboard_msgs', 'ld_library_path_lib')
[3.386s] INFO:colcon.colcon_core.shell:Creating environment hook '/home/com9/uet_ws/install/ur_dashboard_msgs/share/ur_dashboard_msgs/hook/ld_library_path_lib.ps1'
[3.387s] INFO:colcon.colcon_core.shell:Creating environment descriptor '/home/com9/uet_ws/install/ur_dashboard_msgs/share/ur_dashboard_msgs/hook/ld_library_path_lib.dsv'
[3.387s] INFO:colcon.colcon_core.shell:Creating environment hook '/home/com9/uet_ws/install/ur_dashboard_msgs/share/ur_dashboard_msgs/hook/ld_library_path_lib.sh'
[3.387s] Level 1:colcon.colcon_core.environment:checking '/home/com9/uet_ws/install/ur_dashboard_msgs/bin'
[3.387s] Level 1:colcon.colcon_core.environment:checking '/home/com9/uet_ws/install/ur_dashboard_msgs/lib/pkgconfig/ur_dashboard_msgs.pc'
[3.387s] Level 1:colcon.colcon_core.environment:checking '/home/com9/uet_ws/install/ur_dashboard_msgs/lib/python3.10/site-packages'
[3.387s] Level 1:colcon.colcon_core.environment:checking '/home/com9/uet_ws/install/ur_dashboard_msgs/bin'
[3.388s] INFO:colcon.colcon_core.shell:Creating package script '/home/com9/uet_ws/install/ur_dashboard_msgs/share/ur_dashboard_msgs/package.ps1'
[3.388s] INFO:colcon.colcon_core.shell:Creating package descriptor '/home/com9/uet_ws/install/ur_dashboard_msgs/share/ur_dashboard_msgs/package.dsv'
[3.388s] INFO:colcon.colcon_core.shell:Creating package script '/home/com9/uet_ws/install/ur_dashboard_msgs/share/ur_dashboard_msgs/package.sh'
[3.388s] INFO:colcon.colcon_core.shell:Creating package script '/home/com9/uet_ws/install/ur_dashboard_msgs/share/ur_dashboard_msgs/package.bash'
[3.388s] INFO:colcon.colcon_core.shell:Creating package script '/home/com9/uet_ws/install/ur_dashboard_msgs/share/ur_dashboard_msgs/package.zsh'
[3.389s] Level 1:colcon.colcon_core.environment:create_file_with_runtime_dependencies(/home/com9/uet_ws/install/ur_dashboard_msgs/share/colcon-core/packages/ur_dashboard_msgs)
[3.389s] Level 1:colcon.colcon_core.environment:create_environment_scripts_only(ur_dashboard_msgs)
[3.389s] Level 1:colcon.colcon_core.environment:checking '/home/com9/uet_ws/install/ur_dashboard_msgs' for CMake module files
[3.389s] Level 1:colcon.colcon_core.environment:checking '/home/com9/uet_ws/install/ur_dashboard_msgs' for CMake config files
[3.390s] Level 1:colcon.colcon_core.shell:create_environment_hook('ur_dashboard_msgs', 'cmake_prefix_path')
[3.390s] INFO:colcon.colcon_core.shell:Creating environment hook '/home/com9/uet_ws/install/ur_dashboard_msgs/share/ur_dashboard_msgs/hook/cmake_prefix_path.ps1'
[3.391s] INFO:colcon.colcon_core.shell:Creating environment descriptor '/home/com9/uet_ws/install/ur_dashboard_msgs/share/ur_dashboard_msgs/hook/cmake_prefix_path.dsv'
[3.391s] INFO:colcon.colcon_core.shell:Creating environment hook '/home/com9/uet_ws/install/ur_dashboard_msgs/share/ur_dashboard_msgs/hook/cmake_prefix_path.sh'
[3.391s] Level 1:colcon.colcon_core.environment:checking '/home/com9/uet_ws/install/ur_dashboard_msgs/lib'
[3.391s] Level 1:colcon.colcon_core.shell:create_environment_hook('ur_dashboard_msgs', 'ld_library_path_lib')
[3.391s] INFO:colcon.colcon_core.shell:Creating environment hook '/home/com9/uet_ws/install/ur_dashboard_msgs/share/ur_dashboard_msgs/hook/ld_library_path_lib.ps1'
[3.391s] INFO:colcon.colcon_core.shell:Creating environment descriptor '/home/com9/uet_ws/install/ur_dashboard_msgs/share/ur_dashboard_msgs/hook/ld_library_path_lib.dsv'
[3.391s] INFO:colcon.colcon_core.shell:Creating environment hook '/home/com9/uet_ws/install/ur_dashboard_msgs/share/ur_dashboard_msgs/hook/ld_library_path_lib.sh'
[3.392s] Level 1:colcon.colcon_core.environment:checking '/home/com9/uet_ws/install/ur_dashboard_msgs/bin'
[3.392s] Level 1:colcon.colcon_core.environment:checking '/home/com9/uet_ws/install/ur_dashboard_msgs/lib/pkgconfig/ur_dashboard_msgs.pc'
[3.392s] Level 1:colcon.colcon_core.environment:checking '/home/com9/uet_ws/install/ur_dashboard_msgs/lib/python3.10/site-packages'
[3.392s] Level 1:colcon.colcon_core.environment:checking '/home/com9/uet_ws/install/ur_dashboard_msgs/bin'
[3.392s] INFO:colcon.colcon_core.shell:Creating package script '/home/com9/uet_ws/install/ur_dashboard_msgs/share/ur_dashboard_msgs/package.ps1'
[3.393s] INFO:colcon.colcon_core.shell:Creating package descriptor '/home/com9/uet_ws/install/ur_dashboard_msgs/share/ur_dashboard_msgs/package.dsv'
[3.393s] INFO:colcon.colcon_core.shell:Creating package script '/home/com9/uet_ws/install/ur_dashboard_msgs/share/ur_dashboard_msgs/package.sh'
[3.393s] INFO:colcon.colcon_core.shell:Creating package script '/home/com9/uet_ws/install/ur_dashboard_msgs/share/ur_dashboard_msgs/package.bash'
[3.393s] INFO:colcon.colcon_core.shell:Creating package script '/home/com9/uet_ws/install/ur_dashboard_msgs/share/ur_dashboard_msgs/package.zsh'
[3.393s] Level 1:colcon.colcon_core.environment:create_file_with_runtime_dependencies(/home/com9/uet_ws/install/ur_dashboard_msgs/share/colcon-core/packages/ur_dashboard_msgs)
[3.393s] DEBUG:colcon.colcon_core.executor.sequential:run_until_complete 'ur_dashboard_msgs' finished with '0'
[3.393s] DEBUG:colcon.colcon_core.executor.sequential:run_until_complete 'ur_moveit_config'
[3.394s] INFO:colcon.colcon_ros.task.ament_cmake.build:Building ROS package in '/home/com9/uet_ws/src/Universal_Robots_ROS2_Driver/ur_moveit_config' with build type 'ament_cmake'
[3.394s] INFO:colcon.colcon_cmake.task.cmake.build:Building CMake package in '/home/com9/uet_ws/src/Universal_Robots_ROS2_Driver/ur_moveit_config'
[3.394s] INFO:colcon.colcon_core.shell:Skip shell extension 'powershell' for command environment: Not usable outside of PowerShell
[3.394s] DEBUG:colcon.colcon_core.shell:Skip shell extension 'dsv' for command environment
[3.400s] DEBUG:colcon.colcon_core.event_handler.log_command:Invoking command in '/home/com9/uet_ws/build/ur_moveit_config': CMAKE_PREFIX_PATH=${CMAKE_PREFIX_PATH}:/home/com9/uet_ws/install/susgrip_2f_hardware:/home/com9/uet_ws/install/susgrip_2f_gazebo:/home/com9/uet_ws/install/susgrip_2f_description:/home/com9/uet_ws/install/susgrip_2f_control:/opt/ros/humble /usr/bin/cmake --build /home/com9/uet_ws/build/ur_moveit_config
[3.598s] DEBUG:colcon.colcon_core.event_handler.log_command:Invoked command in '/home/com9/uet_ws/build/ur_moveit_config' returned '0': CMAKE_PREFIX_PATH=${CMAKE_PREFIX_PATH}:/home/com9/uet_ws/install/susgrip_2f_hardware:/home/com9/uet_ws/install/susgrip_2f_gazebo:/home/com9/uet_ws/install/susgrip_2f_description:/home/com9/uet_ws/install/susgrip_2f_control:/opt/ros/humble /usr/bin/cmake --build /home/com9/uet_ws/build/ur_moveit_config
[3.600s] DEBUG:colcon.colcon_core.event_handler.log_command:Invoking command in '/home/com9/uet_ws/build/ur_moveit_config': CMAKE_PREFIX_PATH=${CMAKE_PREFIX_PATH}:/home/com9/uet_ws/install/susgrip_2f_hardware:/home/com9/uet_ws/install/susgrip_2f_gazebo:/home/com9/uet_ws/install/susgrip_2f_description:/home/com9/uet_ws/install/susgrip_2f_control:/opt/ros/humble /usr/bin/cmake --install /home/com9/uet_ws/build/ur_moveit_config
[3.660s] Level 1:colcon.colcon_core.environment:create_environment_scripts_only(ur_moveit_config)
[3.660s] Level 1:colcon.colcon_core.environment:checking '/home/com9/uet_ws/install/ur_moveit_config' for CMake module files
[3.661s] DEBUG:colcon.colcon_core.event_handler.log_command:Invoked command in '/home/com9/uet_ws/build/ur_moveit_config' returned '0': CMAKE_PREFIX_PATH=${CMAKE_PREFIX_PATH}:/home/com9/uet_ws/install/susgrip_2f_hardware:/home/com9/uet_ws/install/susgrip_2f_gazebo:/home/com9/uet_ws/install/susgrip_2f_description:/home/com9/uet_ws/install/susgrip_2f_control:/opt/ros/humble /usr/bin/cmake --install /home/com9/uet_ws/build/ur_moveit_config
[3.661s] Level 1:colcon.colcon_core.environment:checking '/home/com9/uet_ws/install/ur_moveit_config' for CMake config files
[3.661s] Level 1:colcon.colcon_core.shell:create_environment_hook('ur_moveit_config', 'cmake_prefix_path')
[3.661s] INFO:colcon.colcon_core.shell:Creating environment hook '/home/com9/uet_ws/install/ur_moveit_config/share/ur_moveit_config/hook/cmake_prefix_path.ps1'
[3.662s] INFO:colcon.colcon_core.shell:Creating environment descriptor '/home/com9/uet_ws/install/ur_moveit_config/share/ur_moveit_config/hook/cmake_prefix_path.dsv'
[3.662s] INFO:colcon.colcon_core.shell:Creating environment hook '/home/com9/uet_ws/install/ur_moveit_config/share/ur_moveit_config/hook/cmake_prefix_path.sh'
[3.662s] Level 1:colcon.colcon_core.environment:checking '/home/com9/uet_ws/install/ur_moveit_config/bin'
[3.662s] Level 1:colcon.colcon_core.environment:checking '/home/com9/uet_ws/install/ur_moveit_config/lib/pkgconfig/ur_moveit_config.pc'
[3.662s] Level 1:colcon.colcon_core.environment:checking '/home/com9/uet_ws/install/ur_moveit_config/lib/python3.10/site-packages'
[3.662s] Level 1:colcon.colcon_core.environment:checking '/home/com9/uet_ws/install/ur_moveit_config/bin'
[3.663s] INFO:colcon.colcon_core.shell:Creating package script '/home/com9/uet_ws/install/ur_moveit_config/share/ur_moveit_config/package.ps1'
[3.663s] INFO:colcon.colcon_core.shell:Creating package descriptor '/home/com9/uet_ws/install/ur_moveit_config/share/ur_moveit_config/package.dsv'
[3.663s] INFO:colcon.colcon_core.shell:Creating package script '/home/com9/uet_ws/install/ur_moveit_config/share/ur_moveit_config/package.sh'
[3.663s] INFO:colcon.colcon_core.shell:Creating package script '/home/com9/uet_ws/install/ur_moveit_config/share/ur_moveit_config/package.bash'
[3.663s] INFO:colcon.colcon_core.shell:Creating package script '/home/com9/uet_ws/install/ur_moveit_config/share/ur_moveit_config/package.zsh'
[3.664s] Level 1:colcon.colcon_core.environment:create_file_with_runtime_dependencies(/home/com9/uet_ws/install/ur_moveit_config/share/colcon-core/packages/ur_moveit_config)
[3.664s] Level 1:colcon.colcon_core.environment:create_environment_scripts_only(ur_moveit_config)
[3.664s] Level 1:colcon.colcon_core.environment:checking '/home/com9/uet_ws/install/ur_moveit_config' for CMake module files
[3.664s] Level 1:colcon.colcon_core.environment:checking '/home/com9/uet_ws/install/ur_moveit_config' for CMake config files
[3.664s] Level 1:colcon.colcon_core.shell:create_environment_hook('ur_moveit_config', 'cmake_prefix_path')
[3.664s] INFO:colcon.colcon_core.shell:Creating environment hook '/home/com9/uet_ws/install/ur_moveit_config/share/ur_moveit_config/hook/cmake_prefix_path.ps1'
[3.665s] INFO:colcon.colcon_core.shell:Creating environment descriptor '/home/com9/uet_ws/install/ur_moveit_config/share/ur_moveit_config/hook/cmake_prefix_path.dsv'
[3.665s] INFO:colcon.colcon_core.shell:Creating environment hook '/home/com9/uet_ws/install/ur_moveit_config/share/ur_moveit_config/hook/cmake_prefix_path.sh'
[3.665s] Level 1:colcon.colcon_core.environment:checking '/home/com9/uet_ws/install/ur_moveit_config/bin'
[3.665s] Level 1:colcon.colcon_core.environment:checking '/home/com9/uet_ws/install/ur_moveit_config/lib/pkgconfig/ur_moveit_config.pc'
[3.665s] Level 1:colcon.colcon_core.environment:checking '/home/com9/uet_ws/install/ur_moveit_config/lib/python3.10/site-packages'
[3.665s] Level 1:colcon.colcon_core.environment:checking '/home/com9/uet_ws/install/ur_moveit_config/bin'
[3.666s] INFO:colcon.colcon_core.shell:Creating package script '/home/com9/uet_ws/install/ur_moveit_config/share/ur_moveit_config/package.ps1'
[3.666s] INFO:colcon.colcon_core.shell:Creating package descriptor '/home/com9/uet_ws/install/ur_moveit_config/share/ur_moveit_config/package.dsv'
[3.666s] INFO:colcon.colcon_core.shell:Creating package script '/home/com9/uet_ws/install/ur_moveit_config/share/ur_moveit_config/package.sh'
[3.666s] INFO:colcon.colcon_core.shell:Creating package script '/home/com9/uet_ws/install/ur_moveit_config/share/ur_moveit_config/package.bash'
[3.667s] INFO:colcon.colcon_core.shell:Creating package script '/home/com9/uet_ws/install/ur_moveit_config/share/ur_moveit_config/package.zsh'
[3.667s] Level 1:colcon.colcon_core.environment:create_file_with_runtime_dependencies(/home/com9/uet_ws/install/ur_moveit_config/share/colcon-core/packages/ur_moveit_config)
[3.667s] DEBUG:colcon.colcon_core.executor.sequential:run_until_complete 'ur_moveit_config' finished with '0'
[3.667s] DEBUG:colcon.colcon_core.executor.sequential:run_until_complete 'susgrip_2f_gazebo'
[3.667s] INFO:colcon.colcon_ros.task.ament_python.build:Building ROS package in '/home/com9/uet_ws/src/susgrip_2f/susgrip_2f_gazebo' with build type 'ament_python'
[3.667s] Level 1:colcon.colcon_core.shell:create_environment_hook('susgrip_2f_gazebo', 'ament_prefix_path')
[3.667s] INFO:colcon.colcon_core.shell:Creating environment hook '/home/com9/uet_ws/install/susgrip_2f_gazebo/share/susgrip_2f_gazebo/hook/ament_prefix_path.ps1'
[3.668s] INFO:colcon.colcon_core.shell:Creating environment descriptor '/home/com9/uet_ws/install/susgrip_2f_gazebo/share/susgrip_2f_gazebo/hook/ament_prefix_path.dsv'
[3.668s] INFO:colcon.colcon_core.shell:Creating environment hook '/home/com9/uet_ws/install/susgrip_2f_gazebo/share/susgrip_2f_gazebo/hook/ament_prefix_path.sh'
[3.668s] INFO:colcon.colcon_core.shell:Skip shell extension 'powershell' for command environment: Not usable outside of PowerShell
[3.668s] DEBUG:colcon.colcon_core.shell:Skip shell extension 'dsv' for command environment
[3.806s] INFO:colcon.colcon_core.task.python.build:Building Python package in '/home/com9/uet_ws/src/susgrip_2f/susgrip_2f_gazebo'
[3.806s] INFO:colcon.colcon_core.shell:Skip shell extension 'powershell' for command environment: Not usable outside of PowerShell
[3.806s] DEBUG:colcon.colcon_core.shell:Skip shell extension 'dsv' for command environment
[3.993s] DEBUG:colcon.colcon_core.task.python.build:Available setuptools commands: saveopts, install_egg_info, install, upload, clean, install_headers, build_clib, extract_messages, symlink_data, test, init_catalog, install_data, bdist_rpm, check, build_scripts, build, bdist_egg, bdist_dumb, update_catalog, setopt, egg_info, bdist, rotate, easy_install, compile_catalog, dist_info, alias, install_lib, develop, upload_docs, sdist, register, build_ext, install_scripts, build_py
[3.994s] DEBUG:colcon.colcon_core.event_handler.log_command:Invoking command in '/home/com9/uet_ws/src/susgrip_2f/susgrip_2f_gazebo': AMENT_PREFIX_PATH=/home/com9/uet_ws/install/susgrip_2f_description:/home/com9/uet_ws/install/ur_simulation_gz:/home/com9/uet_ws/install/ur:/home/com9/uet_ws/install/ur_calibration:/home/com9/uet_ws/install/ur_robot_driver:/home/com9/uet_ws/install/ur_moveit_config:/home/com9/uet_ws/install/ur_bringup:/home/com9/uet_ws/install/ur_controllers:/home/com9/uet_ws/install/ur_dashboard_msgs:/home/com9/uet_ws/install/ur3_moveit_control:/home/com9/uet_ws/install/susgrip_2f_hardware:/home/com9/uet_ws/install/susgrip_2f_gazebo:/home/com9/uet_ws/install/susgrip_2f_control:/opt/ros/humble PYTHONPATH=/home/com9/uet_ws/build/susgrip_2f_gazebo/prefix_override:/usr/lib/python3/dist-packages/colcon_core/task/python/colcon_distutils_commands:/home/com9/uet_ws/install/susgrip_2f_gazebo/lib/python3.10/site-packages:/home/com9/uet_ws/install/susgrip_2f_description/lib/python3.10/site-packages:/home/com9/uet_ws/install/ur_robot_driver/local/lib/python3.10/dist-packages:/home/com9/uet_ws/install/ur_moveit_config/local/lib/python3.10/dist-packages:/home/com9/uet_ws/install/ur_dashboard_msgs/local/lib/python3.10/dist-packages:/home/com9/uet_ws/install/ur3_moveit_control/local/lib/python3.10/dist-packages:/home/com9/uet_ws/install/susgrip_2f_hardware/lib/python3.10/site-packages:/home/com9/uet_ws/install/susgrip_2f_gazebo/lib/python3.10/site-packages:/home/com9/uet_ws/install/susgrip_2f_control/lib/python3.10/site-packages:/opt/ros/humble/lib/python3.10/site-packages:/opt/ros/humble/local/lib/python3.10/dist-packages /usr/bin/python3 -W ignore:setup.py install is deprecated -W ignore:easy_install command is deprecated setup.py egg_info --egg-base ../../../build/susgrip_2f_gazebo build --build-base /home/com9/uet_ws/build/susgrip_2f_gazebo/build install --record /home/com9/uet_ws/build/susgrip_2f_gazebo/install.log --install-scripts $base/lib/susgrip_2f_gazebo --single-version-externally-managed install_data
[4.152s] Level 1:colcon.colcon_core.environment:checking '/home/com9/uet_ws/install/susgrip_2f_gazebo' for CMake module files
[4.152s] DEBUG:colcon.colcon_core.event_handler.log_command:Invoked command in '/home/com9/uet_ws/src/susgrip_2f/susgrip_2f_gazebo' returned '0': AMENT_PREFIX_PATH=/home/com9/uet_ws/install/susgrip_2f_description:/home/com9/uet_ws/install/ur_simulation_gz:/home/com9/uet_ws/install/ur:/home/com9/uet_ws/install/ur_calibration:/home/com9/uet_ws/install/ur_robot_driver:/home/com9/uet_ws/install/ur_moveit_config:/home/com9/uet_ws/install/ur_bringup:/home/com9/uet_ws/install/ur_controllers:/home/com9/uet_ws/install/ur_dashboard_msgs:/home/com9/uet_ws/install/ur3_moveit_control:/home/com9/uet_ws/install/susgrip_2f_hardware:/home/com9/uet_ws/install/susgrip_2f_gazebo:/home/com9/uet_ws/install/susgrip_2f_control:/opt/ros/humble PYTHONPATH=/home/com9/uet_ws/build/susgrip_2f_gazebo/prefix_override:/usr/lib/python3/dist-packages/colcon_core/task/python/colcon_distutils_commands:/home/com9/uet_ws/install/susgrip_2f_gazebo/lib/python3.10/site-packages:/home/com9/uet_ws/install/susgrip_2f_description/lib/python3.10/site-packages:/home/com9/uet_ws/install/ur_robot_driver/local/lib/python3.10/dist-packages:/home/com9/uet_ws/install/ur_moveit_config/local/lib/python3.10/dist-packages:/home/com9/uet_ws/install/ur_dashboard_msgs/local/lib/python3.10/dist-packages:/home/com9/uet_ws/install/ur3_moveit_control/local/lib/python3.10/dist-packages:/home/com9/uet_ws/install/susgrip_2f_hardware/lib/python3.10/site-packages:/home/com9/uet_ws/install/susgrip_2f_gazebo/lib/python3.10/site-packages:/home/com9/uet_ws/install/susgrip_2f_control/lib/python3.10/site-packages:/opt/ros/humble/lib/python3.10/site-packages:/opt/ros/humble/local/lib/python3.10/dist-packages /usr/bin/python3 -W ignore:setup.py install is deprecated -W ignore:easy_install command is deprecated setup.py egg_info --egg-base ../../../build/susgrip_2f_gazebo build --build-base /home/com9/uet_ws/build/susgrip_2f_gazebo/build install --record /home/com9/uet_ws/build/susgrip_2f_gazebo/install.log --install-scripts $base/lib/susgrip_2f_gazebo --single-version-externally-managed install_data
[4.153s] Level 1:colcon.colcon_core.environment:checking '/home/com9/uet_ws/install/susgrip_2f_gazebo' for CMake config files
[4.153s] Level 1:colcon.colcon_core.environment:checking '/home/com9/uet_ws/install/susgrip_2f_gazebo/lib'
[4.153s] Level 1:colcon.colcon_core.environment:checking '/home/com9/uet_ws/install/susgrip_2f_gazebo/bin'
[4.153s] Level 1:colcon.colcon_core.environment:checking '/home/com9/uet_ws/install/susgrip_2f_gazebo/lib/pkgconfig/susgrip_2f_gazebo.pc'
[4.153s] Level 1:colcon.colcon_core.environment:checking '/home/com9/uet_ws/install/susgrip_2f_gazebo/lib/python3.10/site-packages'
[4.153s] Level 1:colcon.colcon_core.shell:create_environment_hook('susgrip_2f_gazebo', 'pythonpath')
[4.153s] INFO:colcon.colcon_core.shell:Creating environment hook '/home/com9/uet_ws/install/susgrip_2f_gazebo/share/susgrip_2f_gazebo/hook/pythonpath.ps1'
[4.154s] INFO:colcon.colcon_core.shell:Creating environment descriptor '/home/com9/uet_ws/install/susgrip_2f_gazebo/share/susgrip_2f_gazebo/hook/pythonpath.dsv'
[4.154s] INFO:colcon.colcon_core.shell:Creating environment hook '/home/com9/uet_ws/install/susgrip_2f_gazebo/share/susgrip_2f_gazebo/hook/pythonpath.sh'
[4.154s] Level 1:colcon.colcon_core.environment:checking '/home/com9/uet_ws/install/susgrip_2f_gazebo/bin'
[4.154s] Level 1:colcon.colcon_core.environment:create_environment_scripts_only(susgrip_2f_gazebo)
[4.155s] INFO:colcon.colcon_core.shell:Creating package script '/home/com9/uet_ws/install/susgrip_2f_gazebo/share/susgrip_2f_gazebo/package.ps1'
[4.155s] INFO:colcon.colcon_core.shell:Creating package descriptor '/home/com9/uet_ws/install/susgrip_2f_gazebo/share/susgrip_2f_gazebo/package.dsv'
[4.155s] INFO:colcon.colcon_core.shell:Creating package script '/home/com9/uet_ws/install/susgrip_2f_gazebo/share/susgrip_2f_gazebo/package.sh'
[4.155s] INFO:colcon.colcon_core.shell:Creating package script '/home/com9/uet_ws/install/susgrip_2f_gazebo/share/susgrip_2f_gazebo/package.bash'
[4.155s] INFO:colcon.colcon_core.shell:Creating package script '/home/com9/uet_ws/install/susgrip_2f_gazebo/share/susgrip_2f_gazebo/package.zsh'
[4.156s] Level 1:colcon.colcon_core.environment:create_file_with_runtime_dependencies(/home/com9/uet_ws/install/susgrip_2f_gazebo/share/colcon-core/packages/susgrip_2f_gazebo)
[4.156s] DEBUG:colcon.colcon_core.executor.sequential:run_until_complete 'susgrip_2f_gazebo' finished with '0'
[4.156s] DEBUG:colcon.colcon_core.executor.sequential:run_until_complete 'ur_controllers'
[4.156s] INFO:colcon.colcon_ros.task.ament_cmake.build:Building ROS package in '/home/com9/uet_ws/src/Universal_Robots_ROS2_Driver/ur_controllers' with build type 'ament_cmake'
[4.156s] INFO:colcon.colcon_cmake.task.cmake.build:Building CMake package in '/home/com9/uet_ws/src/Universal_Robots_ROS2_Driver/ur_controllers'
[4.156s] INFO:colcon.colcon_core.shell:Skip shell extension 'powershell' for command environment: Not usable outside of PowerShell
[4.156s] DEBUG:colcon.colcon_core.shell:Skip shell extension 'dsv' for command environment
[4.164s] DEBUG:colcon.colcon_core.event_handler.log_command:Invoking command in '/home/com9/uet_ws/build/ur_controllers': CMAKE_PREFIX_PATH=/home/com9/uet_ws/install/ur_dashboard_msgs:/home/com9/uet_ws/install/ur_simulation_gz:/home/com9/uet_ws/install/ur:/home/com9/uet_ws/install/ur_calibration:/home/com9/uet_ws/install/ur_robot_driver:/home/com9/uet_ws/install/ur_moveit_config:/home/com9/uet_ws/install/ur_bringup:/home/com9/uet_ws/install/ur_controllers:/home/com9/uet_ws/install/ur3_moveit_control:/home/com9/uet_ws/install/susgrip_2f_hardware:/home/com9/uet_ws/install/susgrip_2f_gazebo:/home/com9/uet_ws/install/susgrip_2f_description:/home/com9/uet_ws/install/susgrip_2f_control:/opt/ros/humble LD_LIBRARY_PATH=/home/com9/uet_ws/install/ur_dashboard_msgs/lib:/home/com9/uet_ws/install/ur_robot_driver/lib:/home/com9/uet_ws/install/ur_controllers/lib:/home/com9/uet_ws/install/ur3_moveit_control/lib:/opt/ros/humble/opt/rviz_ogre_vendor/lib:/opt/ros/humble/lib/x86_64-linux-gnu:/opt/ros/humble/lib /usr/bin/cmake --build /home/com9/uet_ws/build/ur_controllers
[4.493s] DEBUG:colcon.colcon_core.event_handler.log_command:Invoked command in '/home/com9/uet_ws/build/ur_controllers' returned '0': CMAKE_PREFIX_PATH=/home/com9/uet_ws/install/ur_dashboard_msgs:/home/com9/uet_ws/install/ur_simulation_gz:/home/com9/uet_ws/install/ur:/home/com9/uet_ws/install/ur_calibration:/home/com9/uet_ws/install/ur_robot_driver:/home/com9/uet_ws/install/ur_moveit_config:/home/com9/uet_ws/install/ur_bringup:/home/com9/uet_ws/install/ur_controllers:/home/com9/uet_ws/install/ur3_moveit_control:/home/com9/uet_ws/install/susgrip_2f_hardware:/home/com9/uet_ws/install/susgrip_2f_gazebo:/home/com9/uet_ws/install/susgrip_2f_description:/home/com9/uet_ws/install/susgrip_2f_control:/opt/ros/humble LD_LIBRARY_PATH=/home/com9/uet_ws/install/ur_dashboard_msgs/lib:/home/com9/uet_ws/install/ur_robot_driver/lib:/home/com9/uet_ws/install/ur_controllers/lib:/home/com9/uet_ws/install/ur3_moveit_control/lib:/opt/ros/humble/opt/rviz_ogre_vendor/lib:/opt/ros/humble/lib/x86_64-linux-gnu:/opt/ros/humble/lib /usr/bin/cmake --build /home/com9/uet_ws/build/ur_controllers
[4.495s] DEBUG:colcon.colcon_core.event_handler.log_command:Invoking command in '/home/com9/uet_ws/build/ur_controllers': CMAKE_PREFIX_PATH=/home/com9/uet_ws/install/ur_dashboard_msgs:/home/com9/uet_ws/install/ur_simulation_gz:/home/com9/uet_ws/install/ur:/home/com9/uet_ws/install/ur_calibration:/home/com9/uet_ws/install/ur_robot_driver:/home/com9/uet_ws/install/ur_moveit_config:/home/com9/uet_ws/install/ur_bringup:/home/com9/uet_ws/install/ur_controllers:/home/com9/uet_ws/install/ur3_moveit_control:/home/com9/uet_ws/install/susgrip_2f_hardware:/home/com9/uet_ws/install/susgrip_2f_gazebo:/home/com9/uet_ws/install/susgrip_2f_description:/home/com9/uet_ws/install/susgrip_2f_control:/opt/ros/humble LD_LIBRARY_PATH=/home/com9/uet_ws/install/ur_dashboard_msgs/lib:/home/com9/uet_ws/install/ur_robot_driver/lib:/home/com9/uet_ws/install/ur_controllers/lib:/home/com9/uet_ws/install/ur3_moveit_control/lib:/opt/ros/humble/opt/rviz_ogre_vendor/lib:/opt/ros/humble/lib/x86_64-linux-gnu:/opt/ros/humble/lib /usr/bin/cmake --install /home/com9/uet_ws/build/ur_controllers
[4.505s] Level 1:colcon.colcon_core.environment:create_environment_scripts_only(ur_controllers)
[4.505s] Level 1:colcon.colcon_core.environment:checking '/home/com9/uet_ws/install/ur_controllers' for CMake module files
[4.505s] DEBUG:colcon.colcon_core.event_handler.log_command:Invoked command in '/home/com9/uet_ws/build/ur_controllers' returned '0': CMAKE_PREFIX_PATH=/home/com9/uet_ws/install/ur_dashboard_msgs:/home/com9/uet_ws/install/ur_simulation_gz:/home/com9/uet_ws/install/ur:/home/com9/uet_ws/install/ur_calibration:/home/com9/uet_ws/install/ur_robot_driver:/home/com9/uet_ws/install/ur_moveit_config:/home/com9/uet_ws/install/ur_bringup:/home/com9/uet_ws/install/ur_controllers:/home/com9/uet_ws/install/ur3_moveit_control:/home/com9/uet_ws/install/susgrip_2f_hardware:/home/com9/uet_ws/install/susgrip_2f_gazebo:/home/com9/uet_ws/install/susgrip_2f_description:/home/com9/uet_ws/install/susgrip_2f_control:/opt/ros/humble LD_LIBRARY_PATH=/home/com9/uet_ws/install/ur_dashboard_msgs/lib:/home/com9/uet_ws/install/ur_robot_driver/lib:/home/com9/uet_ws/install/ur_controllers/lib:/home/com9/uet_ws/install/ur3_moveit_control/lib:/opt/ros/humble/opt/rviz_ogre_vendor/lib:/opt/ros/humble/lib/x86_64-linux-gnu:/opt/ros/humble/lib /usr/bin/cmake --install /home/com9/uet_ws/build/ur_controllers
[4.506s] Level 1:colcon.colcon_core.environment:checking '/home/com9/uet_ws/install/ur_controllers' for CMake config files
[4.506s] Level 1:colcon.colcon_core.shell:create_environment_hook('ur_controllers', 'cmake_prefix_path')
[4.506s] INFO:colcon.colcon_core.shell:Creating environment hook '/home/com9/uet_ws/install/ur_controllers/share/ur_controllers/hook/cmake_prefix_path.ps1'
[4.507s] INFO:colcon.colcon_core.shell:Creating environment descriptor '/home/com9/uet_ws/install/ur_controllers/share/ur_controllers/hook/cmake_prefix_path.dsv'
[4.507s] INFO:colcon.colcon_core.shell:Creating environment hook '/home/com9/uet_ws/install/ur_controllers/share/ur_controllers/hook/cmake_prefix_path.sh'
[4.507s] Level 1:colcon.colcon_core.environment:checking '/home/com9/uet_ws/install/ur_controllers/lib'
[4.507s] Level 1:colcon.colcon_core.shell:create_environment_hook('ur_controllers', 'ld_library_path_lib')
[4.507s] INFO:colcon.colcon_core.shell:Creating environment hook '/home/com9/uet_ws/install/ur_controllers/share/ur_controllers/hook/ld_library_path_lib.ps1'
[4.508s] INFO:colcon.colcon_core.shell:Creating environment descriptor '/home/com9/uet_ws/install/ur_controllers/share/ur_controllers/hook/ld_library_path_lib.dsv'
[4.508s] INFO:colcon.colcon_core.shell:Creating environment hook '/home/com9/uet_ws/install/ur_controllers/share/ur_controllers/hook/ld_library_path_lib.sh'
[4.508s] Level 1:colcon.colcon_core.environment:checking '/home/com9/uet_ws/install/ur_controllers/bin'
[4.508s] Level 1:colcon.colcon_core.environment:checking '/home/com9/uet_ws/install/ur_controllers/lib/pkgconfig/ur_controllers.pc'
[4.508s] Level 1:colcon.colcon_core.environment:checking '/home/com9/uet_ws/install/ur_controllers/lib/python3.10/site-packages'
[4.508s] Level 1:colcon.colcon_core.environment:checking '/home/com9/uet_ws/install/ur_controllers/bin'
[4.508s] INFO:colcon.colcon_core.shell:Creating package script '/home/com9/uet_ws/install/ur_controllers/share/ur_controllers/package.ps1'
[4.509s] INFO:colcon.colcon_core.shell:Creating package descriptor '/home/com9/uet_ws/install/ur_controllers/share/ur_controllers/package.dsv'
[4.509s] INFO:colcon.colcon_core.shell:Creating package script '/home/com9/uet_ws/install/ur_controllers/share/ur_controllers/package.sh'
[4.509s] INFO:colcon.colcon_core.shell:Creating package script '/home/com9/uet_ws/install/ur_controllers/share/ur_controllers/package.bash'
[4.509s] INFO:colcon.colcon_core.shell:Creating package script '/home/com9/uet_ws/install/ur_controllers/share/ur_controllers/package.zsh'
[4.509s] Level 1:colcon.colcon_core.environment:create_file_with_runtime_dependencies(/home/com9/uet_ws/install/ur_controllers/share/colcon-core/packages/ur_controllers)
[4.510s] Level 1:colcon.colcon_core.environment:create_environment_scripts_only(ur_controllers)
[4.510s] Level 1:colcon.colcon_core.environment:checking '/home/com9/uet_ws/install/ur_controllers' for CMake module files
[4.510s] Level 1:colcon.colcon_core.environment:checking '/home/com9/uet_ws/install/ur_controllers' for CMake config files
[4.510s] Level 1:colcon.colcon_core.shell:create_environment_hook('ur_controllers', 'cmake_prefix_path')
[4.510s] INFO:colcon.colcon_core.shell:Creating environment hook '/home/com9/uet_ws/install/ur_controllers/share/ur_controllers/hook/cmake_prefix_path.ps1'
[4.511s] INFO:colcon.colcon_core.shell:Creating environment descriptor '/home/com9/uet_ws/install/ur_controllers/share/ur_controllers/hook/cmake_prefix_path.dsv'
[4.511s] INFO:colcon.colcon_core.shell:Creating environment hook '/home/com9/uet_ws/install/ur_controllers/share/ur_controllers/hook/cmake_prefix_path.sh'
[4.511s] Level 1:colcon.colcon_core.environment:checking '/home/com9/uet_ws/install/ur_controllers/lib'
[4.511s] Level 1:colcon.colcon_core.shell:create_environment_hook('ur_controllers', 'ld_library_path_lib')
[4.511s] INFO:colcon.colcon_core.shell:Creating environment hook '/home/com9/uet_ws/install/ur_controllers/share/ur_controllers/hook/ld_library_path_lib.ps1'
[4.511s] INFO:colcon.colcon_core.shell:Creating environment descriptor '/home/com9/uet_ws/install/ur_controllers/share/ur_controllers/hook/ld_library_path_lib.dsv'
[4.511s] INFO:colcon.colcon_core.shell:Creating environment hook '/home/com9/uet_ws/install/ur_controllers/share/ur_controllers/hook/ld_library_path_lib.sh'
[4.512s] Level 1:colcon.colcon_core.environment:checking '/home/com9/uet_ws/install/ur_controllers/bin'
[4.512s] Level 1:colcon.colcon_core.environment:checking '/home/com9/uet_ws/install/ur_controllers/lib/pkgconfig/ur_controllers.pc'
[4.512s] Level 1:colcon.colcon_core.environment:checking '/home/com9/uet_ws/install/ur_controllers/lib/python3.10/site-packages'
[4.512s] Level 1:colcon.colcon_core.environment:checking '/home/com9/uet_ws/install/ur_controllers/bin'
[4.512s] INFO:colcon.colcon_core.shell:Creating package script '/home/com9/uet_ws/install/ur_controllers/share/ur_controllers/package.ps1'
[4.513s] INFO:colcon.colcon_core.shell:Creating package descriptor '/home/com9/uet_ws/install/ur_controllers/share/ur_controllers/package.dsv'
[4.513s] INFO:colcon.colcon_core.shell:Creating package script '/home/com9/uet_ws/install/ur_controllers/share/ur_controllers/package.sh'
[4.513s] INFO:colcon.colcon_core.shell:Creating package script '/home/com9/uet_ws/install/ur_controllers/share/ur_controllers/package.bash'
[4.513s] INFO:colcon.colcon_core.shell:Creating package script '/home/com9/uet_ws/install/ur_controllers/share/ur_controllers/package.zsh'
[4.514s] Level 1:colcon.colcon_core.environment:create_file_with_runtime_dependencies(/home/com9/uet_ws/install/ur_controllers/share/colcon-core/packages/ur_controllers)
[4.514s] DEBUG:colcon.colcon_core.executor.sequential:run_until_complete 'ur_controllers' finished with '0'
[4.514s] DEBUG:colcon.colcon_core.executor.sequential:run_until_complete 'ur_bringup'
[4.514s] INFO:colcon.colcon_ros.task.ament_cmake.build:Building ROS package in '/home/com9/uet_ws/src/Universal_Robots_ROS2_Driver/ur_bringup' with build type 'ament_cmake'
[4.514s] INFO:colcon.colcon_cmake.task.cmake.build:Building CMake package in '/home/com9/uet_ws/src/Universal_Robots_ROS2_Driver/ur_bringup'
[4.514s] INFO:colcon.colcon_core.shell:Skip shell extension 'powershell' for command environment: Not usable outside of PowerShell
[4.514s] DEBUG:colcon.colcon_core.shell:Skip shell extension 'dsv' for command environment
[4.523s] DEBUG:colcon.colcon_core.event_handler.log_command:Invoking command in '/home/com9/uet_ws/build/ur_bringup': CMAKE_PREFIX_PATH=/home/com9/uet_ws/install/ur_controllers:/home/com9/uet_ws/install/ur_dashboard_msgs:/home/com9/uet_ws/install/ur_simulation_gz:/home/com9/uet_ws/install/ur:/home/com9/uet_ws/install/ur_calibration:/home/com9/uet_ws/install/ur_robot_driver:/home/com9/uet_ws/install/ur_moveit_config:/home/com9/uet_ws/install/ur_bringup:/home/com9/uet_ws/install/ur3_moveit_control:/home/com9/uet_ws/install/susgrip_2f_hardware:/home/com9/uet_ws/install/susgrip_2f_gazebo:/home/com9/uet_ws/install/susgrip_2f_description:/home/com9/uet_ws/install/susgrip_2f_control:/opt/ros/humble LD_LIBRARY_PATH=/home/com9/uet_ws/install/ur_controllers/lib:/home/com9/uet_ws/install/ur_dashboard_msgs/lib:/home/com9/uet_ws/install/ur_robot_driver/lib:/home/com9/uet_ws/install/ur3_moveit_control/lib:/opt/ros/humble/opt/rviz_ogre_vendor/lib:/opt/ros/humble/lib/x86_64-linux-gnu:/opt/ros/humble/lib /usr/bin/cmake --build /home/com9/uet_ws/build/ur_bringup
[4.549s] DEBUG:colcon.colcon_core.event_handler.log_command:Invoked command in '/home/com9/uet_ws/build/ur_bringup' returned '0': CMAKE_PREFIX_PATH=/home/com9/uet_ws/install/ur_controllers:/home/com9/uet_ws/install/ur_dashboard_msgs:/home/com9/uet_ws/install/ur_simulation_gz:/home/com9/uet_ws/install/ur:/home/com9/uet_ws/install/ur_calibration:/home/com9/uet_ws/install/ur_robot_driver:/home/com9/uet_ws/install/ur_moveit_config:/home/com9/uet_ws/install/ur_bringup:/home/com9/uet_ws/install/ur3_moveit_control:/home/com9/uet_ws/install/susgrip_2f_hardware:/home/com9/uet_ws/install/susgrip_2f_gazebo:/home/com9/uet_ws/install/susgrip_2f_description:/home/com9/uet_ws/install/susgrip_2f_control:/opt/ros/humble LD_LIBRARY_PATH=/home/com9/uet_ws/install/ur_controllers/lib:/home/com9/uet_ws/install/ur_dashboard_msgs/lib:/home/com9/uet_ws/install/ur_robot_driver/lib:/home/com9/uet_ws/install/ur3_moveit_control/lib:/opt/ros/humble/opt/rviz_ogre_vendor/lib:/opt/ros/humble/lib/x86_64-linux-gnu:/opt/ros/humble/lib /usr/bin/cmake --build /home/com9/uet_ws/build/ur_bringup
[4.550s] DEBUG:colcon.colcon_core.event_handler.log_command:Invoking command in '/home/com9/uet_ws/build/ur_bringup': CMAKE_PREFIX_PATH=/home/com9/uet_ws/install/ur_controllers:/home/com9/uet_ws/install/ur_dashboard_msgs:/home/com9/uet_ws/install/ur_simulation_gz:/home/com9/uet_ws/install/ur:/home/com9/uet_ws/install/ur_calibration:/home/com9/uet_ws/install/ur_robot_driver:/home/com9/uet_ws/install/ur_moveit_config:/home/com9/uet_ws/install/ur_bringup:/home/com9/uet_ws/install/ur3_moveit_control:/home/com9/uet_ws/install/susgrip_2f_hardware:/home/com9/uet_ws/install/susgrip_2f_gazebo:/home/com9/uet_ws/install/susgrip_2f_description:/home/com9/uet_ws/install/susgrip_2f_control:/opt/ros/humble LD_LIBRARY_PATH=/home/com9/uet_ws/install/ur_controllers/lib:/home/com9/uet_ws/install/ur_dashboard_msgs/lib:/home/com9/uet_ws/install/ur_robot_driver/lib:/home/com9/uet_ws/install/ur3_moveit_control/lib:/opt/ros/humble/opt/rviz_ogre_vendor/lib:/opt/ros/humble/lib/x86_64-linux-gnu:/opt/ros/humble/lib /usr/bin/cmake --install /home/com9/uet_ws/build/ur_bringup
[4.558s] Level 1:colcon.colcon_core.environment:create_environment_scripts_only(ur_bringup)
[4.559s] DEBUG:colcon.colcon_core.event_handler.log_command:Invoked command in '/home/com9/uet_ws/build/ur_bringup' returned '0': CMAKE_PREFIX_PATH=/home/com9/uet_ws/install/ur_controllers:/home/com9/uet_ws/install/ur_dashboard_msgs:/home/com9/uet_ws/install/ur_simulation_gz:/home/com9/uet_ws/install/ur:/home/com9/uet_ws/install/ur_calibration:/home/com9/uet_ws/install/ur_robot_driver:/home/com9/uet_ws/install/ur_moveit_config:/home/com9/uet_ws/install/ur_bringup:/home/com9/uet_ws/install/ur3_moveit_control:/home/com9/uet_ws/install/susgrip_2f_hardware:/home/com9/uet_ws/install/susgrip_2f_gazebo:/home/com9/uet_ws/install/susgrip_2f_description:/home/com9/uet_ws/install/susgrip_2f_control:/opt/ros/humble LD_LIBRARY_PATH=/home/com9/uet_ws/install/ur_controllers/lib:/home/com9/uet_ws/install/ur_dashboard_msgs/lib:/home/com9/uet_ws/install/ur_robot_driver/lib:/home/com9/uet_ws/install/ur3_moveit_control/lib:/opt/ros/humble/opt/rviz_ogre_vendor/lib:/opt/ros/humble/lib/x86_64-linux-gnu:/opt/ros/humble/lib /usr/bin/cmake --install /home/com9/uet_ws/build/ur_bringup
[4.559s] Level 1:colcon.colcon_core.environment:checking '/home/com9/uet_ws/install/ur_bringup' for CMake module files
[4.559s] Level 1:colcon.colcon_core.environment:checking '/home/com9/uet_ws/install/ur_bringup' for CMake config files
[4.559s] Level 1:colcon.colcon_core.shell:create_environment_hook('ur_bringup', 'cmake_prefix_path')
[4.559s] INFO:colcon.colcon_core.shell:Creating environment hook '/home/com9/uet_ws/install/ur_bringup/share/ur_bringup/hook/cmake_prefix_path.ps1'
[4.560s] INFO:colcon.colcon_core.shell:Creating environment descriptor '/home/com9/uet_ws/install/ur_bringup/share/ur_bringup/hook/cmake_prefix_path.dsv'
[4.560s] INFO:colcon.colcon_core.shell:Creating environment hook '/home/com9/uet_ws/install/ur_bringup/share/ur_bringup/hook/cmake_prefix_path.sh'
[4.560s] Level 1:colcon.colcon_core.environment:checking '/home/com9/uet_ws/install/ur_bringup/lib'
[4.560s] Level 1:colcon.colcon_core.environment:checking '/home/com9/uet_ws/install/ur_bringup/bin'
[4.560s] Level 1:colcon.colcon_core.environment:checking '/home/com9/uet_ws/install/ur_bringup/lib/pkgconfig/ur_bringup.pc'
[4.561s] Level 1:colcon.colcon_core.environment:checking '/home/com9/uet_ws/install/ur_bringup/lib/python3.10/site-packages'
[4.561s] Level 1:colcon.colcon_core.environment:checking '/home/com9/uet_ws/install/ur_bringup/bin'
[4.561s] INFO:colcon.colcon_core.shell:Creating package script '/home/com9/uet_ws/install/ur_bringup/share/ur_bringup/package.ps1'
[4.561s] INFO:colcon.colcon_core.shell:Creating package descriptor '/home/com9/uet_ws/install/ur_bringup/share/ur_bringup/package.dsv'
[4.561s] INFO:colcon.colcon_core.shell:Creating package script '/home/com9/uet_ws/install/ur_bringup/share/ur_bringup/package.sh'
[4.562s] INFO:colcon.colcon_core.shell:Creating package script '/home/com9/uet_ws/install/ur_bringup/share/ur_bringup/package.bash'
[4.562s] INFO:colcon.colcon_core.shell:Creating package script '/home/com9/uet_ws/install/ur_bringup/share/ur_bringup/package.zsh'
[4.562s] Level 1:colcon.colcon_core.environment:create_file_with_runtime_dependencies(/home/com9/uet_ws/install/ur_bringup/share/colcon-core/packages/ur_bringup)
[4.562s] Level 1:colcon.colcon_core.environment:create_environment_scripts_only(ur_bringup)
[4.562s] Level 1:colcon.colcon_core.environment:checking '/home/com9/uet_ws/install/ur_bringup' for CMake module files
[4.563s] Level 1:colcon.colcon_core.environment:checking '/home/com9/uet_ws/install/ur_bringup' for CMake config files
[4.563s] Level 1:colcon.colcon_core.shell:create_environment_hook('ur_bringup', 'cmake_prefix_path')
[4.563s] INFO:colcon.colcon_core.shell:Creating environment hook '/home/com9/uet_ws/install/ur_bringup/share/ur_bringup/hook/cmake_prefix_path.ps1'
[4.563s] INFO:colcon.colcon_core.shell:Creating environment descriptor '/home/com9/uet_ws/install/ur_bringup/share/ur_bringup/hook/cmake_prefix_path.dsv'
[4.563s] INFO:colcon.colcon_core.shell:Creating environment hook '/home/com9/uet_ws/install/ur_bringup/share/ur_bringup/hook/cmake_prefix_path.sh'
[4.563s] Level 1:colcon.colcon_core.environment:checking '/home/com9/uet_ws/install/ur_bringup/lib'
[4.564s] Level 1:colcon.colcon_core.environment:checking '/home/com9/uet_ws/install/ur_bringup/bin'
[4.564s] Level 1:colcon.colcon_core.environment:checking '/home/com9/uet_ws/install/ur_bringup/lib/pkgconfig/ur_bringup.pc'
[4.564s] Level 1:colcon.colcon_core.environment:checking '/home/com9/uet_ws/install/ur_bringup/lib/python3.10/site-packages'
[4.564s] Level 1:colcon.colcon_core.environment:checking '/home/com9/uet_ws/install/ur_bringup/bin'
[4.564s] INFO:colcon.colcon_core.shell:Creating package script '/home/com9/uet_ws/install/ur_bringup/share/ur_bringup/package.ps1'
[4.565s] INFO:colcon.colcon_core.shell:Creating package descriptor '/home/com9/uet_ws/install/ur_bringup/share/ur_bringup/package.dsv'
[4.565s] INFO:colcon.colcon_core.shell:Creating package script '/home/com9/uet_ws/install/ur_bringup/share/ur_bringup/package.sh'
[4.565s] INFO:colcon.colcon_core.shell:Creating package script '/home/com9/uet_ws/install/ur_bringup/share/ur_bringup/package.bash'
[4.566s] INFO:colcon.colcon_core.shell:Creating package script '/home/com9/uet_ws/install/ur_bringup/share/ur_bringup/package.zsh'
[4.566s] Level 1:colcon.colcon_core.environment:create_file_with_runtime_dependencies(/home/com9/uet_ws/install/ur_bringup/share/colcon-core/packages/ur_bringup)
[4.566s] DEBUG:colcon.colcon_core.executor.sequential:run_until_complete 'ur_bringup' finished with '0'
[4.566s] DEBUG:colcon.colcon_core.executor.sequential:run_until_complete 'ur_robot_driver'
[4.566s] INFO:colcon.colcon_ros.task.ament_cmake.build:Building ROS package in '/home/com9/uet_ws/src/Universal_Robots_ROS2_Driver/ur_robot_driver' with build type 'ament_cmake'
[4.566s] INFO:colcon.colcon_cmake.task.cmake.build:Building CMake package in '/home/com9/uet_ws/src/Universal_Robots_ROS2_Driver/ur_robot_driver'
[4.566s] INFO:colcon.colcon_core.shell:Skip shell extension 'powershell' for command environment: Not usable outside of PowerShell
[4.566s] DEBUG:colcon.colcon_core.shell:Skip shell extension 'dsv' for command environment
[4.575s] DEBUG:colcon.colcon_core.event_handler.log_command:Invoking command in '/home/com9/uet_ws/build/ur_robot_driver': CMAKE_PREFIX_PATH=/home/com9/uet_ws/install/ur_controllers:/home/com9/uet_ws/install/ur_dashboard_msgs:/home/com9/uet_ws/install/ur_simulation_gz:/home/com9/uet_ws/install/ur:/home/com9/uet_ws/install/ur_calibration:/home/com9/uet_ws/install/ur_robot_driver:/home/com9/uet_ws/install/ur_moveit_config:/home/com9/uet_ws/install/ur_bringup:/home/com9/uet_ws/install/ur3_moveit_control:/home/com9/uet_ws/install/susgrip_2f_hardware:/home/com9/uet_ws/install/susgrip_2f_gazebo:/home/com9/uet_ws/install/susgrip_2f_description:/home/com9/uet_ws/install/susgrip_2f_control:/opt/ros/humble LD_LIBRARY_PATH=/home/com9/uet_ws/install/ur_controllers/lib:/home/com9/uet_ws/install/ur_dashboard_msgs/lib:/home/com9/uet_ws/install/ur_robot_driver/lib:/home/com9/uet_ws/install/ur3_moveit_control/lib:/opt/ros/humble/opt/rviz_ogre_vendor/lib:/opt/ros/humble/lib/x86_64-linux-gnu:/opt/ros/humble/lib /usr/bin/cmake --build /home/com9/uet_ws/build/ur_robot_driver
[4.932s] DEBUG:colcon.colcon_core.event_handler.log_command:Invoked command in '/home/com9/uet_ws/build/ur_robot_driver' returned '0': CMAKE_PREFIX_PATH=/home/com9/uet_ws/install/ur_controllers:/home/com9/uet_ws/install/ur_dashboard_msgs:/home/com9/uet_ws/install/ur_simulation_gz:/home/com9/uet_ws/install/ur:/home/com9/uet_ws/install/ur_calibration:/home/com9/uet_ws/install/ur_robot_driver:/home/com9/uet_ws/install/ur_moveit_config:/home/com9/uet_ws/install/ur_bringup:/home/com9/uet_ws/install/ur3_moveit_control:/home/com9/uet_ws/install/susgrip_2f_hardware:/home/com9/uet_ws/install/susgrip_2f_gazebo:/home/com9/uet_ws/install/susgrip_2f_description:/home/com9/uet_ws/install/susgrip_2f_control:/opt/ros/humble LD_LIBRARY_PATH=/home/com9/uet_ws/install/ur_controllers/lib:/home/com9/uet_ws/install/ur_dashboard_msgs/lib:/home/com9/uet_ws/install/ur_robot_driver/lib:/home/com9/uet_ws/install/ur3_moveit_control/lib:/opt/ros/humble/opt/rviz_ogre_vendor/lib:/opt/ros/humble/lib/x86_64-linux-gnu:/opt/ros/humble/lib /usr/bin/cmake --build /home/com9/uet_ws/build/ur_robot_driver
[4.933s] DEBUG:colcon.colcon_core.event_handler.log_command:Invoking command in '/home/com9/uet_ws/build/ur_robot_driver': CMAKE_PREFIX_PATH=/home/com9/uet_ws/install/ur_controllers:/home/com9/uet_ws/install/ur_dashboard_msgs:/home/com9/uet_ws/install/ur_simulation_gz:/home/com9/uet_ws/install/ur:/home/com9/uet_ws/install/ur_calibration:/home/com9/uet_ws/install/ur_robot_driver:/home/com9/uet_ws/install/ur_moveit_config:/home/com9/uet_ws/install/ur_bringup:/home/com9/uet_ws/install/ur3_moveit_control:/home/com9/uet_ws/install/susgrip_2f_hardware:/home/com9/uet_ws/install/susgrip_2f_gazebo:/home/com9/uet_ws/install/susgrip_2f_description:/home/com9/uet_ws/install/susgrip_2f_control:/opt/ros/humble LD_LIBRARY_PATH=/home/com9/uet_ws/install/ur_controllers/lib:/home/com9/uet_ws/install/ur_dashboard_msgs/lib:/home/com9/uet_ws/install/ur_robot_driver/lib:/home/com9/uet_ws/install/ur3_moveit_control/lib:/opt/ros/humble/opt/rviz_ogre_vendor/lib:/opt/ros/humble/lib/x86_64-linux-gnu:/opt/ros/humble/lib /usr/bin/cmake --install /home/com9/uet_ws/build/ur_robot_driver
[4.973s] Level 1:colcon.colcon_core.environment:create_environment_scripts_only(ur_robot_driver)
[4.974s] Level 1:colcon.colcon_core.environment:checking '/home/com9/uet_ws/install/ur_robot_driver' for CMake module files
[4.974s] DEBUG:colcon.colcon_core.event_handler.log_command:Invoked command in '/home/com9/uet_ws/build/ur_robot_driver' returned '0': CMAKE_PREFIX_PATH=/home/com9/uet_ws/install/ur_controllers:/home/com9/uet_ws/install/ur_dashboard_msgs:/home/com9/uet_ws/install/ur_simulation_gz:/home/com9/uet_ws/install/ur:/home/com9/uet_ws/install/ur_calibration:/home/com9/uet_ws/install/ur_robot_driver:/home/com9/uet_ws/install/ur_moveit_config:/home/com9/uet_ws/install/ur_bringup:/home/com9/uet_ws/install/ur3_moveit_control:/home/com9/uet_ws/install/susgrip_2f_hardware:/home/com9/uet_ws/install/susgrip_2f_gazebo:/home/com9/uet_ws/install/susgrip_2f_description:/home/com9/uet_ws/install/susgrip_2f_control:/opt/ros/humble LD_LIBRARY_PATH=/home/com9/uet_ws/install/ur_controllers/lib:/home/com9/uet_ws/install/ur_dashboard_msgs/lib:/home/com9/uet_ws/install/ur_robot_driver/lib:/home/com9/uet_ws/install/ur3_moveit_control/lib:/opt/ros/humble/opt/rviz_ogre_vendor/lib:/opt/ros/humble/lib/x86_64-linux-gnu:/opt/ros/humble/lib /usr/bin/cmake --install /home/com9/uet_ws/build/ur_robot_driver
[4.974s] Level 1:colcon.colcon_core.environment:checking '/home/com9/uet_ws/install/ur_robot_driver' for CMake config files
[4.974s] Level 1:colcon.colcon_core.shell:create_environment_hook('ur_robot_driver', 'cmake_prefix_path')
[4.974s] INFO:colcon.colcon_core.shell:Creating environment hook '/home/com9/uet_ws/install/ur_robot_driver/share/ur_robot_driver/hook/cmake_prefix_path.ps1'
[4.975s] INFO:colcon.colcon_core.shell:Creating environment descriptor '/home/com9/uet_ws/install/ur_robot_driver/share/ur_robot_driver/hook/cmake_prefix_path.dsv'
[4.975s] INFO:colcon.colcon_core.shell:Creating environment hook '/home/com9/uet_ws/install/ur_robot_driver/share/ur_robot_driver/hook/cmake_prefix_path.sh'
[4.975s] Level 1:colcon.colcon_core.environment:checking '/home/com9/uet_ws/install/ur_robot_driver/lib'
[4.975s] Level 1:colcon.colcon_core.shell:create_environment_hook('ur_robot_driver', 'ld_library_path_lib')
[4.975s] INFO:colcon.colcon_core.shell:Creating environment hook '/home/com9/uet_ws/install/ur_robot_driver/share/ur_robot_driver/hook/ld_library_path_lib.ps1'
[4.976s] INFO:colcon.colcon_core.shell:Creating environment descriptor '/home/com9/uet_ws/install/ur_robot_driver/share/ur_robot_driver/hook/ld_library_path_lib.dsv'
[4.976s] INFO:colcon.colcon_core.shell:Creating environment hook '/home/com9/uet_ws/install/ur_robot_driver/share/ur_robot_driver/hook/ld_library_path_lib.sh'
[4.976s] Level 1:colcon.colcon_core.environment:checking '/home/com9/uet_ws/install/ur_robot_driver/bin'
[4.976s] Level 1:colcon.colcon_core.shell:create_environment_hook('ur_robot_driver', 'path')
[4.976s] INFO:colcon.colcon_core.shell:Creating environment hook '/home/com9/uet_ws/install/ur_robot_driver/share/ur_robot_driver/hook/path.ps1'
[4.976s] INFO:colcon.colcon_core.shell:Creating environment descriptor '/home/com9/uet_ws/install/ur_robot_driver/share/ur_robot_driver/hook/path.dsv'
[4.976s] INFO:colcon.colcon_core.shell:Creating environment hook '/home/com9/uet_ws/install/ur_robot_driver/share/ur_robot_driver/hook/path.sh'
[4.977s] Level 1:colcon.colcon_core.environment:checking '/home/com9/uet_ws/install/ur_robot_driver/lib/pkgconfig/ur_robot_driver.pc'
[4.977s] Level 1:colcon.colcon_core.environment:checking '/home/com9/uet_ws/install/ur_robot_driver/lib/python3.10/site-packages'
[4.977s] Level 1:colcon.colcon_core.environment:checking '/home/com9/uet_ws/install/ur_robot_driver/bin'
[4.977s] Level 1:colcon.colcon_core.shell:create_environment_hook('ur_robot_driver', 'pythonscriptspath')
[4.977s] INFO:colcon.colcon_core.shell:Creating environment hook '/home/com9/uet_ws/install/ur_robot_driver/share/ur_robot_driver/hook/pythonscriptspath.ps1'
[4.977s] INFO:colcon.colcon_core.shell:Creating environment descriptor '/home/com9/uet_ws/install/ur_robot_driver/share/ur_robot_driver/hook/pythonscriptspath.dsv'
[4.977s] INFO:colcon.colcon_core.shell:Creating environment hook '/home/com9/uet_ws/install/ur_robot_driver/share/ur_robot_driver/hook/pythonscriptspath.sh'
[4.978s] INFO:colcon.colcon_core.shell:Creating package script '/home/com9/uet_ws/install/ur_robot_driver/share/ur_robot_driver/package.ps1'
[4.978s] INFO:colcon.colcon_core.shell:Creating package descriptor '/home/com9/uet_ws/install/ur_robot_driver/share/ur_robot_driver/package.dsv'
[4.978s] INFO:colcon.colcon_core.shell:Creating package script '/home/com9/uet_ws/install/ur_robot_driver/share/ur_robot_driver/package.sh'
[4.979s] INFO:colcon.colcon_core.shell:Creating package script '/home/com9/uet_ws/install/ur_robot_driver/share/ur_robot_driver/package.bash'
[4.979s] INFO:colcon.colcon_core.shell:Creating package script '/home/com9/uet_ws/install/ur_robot_driver/share/ur_robot_driver/package.zsh'
[4.979s] Level 1:colcon.colcon_core.environment:create_file_with_runtime_dependencies(/home/com9/uet_ws/install/ur_robot_driver/share/colcon-core/packages/ur_robot_driver)
[4.979s] Level 1:colcon.colcon_core.environment:create_environment_scripts_only(ur_robot_driver)
[4.979s] Level 1:colcon.colcon_core.environment:checking '/home/com9/uet_ws/install/ur_robot_driver' for CMake module files
[4.980s] Level 1:colcon.colcon_core.environment:checking '/home/com9/uet_ws/install/ur_robot_driver' for CMake config files
[4.980s] Level 1:colcon.colcon_core.shell:create_environment_hook('ur_robot_driver', 'cmake_prefix_path')
[4.980s] INFO:colcon.colcon_core.shell:Creating environment hook '/home/com9/uet_ws/install/ur_robot_driver/share/ur_robot_driver/hook/cmake_prefix_path.ps1'
[4.980s] INFO:colcon.colcon_core.shell:Creating environment descriptor '/home/com9/uet_ws/install/ur_robot_driver/share/ur_robot_driver/hook/cmake_prefix_path.dsv'
[4.980s] INFO:colcon.colcon_core.shell:Creating environment hook '/home/com9/uet_ws/install/ur_robot_driver/share/ur_robot_driver/hook/cmake_prefix_path.sh'
[4.981s] Level 1:colcon.colcon_core.environment:checking '/home/com9/uet_ws/install/ur_robot_driver/lib'
[4.981s] Level 1:colcon.colcon_core.shell:create_environment_hook('ur_robot_driver', 'ld_library_path_lib')
[4.981s] INFO:colcon.colcon_core.shell:Creating environment hook '/home/com9/uet_ws/install/ur_robot_driver/share/ur_robot_driver/hook/ld_library_path_lib.ps1'
[4.981s] INFO:colcon.colcon_core.shell:Creating environment descriptor '/home/com9/uet_ws/install/ur_robot_driver/share/ur_robot_driver/hook/ld_library_path_lib.dsv'
[4.981s] INFO:colcon.colcon_core.shell:Creating environment hook '/home/com9/uet_ws/install/ur_robot_driver/share/ur_robot_driver/hook/ld_library_path_lib.sh'
[4.981s] Level 1:colcon.colcon_core.environment:checking '/home/com9/uet_ws/install/ur_robot_driver/bin'
[4.981s] Level 1:colcon.colcon_core.shell:create_environment_hook('ur_robot_driver', 'path')
[4.982s] INFO:colcon.colcon_core.shell:Creating environment hook '/home/com9/uet_ws/install/ur_robot_driver/share/ur_robot_driver/hook/path.ps1'
[4.982s] INFO:colcon.colcon_core.shell:Creating environment descriptor '/home/com9/uet_ws/install/ur_robot_driver/share/ur_robot_driver/hook/path.dsv'
[4.982s] INFO:colcon.colcon_core.shell:Creating environment hook '/home/com9/uet_ws/install/ur_robot_driver/share/ur_robot_driver/hook/path.sh'
[4.982s] Level 1:colcon.colcon_core.environment:checking '/home/com9/uet_ws/install/ur_robot_driver/lib/pkgconfig/ur_robot_driver.pc'
[4.982s] Level 1:colcon.colcon_core.environment:checking '/home/com9/uet_ws/install/ur_robot_driver/lib/python3.10/site-packages'
[4.982s] Level 1:colcon.colcon_core.environment:checking '/home/com9/uet_ws/install/ur_robot_driver/bin'
[4.983s] Level 1:colcon.colcon_core.shell:create_environment_hook('ur_robot_driver', 'pythonscriptspath')
[4.983s] INFO:colcon.colcon_core.shell:Creating environment hook '/home/com9/uet_ws/install/ur_robot_driver/share/ur_robot_driver/hook/pythonscriptspath.ps1'
[4.983s] INFO:colcon.colcon_core.shell:Creating environment descriptor '/home/com9/uet_ws/install/ur_robot_driver/share/ur_robot_driver/hook/pythonscriptspath.dsv'
[4.983s] INFO:colcon.colcon_core.shell:Creating environment hook '/home/com9/uet_ws/install/ur_robot_driver/share/ur_robot_driver/hook/pythonscriptspath.sh'
[4.983s] INFO:colcon.colcon_core.shell:Creating package script '/home/com9/uet_ws/install/ur_robot_driver/share/ur_robot_driver/package.ps1'
[4.984s] INFO:colcon.colcon_core.shell:Creating package descriptor '/home/com9/uet_ws/install/ur_robot_driver/share/ur_robot_driver/package.dsv'
[4.984s] INFO:colcon.colcon_core.shell:Creating package script '/home/com9/uet_ws/install/ur_robot_driver/share/ur_robot_driver/package.sh'
[4.984s] INFO:colcon.colcon_core.shell:Creating package script '/home/com9/uet_ws/install/ur_robot_driver/share/ur_robot_driver/package.bash'
[4.984s] INFO:colcon.colcon_core.shell:Creating package script '/home/com9/uet_ws/install/ur_robot_driver/share/ur_robot_driver/package.zsh'
[4.985s] Level 1:colcon.colcon_core.environment:create_file_with_runtime_dependencies(/home/com9/uet_ws/install/ur_robot_driver/share/colcon-core/packages/ur_robot_driver)
[4.985s] DEBUG:colcon.colcon_core.executor.sequential:run_until_complete 'ur_robot_driver' finished with '0'
[4.985s] DEBUG:colcon.colcon_core.executor.sequential:run_until_complete 'ur_simulation_gz'
[4.985s] INFO:colcon.colcon_ros.task.ament_cmake.build:Building ROS package in '/home/com9/uet_ws/src/ur_simulation_gz' with build type 'ament_cmake'
[4.985s] INFO:colcon.colcon_cmake.task.cmake.build:Building CMake package in '/home/com9/uet_ws/src/ur_simulation_gz'
[4.985s] INFO:colcon.colcon_core.shell:Skip shell extension 'powershell' for command environment: Not usable outside of PowerShell
[4.985s] DEBUG:colcon.colcon_core.shell:Skip shell extension 'dsv' for command environment
[4.995s] DEBUG:colcon.colcon_core.event_handler.log_command:Invoking command in '/home/com9/uet_ws/build/ur_simulation_gz': CMAKE_PREFIX_PATH=/home/com9/uet_ws/install/ur_controllers:/home/com9/uet_ws/install/ur_moveit_config:/home/com9/uet_ws/install/ur_dashboard_msgs:/home/com9/uet_ws/install/ur_simulation_gz:/home/com9/uet_ws/install/ur:/home/com9/uet_ws/install/ur_calibration:/home/com9/uet_ws/install/ur_robot_driver:/home/com9/uet_ws/install/ur_bringup:/home/com9/uet_ws/install/ur3_moveit_control:/home/com9/uet_ws/install/susgrip_2f_hardware:/home/com9/uet_ws/install/susgrip_2f_gazebo:/home/com9/uet_ws/install/susgrip_2f_description:/home/com9/uet_ws/install/susgrip_2f_control:/opt/ros/humble LD_LIBRARY_PATH=/home/com9/uet_ws/install/ur_controllers/lib:/home/com9/uet_ws/install/ur_dashboard_msgs/lib:/home/com9/uet_ws/install/ur_robot_driver/lib:/home/com9/uet_ws/install/ur3_moveit_control/lib:/opt/ros/humble/opt/rviz_ogre_vendor/lib:/opt/ros/humble/lib/x86_64-linux-gnu:/opt/ros/humble/lib /usr/bin/cmake --build /home/com9/uet_ws/build/ur_simulation_gz
[5.022s] DEBUG:colcon.colcon_core.event_handler.log_command:Invoked command in '/home/com9/uet_ws/build/ur_simulation_gz' returned '0': CMAKE_PREFIX_PATH=/home/com9/uet_ws/install/ur_controllers:/home/com9/uet_ws/install/ur_moveit_config:/home/com9/uet_ws/install/ur_dashboard_msgs:/home/com9/uet_ws/install/ur_simulation_gz:/home/com9/uet_ws/install/ur:/home/com9/uet_ws/install/ur_calibration:/home/com9/uet_ws/install/ur_robot_driver:/home/com9/uet_ws/install/ur_bringup:/home/com9/uet_ws/install/ur3_moveit_control:/home/com9/uet_ws/install/susgrip_2f_hardware:/home/com9/uet_ws/install/susgrip_2f_gazebo:/home/com9/uet_ws/install/susgrip_2f_description:/home/com9/uet_ws/install/susgrip_2f_control:/opt/ros/humble LD_LIBRARY_PATH=/home/com9/uet_ws/install/ur_controllers/lib:/home/com9/uet_ws/install/ur_dashboard_msgs/lib:/home/com9/uet_ws/install/ur_robot_driver/lib:/home/com9/uet_ws/install/ur3_moveit_control/lib:/opt/ros/humble/opt/rviz_ogre_vendor/lib:/opt/ros/humble/lib/x86_64-linux-gnu:/opt/ros/humble/lib /usr/bin/cmake --build /home/com9/uet_ws/build/ur_simulation_gz
[5.023s] DEBUG:colcon.colcon_core.event_handler.log_command:Invoking command in '/home/com9/uet_ws/build/ur_simulation_gz': CMAKE_PREFIX_PATH=/home/com9/uet_ws/install/ur_controllers:/home/com9/uet_ws/install/ur_moveit_config:/home/com9/uet_ws/install/ur_dashboard_msgs:/home/com9/uet_ws/install/ur_simulation_gz:/home/com9/uet_ws/install/ur:/home/com9/uet_ws/install/ur_calibration:/home/com9/uet_ws/install/ur_robot_driver:/home/com9/uet_ws/install/ur_bringup:/home/com9/uet_ws/install/ur3_moveit_control:/home/com9/uet_ws/install/susgrip_2f_hardware:/home/com9/uet_ws/install/susgrip_2f_gazebo:/home/com9/uet_ws/install/susgrip_2f_description:/home/com9/uet_ws/install/susgrip_2f_control:/opt/ros/humble LD_LIBRARY_PATH=/home/com9/uet_ws/install/ur_controllers/lib:/home/com9/uet_ws/install/ur_dashboard_msgs/lib:/home/com9/uet_ws/install/ur_robot_driver/lib:/home/com9/uet_ws/install/ur3_moveit_control/lib:/opt/ros/humble/opt/rviz_ogre_vendor/lib:/opt/ros/humble/lib/x86_64-linux-gnu:/opt/ros/humble/lib /usr/bin/cmake --install /home/com9/uet_ws/build/ur_simulation_gz
[5.032s] Level 1:colcon.colcon_core.environment:create_environment_scripts_only(ur_simulation_gz)
[5.032s] Level 1:colcon.colcon_core.environment:checking '/home/com9/uet_ws/install/ur_simulation_gz' for CMake module files
[5.032s] DEBUG:colcon.colcon_core.event_handler.log_command:Invoked command in '/home/com9/uet_ws/build/ur_simulation_gz' returned '0': CMAKE_PREFIX_PATH=/home/com9/uet_ws/install/ur_controllers:/home/com9/uet_ws/install/ur_moveit_config:/home/com9/uet_ws/install/ur_dashboard_msgs:/home/com9/uet_ws/install/ur_simulation_gz:/home/com9/uet_ws/install/ur:/home/com9/uet_ws/install/ur_calibration:/home/com9/uet_ws/install/ur_robot_driver:/home/com9/uet_ws/install/ur_bringup:/home/com9/uet_ws/install/ur3_moveit_control:/home/com9/uet_ws/install/susgrip_2f_hardware:/home/com9/uet_ws/install/susgrip_2f_gazebo:/home/com9/uet_ws/install/susgrip_2f_description:/home/com9/uet_ws/install/susgrip_2f_control:/opt/ros/humble LD_LIBRARY_PATH=/home/com9/uet_ws/install/ur_controllers/lib:/home/com9/uet_ws/install/ur_dashboard_msgs/lib:/home/com9/uet_ws/install/ur_robot_driver/lib:/home/com9/uet_ws/install/ur3_moveit_control/lib:/opt/ros/humble/opt/rviz_ogre_vendor/lib:/opt/ros/humble/lib/x86_64-linux-gnu:/opt/ros/humble/lib /usr/bin/cmake --install /home/com9/uet_ws/build/ur_simulation_gz
[5.033s] Level 1:colcon.colcon_core.environment:checking '/home/com9/uet_ws/install/ur_simulation_gz' for CMake config files
[5.033s] Level 1:colcon.colcon_core.shell:create_environment_hook('ur_simulation_gz', 'cmake_prefix_path')
[5.033s] INFO:colcon.colcon_core.shell:Creating environment hook '/home/com9/uet_ws/install/ur_simulation_gz/share/ur_simulation_gz/hook/cmake_prefix_path.ps1'
[5.033s] INFO:colcon.colcon_core.shell:Creating environment descriptor '/home/com9/uet_ws/install/ur_simulation_gz/share/ur_simulation_gz/hook/cmake_prefix_path.dsv'
[5.034s] INFO:colcon.colcon_core.shell:Creating environment hook '/home/com9/uet_ws/install/ur_simulation_gz/share/ur_simulation_gz/hook/cmake_prefix_path.sh'
[5.034s] Level 1:colcon.colcon_core.environment:checking '/home/com9/uet_ws/install/ur_simulation_gz/lib'
[5.034s] Level 1:colcon.colcon_core.environment:checking '/home/com9/uet_ws/install/ur_simulation_gz/bin'
[5.034s] Level 1:colcon.colcon_core.environment:checking '/home/com9/uet_ws/install/ur_simulation_gz/lib/pkgconfig/ur_simulation_gz.pc'
[5.034s] Level 1:colcon.colcon_core.environment:checking '/home/com9/uet_ws/install/ur_simulation_gz/lib/python3.10/site-packages'
[5.034s] Level 1:colcon.colcon_core.environment:checking '/home/com9/uet_ws/install/ur_simulation_gz/bin'
[5.035s] INFO:colcon.colcon_core.shell:Creating package script '/home/com9/uet_ws/install/ur_simulation_gz/share/ur_simulation_gz/package.ps1'
[5.035s] INFO:colcon.colcon_core.shell:Creating package descriptor '/home/com9/uet_ws/install/ur_simulation_gz/share/ur_simulation_gz/package.dsv'
[5.035s] INFO:colcon.colcon_core.shell:Creating package script '/home/com9/uet_ws/install/ur_simulation_gz/share/ur_simulation_gz/package.sh'
[5.035s] INFO:colcon.colcon_core.shell:Creating package script '/home/com9/uet_ws/install/ur_simulation_gz/share/ur_simulation_gz/package.bash'
[5.035s] INFO:colcon.colcon_core.shell:Creating package script '/home/com9/uet_ws/install/ur_simulation_gz/share/ur_simulation_gz/package.zsh'
[5.036s] Level 1:colcon.colcon_core.environment:create_file_with_runtime_dependencies(/home/com9/uet_ws/install/ur_simulation_gz/share/colcon-core/packages/ur_simulation_gz)
[5.036s] Level 1:colcon.colcon_core.environment:create_environment_scripts_only(ur_simulation_gz)
[5.036s] Level 1:colcon.colcon_core.environment:checking '/home/com9/uet_ws/install/ur_simulation_gz' for CMake module files
[5.036s] Level 1:colcon.colcon_core.environment:checking '/home/com9/uet_ws/install/ur_simulation_gz' for CMake config files
[5.036s] Level 1:colcon.colcon_core.shell:create_environment_hook('ur_simulation_gz', 'cmake_prefix_path')
[5.036s] INFO:colcon.colcon_core.shell:Creating environment hook '/home/com9/uet_ws/install/ur_simulation_gz/share/ur_simulation_gz/hook/cmake_prefix_path.ps1'
[5.037s] INFO:colcon.colcon_core.shell:Creating environment descriptor '/home/com9/uet_ws/install/ur_simulation_gz/share/ur_simulation_gz/hook/cmake_prefix_path.dsv'
[5.037s] INFO:colcon.colcon_core.shell:Creating environment hook '/home/com9/uet_ws/install/ur_simulation_gz/share/ur_simulation_gz/hook/cmake_prefix_path.sh'
[5.037s] Level 1:colcon.colcon_core.environment:checking '/home/com9/uet_ws/install/ur_simulation_gz/lib'
[5.037s] Level 1:colcon.colcon_core.environment:checking '/home/com9/uet_ws/install/ur_simulation_gz/bin'
[5.037s] Level 1:colcon.colcon_core.environment:checking '/home/com9/uet_ws/install/ur_simulation_gz/lib/pkgconfig/ur_simulation_gz.pc'
[5.037s] Level 1:colcon.colcon_core.environment:checking '/home/com9/uet_ws/install/ur_simulation_gz/lib/python3.10/site-packages'
[5.037s] Level 1:colcon.colcon_core.environment:checking '/home/com9/uet_ws/install/ur_simulation_gz/bin'
[5.038s] INFO:colcon.colcon_core.shell:Creating package script '/home/com9/uet_ws/install/ur_simulation_gz/share/ur_simulation_gz/package.ps1'
[5.038s] INFO:colcon.colcon_core.shell:Creating package descriptor '/home/com9/uet_ws/install/ur_simulation_gz/share/ur_simulation_gz/package.dsv'
[5.038s] INFO:colcon.colcon_core.shell:Creating package script '/home/com9/uet_ws/install/ur_simulation_gz/share/ur_simulation_gz/package.sh'
[5.038s] INFO:colcon.colcon_core.shell:Creating package script '/home/com9/uet_ws/install/ur_simulation_gz/share/ur_simulation_gz/package.bash'
[5.038s] INFO:colcon.colcon_core.shell:Creating package script '/home/com9/uet_ws/install/ur_simulation_gz/share/ur_simulation_gz/package.zsh'
[5.039s] Level 1:colcon.colcon_core.environment:create_file_with_runtime_dependencies(/home/com9/uet_ws/install/ur_simulation_gz/share/colcon-core/packages/ur_simulation_gz)
[5.039s] DEBUG:colcon.colcon_core.executor.sequential:run_until_complete 'ur_simulation_gz' finished with '0'
[5.039s] DEBUG:colcon.colcon_core.executor.sequential:run_until_complete 'ur_calibration'
[5.039s] INFO:colcon.colcon_ros.task.ament_cmake.build:Building ROS package in '/home/com9/uet_ws/src/Universal_Robots_ROS2_Driver/ur_calibration' with build type 'ament_cmake'
[5.039s] INFO:colcon.colcon_cmake.task.cmake.build:Building CMake package in '/home/com9/uet_ws/src/Universal_Robots_ROS2_Driver/ur_calibration'
[5.039s] INFO:colcon.colcon_core.shell:Skip shell extension 'powershell' for command environment: Not usable outside of PowerShell
[5.039s] DEBUG:colcon.colcon_core.shell:Skip shell extension 'dsv' for command environment
[5.050s] DEBUG:colcon.colcon_core.event_handler.log_command:Invoking command in '/home/com9/uet_ws/build/ur_calibration': CMAKE_PREFIX_PATH=/home/com9/uet_ws/install/ur_robot_driver:/home/com9/uet_ws/install/ur_controllers:/home/com9/uet_ws/install/ur_dashboard_msgs:/home/com9/uet_ws/install/ur_simulation_gz:/home/com9/uet_ws/install/ur:/home/com9/uet_ws/install/ur_calibration:/home/com9/uet_ws/install/ur_moveit_config:/home/com9/uet_ws/install/ur_bringup:/home/com9/uet_ws/install/ur3_moveit_control:/home/com9/uet_ws/install/susgrip_2f_hardware:/home/com9/uet_ws/install/susgrip_2f_gazebo:/home/com9/uet_ws/install/susgrip_2f_description:/home/com9/uet_ws/install/susgrip_2f_control:/opt/ros/humble /usr/bin/cmake --build /home/com9/uet_ws/build/ur_calibration
[5.182s] DEBUG:colcon.colcon_core.event_handler.log_command:Invoked command in '/home/com9/uet_ws/build/ur_calibration' returned '0': CMAKE_PREFIX_PATH=/home/com9/uet_ws/install/ur_robot_driver:/home/com9/uet_ws/install/ur_controllers:/home/com9/uet_ws/install/ur_dashboard_msgs:/home/com9/uet_ws/install/ur_simulation_gz:/home/com9/uet_ws/install/ur:/home/com9/uet_ws/install/ur_calibration:/home/com9/uet_ws/install/ur_moveit_config:/home/com9/uet_ws/install/ur_bringup:/home/com9/uet_ws/install/ur3_moveit_control:/home/com9/uet_ws/install/susgrip_2f_hardware:/home/com9/uet_ws/install/susgrip_2f_gazebo:/home/com9/uet_ws/install/susgrip_2f_description:/home/com9/uet_ws/install/susgrip_2f_control:/opt/ros/humble /usr/bin/cmake --build /home/com9/uet_ws/build/ur_calibration
[5.184s] DEBUG:colcon.colcon_core.event_handler.log_command:Invoking command in '/home/com9/uet_ws/build/ur_calibration': CMAKE_PREFIX_PATH=/home/com9/uet_ws/install/ur_robot_driver:/home/com9/uet_ws/install/ur_controllers:/home/com9/uet_ws/install/ur_dashboard_msgs:/home/com9/uet_ws/install/ur_simulation_gz:/home/com9/uet_ws/install/ur:/home/com9/uet_ws/install/ur_calibration:/home/com9/uet_ws/install/ur_moveit_config:/home/com9/uet_ws/install/ur_bringup:/home/com9/uet_ws/install/ur3_moveit_control:/home/com9/uet_ws/install/susgrip_2f_hardware:/home/com9/uet_ws/install/susgrip_2f_gazebo:/home/com9/uet_ws/install/susgrip_2f_description:/home/com9/uet_ws/install/susgrip_2f_control:/opt/ros/humble /usr/bin/cmake --install /home/com9/uet_ws/build/ur_calibration
[5.192s] Level 1:colcon.colcon_core.environment:create_environment_scripts_only(ur_calibration)
[5.192s] DEBUG:colcon.colcon_core.event_handler.log_command:Invoked command in '/home/com9/uet_ws/build/ur_calibration' returned '0': CMAKE_PREFIX_PATH=/home/com9/uet_ws/install/ur_robot_driver:/home/com9/uet_ws/install/ur_controllers:/home/com9/uet_ws/install/ur_dashboard_msgs:/home/com9/uet_ws/install/ur_simulation_gz:/home/com9/uet_ws/install/ur:/home/com9/uet_ws/install/ur_calibration:/home/com9/uet_ws/install/ur_moveit_config:/home/com9/uet_ws/install/ur_bringup:/home/com9/uet_ws/install/ur3_moveit_control:/home/com9/uet_ws/install/susgrip_2f_hardware:/home/com9/uet_ws/install/susgrip_2f_gazebo:/home/com9/uet_ws/install/susgrip_2f_description:/home/com9/uet_ws/install/susgrip_2f_control:/opt/ros/humble /usr/bin/cmake --install /home/com9/uet_ws/build/ur_calibration
[5.192s] Level 1:colcon.colcon_core.environment:checking '/home/com9/uet_ws/install/ur_calibration' for CMake module files
[5.192s] Level 1:colcon.colcon_core.environment:checking '/home/com9/uet_ws/install/ur_calibration' for CMake config files
[5.192s] Level 1:colcon.colcon_core.shell:create_environment_hook('ur_calibration', 'cmake_prefix_path')
[5.193s] INFO:colcon.colcon_core.shell:Creating environment hook '/home/com9/uet_ws/install/ur_calibration/share/ur_calibration/hook/cmake_prefix_path.ps1'
[5.193s] INFO:colcon.colcon_core.shell:Creating environment descriptor '/home/com9/uet_ws/install/ur_calibration/share/ur_calibration/hook/cmake_prefix_path.dsv'
[5.193s] INFO:colcon.colcon_core.shell:Creating environment hook '/home/com9/uet_ws/install/ur_calibration/share/ur_calibration/hook/cmake_prefix_path.sh'
[5.194s] Level 1:colcon.colcon_core.environment:checking '/home/com9/uet_ws/install/ur_calibration/lib'
[5.194s] Level 1:colcon.colcon_core.environment:checking '/home/com9/uet_ws/install/ur_calibration/bin'
[5.194s] Level 1:colcon.colcon_core.environment:checking '/home/com9/uet_ws/install/ur_calibration/lib/pkgconfig/ur_calibration.pc'
[5.194s] Level 1:colcon.colcon_core.environment:checking '/home/com9/uet_ws/install/ur_calibration/lib/python3.10/site-packages'
[5.194s] Level 1:colcon.colcon_core.environment:checking '/home/com9/uet_ws/install/ur_calibration/bin'
[5.194s] INFO:colcon.colcon_core.shell:Creating package script '/home/com9/uet_ws/install/ur_calibration/share/ur_calibration/package.ps1'
[5.194s] INFO:colcon.colcon_core.shell:Creating package descriptor '/home/com9/uet_ws/install/ur_calibration/share/ur_calibration/package.dsv'
[5.195s] INFO:colcon.colcon_core.shell:Creating package script '/home/com9/uet_ws/install/ur_calibration/share/ur_calibration/package.sh'
[5.195s] INFO:colcon.colcon_core.shell:Creating package script '/home/com9/uet_ws/install/ur_calibration/share/ur_calibration/package.bash'
[5.195s] INFO:colcon.colcon_core.shell:Creating package script '/home/com9/uet_ws/install/ur_calibration/share/ur_calibration/package.zsh'
[5.195s] Level 1:colcon.colcon_core.environment:create_file_with_runtime_dependencies(/home/com9/uet_ws/install/ur_calibration/share/colcon-core/packages/ur_calibration)
[5.196s] Level 1:colcon.colcon_core.environment:create_environment_scripts_only(ur_calibration)
[5.196s] Level 1:colcon.colcon_core.environment:checking '/home/com9/uet_ws/install/ur_calibration' for CMake module files
[5.196s] Level 1:colcon.colcon_core.environment:checking '/home/com9/uet_ws/install/ur_calibration' for CMake config files
[5.196s] Level 1:colcon.colcon_core.shell:create_environment_hook('ur_calibration', 'cmake_prefix_path')
[5.196s] INFO:colcon.colcon_core.shell:Creating environment hook '/home/com9/uet_ws/install/ur_calibration/share/ur_calibration/hook/cmake_prefix_path.ps1'
[5.196s] INFO:colcon.colcon_core.shell:Creating environment descriptor '/home/com9/uet_ws/install/ur_calibration/share/ur_calibration/hook/cmake_prefix_path.dsv'
[5.197s] INFO:colcon.colcon_core.shell:Creating environment hook '/home/com9/uet_ws/install/ur_calibration/share/ur_calibration/hook/cmake_prefix_path.sh'
[5.197s] Level 1:colcon.colcon_core.environment:checking '/home/com9/uet_ws/install/ur_calibration/lib'
[5.197s] Level 1:colcon.colcon_core.environment:checking '/home/com9/uet_ws/install/ur_calibration/bin'
[5.197s] Level 1:colcon.colcon_core.environment:checking '/home/com9/uet_ws/install/ur_calibration/lib/pkgconfig/ur_calibration.pc'
[5.197s] Level 1:colcon.colcon_core.environment:checking '/home/com9/uet_ws/install/ur_calibration/lib/python3.10/site-packages'
[5.197s] Level 1:colcon.colcon_core.environment:checking '/home/com9/uet_ws/install/ur_calibration/bin'
[5.197s] INFO:colcon.colcon_core.shell:Creating package script '/home/com9/uet_ws/install/ur_calibration/share/ur_calibration/package.ps1'
[5.198s] INFO:colcon.colcon_core.shell:Creating package descriptor '/home/com9/uet_ws/install/ur_calibration/share/ur_calibration/package.dsv'
[5.198s] INFO:colcon.colcon_core.shell:Creating package script '/home/com9/uet_ws/install/ur_calibration/share/ur_calibration/package.sh'
[5.198s] INFO:colcon.colcon_core.shell:Creating package script '/home/com9/uet_ws/install/ur_calibration/share/ur_calibration/package.bash'
[5.199s] INFO:colcon.colcon_core.shell:Creating package script '/home/com9/uet_ws/install/ur_calibration/share/ur_calibration/package.zsh'
[5.199s] Level 1:colcon.colcon_core.environment:create_file_with_runtime_dependencies(/home/com9/uet_ws/install/ur_calibration/share/colcon-core/packages/ur_calibration)
[5.199s] DEBUG:colcon.colcon_core.executor.sequential:run_until_complete 'ur_calibration' finished with '0'
[5.199s] DEBUG:colcon.colcon_core.executor.sequential:run_until_complete 'ur'
[5.199s] INFO:colcon.colcon_ros.task.ament_cmake.build:Building ROS package in '/home/com9/uet_ws/src/Universal_Robots_ROS2_Driver/ur' with build type 'ament_cmake'
[5.199s] INFO:colcon.colcon_cmake.task.cmake.build:Building CMake package in '/home/com9/uet_ws/src/Universal_Robots_ROS2_Driver/ur'
[5.199s] INFO:colcon.colcon_core.shell:Skip shell extension 'powershell' for command environment: Not usable outside of PowerShell
[5.199s] DEBUG:colcon.colcon_core.shell:Skip shell extension 'dsv' for command environment
[5.211s] DEBUG:colcon.colcon_core.event_handler.log_command:Invoking command in '/home/com9/uet_ws/build/ur': CMAKE_PREFIX_PATH=/home/com9/uet_ws/install/ur_calibration:/home/com9/uet_ws/install/ur_robot_driver:/home/com9/uet_ws/install/ur_controllers:/home/com9/uet_ws/install/ur_moveit_config:/home/com9/uet_ws/install/ur_dashboard_msgs:/home/com9/uet_ws/install/ur_simulation_gz:/home/com9/uet_ws/install/ur:/home/com9/uet_ws/install/ur_bringup:/home/com9/uet_ws/install/ur3_moveit_control:/home/com9/uet_ws/install/susgrip_2f_hardware:/home/com9/uet_ws/install/susgrip_2f_gazebo:/home/com9/uet_ws/install/susgrip_2f_description:/home/com9/uet_ws/install/susgrip_2f_control:/opt/ros/humble /usr/bin/cmake --build /home/com9/uet_ws/build/ur
[5.239s] DEBUG:colcon.colcon_core.event_handler.log_command:Invoked command in '/home/com9/uet_ws/build/ur' returned '0': CMAKE_PREFIX_PATH=/home/com9/uet_ws/install/ur_calibration:/home/com9/uet_ws/install/ur_robot_driver:/home/com9/uet_ws/install/ur_controllers:/home/com9/uet_ws/install/ur_moveit_config:/home/com9/uet_ws/install/ur_dashboard_msgs:/home/com9/uet_ws/install/ur_simulation_gz:/home/com9/uet_ws/install/ur:/home/com9/uet_ws/install/ur_bringup:/home/com9/uet_ws/install/ur3_moveit_control:/home/com9/uet_ws/install/susgrip_2f_hardware:/home/com9/uet_ws/install/susgrip_2f_gazebo:/home/com9/uet_ws/install/susgrip_2f_description:/home/com9/uet_ws/install/susgrip_2f_control:/opt/ros/humble /usr/bin/cmake --build /home/com9/uet_ws/build/ur
[5.241s] DEBUG:colcon.colcon_core.event_handler.log_command:Invoking command in '/home/com9/uet_ws/build/ur': CMAKE_PREFIX_PATH=/home/com9/uet_ws/install/ur_calibration:/home/com9/uet_ws/install/ur_robot_driver:/home/com9/uet_ws/install/ur_controllers:/home/com9/uet_ws/install/ur_moveit_config:/home/com9/uet_ws/install/ur_dashboard_msgs:/home/com9/uet_ws/install/ur_simulation_gz:/home/com9/uet_ws/install/ur:/home/com9/uet_ws/install/ur_bringup:/home/com9/uet_ws/install/ur3_moveit_control:/home/com9/uet_ws/install/susgrip_2f_hardware:/home/com9/uet_ws/install/susgrip_2f_gazebo:/home/com9/uet_ws/install/susgrip_2f_description:/home/com9/uet_ws/install/susgrip_2f_control:/opt/ros/humble /usr/bin/cmake --install /home/com9/uet_ws/build/ur
[5.249s] Level 1:colcon.colcon_core.environment:create_environment_scripts_only(ur)
[5.249s] Level 1:colcon.colcon_core.environment:checking '/home/com9/uet_ws/install/ur' for CMake module files
[5.249s] DEBUG:colcon.colcon_core.event_handler.log_command:Invoked command in '/home/com9/uet_ws/build/ur' returned '0': CMAKE_PREFIX_PATH=/home/com9/uet_ws/install/ur_calibration:/home/com9/uet_ws/install/ur_robot_driver:/home/com9/uet_ws/install/ur_controllers:/home/com9/uet_ws/install/ur_moveit_config:/home/com9/uet_ws/install/ur_dashboard_msgs:/home/com9/uet_ws/install/ur_simulation_gz:/home/com9/uet_ws/install/ur:/home/com9/uet_ws/install/ur_bringup:/home/com9/uet_ws/install/ur3_moveit_control:/home/com9/uet_ws/install/susgrip_2f_hardware:/home/com9/uet_ws/install/susgrip_2f_gazebo:/home/com9/uet_ws/install/susgrip_2f_description:/home/com9/uet_ws/install/susgrip_2f_control:/opt/ros/humble /usr/bin/cmake --install /home/com9/uet_ws/build/ur
[5.249s] Level 1:colcon.colcon_core.environment:checking '/home/com9/uet_ws/install/ur' for CMake config files
[5.249s] Level 1:colcon.colcon_core.shell:create_environment_hook('ur', 'cmake_prefix_path')
[5.249s] INFO:colcon.colcon_core.shell:Creating environment hook '/home/com9/uet_ws/install/ur/share/ur/hook/cmake_prefix_path.ps1'
[5.250s] INFO:colcon.colcon_core.shell:Creating environment descriptor '/home/com9/uet_ws/install/ur/share/ur/hook/cmake_prefix_path.dsv'
[5.250s] INFO:colcon.colcon_core.shell:Creating environment hook '/home/com9/uet_ws/install/ur/share/ur/hook/cmake_prefix_path.sh'
[5.250s] Level 1:colcon.colcon_core.environment:checking '/home/com9/uet_ws/install/ur/bin'
[5.251s] Level 1:colcon.colcon_core.environment:checking '/home/com9/uet_ws/install/ur/lib/pkgconfig/ur.pc'
[5.251s] Level 1:colcon.colcon_core.environment:checking '/home/com9/uet_ws/install/ur/lib/python3.10/site-packages'
[5.251s] Level 1:colcon.colcon_core.environment:checking '/home/com9/uet_ws/install/ur/bin'
[5.251s] INFO:colcon.colcon_core.shell:Creating package script '/home/com9/uet_ws/install/ur/share/ur/package.ps1'
[5.251s] INFO:colcon.colcon_core.shell:Creating package descriptor '/home/com9/uet_ws/install/ur/share/ur/package.dsv'
[5.252s] INFO:colcon.colcon_core.shell:Creating package script '/home/com9/uet_ws/install/ur/share/ur/package.sh'
[5.252s] INFO:colcon.colcon_core.shell:Creating package script '/home/com9/uet_ws/install/ur/share/ur/package.bash'
[5.252s] INFO:colcon.colcon_core.shell:Creating package script '/home/com9/uet_ws/install/ur/share/ur/package.zsh'
[5.252s] Level 1:colcon.colcon_core.environment:create_file_with_runtime_dependencies(/home/com9/uet_ws/install/ur/share/colcon-core/packages/ur)
[5.252s] Level 1:colcon.colcon_core.environment:create_environment_scripts_only(ur)
[5.253s] Level 1:colcon.colcon_core.environment:checking '/home/com9/uet_ws/install/ur' for CMake module files
[5.253s] Level 1:colcon.colcon_core.environment:checking '/home/com9/uet_ws/install/ur' for CMake config files
[5.253s] Level 1:colcon.colcon_core.shell:create_environment_hook('ur', 'cmake_prefix_path')
[5.253s] INFO:colcon.colcon_core.shell:Creating environment hook '/home/com9/uet_ws/install/ur/share/ur/hook/cmake_prefix_path.ps1'
[5.253s] INFO:colcon.colcon_core.shell:Creating environment descriptor '/home/com9/uet_ws/install/ur/share/ur/hook/cmake_prefix_path.dsv'
[5.253s] INFO:colcon.colcon_core.shell:Creating environment hook '/home/com9/uet_ws/install/ur/share/ur/hook/cmake_prefix_path.sh'
[5.254s] Level 1:colcon.colcon_core.environment:checking '/home/com9/uet_ws/install/ur/bin'
[5.254s] Level 1:colcon.colcon_core.environment:checking '/home/com9/uet_ws/install/ur/lib/pkgconfig/ur.pc'
[5.254s] Level 1:colcon.colcon_core.environment:checking '/home/com9/uet_ws/install/ur/lib/python3.10/site-packages'
[5.254s] Level 1:colcon.colcon_core.environment:checking '/home/com9/uet_ws/install/ur/bin'
[5.254s] INFO:colcon.colcon_core.shell:Creating package script '/home/com9/uet_ws/install/ur/share/ur/package.ps1'
[5.254s] INFO:colcon.colcon_core.shell:Creating package descriptor '/home/com9/uet_ws/install/ur/share/ur/package.dsv'
[5.255s] INFO:colcon.colcon_core.shell:Creating package script '/home/com9/uet_ws/install/ur/share/ur/package.sh'
[5.255s] INFO:colcon.colcon_core.shell:Creating package script '/home/com9/uet_ws/install/ur/share/ur/package.bash'
[5.255s] INFO:colcon.colcon_core.shell:Creating package script '/home/com9/uet_ws/install/ur/share/ur/package.zsh'
[5.255s] Level 1:colcon.colcon_core.environment:create_file_with_runtime_dependencies(/home/com9/uet_ws/install/ur/share/colcon-core/packages/ur)
[5.255s] DEBUG:colcon.colcon_core.executor.sequential:run_until_complete 'ur' finished with '0'
[5.255s] DEBUG:colcon.colcon_core.executor.sequential:closing loop
[5.255s] DEBUG:colcon.colcon_core.executor.sequential:loop closed
[5.255s] DEBUG:colcon.colcon_core.event_reactor:joining thread
[5.263s] INFO:colcon.colcon_core.plugin_system:Skipping extension 'colcon_notification.desktop_notification.terminal_notifier': Not used on non-Darwin systems
[5.263s] INFO:colcon.colcon_core.plugin_system:Skipping extension 'colcon_notification.desktop_notification.win32': Not used on non-Windows systems
[5.263s] INFO:colcon.colcon_notification.desktop_notification:Sending desktop notification using 'notify2'
[5.270s] DEBUG:colcon.colcon_core.event_reactor:joined thread
[5.270s] INFO:colcon.colcon_core.shell:Creating prefix script '/home/com9/uet_ws/install/local_setup.ps1'
[5.271s] INFO:colcon.colcon_core.shell:Creating prefix util module '/home/com9/uet_ws/install/_local_setup_util_ps1.py'
[5.272s] INFO:colcon.colcon_core.shell:Creating prefix chain script '/home/com9/uet_ws/install/setup.ps1'
[5.273s] INFO:colcon.colcon_core.shell:Creating prefix script '/home/com9/uet_ws/install/local_setup.sh'
[5.273s] INFO:colcon.colcon_core.shell:Creating prefix util module '/home/com9/uet_ws/install/_local_setup_util_sh.py'
[5.273s] INFO:colcon.colcon_core.shell:Creating prefix chain script '/home/com9/uet_ws/install/setup.sh'
[5.274s] INFO:colcon.colcon_core.shell:Creating prefix script '/home/com9/uet_ws/install/local_setup.bash'
[5.275s] INFO:colcon.colcon_core.shell:Creating prefix chain script '/home/com9/uet_ws/install/setup.bash'
[5.275s] INFO:colcon.colcon_core.shell:Creating prefix script '/home/com9/uet_ws/install/local_setup.zsh'
[5.276s] INFO:colcon.colcon_core.shell:Creating prefix chain script '/home/com9/uet_ws/install/setup.zsh'
