[0.225s] DEBUG:colcon:Command line arguments: ['/usr/bin/colcon', 'build', '--executor', 'sequential', '--event-handlers', 'console_direct+']
[0.225s] DEBUG:colcon:Parsed command line arguments: Namespace(log_base=None, log_level=None, verb_name='build', build_base='build', install_base='install', merge_install=False, symlink_install=False, test_result_base=None, continue_on_error=False, executor='sequential', parallel_workers=16, event_handlers=['console_direct+'], ignore_user_meta=False, metas=['./colcon.meta'], base_paths=['.'], packages_ignore=None, packages_ignore_regex=None, paths=None, packages_up_to=None, packages_up_to_regex=None, packages_above=None, packages_above_and_dependencies=None, packages_above_depth=None, packages_select_by_dep=None, packages_skip_by_dep=None, packages_skip_up_to=None, packages_select_build_failed=False, packages_skip_build_finished=False, packages_select_test_failures=False, packages_skip_test_passed=False, packages_select=None, packages_skip=None, packages_select_regex=None, packages_skip_regex=None, packages_start=None, packages_end=None, allow_overriding=[], cmake_args=None, cmake_target=None, cmake_target_skip_unavailable=False, cmake_clean_cache=False, cmake_clean_first=False, cmake_force_configure=False, ament_cmake_args=None, catkin_cmake_args=None, catkin_skip_building_tests=False, mixin_files=None, mixin=None, verb_parser=<colcon_mixin.mixin.mixin_argument.MixinArgumentDecorator object at 0x7b0f90167880>, verb_extension=<colcon_core.verb.build.BuildVerb object at 0x7b0f90167160>, main=<bound method BuildVerb.main of <colcon_core.verb.build.BuildVerb object at 0x7b0f90167160>>, mixin_verb=('build',))
[0.415s] Level 1:colcon.colcon_core.package_discovery:discover_packages(colcon_meta) check parameters
[0.415s] Level 1:colcon.colcon_core.package_discovery:discover_packages(recursive) check parameters
[0.415s] Level 1:colcon.colcon_core.package_discovery:discover_packages(ignore) check parameters
[0.415s] Level 1:colcon.colcon_core.package_discovery:discover_packages(path) check parameters
[0.415s] Level 1:colcon.colcon_core.package_discovery:discover_packages(colcon_meta) discover
[0.415s] Level 1:colcon.colcon_core.package_discovery:discover_packages(recursive) discover
[0.415s] INFO:colcon.colcon_core.package_discovery:Crawling recursively for packages in '/home/com9/uet_ws'
[0.415s] Level 1:colcon.colcon_core.package_identification:_identify(.) by extensions ['ignore', 'ignore_ament_install']
[0.415s] Level 1:colcon.colcon_core.package_identification:_identify(.) by extension 'ignore'
[0.415s] Level 1:colcon.colcon_core.package_identification:_identify(.) by extension 'ignore_ament_install'
[0.415s] Level 1:colcon.colcon_core.package_identification:_identify(.) by extensions ['colcon_pkg']
[0.415s] Level 1:colcon.colcon_core.package_identification:_identify(.) by extension 'colcon_pkg'
[0.415s] Level 1:colcon.colcon_core.package_identification:_identify(.) by extensions ['colcon_meta']
[0.415s] Level 1:colcon.colcon_core.package_identification:_identify(.) by extension 'colcon_meta'
[0.415s] Level 1:colcon.colcon_core.package_identification:_identify(.) by extensions ['ros']
[0.415s] Level 1:colcon.colcon_core.package_identification:_identify(.) by extension 'ros'
[0.427s] Level 1:colcon.colcon_core.package_identification:_identify(.) by extensions ['cmake', 'python']
[0.427s] Level 1:colcon.colcon_core.package_identification:_identify(.) by extension 'cmake'
[0.427s] Level 1:colcon.colcon_core.package_identification:_identify(.) by extension 'python'
[0.427s] Level 1:colcon.colcon_core.package_identification:_identify(.) by extensions ['python_setup_py']
[0.427s] Level 1:colcon.colcon_core.package_identification:_identify(.) by extension 'python_setup_py'
[0.427s] Level 1:colcon.colcon_core.package_identification:_identify(build) by extensions ['ignore', 'ignore_ament_install']
[0.427s] Level 1:colcon.colcon_core.package_identification:_identify(build) by extension 'ignore'
[0.427s] Level 1:colcon.colcon_core.package_identification:_identify(build) ignored
[0.427s] Level 1:colcon.colcon_core.package_identification:_identify(install) by extensions ['ignore', 'ignore_ament_install']
[0.428s] Level 1:colcon.colcon_core.package_identification:_identify(install) by extension 'ignore'
[0.428s] Level 1:colcon.colcon_core.package_identification:_identify(install) ignored
[0.428s] Level 1:colcon.colcon_core.package_identification:_identify(log) by extensions ['ignore', 'ignore_ament_install']
[0.428s] Level 1:colcon.colcon_core.package_identification:_identify(log) by extension 'ignore'
[0.428s] Level 1:colcon.colcon_core.package_identification:_identify(log) ignored
[0.428s] Level 1:colcon.colcon_core.package_identification:_identify(src) by extensions ['ignore', 'ignore_ament_install']
[0.428s] Level 1:colcon.colcon_core.package_identification:_identify(src) by extension 'ignore'
[0.428s] Level 1:colcon.colcon_core.package_identification:_identify(src) by extension 'ignore_ament_install'
[0.428s] Level 1:colcon.colcon_core.package_identification:_identify(src) by extensions ['colcon_pkg']
[0.428s] Level 1:colcon.colcon_core.package_identification:_identify(src) by extension 'colcon_pkg'
[0.428s] Level 1:colcon.colcon_core.package_identification:_identify(src) by extensions ['colcon_meta']
[0.428s] Level 1:colcon.colcon_core.package_identification:_identify(src) by extension 'colcon_meta'
[0.428s] Level 1:colcon.colcon_core.package_identification:_identify(src) by extensions ['ros']
[0.428s] Level 1:colcon.colcon_core.package_identification:_identify(src) by extension 'ros'
[0.428s] Level 1:colcon.colcon_core.package_identification:_identify(src) by extensions ['cmake', 'python']
[0.428s] Level 1:colcon.colcon_core.package_identification:_identify(src) by extension 'cmake'
[0.428s] Level 1:colcon.colcon_core.package_identification:_identify(src) by extension 'python'
[0.428s] Level 1:colcon.colcon_core.package_identification:_identify(src) by extensions ['python_setup_py']
[0.428s] Level 1:colcon.colcon_core.package_identification:_identify(src) by extension 'python_setup_py'
[0.428s] Level 1:colcon.colcon_core.package_identification:_identify(src/Universal_Robots_ROS2_Driver) by extensions ['ignore', 'ignore_ament_install']
[0.428s] Level 1:colcon.colcon_core.package_identification:_identify(src/Universal_Robots_ROS2_Driver) by extension 'ignore'
[0.428s] Level 1:colcon.colcon_core.package_identification:_identify(src/Universal_Robots_ROS2_Driver) by extension 'ignore_ament_install'
[0.428s] Level 1:colcon.colcon_core.package_identification:_identify(src/Universal_Robots_ROS2_Driver) by extensions ['colcon_pkg']
[0.428s] Level 1:colcon.colcon_core.package_identification:_identify(src/Universal_Robots_ROS2_Driver) by extension 'colcon_pkg'
[0.428s] Level 1:colcon.colcon_core.package_identification:_identify(src/Universal_Robots_ROS2_Driver) by extensions ['colcon_meta']
[0.428s] Level 1:colcon.colcon_core.package_identification:_identify(src/Universal_Robots_ROS2_Driver) by extension 'colcon_meta'
[0.428s] Level 1:colcon.colcon_core.package_identification:_identify(src/Universal_Robots_ROS2_Driver) by extensions ['ros']
[0.428s] Level 1:colcon.colcon_core.package_identification:_identify(src/Universal_Robots_ROS2_Driver) by extension 'ros'
[0.428s] Level 1:colcon.colcon_core.package_identification:_identify(src/Universal_Robots_ROS2_Driver) by extensions ['cmake', 'python']
[0.428s] Level 1:colcon.colcon_core.package_identification:_identify(src/Universal_Robots_ROS2_Driver) by extension 'cmake'
[0.428s] Level 1:colcon.colcon_core.package_identification:_identify(src/Universal_Robots_ROS2_Driver) by extension 'python'
[0.428s] Level 1:colcon.colcon_core.package_identification:_identify(src/Universal_Robots_ROS2_Driver) by extensions ['python_setup_py']
[0.428s] Level 1:colcon.colcon_core.package_identification:_identify(src/Universal_Robots_ROS2_Driver) by extension 'python_setup_py'
[0.428s] Level 1:colcon.colcon_core.package_identification:_identify(src/Universal_Robots_ROS2_Driver/ur) by extensions ['ignore', 'ignore_ament_install']
[0.428s] Level 1:colcon.colcon_core.package_identification:_identify(src/Universal_Robots_ROS2_Driver/ur) by extension 'ignore'
[0.428s] Level 1:colcon.colcon_core.package_identification:_identify(src/Universal_Robots_ROS2_Driver/ur) by extension 'ignore_ament_install'
[0.428s] Level 1:colcon.colcon_core.package_identification:_identify(src/Universal_Robots_ROS2_Driver/ur) by extensions ['colcon_pkg']
[0.428s] Level 1:colcon.colcon_core.package_identification:_identify(src/Universal_Robots_ROS2_Driver/ur) by extension 'colcon_pkg'
[0.429s] Level 1:colcon.colcon_core.package_identification:_identify(src/Universal_Robots_ROS2_Driver/ur) by extensions ['colcon_meta']
[0.429s] Level 1:colcon.colcon_core.package_identification:_identify(src/Universal_Robots_ROS2_Driver/ur) by extension 'colcon_meta'
[0.429s] Level 1:colcon.colcon_core.package_identification:_identify(src/Universal_Robots_ROS2_Driver/ur) by extensions ['ros']
[0.429s] Level 1:colcon.colcon_core.package_identification:_identify(src/Universal_Robots_ROS2_Driver/ur) by extension 'ros'
[0.431s] DEBUG:colcon.colcon_core.package_identification:Package 'src/Universal_Robots_ROS2_Driver/ur' with type 'ros.ament_cmake' and name 'ur'
[0.431s] Level 1:colcon.colcon_core.package_identification:_identify(src/Universal_Robots_ROS2_Driver/ur_bringup) by extensions ['ignore', 'ignore_ament_install']
[0.431s] Level 1:colcon.colcon_core.package_identification:_identify(src/Universal_Robots_ROS2_Driver/ur_bringup) by extension 'ignore'
[0.431s] Level 1:colcon.colcon_core.package_identification:_identify(src/Universal_Robots_ROS2_Driver/ur_bringup) by extension 'ignore_ament_install'
[0.431s] Level 1:colcon.colcon_core.package_identification:_identify(src/Universal_Robots_ROS2_Driver/ur_bringup) by extensions ['colcon_pkg']
[0.431s] Level 1:colcon.colcon_core.package_identification:_identify(src/Universal_Robots_ROS2_Driver/ur_bringup) by extension 'colcon_pkg'
[0.431s] Level 1:colcon.colcon_core.package_identification:_identify(src/Universal_Robots_ROS2_Driver/ur_bringup) by extensions ['colcon_meta']
[0.431s] Level 1:colcon.colcon_core.package_identification:_identify(src/Universal_Robots_ROS2_Driver/ur_bringup) by extension 'colcon_meta'
[0.431s] Level 1:colcon.colcon_core.package_identification:_identify(src/Universal_Robots_ROS2_Driver/ur_bringup) by extensions ['ros']
[0.431s] Level 1:colcon.colcon_core.package_identification:_identify(src/Universal_Robots_ROS2_Driver/ur_bringup) by extension 'ros'
[0.432s] DEBUG:colcon.colcon_core.package_identification:Package 'src/Universal_Robots_ROS2_Driver/ur_bringup' with type 'ros.ament_cmake' and name 'ur_bringup'
[0.432s] Level 1:colcon.colcon_core.package_identification:_identify(src/Universal_Robots_ROS2_Driver/ur_calibration) by extensions ['ignore', 'ignore_ament_install']
[0.432s] Level 1:colcon.colcon_core.package_identification:_identify(src/Universal_Robots_ROS2_Driver/ur_calibration) by extension 'ignore'
[0.432s] Level 1:colcon.colcon_core.package_identification:_identify(src/Universal_Robots_ROS2_Driver/ur_calibration) by extension 'ignore_ament_install'
[0.432s] Level 1:colcon.colcon_core.package_identification:_identify(src/Universal_Robots_ROS2_Driver/ur_calibration) by extensions ['colcon_pkg']
[0.432s] Level 1:colcon.colcon_core.package_identification:_identify(src/Universal_Robots_ROS2_Driver/ur_calibration) by extension 'colcon_pkg'
[0.432s] Level 1:colcon.colcon_core.package_identification:_identify(src/Universal_Robots_ROS2_Driver/ur_calibration) by extensions ['colcon_meta']
[0.432s] Level 1:colcon.colcon_core.package_identification:_identify(src/Universal_Robots_ROS2_Driver/ur_calibration) by extension 'colcon_meta'
[0.432s] Level 1:colcon.colcon_core.package_identification:_identify(src/Universal_Robots_ROS2_Driver/ur_calibration) by extensions ['ros']
[0.432s] Level 1:colcon.colcon_core.package_identification:_identify(src/Universal_Robots_ROS2_Driver/ur_calibration) by extension 'ros'
[0.433s] DEBUG:colcon.colcon_core.package_identification:Package 'src/Universal_Robots_ROS2_Driver/ur_calibration' with type 'ros.ament_cmake' and name 'ur_calibration'
[0.433s] Level 1:colcon.colcon_core.package_identification:_identify(src/Universal_Robots_ROS2_Driver/ur_controllers) by extensions ['ignore', 'ignore_ament_install']
[0.433s] Level 1:colcon.colcon_core.package_identification:_identify(src/Universal_Robots_ROS2_Driver/ur_controllers) by extension 'ignore'
[0.433s] Level 1:colcon.colcon_core.package_identification:_identify(src/Universal_Robots_ROS2_Driver/ur_controllers) by extension 'ignore_ament_install'
[0.433s] Level 1:colcon.colcon_core.package_identification:_identify(src/Universal_Robots_ROS2_Driver/ur_controllers) by extensions ['colcon_pkg']
[0.433s] Level 1:colcon.colcon_core.package_identification:_identify(src/Universal_Robots_ROS2_Driver/ur_controllers) by extension 'colcon_pkg'
[0.433s] Level 1:colcon.colcon_core.package_identification:_identify(src/Universal_Robots_ROS2_Driver/ur_controllers) by extensions ['colcon_meta']
[0.433s] Level 1:colcon.colcon_core.package_identification:_identify(src/Universal_Robots_ROS2_Driver/ur_controllers) by extension 'colcon_meta'
[0.433s] Level 1:colcon.colcon_core.package_identification:_identify(src/Universal_Robots_ROS2_Driver/ur_controllers) by extensions ['ros']
[0.433s] Level 1:colcon.colcon_core.package_identification:_identify(src/Universal_Robots_ROS2_Driver/ur_controllers) by extension 'ros'
[0.435s] DEBUG:colcon.colcon_core.package_identification:Package 'src/Universal_Robots_ROS2_Driver/ur_controllers' with type 'ros.ament_cmake' and name 'ur_controllers'
[0.435s] Level 1:colcon.colcon_core.package_identification:_identify(src/Universal_Robots_ROS2_Driver/ur_dashboard_msgs) by extensions ['ignore', 'ignore_ament_install']
[0.435s] Level 1:colcon.colcon_core.package_identification:_identify(src/Universal_Robots_ROS2_Driver/ur_dashboard_msgs) by extension 'ignore'
[0.435s] Level 1:colcon.colcon_core.package_identification:_identify(src/Universal_Robots_ROS2_Driver/ur_dashboard_msgs) by extension 'ignore_ament_install'
[0.435s] Level 1:colcon.colcon_core.package_identification:_identify(src/Universal_Robots_ROS2_Driver/ur_dashboard_msgs) by extensions ['colcon_pkg']
[0.435s] Level 1:colcon.colcon_core.package_identification:_identify(src/Universal_Robots_ROS2_Driver/ur_dashboard_msgs) by extension 'colcon_pkg'
[0.435s] Level 1:colcon.colcon_core.package_identification:_identify(src/Universal_Robots_ROS2_Driver/ur_dashboard_msgs) by extensions ['colcon_meta']
[0.435s] Level 1:colcon.colcon_core.package_identification:_identify(src/Universal_Robots_ROS2_Driver/ur_dashboard_msgs) by extension 'colcon_meta'
[0.435s] Level 1:colcon.colcon_core.package_identification:_identify(src/Universal_Robots_ROS2_Driver/ur_dashboard_msgs) by extensions ['ros']
[0.435s] Level 1:colcon.colcon_core.package_identification:_identify(src/Universal_Robots_ROS2_Driver/ur_dashboard_msgs) by extension 'ros'
[0.436s] DEBUG:colcon.colcon_core.package_identification:Package 'src/Universal_Robots_ROS2_Driver/ur_dashboard_msgs' with type 'ros.ament_cmake' and name 'ur_dashboard_msgs'
[0.436s] Level 1:colcon.colcon_core.package_identification:_identify(src/Universal_Robots_ROS2_Driver/ur_moveit_config) by extensions ['ignore', 'ignore_ament_install']
[0.436s] Level 1:colcon.colcon_core.package_identification:_identify(src/Universal_Robots_ROS2_Driver/ur_moveit_config) by extension 'ignore'
[0.436s] Level 1:colcon.colcon_core.package_identification:_identify(src/Universal_Robots_ROS2_Driver/ur_moveit_config) by extension 'ignore_ament_install'
[0.436s] Level 1:colcon.colcon_core.package_identification:_identify(src/Universal_Robots_ROS2_Driver/ur_moveit_config) by extensions ['colcon_pkg']
[0.436s] Level 1:colcon.colcon_core.package_identification:_identify(src/Universal_Robots_ROS2_Driver/ur_moveit_config) by extension 'colcon_pkg'
[0.436s] Level 1:colcon.colcon_core.package_identification:_identify(src/Universal_Robots_ROS2_Driver/ur_moveit_config) by extensions ['colcon_meta']
[0.436s] Level 1:colcon.colcon_core.package_identification:_identify(src/Universal_Robots_ROS2_Driver/ur_moveit_config) by extension 'colcon_meta'
[0.436s] Level 1:colcon.colcon_core.package_identification:_identify(src/Universal_Robots_ROS2_Driver/ur_moveit_config) by extensions ['ros']
[0.436s] Level 1:colcon.colcon_core.package_identification:_identify(src/Universal_Robots_ROS2_Driver/ur_moveit_config) by extension 'ros'
[0.436s] DEBUG:colcon.colcon_core.package_identification:Package 'src/Universal_Robots_ROS2_Driver/ur_moveit_config' with type 'ros.ament_cmake' and name 'ur_moveit_config'
[0.437s] Level 1:colcon.colcon_core.package_identification:_identify(src/Universal_Robots_ROS2_Driver/ur_robot_driver) by extensions ['ignore', 'ignore_ament_install']
[0.437s] Level 1:colcon.colcon_core.package_identification:_identify(src/Universal_Robots_ROS2_Driver/ur_robot_driver) by extension 'ignore'
[0.437s] Level 1:colcon.colcon_core.package_identification:_identify(src/Universal_Robots_ROS2_Driver/ur_robot_driver) by extension 'ignore_ament_install'
[0.437s] Level 1:colcon.colcon_core.package_identification:_identify(src/Universal_Robots_ROS2_Driver/ur_robot_driver) by extensions ['colcon_pkg']
[0.437s] Level 1:colcon.colcon_core.package_identification:_identify(src/Universal_Robots_ROS2_Driver/ur_robot_driver) by extension 'colcon_pkg'
[0.437s] Level 1:colcon.colcon_core.package_identification:_identify(src/Universal_Robots_ROS2_Driver/ur_robot_driver) by extensions ['colcon_meta']
[0.437s] Level 1:colcon.colcon_core.package_identification:_identify(src/Universal_Robots_ROS2_Driver/ur_robot_driver) by extension 'colcon_meta'
[0.437s] Level 1:colcon.colcon_core.package_identification:_identify(src/Universal_Robots_ROS2_Driver/ur_robot_driver) by extensions ['ros']
[0.437s] Level 1:colcon.colcon_core.package_identification:_identify(src/Universal_Robots_ROS2_Driver/ur_robot_driver) by extension 'ros'
[0.443s] DEBUG:colcon.colcon_core.package_identification:Package 'src/Universal_Robots_ROS2_Driver/ur_robot_driver' with type 'ros.ament_cmake' and name 'ur_robot_driver'
[0.443s] Level 1:colcon.colcon_core.package_identification:_identify(src/susgrip_2f) by extensions ['ignore', 'ignore_ament_install']
[0.443s] Level 1:colcon.colcon_core.package_identification:_identify(src/susgrip_2f) by extension 'ignore'
[0.444s] Level 1:colcon.colcon_core.package_identification:_identify(src/susgrip_2f) by extension 'ignore_ament_install'
[0.444s] Level 1:colcon.colcon_core.package_identification:_identify(src/susgrip_2f) by extensions ['colcon_pkg']
[0.444s] Level 1:colcon.colcon_core.package_identification:_identify(src/susgrip_2f) by extension 'colcon_pkg'
[0.444s] Level 1:colcon.colcon_core.package_identification:_identify(src/susgrip_2f) by extensions ['colcon_meta']
[0.444s] Level 1:colcon.colcon_core.package_identification:_identify(src/susgrip_2f) by extension 'colcon_meta'
[0.444s] Level 1:colcon.colcon_core.package_identification:_identify(src/susgrip_2f) by extensions ['ros']
[0.444s] Level 1:colcon.colcon_core.package_identification:_identify(src/susgrip_2f) by extension 'ros'
[0.444s] Level 1:colcon.colcon_core.package_identification:_identify(src/susgrip_2f) by extensions ['cmake', 'python']
[0.444s] Level 1:colcon.colcon_core.package_identification:_identify(src/susgrip_2f) by extension 'cmake'
[0.444s] Level 1:colcon.colcon_core.package_identification:_identify(src/susgrip_2f) by extension 'python'
[0.444s] Level 1:colcon.colcon_core.package_identification:_identify(src/susgrip_2f) by extensions ['python_setup_py']
[0.444s] Level 1:colcon.colcon_core.package_identification:_identify(src/susgrip_2f) by extension 'python_setup_py'
[0.444s] Level 1:colcon.colcon_core.package_identification:_identify(src/susgrip_2f/susgrip_2f_control) by extensions ['ignore', 'ignore_ament_install']
[0.444s] Level 1:colcon.colcon_core.package_identification:_identify(src/susgrip_2f/susgrip_2f_control) by extension 'ignore'
[0.444s] Level 1:colcon.colcon_core.package_identification:_identify(src/susgrip_2f/susgrip_2f_control) by extension 'ignore_ament_install'
[0.444s] Level 1:colcon.colcon_core.package_identification:_identify(src/susgrip_2f/susgrip_2f_control) by extensions ['colcon_pkg']
[0.444s] Level 1:colcon.colcon_core.package_identification:_identify(src/susgrip_2f/susgrip_2f_control) by extension 'colcon_pkg'
[0.444s] Level 1:colcon.colcon_core.package_identification:_identify(src/susgrip_2f/susgrip_2f_control) by extensions ['colcon_meta']
[0.444s] Level 1:colcon.colcon_core.package_identification:_identify(src/susgrip_2f/susgrip_2f_control) by extension 'colcon_meta'
[0.444s] Level 1:colcon.colcon_core.package_identification:_identify(src/susgrip_2f/susgrip_2f_control) by extensions ['ros']
[0.444s] Level 1:colcon.colcon_core.package_identification:_identify(src/susgrip_2f/susgrip_2f_control) by extension 'ros'
[0.445s] DEBUG:colcon.colcon_core.package_identification:Package 'src/susgrip_2f/susgrip_2f_control' with type 'ros.ament_python' and name 'susgrip_2f_control'
[0.445s] Level 1:colcon.colcon_core.package_identification:_identify(src/susgrip_2f/susgrip_2f_description) by extensions ['ignore', 'ignore_ament_install']
[0.445s] Level 1:colcon.colcon_core.package_identification:_identify(src/susgrip_2f/susgrip_2f_description) by extension 'ignore'
[0.445s] Level 1:colcon.colcon_core.package_identification:_identify(src/susgrip_2f/susgrip_2f_description) by extension 'ignore_ament_install'
[0.445s] Level 1:colcon.colcon_core.package_identification:_identify(src/susgrip_2f/susgrip_2f_description) by extensions ['colcon_pkg']
[0.445s] Level 1:colcon.colcon_core.package_identification:_identify(src/susgrip_2f/susgrip_2f_description) by extension 'colcon_pkg'
[0.445s] Level 1:colcon.colcon_core.package_identification:_identify(src/susgrip_2f/susgrip_2f_description) by extensions ['colcon_meta']
[0.445s] Level 1:colcon.colcon_core.package_identification:_identify(src/susgrip_2f/susgrip_2f_description) by extension 'colcon_meta'
[0.445s] Level 1:colcon.colcon_core.package_identification:_identify(src/susgrip_2f/susgrip_2f_description) by extensions ['ros']
[0.445s] Level 1:colcon.colcon_core.package_identification:_identify(src/susgrip_2f/susgrip_2f_description) by extension 'ros'
[0.446s] DEBUG:colcon.colcon_core.package_identification:Package 'src/susgrip_2f/susgrip_2f_description' with type 'ros.ament_python' and name 'susgrip_2f_description'
[0.446s] Level 1:colcon.colcon_core.package_identification:_identify(src/susgrip_2f/susgrip_2f_gazebo) by extensions ['ignore', 'ignore_ament_install']
[0.446s] Level 1:colcon.colcon_core.package_identification:_identify(src/susgrip_2f/susgrip_2f_gazebo) by extension 'ignore'
[0.446s] Level 1:colcon.colcon_core.package_identification:_identify(src/susgrip_2f/susgrip_2f_gazebo) by extension 'ignore_ament_install'
[0.446s] Level 1:colcon.colcon_core.package_identification:_identify(src/susgrip_2f/susgrip_2f_gazebo) by extensions ['colcon_pkg']
[0.446s] Level 1:colcon.colcon_core.package_identification:_identify(src/susgrip_2f/susgrip_2f_gazebo) by extension 'colcon_pkg'
[0.446s] Level 1:colcon.colcon_core.package_identification:_identify(src/susgrip_2f/susgrip_2f_gazebo) by extensions ['colcon_meta']
[0.446s] Level 1:colcon.colcon_core.package_identification:_identify(src/susgrip_2f/susgrip_2f_gazebo) by extension 'colcon_meta'
[0.446s] Level 1:colcon.colcon_core.package_identification:_identify(src/susgrip_2f/susgrip_2f_gazebo) by extensions ['ros']
[0.446s] Level 1:colcon.colcon_core.package_identification:_identify(src/susgrip_2f/susgrip_2f_gazebo) by extension 'ros'
[0.447s] DEBUG:colcon.colcon_core.package_identification:Package 'src/susgrip_2f/susgrip_2f_gazebo' with type 'ros.ament_python' and name 'susgrip_2f_gazebo'
[0.447s] Level 1:colcon.colcon_core.package_identification:_identify(src/susgrip_2f/susgrip_2f_hardware) by extensions ['ignore', 'ignore_ament_install']
[0.447s] Level 1:colcon.colcon_core.package_identification:_identify(src/susgrip_2f/susgrip_2f_hardware) by extension 'ignore'
[0.447s] Level 1:colcon.colcon_core.package_identification:_identify(src/susgrip_2f/susgrip_2f_hardware) by extension 'ignore_ament_install'
[0.447s] Level 1:colcon.colcon_core.package_identification:_identify(src/susgrip_2f/susgrip_2f_hardware) by extensions ['colcon_pkg']
[0.447s] Level 1:colcon.colcon_core.package_identification:_identify(src/susgrip_2f/susgrip_2f_hardware) by extension 'colcon_pkg'
[0.447s] Level 1:colcon.colcon_core.package_identification:_identify(src/susgrip_2f/susgrip_2f_hardware) by extensions ['colcon_meta']
[0.447s] Level 1:colcon.colcon_core.package_identification:_identify(src/susgrip_2f/susgrip_2f_hardware) by extension 'colcon_meta'
[0.447s] Level 1:colcon.colcon_core.package_identification:_identify(src/susgrip_2f/susgrip_2f_hardware) by extensions ['ros']
[0.447s] Level 1:colcon.colcon_core.package_identification:_identify(src/susgrip_2f/susgrip_2f_hardware) by extension 'ros'
[0.448s] DEBUG:colcon.colcon_core.package_identification:Package 'src/susgrip_2f/susgrip_2f_hardware' with type 'ros.ament_python' and name 'susgrip_2f_hardware'
[0.448s] Level 1:colcon.colcon_core.package_identification:_identify(src/ur3_moveit_control) by extensions ['ignore', 'ignore_ament_install']
[0.448s] Level 1:colcon.colcon_core.package_identification:_identify(src/ur3_moveit_control) by extension 'ignore'
[0.448s] Level 1:colcon.colcon_core.package_identification:_identify(src/ur3_moveit_control) by extension 'ignore_ament_install'
[0.448s] Level 1:colcon.colcon_core.package_identification:_identify(src/ur3_moveit_control) by extensions ['colcon_pkg']
[0.448s] Level 1:colcon.colcon_core.package_identification:_identify(src/ur3_moveit_control) by extension 'colcon_pkg'
[0.448s] Level 1:colcon.colcon_core.package_identification:_identify(src/ur3_moveit_control) by extensions ['colcon_meta']
[0.448s] Level 1:colcon.colcon_core.package_identification:_identify(src/ur3_moveit_control) by extension 'colcon_meta'
[0.448s] Level 1:colcon.colcon_core.package_identification:_identify(src/ur3_moveit_control) by extensions ['ros']
[0.448s] Level 1:colcon.colcon_core.package_identification:_identify(src/ur3_moveit_control) by extension 'ros'
[0.449s] DEBUG:colcon.colcon_core.package_identification:Package 'src/ur3_moveit_control' with type 'ros.ament_cmake' and name 'ur3_moveit_control'
[0.449s] Level 1:colcon.colcon_core.package_identification:_identify(src/ur_simulation_gz) by extensions ['ignore', 'ignore_ament_install']
[0.449s] Level 1:colcon.colcon_core.package_identification:_identify(src/ur_simulation_gz) by extension 'ignore'
[0.449s] Level 1:colcon.colcon_core.package_identification:_identify(src/ur_simulation_gz) by extension 'ignore_ament_install'
[0.449s] Level 1:colcon.colcon_core.package_identification:_identify(src/ur_simulation_gz) by extensions ['colcon_pkg']
[0.449s] Level 1:colcon.colcon_core.package_identification:_identify(src/ur_simulation_gz) by extension 'colcon_pkg'
[0.449s] Level 1:colcon.colcon_core.package_identification:_identify(src/ur_simulation_gz) by extensions ['colcon_meta']
[0.449s] Level 1:colcon.colcon_core.package_identification:_identify(src/ur_simulation_gz) by extension 'colcon_meta'
[0.449s] Level 1:colcon.colcon_core.package_identification:_identify(src/ur_simulation_gz) by extensions ['ros']
[0.449s] Level 1:colcon.colcon_core.package_identification:_identify(src/ur_simulation_gz) by extension 'ros'
[0.450s] DEBUG:colcon.colcon_core.package_identification:Package 'src/ur_simulation_gz' with type 'ros.ament_cmake' and name 'ur_simulation_gz'
[0.450s] Level 1:colcon.colcon_core.package_identification:_identify(susgrip_2f) by extensions ['ignore', 'ignore_ament_install']
[0.450s] Level 1:colcon.colcon_core.package_identification:_identify(susgrip_2f) by extension 'ignore'
[0.450s] Level 1:colcon.colcon_core.package_identification:_identify(susgrip_2f) by extension 'ignore_ament_install'
[0.450s] Level 1:colcon.colcon_core.package_identification:_identify(susgrip_2f) by extensions ['colcon_pkg']
[0.450s] Level 1:colcon.colcon_core.package_identification:_identify(susgrip_2f) by extension 'colcon_pkg'
[0.450s] Level 1:colcon.colcon_core.package_identification:_identify(susgrip_2f) by extensions ['colcon_meta']
[0.450s] Level 1:colcon.colcon_core.package_identification:_identify(susgrip_2f) by extension 'colcon_meta'
[0.450s] Level 1:colcon.colcon_core.package_identification:_identify(susgrip_2f) by extensions ['ros']
[0.450s] Level 1:colcon.colcon_core.package_identification:_identify(susgrip_2f) by extension 'ros'
[0.450s] Level 1:colcon.colcon_core.package_identification:_identify(susgrip_2f) by extensions ['cmake', 'python']
[0.450s] Level 1:colcon.colcon_core.package_identification:_identify(susgrip_2f) by extension 'cmake'
[0.450s] Level 1:colcon.colcon_core.package_identification:_identify(susgrip_2f) by extension 'python'
[0.450s] Level 1:colcon.colcon_core.package_identification:_identify(susgrip_2f) by extensions ['python_setup_py']
[0.450s] Level 1:colcon.colcon_core.package_identification:_identify(susgrip_2f) by extension 'python_setup_py'
[0.450s] Level 1:colcon.colcon_core.package_identification:_identify(susgrip_2f/susgrip_2f_hardware) by extensions ['ignore', 'ignore_ament_install']
[0.450s] Level 1:colcon.colcon_core.package_identification:_identify(susgrip_2f/susgrip_2f_hardware) by extension 'ignore'
[0.450s] Level 1:colcon.colcon_core.package_identification:_identify(susgrip_2f/susgrip_2f_hardware) by extension 'ignore_ament_install'
[0.450s] Level 1:colcon.colcon_core.package_identification:_identify(susgrip_2f/susgrip_2f_hardware) by extensions ['colcon_pkg']
[0.450s] Level 1:colcon.colcon_core.package_identification:_identify(susgrip_2f/susgrip_2f_hardware) by extension 'colcon_pkg'
[0.450s] Level 1:colcon.colcon_core.package_identification:_identify(susgrip_2f/susgrip_2f_hardware) by extensions ['colcon_meta']
[0.450s] Level 1:colcon.colcon_core.package_identification:_identify(susgrip_2f/susgrip_2f_hardware) by extension 'colcon_meta'
[0.450s] Level 1:colcon.colcon_core.package_identification:_identify(susgrip_2f/susgrip_2f_hardware) by extensions ['ros']
[0.450s] Level 1:colcon.colcon_core.package_identification:_identify(susgrip_2f/susgrip_2f_hardware) by extension 'ros'
[0.450s] Level 1:colcon.colcon_core.package_identification:_identify(susgrip_2f/susgrip_2f_hardware) by extensions ['cmake', 'python']
[0.450s] Level 1:colcon.colcon_core.package_identification:_identify(susgrip_2f/susgrip_2f_hardware) by extension 'cmake'
[0.450s] Level 1:colcon.colcon_core.package_identification:_identify(susgrip_2f/susgrip_2f_hardware) by extension 'python'
[0.450s] Level 1:colcon.colcon_core.package_identification:_identify(susgrip_2f/susgrip_2f_hardware) by extensions ['python_setup_py']
[0.450s] Level 1:colcon.colcon_core.package_identification:_identify(susgrip_2f/susgrip_2f_hardware) by extension 'python_setup_py'
[0.451s] Level 1:colcon.colcon_core.package_identification:_identify(susgrip_2f/susgrip_2f_hardware/susgrip_2f_hardware) by extensions ['ignore', 'ignore_ament_install']
[0.451s] Level 1:colcon.colcon_core.package_identification:_identify(susgrip_2f/susgrip_2f_hardware/susgrip_2f_hardware) by extension 'ignore'
[0.451s] Level 1:colcon.colcon_core.package_identification:_identify(susgrip_2f/susgrip_2f_hardware/susgrip_2f_hardware) by extension 'ignore_ament_install'
[0.451s] Level 1:colcon.colcon_core.package_identification:_identify(susgrip_2f/susgrip_2f_hardware/susgrip_2f_hardware) by extensions ['colcon_pkg']
[0.451s] Level 1:colcon.colcon_core.package_identification:_identify(susgrip_2f/susgrip_2f_hardware/susgrip_2f_hardware) by extension 'colcon_pkg'
[0.451s] Level 1:colcon.colcon_core.package_identification:_identify(susgrip_2f/susgrip_2f_hardware/susgrip_2f_hardware) by extensions ['colcon_meta']
[0.451s] Level 1:colcon.colcon_core.package_identification:_identify(susgrip_2f/susgrip_2f_hardware/susgrip_2f_hardware) by extension 'colcon_meta'
[0.451s] Level 1:colcon.colcon_core.package_identification:_identify(susgrip_2f/susgrip_2f_hardware/susgrip_2f_hardware) by extensions ['ros']
[0.451s] Level 1:colcon.colcon_core.package_identification:_identify(susgrip_2f/susgrip_2f_hardware/susgrip_2f_hardware) by extension 'ros'
[0.451s] Level 1:colcon.colcon_core.package_identification:_identify(susgrip_2f/susgrip_2f_hardware/susgrip_2f_hardware) by extensions ['cmake', 'python']
[0.451s] Level 1:colcon.colcon_core.package_identification:_identify(susgrip_2f/susgrip_2f_hardware/susgrip_2f_hardware) by extension 'cmake'
[0.451s] Level 1:colcon.colcon_core.package_identification:_identify(susgrip_2f/susgrip_2f_hardware/susgrip_2f_hardware) by extension 'python'
[0.451s] Level 1:colcon.colcon_core.package_identification:_identify(susgrip_2f/susgrip_2f_hardware/susgrip_2f_hardware) by extensions ['python_setup_py']
[0.451s] Level 1:colcon.colcon_core.package_identification:_identify(susgrip_2f/susgrip_2f_hardware/susgrip_2f_hardware) by extension 'python_setup_py'
[0.451s] Level 1:colcon.colcon_core.package_discovery:discover_packages(recursive) using defaults
[0.451s] Level 1:colcon.colcon_core.package_discovery:discover_packages(ignore) discover
[0.451s] Level 1:colcon.colcon_core.package_discovery:discover_packages(ignore) using defaults
[0.451s] Level 1:colcon.colcon_core.package_discovery:discover_packages(path) discover
[0.451s] Level 1:colcon.colcon_core.package_discovery:discover_packages(path) using defaults
[0.475s] Level 1:colcon.colcon_core.package_discovery:discover_packages(prefix_path) check parameters
[0.475s] Level 1:colcon.colcon_core.package_discovery:discover_packages(prefix_path) discover
[0.477s] DEBUG:colcon.colcon_installed_package_information.package_discovery:Found 13 installed packages in /home/com9/uet_ws/install
[0.479s] DEBUG:colcon.colcon_installed_package_information.package_discovery:Found 383 installed packages in /opt/ros/humble
[0.480s] Level 1:colcon.colcon_core.package_discovery:discover_packages(prefix_path) using defaults
[0.550s] Level 5:colcon.colcon_core.verb:set package 'susgrip_2f_control' build argument 'cmake_args' from command line to 'None'
[0.550s] Level 5:colcon.colcon_core.verb:set package 'susgrip_2f_control' build argument 'cmake_target' from command line to 'None'
[0.550s] Level 5:colcon.colcon_core.verb:set package 'susgrip_2f_control' build argument 'cmake_target_skip_unavailable' from command line to 'False'
[0.550s] Level 5:colcon.colcon_core.verb:set package 'susgrip_2f_control' build argument 'cmake_clean_cache' from command line to 'False'
[0.550s] Level 5:colcon.colcon_core.verb:set package 'susgrip_2f_control' build argument 'cmake_clean_first' from command line to 'False'
[0.550s] Level 5:colcon.colcon_core.verb:set package 'susgrip_2f_control' build argument 'cmake_force_configure' from command line to 'False'
[0.550s] Level 5:colcon.colcon_core.verb:set package 'susgrip_2f_control' build argument 'ament_cmake_args' from command line to 'None'
[0.550s] Level 5:colcon.colcon_core.verb:set package 'susgrip_2f_control' build argument 'catkin_cmake_args' from command line to 'None'
[0.550s] Level 5:colcon.colcon_core.verb:set package 'susgrip_2f_control' build argument 'catkin_skip_building_tests' from command line to 'False'
[0.550s] DEBUG:colcon.colcon_core.verb:Building package 'susgrip_2f_control' with the following arguments: {'ament_cmake_args': None, 'build_base': '/home/com9/uet_ws/build/susgrip_2f_control', 'catkin_cmake_args': None, 'catkin_skip_building_tests': False, 'cmake_args': None, 'cmake_clean_cache': False, 'cmake_clean_first': False, 'cmake_force_configure': False, 'cmake_target': None, 'cmake_target_skip_unavailable': False, 'install_base': '/home/com9/uet_ws/install/susgrip_2f_control', 'merge_install': False, 'path': '/home/com9/uet_ws/src/susgrip_2f/susgrip_2f_control', 'symlink_install': False, 'test_result_base': None}
[0.550s] Level 5:colcon.colcon_core.verb:set package 'susgrip_2f_description' build argument 'cmake_args' from command line to 'None'
[0.550s] Level 5:colcon.colcon_core.verb:set package 'susgrip_2f_description' build argument 'cmake_target' from command line to 'None'
[0.550s] Level 5:colcon.colcon_core.verb:set package 'susgrip_2f_description' build argument 'cmake_target_skip_unavailable' from command line to 'False'
[0.550s] Level 5:colcon.colcon_core.verb:set package 'susgrip_2f_description' build argument 'cmake_clean_cache' from command line to 'False'
[0.550s] Level 5:colcon.colcon_core.verb:set package 'susgrip_2f_description' build argument 'cmake_clean_first' from command line to 'False'
[0.550s] Level 5:colcon.colcon_core.verb:set package 'susgrip_2f_description' build argument 'cmake_force_configure' from command line to 'False'
[0.550s] Level 5:colcon.colcon_core.verb:set package 'susgrip_2f_description' build argument 'ament_cmake_args' from command line to 'None'
[0.550s] Level 5:colcon.colcon_core.verb:set package 'susgrip_2f_description' build argument 'catkin_cmake_args' from command line to 'None'
[0.550s] Level 5:colcon.colcon_core.verb:set package 'susgrip_2f_description' build argument 'catkin_skip_building_tests' from command line to 'False'
[0.550s] DEBUG:colcon.colcon_core.verb:Building package 'susgrip_2f_description' with the following arguments: {'ament_cmake_args': None, 'build_base': '/home/com9/uet_ws/build/susgrip_2f_description', 'catkin_cmake_args': None, 'catkin_skip_building_tests': False, 'cmake_args': None, 'cmake_clean_cache': False, 'cmake_clean_first': False, 'cmake_force_configure': False, 'cmake_target': None, 'cmake_target_skip_unavailable': False, 'install_base': '/home/com9/uet_ws/install/susgrip_2f_description', 'merge_install': False, 'path': '/home/com9/uet_ws/src/susgrip_2f/susgrip_2f_description', 'symlink_install': False, 'test_result_base': None}
[0.551s] Level 5:colcon.colcon_core.verb:set package 'susgrip_2f_hardware' build argument 'cmake_args' from command line to 'None'
[0.551s] Level 5:colcon.colcon_core.verb:set package 'susgrip_2f_hardware' build argument 'cmake_target' from command line to 'None'
[0.551s] Level 5:colcon.colcon_core.verb:set package 'susgrip_2f_hardware' build argument 'cmake_target_skip_unavailable' from command line to 'False'
[0.551s] Level 5:colcon.colcon_core.verb:set package 'susgrip_2f_hardware' build argument 'cmake_clean_cache' from command line to 'False'
[0.551s] Level 5:colcon.colcon_core.verb:set package 'susgrip_2f_hardware' build argument 'cmake_clean_first' from command line to 'False'
[0.551s] Level 5:colcon.colcon_core.verb:set package 'susgrip_2f_hardware' build argument 'cmake_force_configure' from command line to 'False'
[0.551s] Level 5:colcon.colcon_core.verb:set package 'susgrip_2f_hardware' build argument 'ament_cmake_args' from command line to 'None'
[0.551s] Level 5:colcon.colcon_core.verb:set package 'susgrip_2f_hardware' build argument 'catkin_cmake_args' from command line to 'None'
[0.551s] Level 5:colcon.colcon_core.verb:set package 'susgrip_2f_hardware' build argument 'catkin_skip_building_tests' from command line to 'False'
[0.551s] DEBUG:colcon.colcon_core.verb:Building package 'susgrip_2f_hardware' with the following arguments: {'ament_cmake_args': None, 'build_base': '/home/com9/uet_ws/build/susgrip_2f_hardware', 'catkin_cmake_args': None, 'catkin_skip_building_tests': False, 'cmake_args': None, 'cmake_clean_cache': False, 'cmake_clean_first': False, 'cmake_force_configure': False, 'cmake_target': None, 'cmake_target_skip_unavailable': False, 'install_base': '/home/com9/uet_ws/install/susgrip_2f_hardware', 'merge_install': False, 'path': '/home/com9/uet_ws/src/susgrip_2f/susgrip_2f_hardware', 'symlink_install': False, 'test_result_base': None}
[0.551s] Level 5:colcon.colcon_core.verb:set package 'ur3_moveit_control' build argument 'cmake_args' from command line to 'None'
[0.551s] Level 5:colcon.colcon_core.verb:set package 'ur3_moveit_control' build argument 'cmake_target' from command line to 'None'
[0.551s] Level 5:colcon.colcon_core.verb:set package 'ur3_moveit_control' build argument 'cmake_target_skip_unavailable' from command line to 'False'
[0.551s] Level 5:colcon.colcon_core.verb:set package 'ur3_moveit_control' build argument 'cmake_clean_cache' from command line to 'False'
[0.551s] Level 5:colcon.colcon_core.verb:set package 'ur3_moveit_control' build argument 'cmake_clean_first' from command line to 'False'
[0.551s] Level 5:colcon.colcon_core.verb:set package 'ur3_moveit_control' build argument 'cmake_force_configure' from command line to 'False'
[0.551s] Level 5:colcon.colcon_core.verb:set package 'ur3_moveit_control' build argument 'ament_cmake_args' from command line to 'None'
[0.551s] Level 5:colcon.colcon_core.verb:set package 'ur3_moveit_control' build argument 'catkin_cmake_args' from command line to 'None'
[0.551s] Level 5:colcon.colcon_core.verb:set package 'ur3_moveit_control' build argument 'catkin_skip_building_tests' from command line to 'False'
[0.551s] DEBUG:colcon.colcon_core.verb:Building package 'ur3_moveit_control' with the following arguments: {'ament_cmake_args': None, 'build_base': '/home/com9/uet_ws/build/ur3_moveit_control', 'catkin_cmake_args': None, 'catkin_skip_building_tests': False, 'cmake_args': None, 'cmake_clean_cache': False, 'cmake_clean_first': False, 'cmake_force_configure': False, 'cmake_target': None, 'cmake_target_skip_unavailable': False, 'install_base': '/home/com9/uet_ws/install/ur3_moveit_control', 'merge_install': False, 'path': '/home/com9/uet_ws/src/ur3_moveit_control', 'symlink_install': False, 'test_result_base': None}
[0.551s] Level 5:colcon.colcon_core.verb:set package 'ur_dashboard_msgs' build argument 'cmake_args' from command line to 'None'
[0.551s] Level 5:colcon.colcon_core.verb:set package 'ur_dashboard_msgs' build argument 'cmake_target' from command line to 'None'
[0.551s] Level 5:colcon.colcon_core.verb:set package 'ur_dashboard_msgs' build argument 'cmake_target_skip_unavailable' from command line to 'False'
[0.551s] Level 5:colcon.colcon_core.verb:set package 'ur_dashboard_msgs' build argument 'cmake_clean_cache' from command line to 'False'
[0.551s] Level 5:colcon.colcon_core.verb:set package 'ur_dashboard_msgs' build argument 'cmake_clean_first' from command line to 'False'
[0.551s] Level 5:colcon.colcon_core.verb:set package 'ur_dashboard_msgs' build argument 'cmake_force_configure' from command line to 'False'
[0.551s] Level 5:colcon.colcon_core.verb:set package 'ur_dashboard_msgs' build argument 'ament_cmake_args' from command line to 'None'
[0.551s] Level 5:colcon.colcon_core.verb:set package 'ur_dashboard_msgs' build argument 'catkin_cmake_args' from command line to 'None'
[0.551s] Level 5:colcon.colcon_core.verb:set package 'ur_dashboard_msgs' build argument 'catkin_skip_building_tests' from command line to 'False'
[0.551s] DEBUG:colcon.colcon_core.verb:Building package 'ur_dashboard_msgs' with the following arguments: {'ament_cmake_args': None, 'build_base': '/home/com9/uet_ws/build/ur_dashboard_msgs', 'catkin_cmake_args': None, 'catkin_skip_building_tests': False, 'cmake_args': None, 'cmake_clean_cache': False, 'cmake_clean_first': False, 'cmake_force_configure': False, 'cmake_target': None, 'cmake_target_skip_unavailable': False, 'install_base': '/home/com9/uet_ws/install/ur_dashboard_msgs', 'merge_install': False, 'path': '/home/com9/uet_ws/src/Universal_Robots_ROS2_Driver/ur_dashboard_msgs', 'symlink_install': False, 'test_result_base': None}
[0.551s] Level 5:colcon.colcon_core.verb:set package 'ur_moveit_config' build argument 'cmake_args' from command line to 'None'
[0.551s] Level 5:colcon.colcon_core.verb:set package 'ur_moveit_config' build argument 'cmake_target' from command line to 'None'
[0.551s] Level 5:colcon.colcon_core.verb:set package 'ur_moveit_config' build argument 'cmake_target_skip_unavailable' from command line to 'False'
[0.551s] Level 5:colcon.colcon_core.verb:set package 'ur_moveit_config' build argument 'cmake_clean_cache' from command line to 'False'
[0.551s] Level 5:colcon.colcon_core.verb:set package 'ur_moveit_config' build argument 'cmake_clean_first' from command line to 'False'
[0.551s] Level 5:colcon.colcon_core.verb:set package 'ur_moveit_config' build argument 'cmake_force_configure' from command line to 'False'
[0.551s] Level 5:colcon.colcon_core.verb:set package 'ur_moveit_config' build argument 'ament_cmake_args' from command line to 'None'
[0.551s] Level 5:colcon.colcon_core.verb:set package 'ur_moveit_config' build argument 'catkin_cmake_args' from command line to 'None'
[0.551s] Level 5:colcon.colcon_core.verb:set package 'ur_moveit_config' build argument 'catkin_skip_building_tests' from command line to 'False'
[0.552s] DEBUG:colcon.colcon_core.verb:Building package 'ur_moveit_config' with the following arguments: {'ament_cmake_args': None, 'build_base': '/home/com9/uet_ws/build/ur_moveit_config', 'catkin_cmake_args': None, 'catkin_skip_building_tests': False, 'cmake_args': None, 'cmake_clean_cache': False, 'cmake_clean_first': False, 'cmake_force_configure': False, 'cmake_target': None, 'cmake_target_skip_unavailable': False, 'install_base': '/home/com9/uet_ws/install/ur_moveit_config', 'merge_install': False, 'path': '/home/com9/uet_ws/src/Universal_Robots_ROS2_Driver/ur_moveit_config', 'symlink_install': False, 'test_result_base': None}
[0.552s] Level 5:colcon.colcon_core.verb:set package 'susgrip_2f_gazebo' build argument 'cmake_args' from command line to 'None'
[0.552s] Level 5:colcon.colcon_core.verb:set package 'susgrip_2f_gazebo' build argument 'cmake_target' from command line to 'None'
[0.552s] Level 5:colcon.colcon_core.verb:set package 'susgrip_2f_gazebo' build argument 'cmake_target_skip_unavailable' from command line to 'False'
[0.552s] Level 5:colcon.colcon_core.verb:set package 'susgrip_2f_gazebo' build argument 'cmake_clean_cache' from command line to 'False'
[0.552s] Level 5:colcon.colcon_core.verb:set package 'susgrip_2f_gazebo' build argument 'cmake_clean_first' from command line to 'False'
[0.552s] Level 5:colcon.colcon_core.verb:set package 'susgrip_2f_gazebo' build argument 'cmake_force_configure' from command line to 'False'
[0.552s] Level 5:colcon.colcon_core.verb:set package 'susgrip_2f_gazebo' build argument 'ament_cmake_args' from command line to 'None'
[0.552s] Level 5:colcon.colcon_core.verb:set package 'susgrip_2f_gazebo' build argument 'catkin_cmake_args' from command line to 'None'
[0.552s] Level 5:colcon.colcon_core.verb:set package 'susgrip_2f_gazebo' build argument 'catkin_skip_building_tests' from command line to 'False'
[0.552s] DEBUG:colcon.colcon_core.verb:Building package 'susgrip_2f_gazebo' with the following arguments: {'ament_cmake_args': None, 'build_base': '/home/com9/uet_ws/build/susgrip_2f_gazebo', 'catkin_cmake_args': None, 'catkin_skip_building_tests': False, 'cmake_args': None, 'cmake_clean_cache': False, 'cmake_clean_first': False, 'cmake_force_configure': False, 'cmake_target': None, 'cmake_target_skip_unavailable': False, 'install_base': '/home/com9/uet_ws/install/susgrip_2f_gazebo', 'merge_install': False, 'path': '/home/com9/uet_ws/src/susgrip_2f/susgrip_2f_gazebo', 'symlink_install': False, 'test_result_base': None}
[0.552s] Level 5:colcon.colcon_core.verb:set package 'ur_controllers' build argument 'cmake_args' from command line to 'None'
[0.552s] Level 5:colcon.colcon_core.verb:set package 'ur_controllers' build argument 'cmake_target' from command line to 'None'
[0.552s] Level 5:colcon.colcon_core.verb:set package 'ur_controllers' build argument 'cmake_target_skip_unavailable' from command line to 'False'
[0.552s] Level 5:colcon.colcon_core.verb:set package 'ur_controllers' build argument 'cmake_clean_cache' from command line to 'False'
[0.552s] Level 5:colcon.colcon_core.verb:set package 'ur_controllers' build argument 'cmake_clean_first' from command line to 'False'
[0.552s] Level 5:colcon.colcon_core.verb:set package 'ur_controllers' build argument 'cmake_force_configure' from command line to 'False'
[0.552s] Level 5:colcon.colcon_core.verb:set package 'ur_controllers' build argument 'ament_cmake_args' from command line to 'None'
[0.552s] Level 5:colcon.colcon_core.verb:set package 'ur_controllers' build argument 'catkin_cmake_args' from command line to 'None'
[0.552s] Level 5:colcon.colcon_core.verb:set package 'ur_controllers' build argument 'catkin_skip_building_tests' from command line to 'False'
[0.552s] DEBUG:colcon.colcon_core.verb:Building package 'ur_controllers' with the following arguments: {'ament_cmake_args': None, 'build_base': '/home/com9/uet_ws/build/ur_controllers', 'catkin_cmake_args': None, 'catkin_skip_building_tests': False, 'cmake_args': None, 'cmake_clean_cache': False, 'cmake_clean_first': False, 'cmake_force_configure': False, 'cmake_target': None, 'cmake_target_skip_unavailable': False, 'install_base': '/home/com9/uet_ws/install/ur_controllers', 'merge_install': False, 'path': '/home/com9/uet_ws/src/Universal_Robots_ROS2_Driver/ur_controllers', 'symlink_install': False, 'test_result_base': None}
[0.552s] Level 5:colcon.colcon_core.verb:set package 'ur_bringup' build argument 'cmake_args' from command line to 'None'
[0.552s] Level 5:colcon.colcon_core.verb:set package 'ur_bringup' build argument 'cmake_target' from command line to 'None'
[0.552s] Level 5:colcon.colcon_core.verb:set package 'ur_bringup' build argument 'cmake_target_skip_unavailable' from command line to 'False'
[0.552s] Level 5:colcon.colcon_core.verb:set package 'ur_bringup' build argument 'cmake_clean_cache' from command line to 'False'
[0.552s] Level 5:colcon.colcon_core.verb:set package 'ur_bringup' build argument 'cmake_clean_first' from command line to 'False'
[0.552s] Level 5:colcon.colcon_core.verb:set package 'ur_bringup' build argument 'cmake_force_configure' from command line to 'False'
[0.552s] Level 5:colcon.colcon_core.verb:set package 'ur_bringup' build argument 'ament_cmake_args' from command line to 'None'
[0.552s] Level 5:colcon.colcon_core.verb:set package 'ur_bringup' build argument 'catkin_cmake_args' from command line to 'None'
[0.552s] Level 5:colcon.colcon_core.verb:set package 'ur_bringup' build argument 'catkin_skip_building_tests' from command line to 'False'
[0.552s] DEBUG:colcon.colcon_core.verb:Building package 'ur_bringup' with the following arguments: {'ament_cmake_args': None, 'build_base': '/home/com9/uet_ws/build/ur_bringup', 'catkin_cmake_args': None, 'catkin_skip_building_tests': False, 'cmake_args': None, 'cmake_clean_cache': False, 'cmake_clean_first': False, 'cmake_force_configure': False, 'cmake_target': None, 'cmake_target_skip_unavailable': False, 'install_base': '/home/com9/uet_ws/install/ur_bringup', 'merge_install': False, 'path': '/home/com9/uet_ws/src/Universal_Robots_ROS2_Driver/ur_bringup', 'symlink_install': False, 'test_result_base': None}
[0.553s] Level 5:colcon.colcon_core.verb:set package 'ur_robot_driver' build argument 'cmake_args' from command line to 'None'
[0.553s] Level 5:colcon.colcon_core.verb:set package 'ur_robot_driver' build argument 'cmake_target' from command line to 'None'
[0.553s] Level 5:colcon.colcon_core.verb:set package 'ur_robot_driver' build argument 'cmake_target_skip_unavailable' from command line to 'False'
[0.553s] Level 5:colcon.colcon_core.verb:set package 'ur_robot_driver' build argument 'cmake_clean_cache' from command line to 'False'
[0.553s] Level 5:colcon.colcon_core.verb:set package 'ur_robot_driver' build argument 'cmake_clean_first' from command line to 'False'
[0.553s] Level 5:colcon.colcon_core.verb:set package 'ur_robot_driver' build argument 'cmake_force_configure' from command line to 'False'
[0.553s] Level 5:colcon.colcon_core.verb:set package 'ur_robot_driver' build argument 'ament_cmake_args' from command line to 'None'
[0.553s] Level 5:colcon.colcon_core.verb:set package 'ur_robot_driver' build argument 'catkin_cmake_args' from command line to 'None'
[0.553s] Level 5:colcon.colcon_core.verb:set package 'ur_robot_driver' build argument 'catkin_skip_building_tests' from command line to 'False'
[0.553s] DEBUG:colcon.colcon_core.verb:Building package 'ur_robot_driver' with the following arguments: {'ament_cmake_args': None, 'build_base': '/home/com9/uet_ws/build/ur_robot_driver', 'catkin_cmake_args': None, 'catkin_skip_building_tests': False, 'cmake_args': None, 'cmake_clean_cache': False, 'cmake_clean_first': False, 'cmake_force_configure': False, 'cmake_target': None, 'cmake_target_skip_unavailable': False, 'install_base': '/home/com9/uet_ws/install/ur_robot_driver', 'merge_install': False, 'path': '/home/com9/uet_ws/src/Universal_Robots_ROS2_Driver/ur_robot_driver', 'symlink_install': False, 'test_result_base': None}
[0.553s] Level 5:colcon.colcon_core.verb:set package 'ur_simulation_gz' build argument 'cmake_args' from command line to 'None'
[0.553s] Level 5:colcon.colcon_core.verb:set package 'ur_simulation_gz' build argument 'cmake_target' from command line to 'None'
[0.553s] Level 5:colcon.colcon_core.verb:set package 'ur_simulation_gz' build argument 'cmake_target_skip_unavailable' from command line to 'False'
[0.553s] Level 5:colcon.colcon_core.verb:set package 'ur_simulation_gz' build argument 'cmake_clean_cache' from command line to 'False'
[0.553s] Level 5:colcon.colcon_core.verb:set package 'ur_simulation_gz' build argument 'cmake_clean_first' from command line to 'False'
[0.553s] Level 5:colcon.colcon_core.verb:set package 'ur_simulation_gz' build argument 'cmake_force_configure' from command line to 'False'
[0.553s] Level 5:colcon.colcon_core.verb:set package 'ur_simulation_gz' build argument 'ament_cmake_args' from command line to 'None'
[0.553s] Level 5:colcon.colcon_core.verb:set package 'ur_simulation_gz' build argument 'catkin_cmake_args' from command line to 'None'
[0.553s] Level 5:colcon.colcon_core.verb:set package 'ur_simulation_gz' build argument 'catkin_skip_building_tests' from command line to 'False'
[0.553s] DEBUG:colcon.colcon_core.verb:Building package 'ur_simulation_gz' with the following arguments: {'ament_cmake_args': None, 'build_base': '/home/com9/uet_ws/build/ur_simulation_gz', 'catkin_cmake_args': None, 'catkin_skip_building_tests': False, 'cmake_args': None, 'cmake_clean_cache': False, 'cmake_clean_first': False, 'cmake_force_configure': False, 'cmake_target': None, 'cmake_target_skip_unavailable': False, 'install_base': '/home/com9/uet_ws/install/ur_simulation_gz', 'merge_install': False, 'path': '/home/com9/uet_ws/src/ur_simulation_gz', 'symlink_install': False, 'test_result_base': None}
[0.553s] Level 5:colcon.colcon_core.verb:set package 'ur_calibration' build argument 'cmake_args' from command line to 'None'
[0.553s] Level 5:colcon.colcon_core.verb:set package 'ur_calibration' build argument 'cmake_target' from command line to 'None'
[0.553s] Level 5:colcon.colcon_core.verb:set package 'ur_calibration' build argument 'cmake_target_skip_unavailable' from command line to 'False'
[0.553s] Level 5:colcon.colcon_core.verb:set package 'ur_calibration' build argument 'cmake_clean_cache' from command line to 'False'
[0.553s] Level 5:colcon.colcon_core.verb:set package 'ur_calibration' build argument 'cmake_clean_first' from command line to 'False'
[0.553s] Level 5:colcon.colcon_core.verb:set package 'ur_calibration' build argument 'cmake_force_configure' from command line to 'False'
[0.553s] Level 5:colcon.colcon_core.verb:set package 'ur_calibration' build argument 'ament_cmake_args' from command line to 'None'
[0.553s] Level 5:colcon.colcon_core.verb:set package 'ur_calibration' build argument 'catkin_cmake_args' from command line to 'None'
[0.553s] Level 5:colcon.colcon_core.verb:set package 'ur_calibration' build argument 'catkin_skip_building_tests' from command line to 'False'
[0.553s] DEBUG:colcon.colcon_core.verb:Building package 'ur_calibration' with the following arguments: {'ament_cmake_args': None, 'build_base': '/home/com9/uet_ws/build/ur_calibration', 'catkin_cmake_args': None, 'catkin_skip_building_tests': False, 'cmake_args': None, 'cmake_clean_cache': False, 'cmake_clean_first': False, 'cmake_force_configure': False, 'cmake_target': None, 'cmake_target_skip_unavailable': False, 'install_base': '/home/com9/uet_ws/install/ur_calibration', 'merge_install': False, 'path': '/home/com9/uet_ws/src/Universal_Robots_ROS2_Driver/ur_calibration', 'symlink_install': False, 'test_result_base': None}
[0.553s] Level 5:colcon.colcon_core.verb:set package 'ur' build argument 'cmake_args' from command line to 'None'
[0.553s] Level 5:colcon.colcon_core.verb:set package 'ur' build argument 'cmake_target' from command line to 'None'
[0.553s] Level 5:colcon.colcon_core.verb:set package 'ur' build argument 'cmake_target_skip_unavailable' from command line to 'False'
[0.553s] Level 5:colcon.colcon_core.verb:set package 'ur' build argument 'cmake_clean_cache' from command line to 'False'
[0.553s] Level 5:colcon.colcon_core.verb:set package 'ur' build argument 'cmake_clean_first' from command line to 'False'
[0.553s] Level 5:colcon.colcon_core.verb:set package 'ur' build argument 'cmake_force_configure' from command line to 'False'
[0.553s] Level 5:colcon.colcon_core.verb:set package 'ur' build argument 'ament_cmake_args' from command line to 'None'
[0.553s] Level 5:colcon.colcon_core.verb:set package 'ur' build argument 'catkin_cmake_args' from command line to 'None'
[0.554s] Level 5:colcon.colcon_core.verb:set package 'ur' build argument 'catkin_skip_building_tests' from command line to 'False'
[0.554s] DEBUG:colcon.colcon_core.verb:Building package 'ur' with the following arguments: {'ament_cmake_args': None, 'build_base': '/home/com9/uet_ws/build/ur', 'catkin_cmake_args': None, 'catkin_skip_building_tests': False, 'cmake_args': None, 'cmake_clean_cache': False, 'cmake_clean_first': False, 'cmake_force_configure': False, 'cmake_target': None, 'cmake_target_skip_unavailable': False, 'install_base': '/home/com9/uet_ws/install/ur', 'merge_install': False, 'path': '/home/com9/uet_ws/src/Universal_Robots_ROS2_Driver/ur', 'symlink_install': False, 'test_result_base': None}
[0.554s] INFO:colcon.colcon_core.executor:Executing jobs using 'sequential' executor
[0.554s] DEBUG:colcon.colcon_core.executor.sequential:run_until_complete 'susgrip_2f_control'
[0.554s] INFO:colcon.colcon_ros.task.ament_python.build:Building ROS package in '/home/com9/uet_ws/src/susgrip_2f/susgrip_2f_control' with build type 'ament_python'
[0.554s] Level 1:colcon.colcon_core.shell:create_environment_hook('susgrip_2f_control', 'ament_prefix_path')
[0.558s] INFO:colcon.colcon_core.plugin_system:Skipping extension 'colcon_core.shell.bat': Not used on non-Windows systems
[0.558s] INFO:colcon.colcon_core.shell:Creating environment hook '/home/com9/uet_ws/install/susgrip_2f_control/share/susgrip_2f_control/hook/ament_prefix_path.ps1'
[0.559s] INFO:colcon.colcon_core.shell:Creating environment descriptor '/home/com9/uet_ws/install/susgrip_2f_control/share/susgrip_2f_control/hook/ament_prefix_path.dsv'
[0.559s] INFO:colcon.colcon_core.shell:Creating environment hook '/home/com9/uet_ws/install/susgrip_2f_control/share/susgrip_2f_control/hook/ament_prefix_path.sh'
[0.560s] INFO:colcon.colcon_core.shell:Skip shell extension 'powershell' for command environment: Not usable outside of PowerShell
[0.560s] DEBUG:colcon.colcon_core.shell:Skip shell extension 'dsv' for command environment
[0.720s] INFO:colcon.colcon_core.task.python.build:Building Python package in '/home/com9/uet_ws/src/susgrip_2f/susgrip_2f_control'
[0.720s] INFO:colcon.colcon_core.shell:Skip shell extension 'powershell' for command environment: Not usable outside of PowerShell
[0.720s] DEBUG:colcon.colcon_core.shell:Skip shell extension 'dsv' for command environment
[0.985s] DEBUG:colcon.colcon_core.task.python.build:Available setuptools commands: check, build_scripts, egg_info, build_py, install_data, develop, saveopts, install_headers, bdist, sdist, compile_catalog, init_catalog, bdist_dumb, install_lib, build_clib, build, upload_docs, register, rotate, update_catalog, install_scripts, test, upload, install, build_ext, alias, bdist_egg, install_egg_info, bdist_rpm, easy_install, symlink_data, dist_info, clean, setopt, extract_messages
[0.987s] DEBUG:colcon.colcon_core.event_handler.log_command:Invoking command in '/home/com9/uet_ws/src/susgrip_2f/susgrip_2f_control': PYTHONPATH=/home/com9/uet_ws/build/susgrip_2f_control/prefix_override:/usr/lib/python3/dist-packages/colcon_core/task/python/colcon_distutils_commands:/home/com9/uet_ws/install/susgrip_2f_control/lib/python3.10/site-packages:${PYTHONPATH} /usr/bin/python3 -W ignore:setup.py install is deprecated -W ignore:easy_install command is deprecated setup.py egg_info --egg-base ../../../build/susgrip_2f_control build --build-base /home/com9/uet_ws/build/susgrip_2f_control/build install --record /home/com9/uet_ws/build/susgrip_2f_control/install.log --install-scripts $base/lib/susgrip_2f_control --single-version-externally-managed install_data
[1.154s] DEBUG:colcon.colcon_core.event_handler.log_command:Invoked command in '/home/com9/uet_ws/src/susgrip_2f/susgrip_2f_control' returned '0': PYTHONPATH=/home/com9/uet_ws/build/susgrip_2f_control/prefix_override:/usr/lib/python3/dist-packages/colcon_core/task/python/colcon_distutils_commands:/home/com9/uet_ws/install/susgrip_2f_control/lib/python3.10/site-packages:${PYTHONPATH} /usr/bin/python3 -W ignore:setup.py install is deprecated -W ignore:easy_install command is deprecated setup.py egg_info --egg-base ../../../build/susgrip_2f_control build --build-base /home/com9/uet_ws/build/susgrip_2f_control/build install --record /home/com9/uet_ws/build/susgrip_2f_control/install.log --install-scripts $base/lib/susgrip_2f_control --single-version-externally-managed install_data
[1.158s] Level 1:colcon.colcon_core.environment:checking '/home/com9/uet_ws/install/susgrip_2f_control' for CMake module files
[1.159s] Level 1:colcon.colcon_core.environment:checking '/home/com9/uet_ws/install/susgrip_2f_control' for CMake config files
[1.159s] Level 1:colcon.colcon_core.environment:checking '/home/com9/uet_ws/install/susgrip_2f_control/lib'
[1.159s] Level 1:colcon.colcon_core.environment:checking '/home/com9/uet_ws/install/susgrip_2f_control/bin'
[1.159s] Level 1:colcon.colcon_core.environment:checking '/home/com9/uet_ws/install/susgrip_2f_control/lib/pkgconfig/susgrip_2f_control.pc'
[1.159s] Level 1:colcon.colcon_core.environment:checking '/home/com9/uet_ws/install/susgrip_2f_control/lib/python3.10/site-packages'
[1.160s] Level 1:colcon.colcon_core.shell:create_environment_hook('susgrip_2f_control', 'pythonpath')
[1.160s] INFO:colcon.colcon_core.shell:Creating environment hook '/home/com9/uet_ws/install/susgrip_2f_control/share/susgrip_2f_control/hook/pythonpath.ps1'
[1.160s] INFO:colcon.colcon_core.shell:Creating environment descriptor '/home/com9/uet_ws/install/susgrip_2f_control/share/susgrip_2f_control/hook/pythonpath.dsv'
[1.160s] INFO:colcon.colcon_core.shell:Creating environment hook '/home/com9/uet_ws/install/susgrip_2f_control/share/susgrip_2f_control/hook/pythonpath.sh'
[1.161s] Level 1:colcon.colcon_core.environment:checking '/home/com9/uet_ws/install/susgrip_2f_control/bin'
[1.161s] Level 1:colcon.colcon_core.environment:create_environment_scripts_only(susgrip_2f_control)
[1.161s] INFO:colcon.colcon_core.shell:Creating package script '/home/com9/uet_ws/install/susgrip_2f_control/share/susgrip_2f_control/package.ps1'
[1.162s] INFO:colcon.colcon_core.shell:Creating package descriptor '/home/com9/uet_ws/install/susgrip_2f_control/share/susgrip_2f_control/package.dsv'
[1.163s] INFO:colcon.colcon_core.shell:Creating package script '/home/com9/uet_ws/install/susgrip_2f_control/share/susgrip_2f_control/package.sh'
[1.164s] INFO:colcon.colcon_core.shell:Creating package script '/home/com9/uet_ws/install/susgrip_2f_control/share/susgrip_2f_control/package.bash'
[1.164s] INFO:colcon.colcon_core.shell:Creating package script '/home/com9/uet_ws/install/susgrip_2f_control/share/susgrip_2f_control/package.zsh'
[1.165s] Level 1:colcon.colcon_core.environment:create_file_with_runtime_dependencies(/home/com9/uet_ws/install/susgrip_2f_control/share/colcon-core/packages/susgrip_2f_control)
[1.165s] DEBUG:colcon.colcon_core.executor.sequential:run_until_complete 'susgrip_2f_control' finished with '0'
[1.165s] DEBUG:colcon.colcon_core.executor.sequential:run_until_complete 'susgrip_2f_description'
[1.165s] INFO:colcon.colcon_ros.task.ament_python.build:Building ROS package in '/home/com9/uet_ws/src/susgrip_2f/susgrip_2f_description' with build type 'ament_python'
[1.165s] Level 1:colcon.colcon_core.shell:create_environment_hook('susgrip_2f_description', 'ament_prefix_path')
[1.165s] INFO:colcon.colcon_core.shell:Creating environment hook '/home/com9/uet_ws/install/susgrip_2f_description/share/susgrip_2f_description/hook/ament_prefix_path.ps1'
[1.166s] INFO:colcon.colcon_core.shell:Creating environment descriptor '/home/com9/uet_ws/install/susgrip_2f_description/share/susgrip_2f_description/hook/ament_prefix_path.dsv'
[1.166s] INFO:colcon.colcon_core.shell:Creating environment hook '/home/com9/uet_ws/install/susgrip_2f_description/share/susgrip_2f_description/hook/ament_prefix_path.sh'
[1.166s] INFO:colcon.colcon_core.shell:Skip shell extension 'powershell' for command environment: Not usable outside of PowerShell
[1.166s] DEBUG:colcon.colcon_core.shell:Skip shell extension 'dsv' for command environment
[1.314s] INFO:colcon.colcon_core.task.python.build:Building Python package in '/home/com9/uet_ws/src/susgrip_2f/susgrip_2f_description'
[1.314s] INFO:colcon.colcon_core.shell:Skip shell extension 'powershell' for command environment: Not usable outside of PowerShell
[1.314s] DEBUG:colcon.colcon_core.shell:Skip shell extension 'dsv' for command environment
[1.508s] DEBUG:colcon.colcon_core.task.python.build:Available setuptools commands: check, build_scripts, egg_info, build_py, install_data, develop, saveopts, install_headers, bdist, sdist, compile_catalog, init_catalog, bdist_dumb, install_lib, build_clib, build, upload_docs, register, rotate, update_catalog, install_scripts, test, upload, install, build_ext, alias, bdist_egg, install_egg_info, bdist_rpm, easy_install, symlink_data, dist_info, clean, setopt, extract_messages
[1.509s] DEBUG:colcon.colcon_core.event_handler.log_command:Invoking command in '/home/com9/uet_ws/src/susgrip_2f/susgrip_2f_description': PYTHONPATH=/home/com9/uet_ws/build/susgrip_2f_description/prefix_override:/usr/lib/python3/dist-packages/colcon_core/task/python/colcon_distutils_commands:/home/com9/uet_ws/install/susgrip_2f_description/lib/python3.10/site-packages:${PYTHONPATH} /usr/bin/python3 -W ignore:setup.py install is deprecated -W ignore:easy_install command is deprecated setup.py egg_info --egg-base ../../../build/susgrip_2f_description build --build-base /home/com9/uet_ws/build/susgrip_2f_description/build install --record /home/com9/uet_ws/build/susgrip_2f_description/install.log --install-scripts $base/lib/susgrip_2f_description --single-version-externally-managed install_data
[1.676s] Level 1:colcon.colcon_core.environment:checking '/home/com9/uet_ws/install/susgrip_2f_description' for CMake module files
[1.677s] DEBUG:colcon.colcon_core.event_handler.log_command:Invoked command in '/home/com9/uet_ws/src/susgrip_2f/susgrip_2f_description' returned '0': PYTHONPATH=/home/com9/uet_ws/build/susgrip_2f_description/prefix_override:/usr/lib/python3/dist-packages/colcon_core/task/python/colcon_distutils_commands:/home/com9/uet_ws/install/susgrip_2f_description/lib/python3.10/site-packages:${PYTHONPATH} /usr/bin/python3 -W ignore:setup.py install is deprecated -W ignore:easy_install command is deprecated setup.py egg_info --egg-base ../../../build/susgrip_2f_description build --build-base /home/com9/uet_ws/build/susgrip_2f_description/build install --record /home/com9/uet_ws/build/susgrip_2f_description/install.log --install-scripts $base/lib/susgrip_2f_description --single-version-externally-managed install_data
[1.677s] Level 1:colcon.colcon_core.environment:checking '/home/com9/uet_ws/install/susgrip_2f_description' for CMake config files
[1.678s] Level 1:colcon.colcon_core.environment:checking '/home/com9/uet_ws/install/susgrip_2f_description/lib'
[1.678s] Level 1:colcon.colcon_core.environment:checking '/home/com9/uet_ws/install/susgrip_2f_description/bin'
[1.678s] Level 1:colcon.colcon_core.environment:checking '/home/com9/uet_ws/install/susgrip_2f_description/lib/pkgconfig/susgrip_2f_description.pc'
[1.678s] Level 1:colcon.colcon_core.environment:checking '/home/com9/uet_ws/install/susgrip_2f_description/lib/python3.10/site-packages'
[1.678s] Level 1:colcon.colcon_core.shell:create_environment_hook('susgrip_2f_description', 'pythonpath')
[1.678s] INFO:colcon.colcon_core.shell:Creating environment hook '/home/com9/uet_ws/install/susgrip_2f_description/share/susgrip_2f_description/hook/pythonpath.ps1'
[1.678s] INFO:colcon.colcon_core.shell:Creating environment descriptor '/home/com9/uet_ws/install/susgrip_2f_description/share/susgrip_2f_description/hook/pythonpath.dsv'
[1.678s] INFO:colcon.colcon_core.shell:Creating environment hook '/home/com9/uet_ws/install/susgrip_2f_description/share/susgrip_2f_description/hook/pythonpath.sh'
[1.679s] Level 1:colcon.colcon_core.environment:checking '/home/com9/uet_ws/install/susgrip_2f_description/bin'
[1.679s] Level 1:colcon.colcon_core.environment:create_environment_scripts_only(susgrip_2f_description)
[1.679s] INFO:colcon.colcon_core.shell:Creating package script '/home/com9/uet_ws/install/susgrip_2f_description/share/susgrip_2f_description/package.ps1'
[1.679s] INFO:colcon.colcon_core.shell:Creating package descriptor '/home/com9/uet_ws/install/susgrip_2f_description/share/susgrip_2f_description/package.dsv'
[1.680s] INFO:colcon.colcon_core.shell:Creating package script '/home/com9/uet_ws/install/susgrip_2f_description/share/susgrip_2f_description/package.sh'
[1.680s] INFO:colcon.colcon_core.shell:Creating package script '/home/com9/uet_ws/install/susgrip_2f_description/share/susgrip_2f_description/package.bash'
[1.680s] INFO:colcon.colcon_core.shell:Creating package script '/home/com9/uet_ws/install/susgrip_2f_description/share/susgrip_2f_description/package.zsh'
[1.680s] Level 1:colcon.colcon_core.environment:create_file_with_runtime_dependencies(/home/com9/uet_ws/install/susgrip_2f_description/share/colcon-core/packages/susgrip_2f_description)
[1.680s] DEBUG:colcon.colcon_core.executor.sequential:run_until_complete 'susgrip_2f_description' finished with '0'
[1.680s] DEBUG:colcon.colcon_core.executor.sequential:run_until_complete 'susgrip_2f_hardware'
[1.680s] INFO:colcon.colcon_ros.task.ament_python.build:Building ROS package in '/home/com9/uet_ws/src/susgrip_2f/susgrip_2f_hardware' with build type 'ament_python'
[1.680s] Level 1:colcon.colcon_core.shell:create_environment_hook('susgrip_2f_hardware', 'ament_prefix_path')
[1.680s] INFO:colcon.colcon_core.shell:Creating environment hook '/home/com9/uet_ws/install/susgrip_2f_hardware/share/susgrip_2f_hardware/hook/ament_prefix_path.ps1'
[1.681s] INFO:colcon.colcon_core.shell:Creating environment descriptor '/home/com9/uet_ws/install/susgrip_2f_hardware/share/susgrip_2f_hardware/hook/ament_prefix_path.dsv'
[1.681s] INFO:colcon.colcon_core.shell:Creating environment hook '/home/com9/uet_ws/install/susgrip_2f_hardware/share/susgrip_2f_hardware/hook/ament_prefix_path.sh'
[1.681s] INFO:colcon.colcon_core.shell:Skip shell extension 'powershell' for command environment: Not usable outside of PowerShell
[1.682s] DEBUG:colcon.colcon_core.shell:Skip shell extension 'dsv' for command environment
[1.826s] INFO:colcon.colcon_core.task.python.build:Building Python package in '/home/com9/uet_ws/src/susgrip_2f/susgrip_2f_hardware'
[1.826s] INFO:colcon.colcon_core.shell:Skip shell extension 'powershell' for command environment: Not usable outside of PowerShell
[1.826s] DEBUG:colcon.colcon_core.shell:Skip shell extension 'dsv' for command environment
[2.020s] DEBUG:colcon.colcon_core.task.python.build:Available setuptools commands: check, build_scripts, egg_info, build_py, install_data, develop, saveopts, install_headers, bdist, sdist, compile_catalog, init_catalog, bdist_dumb, install_lib, build_clib, build, upload_docs, register, rotate, update_catalog, install_scripts, test, upload, install, build_ext, alias, bdist_egg, install_egg_info, bdist_rpm, easy_install, symlink_data, dist_info, clean, setopt, extract_messages
[2.022s] DEBUG:colcon.colcon_core.event_handler.log_command:Invoking command in '/home/com9/uet_ws/src/susgrip_2f/susgrip_2f_hardware': PYTHONPATH=/home/com9/uet_ws/build/susgrip_2f_hardware/prefix_override:/usr/lib/python3/dist-packages/colcon_core/task/python/colcon_distutils_commands:/home/com9/uet_ws/install/susgrip_2f_hardware/lib/python3.10/site-packages:${PYTHONPATH} /usr/bin/python3 -W ignore:setup.py install is deprecated -W ignore:easy_install command is deprecated setup.py egg_info --egg-base ../../../build/susgrip_2f_hardware build --build-base /home/com9/uet_ws/build/susgrip_2f_hardware/build install --record /home/com9/uet_ws/build/susgrip_2f_hardware/install.log --install-scripts $base/lib/susgrip_2f_hardware --single-version-externally-managed install_data
[2.194s] Level 1:colcon.colcon_core.environment:checking '/home/com9/uet_ws/install/susgrip_2f_hardware' for CMake module files
[2.194s] DEBUG:colcon.colcon_core.event_handler.log_command:Invoked command in '/home/com9/uet_ws/src/susgrip_2f/susgrip_2f_hardware' returned '0': PYTHONPATH=/home/com9/uet_ws/build/susgrip_2f_hardware/prefix_override:/usr/lib/python3/dist-packages/colcon_core/task/python/colcon_distutils_commands:/home/com9/uet_ws/install/susgrip_2f_hardware/lib/python3.10/site-packages:${PYTHONPATH} /usr/bin/python3 -W ignore:setup.py install is deprecated -W ignore:easy_install command is deprecated setup.py egg_info --egg-base ../../../build/susgrip_2f_hardware build --build-base /home/com9/uet_ws/build/susgrip_2f_hardware/build install --record /home/com9/uet_ws/build/susgrip_2f_hardware/install.log --install-scripts $base/lib/susgrip_2f_hardware --single-version-externally-managed install_data
[2.194s] Level 1:colcon.colcon_core.environment:checking '/home/com9/uet_ws/install/susgrip_2f_hardware' for CMake config files
[2.194s] Level 1:colcon.colcon_core.environment:checking '/home/com9/uet_ws/install/susgrip_2f_hardware/lib'
[2.194s] Level 1:colcon.colcon_core.environment:checking '/home/com9/uet_ws/install/susgrip_2f_hardware/bin'
[2.194s] Level 1:colcon.colcon_core.environment:checking '/home/com9/uet_ws/install/susgrip_2f_hardware/lib/pkgconfig/susgrip_2f_hardware.pc'
[2.195s] Level 1:colcon.colcon_core.environment:checking '/home/com9/uet_ws/install/susgrip_2f_hardware/lib/python3.10/site-packages'
[2.195s] Level 1:colcon.colcon_core.shell:create_environment_hook('susgrip_2f_hardware', 'pythonpath')
[2.195s] INFO:colcon.colcon_core.shell:Creating environment hook '/home/com9/uet_ws/install/susgrip_2f_hardware/share/susgrip_2f_hardware/hook/pythonpath.ps1'
[2.195s] INFO:colcon.colcon_core.shell:Creating environment descriptor '/home/com9/uet_ws/install/susgrip_2f_hardware/share/susgrip_2f_hardware/hook/pythonpath.dsv'
[2.195s] INFO:colcon.colcon_core.shell:Creating environment hook '/home/com9/uet_ws/install/susgrip_2f_hardware/share/susgrip_2f_hardware/hook/pythonpath.sh'
[2.196s] Level 1:colcon.colcon_core.environment:checking '/home/com9/uet_ws/install/susgrip_2f_hardware/bin'
[2.196s] Level 1:colcon.colcon_core.environment:create_environment_scripts_only(susgrip_2f_hardware)
[2.196s] INFO:colcon.colcon_core.shell:Creating package script '/home/com9/uet_ws/install/susgrip_2f_hardware/share/susgrip_2f_hardware/package.ps1'
[2.196s] INFO:colcon.colcon_core.shell:Creating package descriptor '/home/com9/uet_ws/install/susgrip_2f_hardware/share/susgrip_2f_hardware/package.dsv'
[2.196s] INFO:colcon.colcon_core.shell:Creating package script '/home/com9/uet_ws/install/susgrip_2f_hardware/share/susgrip_2f_hardware/package.sh'
[2.197s] INFO:colcon.colcon_core.shell:Creating package script '/home/com9/uet_ws/install/susgrip_2f_hardware/share/susgrip_2f_hardware/package.bash'
[2.197s] INFO:colcon.colcon_core.shell:Creating package script '/home/com9/uet_ws/install/susgrip_2f_hardware/share/susgrip_2f_hardware/package.zsh'
[2.197s] Level 1:colcon.colcon_core.environment:create_file_with_runtime_dependencies(/home/com9/uet_ws/install/susgrip_2f_hardware/share/colcon-core/packages/susgrip_2f_hardware)
[2.197s] DEBUG:colcon.colcon_core.executor.sequential:run_until_complete 'susgrip_2f_hardware' finished with '0'
[2.197s] DEBUG:colcon.colcon_core.executor.sequential:run_until_complete 'ur3_moveit_control'
[2.197s] INFO:colcon.colcon_ros.task.ament_cmake.build:Building ROS package in '/home/com9/uet_ws/src/ur3_moveit_control' with build type 'ament_cmake'
[2.197s] INFO:colcon.colcon_cmake.task.cmake.build:Building CMake package in '/home/com9/uet_ws/src/ur3_moveit_control'
[2.197s] INFO:colcon.colcon_core.shell:Skip shell extension 'powershell' for command environment: Not usable outside of PowerShell
[2.197s] DEBUG:colcon.colcon_core.shell:Skip shell extension 'dsv' for command environment
[2.203s] DEBUG:colcon.colcon_core.event_handler.log_command:Invoking command in '/home/com9/uet_ws/build/ur3_moveit_control': CMAKE_PREFIX_PATH=${CMAKE_PREFIX_PATH}:/home/com9/uet_ws/install/susgrip_2f_hardware:/home/com9/uet_ws/install/susgrip_2f_gazebo:/home/com9/uet_ws/install/susgrip_2f_description:/home/com9/uet_ws/install/susgrip_2f_control:/opt/ros/humble /usr/bin/cmake --build /home/com9/uet_ws/build/ur3_moveit_control
[21.376s] DEBUG:colcon.colcon_core.event_handler.log_command:Invoked command in '/home/com9/uet_ws/build/ur3_moveit_control' returned '0': CMAKE_PREFIX_PATH=${CMAKE_PREFIX_PATH}:/home/com9/uet_ws/install/susgrip_2f_hardware:/home/com9/uet_ws/install/susgrip_2f_gazebo:/home/com9/uet_ws/install/susgrip_2f_description:/home/com9/uet_ws/install/susgrip_2f_control:/opt/ros/humble /usr/bin/cmake --build /home/com9/uet_ws/build/ur3_moveit_control
[21.383s] DEBUG:colcon.colcon_core.event_handler.log_command:Invoking command in '/home/com9/uet_ws/build/ur3_moveit_control': CMAKE_PREFIX_PATH=${CMAKE_PREFIX_PATH}:/home/com9/uet_ws/install/susgrip_2f_hardware:/home/com9/uet_ws/install/susgrip_2f_gazebo:/home/com9/uet_ws/install/susgrip_2f_description:/home/com9/uet_ws/install/susgrip_2f_control:/opt/ros/humble /usr/bin/cmake --install /home/com9/uet_ws/build/ur3_moveit_control
[21.433s] Level 1:colcon.colcon_core.environment:create_environment_scripts_only(ur3_moveit_control)
[21.433s] Level 1:colcon.colcon_core.environment:checking '/home/com9/uet_ws/install/ur3_moveit_control' for CMake module files
[21.433s] DEBUG:colcon.colcon_core.event_handler.log_command:Invoked command in '/home/com9/uet_ws/build/ur3_moveit_control' returned '0': CMAKE_PREFIX_PATH=${CMAKE_PREFIX_PATH}:/home/com9/uet_ws/install/susgrip_2f_hardware:/home/com9/uet_ws/install/susgrip_2f_gazebo:/home/com9/uet_ws/install/susgrip_2f_description:/home/com9/uet_ws/install/susgrip_2f_control:/opt/ros/humble /usr/bin/cmake --install /home/com9/uet_ws/build/ur3_moveit_control
[21.434s] Level 1:colcon.colcon_core.environment:checking '/home/com9/uet_ws/install/ur3_moveit_control' for CMake config files
[21.434s] Level 1:colcon.colcon_core.shell:create_environment_hook('ur3_moveit_control', 'cmake_prefix_path')
[21.434s] INFO:colcon.colcon_core.shell:Creating environment hook '/home/com9/uet_ws/install/ur3_moveit_control/share/ur3_moveit_control/hook/cmake_prefix_path.ps1'
[21.435s] INFO:colcon.colcon_core.shell:Creating environment descriptor '/home/com9/uet_ws/install/ur3_moveit_control/share/ur3_moveit_control/hook/cmake_prefix_path.dsv'
[21.435s] INFO:colcon.colcon_core.shell:Creating environment hook '/home/com9/uet_ws/install/ur3_moveit_control/share/ur3_moveit_control/hook/cmake_prefix_path.sh'
[21.435s] Level 1:colcon.colcon_core.environment:checking '/home/com9/uet_ws/install/ur3_moveit_control/lib'
[21.435s] Level 1:colcon.colcon_core.shell:create_environment_hook('ur3_moveit_control', 'ld_library_path_lib')
[21.435s] INFO:colcon.colcon_core.shell:Creating environment hook '/home/com9/uet_ws/install/ur3_moveit_control/share/ur3_moveit_control/hook/ld_library_path_lib.ps1'
[21.436s] INFO:colcon.colcon_core.shell:Creating environment descriptor '/home/com9/uet_ws/install/ur3_moveit_control/share/ur3_moveit_control/hook/ld_library_path_lib.dsv'
[21.436s] INFO:colcon.colcon_core.shell:Creating environment hook '/home/com9/uet_ws/install/ur3_moveit_control/share/ur3_moveit_control/hook/ld_library_path_lib.sh'
[21.436s] Level 1:colcon.colcon_core.environment:checking '/home/com9/uet_ws/install/ur3_moveit_control/bin'
[21.436s] Level 1:colcon.colcon_core.environment:checking '/home/com9/uet_ws/install/ur3_moveit_control/lib/pkgconfig/ur3_moveit_control.pc'
[21.436s] Level 1:colcon.colcon_core.environment:checking '/home/com9/uet_ws/install/ur3_moveit_control/lib/python3.10/site-packages'
[21.436s] Level 1:colcon.colcon_core.environment:checking '/home/com9/uet_ws/install/ur3_moveit_control/bin'
[21.436s] INFO:colcon.colcon_core.shell:Creating package script '/home/com9/uet_ws/install/ur3_moveit_control/share/ur3_moveit_control/package.ps1'
[21.437s] INFO:colcon.colcon_core.shell:Creating package descriptor '/home/com9/uet_ws/install/ur3_moveit_control/share/ur3_moveit_control/package.dsv'
[21.437s] INFO:colcon.colcon_core.shell:Creating package script '/home/com9/uet_ws/install/ur3_moveit_control/share/ur3_moveit_control/package.sh'
[21.437s] INFO:colcon.colcon_core.shell:Creating package script '/home/com9/uet_ws/install/ur3_moveit_control/share/ur3_moveit_control/package.bash'
[21.437s] INFO:colcon.colcon_core.shell:Creating package script '/home/com9/uet_ws/install/ur3_moveit_control/share/ur3_moveit_control/package.zsh'
[21.438s] Level 1:colcon.colcon_core.environment:create_file_with_runtime_dependencies(/home/com9/uet_ws/install/ur3_moveit_control/share/colcon-core/packages/ur3_moveit_control)
[21.438s] Level 1:colcon.colcon_core.environment:create_environment_scripts_only(ur3_moveit_control)
[21.438s] Level 1:colcon.colcon_core.environment:checking '/home/com9/uet_ws/install/ur3_moveit_control' for CMake module files
[21.438s] Level 1:colcon.colcon_core.environment:checking '/home/com9/uet_ws/install/ur3_moveit_control' for CMake config files
[21.439s] Level 1:colcon.colcon_core.shell:create_environment_hook('ur3_moveit_control', 'cmake_prefix_path')
[21.439s] INFO:colcon.colcon_core.shell:Creating environment hook '/home/com9/uet_ws/install/ur3_moveit_control/share/ur3_moveit_control/hook/cmake_prefix_path.ps1'
[21.439s] INFO:colcon.colcon_core.shell:Creating environment descriptor '/home/com9/uet_ws/install/ur3_moveit_control/share/ur3_moveit_control/hook/cmake_prefix_path.dsv'
[21.439s] INFO:colcon.colcon_core.shell:Creating environment hook '/home/com9/uet_ws/install/ur3_moveit_control/share/ur3_moveit_control/hook/cmake_prefix_path.sh'
[21.439s] Level 1:colcon.colcon_core.environment:checking '/home/com9/uet_ws/install/ur3_moveit_control/lib'
[21.439s] Level 1:colcon.colcon_core.shell:create_environment_hook('ur3_moveit_control', 'ld_library_path_lib')
[21.439s] INFO:colcon.colcon_core.shell:Creating environment hook '/home/com9/uet_ws/install/ur3_moveit_control/share/ur3_moveit_control/hook/ld_library_path_lib.ps1'
[21.440s] INFO:colcon.colcon_core.shell:Creating environment descriptor '/home/com9/uet_ws/install/ur3_moveit_control/share/ur3_moveit_control/hook/ld_library_path_lib.dsv'
[21.440s] INFO:colcon.colcon_core.shell:Creating environment hook '/home/com9/uet_ws/install/ur3_moveit_control/share/ur3_moveit_control/hook/ld_library_path_lib.sh'
[21.440s] Level 1:colcon.colcon_core.environment:checking '/home/com9/uet_ws/install/ur3_moveit_control/bin'
[21.440s] Level 1:colcon.colcon_core.environment:checking '/home/com9/uet_ws/install/ur3_moveit_control/lib/pkgconfig/ur3_moveit_control.pc'
[21.440s] Level 1:colcon.colcon_core.environment:checking '/home/com9/uet_ws/install/ur3_moveit_control/lib/python3.10/site-packages'
[21.440s] Level 1:colcon.colcon_core.environment:checking '/home/com9/uet_ws/install/ur3_moveit_control/bin'
[21.441s] INFO:colcon.colcon_core.shell:Creating package script '/home/com9/uet_ws/install/ur3_moveit_control/share/ur3_moveit_control/package.ps1'
[21.441s] INFO:colcon.colcon_core.shell:Creating package descriptor '/home/com9/uet_ws/install/ur3_moveit_control/share/ur3_moveit_control/package.dsv'
[21.441s] INFO:colcon.colcon_core.shell:Creating package script '/home/com9/uet_ws/install/ur3_moveit_control/share/ur3_moveit_control/package.sh'
[21.441s] INFO:colcon.colcon_core.shell:Creating package script '/home/com9/uet_ws/install/ur3_moveit_control/share/ur3_moveit_control/package.bash'
[21.441s] INFO:colcon.colcon_core.shell:Creating package script '/home/com9/uet_ws/install/ur3_moveit_control/share/ur3_moveit_control/package.zsh'
[21.442s] Level 1:colcon.colcon_core.environment:create_file_with_runtime_dependencies(/home/com9/uet_ws/install/ur3_moveit_control/share/colcon-core/packages/ur3_moveit_control)
[21.442s] DEBUG:colcon.colcon_core.executor.sequential:run_until_complete 'ur3_moveit_control' finished with '0'
[21.442s] DEBUG:colcon.colcon_core.executor.sequential:run_until_complete 'ur_dashboard_msgs'
[21.442s] INFO:colcon.colcon_ros.task.ament_cmake.build:Building ROS package in '/home/com9/uet_ws/src/Universal_Robots_ROS2_Driver/ur_dashboard_msgs' with build type 'ament_cmake'
[21.442s] INFO:colcon.colcon_cmake.task.cmake.build:Building CMake package in '/home/com9/uet_ws/src/Universal_Robots_ROS2_Driver/ur_dashboard_msgs'
[21.442s] INFO:colcon.colcon_core.shell:Skip shell extension 'powershell' for command environment: Not usable outside of PowerShell
[21.442s] DEBUG:colcon.colcon_core.shell:Skip shell extension 'dsv' for command environment
[21.447s] DEBUG:colcon.colcon_core.event_handler.log_command:Invoking command in '/home/com9/uet_ws/build/ur_dashboard_msgs': CMAKE_PREFIX_PATH=${CMAKE_PREFIX_PATH}:/home/com9/uet_ws/install/susgrip_2f_hardware:/home/com9/uet_ws/install/susgrip_2f_gazebo:/home/com9/uet_ws/install/susgrip_2f_description:/home/com9/uet_ws/install/susgrip_2f_control:/opt/ros/humble /usr/bin/cmake --build /home/com9/uet_ws/build/ur_dashboard_msgs
[21.979s] DEBUG:colcon.colcon_core.event_handler.log_command:Invoked command in '/home/com9/uet_ws/build/ur_dashboard_msgs' returned '0': CMAKE_PREFIX_PATH=${CMAKE_PREFIX_PATH}:/home/com9/uet_ws/install/susgrip_2f_hardware:/home/com9/uet_ws/install/susgrip_2f_gazebo:/home/com9/uet_ws/install/susgrip_2f_description:/home/com9/uet_ws/install/susgrip_2f_control:/opt/ros/humble /usr/bin/cmake --build /home/com9/uet_ws/build/ur_dashboard_msgs
[21.980s] DEBUG:colcon.colcon_core.event_handler.log_command:Invoking command in '/home/com9/uet_ws/build/ur_dashboard_msgs': CMAKE_PREFIX_PATH=${CMAKE_PREFIX_PATH}:/home/com9/uet_ws/install/susgrip_2f_hardware:/home/com9/uet_ws/install/susgrip_2f_gazebo:/home/com9/uet_ws/install/susgrip_2f_description:/home/com9/uet_ws/install/susgrip_2f_control:/opt/ros/humble /usr/bin/cmake --install /home/com9/uet_ws/build/ur_dashboard_msgs
[22.033s] Level 1:colcon.colcon_core.environment:create_environment_scripts_only(ur_dashboard_msgs)
[22.033s] DEBUG:colcon.colcon_core.event_handler.log_command:Invoked command in '/home/com9/uet_ws/build/ur_dashboard_msgs' returned '0': CMAKE_PREFIX_PATH=${CMAKE_PREFIX_PATH}:/home/com9/uet_ws/install/susgrip_2f_hardware:/home/com9/uet_ws/install/susgrip_2f_gazebo:/home/com9/uet_ws/install/susgrip_2f_description:/home/com9/uet_ws/install/susgrip_2f_control:/opt/ros/humble /usr/bin/cmake --install /home/com9/uet_ws/build/ur_dashboard_msgs
[22.033s] Level 1:colcon.colcon_core.environment:checking '/home/com9/uet_ws/install/ur_dashboard_msgs' for CMake module files
[22.034s] Level 1:colcon.colcon_core.environment:checking '/home/com9/uet_ws/install/ur_dashboard_msgs' for CMake config files
[22.035s] Level 1:colcon.colcon_core.shell:create_environment_hook('ur_dashboard_msgs', 'cmake_prefix_path')
[22.035s] INFO:colcon.colcon_core.shell:Creating environment hook '/home/com9/uet_ws/install/ur_dashboard_msgs/share/ur_dashboard_msgs/hook/cmake_prefix_path.ps1'
[22.035s] INFO:colcon.colcon_core.shell:Creating environment descriptor '/home/com9/uet_ws/install/ur_dashboard_msgs/share/ur_dashboard_msgs/hook/cmake_prefix_path.dsv'
[22.035s] INFO:colcon.colcon_core.shell:Creating environment hook '/home/com9/uet_ws/install/ur_dashboard_msgs/share/ur_dashboard_msgs/hook/cmake_prefix_path.sh'
[22.035s] Level 1:colcon.colcon_core.environment:checking '/home/com9/uet_ws/install/ur_dashboard_msgs/lib'
[22.036s] Level 1:colcon.colcon_core.shell:create_environment_hook('ur_dashboard_msgs', 'ld_library_path_lib')
[22.036s] INFO:colcon.colcon_core.shell:Creating environment hook '/home/com9/uet_ws/install/ur_dashboard_msgs/share/ur_dashboard_msgs/hook/ld_library_path_lib.ps1'
[22.036s] INFO:colcon.colcon_core.shell:Creating environment descriptor '/home/com9/uet_ws/install/ur_dashboard_msgs/share/ur_dashboard_msgs/hook/ld_library_path_lib.dsv'
[22.036s] INFO:colcon.colcon_core.shell:Creating environment hook '/home/com9/uet_ws/install/ur_dashboard_msgs/share/ur_dashboard_msgs/hook/ld_library_path_lib.sh'
[22.036s] Level 1:colcon.colcon_core.environment:checking '/home/com9/uet_ws/install/ur_dashboard_msgs/bin'
[22.036s] Level 1:colcon.colcon_core.environment:checking '/home/com9/uet_ws/install/ur_dashboard_msgs/lib/pkgconfig/ur_dashboard_msgs.pc'
[22.036s] Level 1:colcon.colcon_core.environment:checking '/home/com9/uet_ws/install/ur_dashboard_msgs/lib/python3.10/site-packages'
[22.037s] Level 1:colcon.colcon_core.environment:checking '/home/com9/uet_ws/install/ur_dashboard_msgs/bin'
[22.037s] INFO:colcon.colcon_core.shell:Creating package script '/home/com9/uet_ws/install/ur_dashboard_msgs/share/ur_dashboard_msgs/package.ps1'
[22.037s] INFO:colcon.colcon_core.shell:Creating package descriptor '/home/com9/uet_ws/install/ur_dashboard_msgs/share/ur_dashboard_msgs/package.dsv'
[22.037s] INFO:colcon.colcon_core.shell:Creating package script '/home/com9/uet_ws/install/ur_dashboard_msgs/share/ur_dashboard_msgs/package.sh'
[22.038s] INFO:colcon.colcon_core.shell:Creating package script '/home/com9/uet_ws/install/ur_dashboard_msgs/share/ur_dashboard_msgs/package.bash'
[22.038s] INFO:colcon.colcon_core.shell:Creating package script '/home/com9/uet_ws/install/ur_dashboard_msgs/share/ur_dashboard_msgs/package.zsh'
[22.038s] Level 1:colcon.colcon_core.environment:create_file_with_runtime_dependencies(/home/com9/uet_ws/install/ur_dashboard_msgs/share/colcon-core/packages/ur_dashboard_msgs)
[22.038s] Level 1:colcon.colcon_core.environment:create_environment_scripts_only(ur_dashboard_msgs)
[22.038s] Level 1:colcon.colcon_core.environment:checking '/home/com9/uet_ws/install/ur_dashboard_msgs' for CMake module files
[22.039s] Level 1:colcon.colcon_core.environment:checking '/home/com9/uet_ws/install/ur_dashboard_msgs' for CMake config files
[22.039s] Level 1:colcon.colcon_core.shell:create_environment_hook('ur_dashboard_msgs', 'cmake_prefix_path')
[22.039s] INFO:colcon.colcon_core.shell:Creating environment hook '/home/com9/uet_ws/install/ur_dashboard_msgs/share/ur_dashboard_msgs/hook/cmake_prefix_path.ps1'
[22.040s] INFO:colcon.colcon_core.shell:Creating environment descriptor '/home/com9/uet_ws/install/ur_dashboard_msgs/share/ur_dashboard_msgs/hook/cmake_prefix_path.dsv'
[22.040s] INFO:colcon.colcon_core.shell:Creating environment hook '/home/com9/uet_ws/install/ur_dashboard_msgs/share/ur_dashboard_msgs/hook/cmake_prefix_path.sh'
[22.040s] Level 1:colcon.colcon_core.environment:checking '/home/com9/uet_ws/install/ur_dashboard_msgs/lib'
[22.040s] Level 1:colcon.colcon_core.shell:create_environment_hook('ur_dashboard_msgs', 'ld_library_path_lib')
[22.040s] INFO:colcon.colcon_core.shell:Creating environment hook '/home/com9/uet_ws/install/ur_dashboard_msgs/share/ur_dashboard_msgs/hook/ld_library_path_lib.ps1'
[22.040s] INFO:colcon.colcon_core.shell:Creating environment descriptor '/home/com9/uet_ws/install/ur_dashboard_msgs/share/ur_dashboard_msgs/hook/ld_library_path_lib.dsv'
[22.041s] INFO:colcon.colcon_core.shell:Creating environment hook '/home/com9/uet_ws/install/ur_dashboard_msgs/share/ur_dashboard_msgs/hook/ld_library_path_lib.sh'
[22.041s] Level 1:colcon.colcon_core.environment:checking '/home/com9/uet_ws/install/ur_dashboard_msgs/bin'
[22.041s] Level 1:colcon.colcon_core.environment:checking '/home/com9/uet_ws/install/ur_dashboard_msgs/lib/pkgconfig/ur_dashboard_msgs.pc'
[22.041s] Level 1:colcon.colcon_core.environment:checking '/home/com9/uet_ws/install/ur_dashboard_msgs/lib/python3.10/site-packages'
[22.041s] Level 1:colcon.colcon_core.environment:checking '/home/com9/uet_ws/install/ur_dashboard_msgs/bin'
[22.041s] INFO:colcon.colcon_core.shell:Creating package script '/home/com9/uet_ws/install/ur_dashboard_msgs/share/ur_dashboard_msgs/package.ps1'
[22.042s] INFO:colcon.colcon_core.shell:Creating package descriptor '/home/com9/uet_ws/install/ur_dashboard_msgs/share/ur_dashboard_msgs/package.dsv'
[22.042s] INFO:colcon.colcon_core.shell:Creating package script '/home/com9/uet_ws/install/ur_dashboard_msgs/share/ur_dashboard_msgs/package.sh'
[22.042s] INFO:colcon.colcon_core.shell:Creating package script '/home/com9/uet_ws/install/ur_dashboard_msgs/share/ur_dashboard_msgs/package.bash'
[22.042s] INFO:colcon.colcon_core.shell:Creating package script '/home/com9/uet_ws/install/ur_dashboard_msgs/share/ur_dashboard_msgs/package.zsh'
[22.043s] Level 1:colcon.colcon_core.environment:create_file_with_runtime_dependencies(/home/com9/uet_ws/install/ur_dashboard_msgs/share/colcon-core/packages/ur_dashboard_msgs)
[22.043s] DEBUG:colcon.colcon_core.executor.sequential:run_until_complete 'ur_dashboard_msgs' finished with '0'
[22.043s] DEBUG:colcon.colcon_core.executor.sequential:run_until_complete 'ur_moveit_config'
[22.043s] INFO:colcon.colcon_ros.task.ament_cmake.build:Building ROS package in '/home/com9/uet_ws/src/Universal_Robots_ROS2_Driver/ur_moveit_config' with build type 'ament_cmake'
[22.043s] INFO:colcon.colcon_cmake.task.cmake.build:Building CMake package in '/home/com9/uet_ws/src/Universal_Robots_ROS2_Driver/ur_moveit_config'
[22.043s] INFO:colcon.colcon_core.shell:Skip shell extension 'powershell' for command environment: Not usable outside of PowerShell
[22.043s] DEBUG:colcon.colcon_core.shell:Skip shell extension 'dsv' for command environment
[22.048s] DEBUG:colcon.colcon_core.event_handler.log_command:Invoking command in '/home/com9/uet_ws/build/ur_moveit_config': CMAKE_PREFIX_PATH=${CMAKE_PREFIX_PATH}:/home/com9/uet_ws/install/susgrip_2f_hardware:/home/com9/uet_ws/install/susgrip_2f_gazebo:/home/com9/uet_ws/install/susgrip_2f_description:/home/com9/uet_ws/install/susgrip_2f_control:/opt/ros/humble /usr/bin/cmake --build /home/com9/uet_ws/build/ur_moveit_config
[22.252s] DEBUG:colcon.colcon_core.event_handler.log_command:Invoked command in '/home/com9/uet_ws/build/ur_moveit_config' returned '0': CMAKE_PREFIX_PATH=${CMAKE_PREFIX_PATH}:/home/com9/uet_ws/install/susgrip_2f_hardware:/home/com9/uet_ws/install/susgrip_2f_gazebo:/home/com9/uet_ws/install/susgrip_2f_description:/home/com9/uet_ws/install/susgrip_2f_control:/opt/ros/humble /usr/bin/cmake --build /home/com9/uet_ws/build/ur_moveit_config
[22.253s] DEBUG:colcon.colcon_core.event_handler.log_command:Invoking command in '/home/com9/uet_ws/build/ur_moveit_config': CMAKE_PREFIX_PATH=${CMAKE_PREFIX_PATH}:/home/com9/uet_ws/install/susgrip_2f_hardware:/home/com9/uet_ws/install/susgrip_2f_gazebo:/home/com9/uet_ws/install/susgrip_2f_description:/home/com9/uet_ws/install/susgrip_2f_control:/opt/ros/humble /usr/bin/cmake --install /home/com9/uet_ws/build/ur_moveit_config
[22.313s] Level 1:colcon.colcon_core.environment:create_environment_scripts_only(ur_moveit_config)
[22.313s] Level 1:colcon.colcon_core.environment:checking '/home/com9/uet_ws/install/ur_moveit_config' for CMake module files
[22.313s] DEBUG:colcon.colcon_core.event_handler.log_command:Invoked command in '/home/com9/uet_ws/build/ur_moveit_config' returned '0': CMAKE_PREFIX_PATH=${CMAKE_PREFIX_PATH}:/home/com9/uet_ws/install/susgrip_2f_hardware:/home/com9/uet_ws/install/susgrip_2f_gazebo:/home/com9/uet_ws/install/susgrip_2f_description:/home/com9/uet_ws/install/susgrip_2f_control:/opt/ros/humble /usr/bin/cmake --install /home/com9/uet_ws/build/ur_moveit_config
[22.313s] Level 1:colcon.colcon_core.environment:checking '/home/com9/uet_ws/install/ur_moveit_config' for CMake config files
[22.314s] Level 1:colcon.colcon_core.shell:create_environment_hook('ur_moveit_config', 'cmake_prefix_path')
[22.314s] INFO:colcon.colcon_core.shell:Creating environment hook '/home/com9/uet_ws/install/ur_moveit_config/share/ur_moveit_config/hook/cmake_prefix_path.ps1'
[22.314s] INFO:colcon.colcon_core.shell:Creating environment descriptor '/home/com9/uet_ws/install/ur_moveit_config/share/ur_moveit_config/hook/cmake_prefix_path.dsv'
[22.314s] INFO:colcon.colcon_core.shell:Creating environment hook '/home/com9/uet_ws/install/ur_moveit_config/share/ur_moveit_config/hook/cmake_prefix_path.sh'
[22.315s] Level 1:colcon.colcon_core.environment:checking '/home/com9/uet_ws/install/ur_moveit_config/bin'
[22.315s] Level 1:colcon.colcon_core.environment:checking '/home/com9/uet_ws/install/ur_moveit_config/lib/pkgconfig/ur_moveit_config.pc'
[22.315s] Level 1:colcon.colcon_core.environment:checking '/home/com9/uet_ws/install/ur_moveit_config/lib/python3.10/site-packages'
[22.315s] Level 1:colcon.colcon_core.environment:checking '/home/com9/uet_ws/install/ur_moveit_config/bin'
[22.315s] INFO:colcon.colcon_core.shell:Creating package script '/home/com9/uet_ws/install/ur_moveit_config/share/ur_moveit_config/package.ps1'
[22.315s] INFO:colcon.colcon_core.shell:Creating package descriptor '/home/com9/uet_ws/install/ur_moveit_config/share/ur_moveit_config/package.dsv'
[22.316s] INFO:colcon.colcon_core.shell:Creating package script '/home/com9/uet_ws/install/ur_moveit_config/share/ur_moveit_config/package.sh'
[22.316s] INFO:colcon.colcon_core.shell:Creating package script '/home/com9/uet_ws/install/ur_moveit_config/share/ur_moveit_config/package.bash'
[22.316s] INFO:colcon.colcon_core.shell:Creating package script '/home/com9/uet_ws/install/ur_moveit_config/share/ur_moveit_config/package.zsh'
[22.316s] Level 1:colcon.colcon_core.environment:create_file_with_runtime_dependencies(/home/com9/uet_ws/install/ur_moveit_config/share/colcon-core/packages/ur_moveit_config)
[22.316s] Level 1:colcon.colcon_core.environment:create_environment_scripts_only(ur_moveit_config)
[22.317s] Level 1:colcon.colcon_core.environment:checking '/home/com9/uet_ws/install/ur_moveit_config' for CMake module files
[22.317s] Level 1:colcon.colcon_core.environment:checking '/home/com9/uet_ws/install/ur_moveit_config' for CMake config files
[22.317s] Level 1:colcon.colcon_core.shell:create_environment_hook('ur_moveit_config', 'cmake_prefix_path')
[22.317s] INFO:colcon.colcon_core.shell:Creating environment hook '/home/com9/uet_ws/install/ur_moveit_config/share/ur_moveit_config/hook/cmake_prefix_path.ps1'
[22.317s] INFO:colcon.colcon_core.shell:Creating environment descriptor '/home/com9/uet_ws/install/ur_moveit_config/share/ur_moveit_config/hook/cmake_prefix_path.dsv'
[22.317s] INFO:colcon.colcon_core.shell:Creating environment hook '/home/com9/uet_ws/install/ur_moveit_config/share/ur_moveit_config/hook/cmake_prefix_path.sh'
[22.318s] Level 1:colcon.colcon_core.environment:checking '/home/com9/uet_ws/install/ur_moveit_config/bin'
[22.318s] Level 1:colcon.colcon_core.environment:checking '/home/com9/uet_ws/install/ur_moveit_config/lib/pkgconfig/ur_moveit_config.pc'
[22.318s] Level 1:colcon.colcon_core.environment:checking '/home/com9/uet_ws/install/ur_moveit_config/lib/python3.10/site-packages'
[22.318s] Level 1:colcon.colcon_core.environment:checking '/home/com9/uet_ws/install/ur_moveit_config/bin'
[22.318s] INFO:colcon.colcon_core.shell:Creating package script '/home/com9/uet_ws/install/ur_moveit_config/share/ur_moveit_config/package.ps1'
[22.319s] INFO:colcon.colcon_core.shell:Creating package descriptor '/home/com9/uet_ws/install/ur_moveit_config/share/ur_moveit_config/package.dsv'
[22.319s] INFO:colcon.colcon_core.shell:Creating package script '/home/com9/uet_ws/install/ur_moveit_config/share/ur_moveit_config/package.sh'
[22.319s] INFO:colcon.colcon_core.shell:Creating package script '/home/com9/uet_ws/install/ur_moveit_config/share/ur_moveit_config/package.bash'
[22.319s] INFO:colcon.colcon_core.shell:Creating package script '/home/com9/uet_ws/install/ur_moveit_config/share/ur_moveit_config/package.zsh'
[22.319s] Level 1:colcon.colcon_core.environment:create_file_with_runtime_dependencies(/home/com9/uet_ws/install/ur_moveit_config/share/colcon-core/packages/ur_moveit_config)
[22.320s] DEBUG:colcon.colcon_core.executor.sequential:run_until_complete 'ur_moveit_config' finished with '0'
[22.320s] DEBUG:colcon.colcon_core.executor.sequential:run_until_complete 'susgrip_2f_gazebo'
[22.320s] INFO:colcon.colcon_ros.task.ament_python.build:Building ROS package in '/home/com9/uet_ws/src/susgrip_2f/susgrip_2f_gazebo' with build type 'ament_python'
[22.320s] Level 1:colcon.colcon_core.shell:create_environment_hook('susgrip_2f_gazebo', 'ament_prefix_path')
[22.320s] INFO:colcon.colcon_core.shell:Creating environment hook '/home/com9/uet_ws/install/susgrip_2f_gazebo/share/susgrip_2f_gazebo/hook/ament_prefix_path.ps1'
[22.320s] INFO:colcon.colcon_core.shell:Creating environment descriptor '/home/com9/uet_ws/install/susgrip_2f_gazebo/share/susgrip_2f_gazebo/hook/ament_prefix_path.dsv'
[22.320s] INFO:colcon.colcon_core.shell:Creating environment hook '/home/com9/uet_ws/install/susgrip_2f_gazebo/share/susgrip_2f_gazebo/hook/ament_prefix_path.sh'
[22.321s] INFO:colcon.colcon_core.shell:Skip shell extension 'powershell' for command environment: Not usable outside of PowerShell
[22.321s] DEBUG:colcon.colcon_core.shell:Skip shell extension 'dsv' for command environment
[22.470s] INFO:colcon.colcon_core.task.python.build:Building Python package in '/home/com9/uet_ws/src/susgrip_2f/susgrip_2f_gazebo'
[22.470s] INFO:colcon.colcon_core.shell:Skip shell extension 'powershell' for command environment: Not usable outside of PowerShell
[22.470s] DEBUG:colcon.colcon_core.shell:Skip shell extension 'dsv' for command environment
[22.667s] DEBUG:colcon.colcon_core.task.python.build:Available setuptools commands: check, build_scripts, egg_info, build_py, install_data, develop, saveopts, install_headers, bdist, sdist, compile_catalog, init_catalog, bdist_dumb, install_lib, build_clib, build, upload_docs, register, rotate, update_catalog, install_scripts, test, upload, install, build_ext, alias, bdist_egg, install_egg_info, bdist_rpm, easy_install, symlink_data, dist_info, clean, setopt, extract_messages
[22.668s] DEBUG:colcon.colcon_core.event_handler.log_command:Invoking command in '/home/com9/uet_ws/src/susgrip_2f/susgrip_2f_gazebo': AMENT_PREFIX_PATH=/home/com9/uet_ws/install/susgrip_2f_description:/home/com9/uet_ws/install/ur_simulation_gz:/home/com9/uet_ws/install/ur:/home/com9/uet_ws/install/ur_calibration:/home/com9/uet_ws/install/ur_robot_driver:/home/com9/uet_ws/install/ur_moveit_config:/home/com9/uet_ws/install/ur_bringup:/home/com9/uet_ws/install/ur_controllers:/home/com9/uet_ws/install/ur_dashboard_msgs:/home/com9/uet_ws/install/ur3_moveit_control:/home/com9/uet_ws/install/susgrip_2f_hardware:/home/com9/uet_ws/install/susgrip_2f_gazebo:/home/com9/uet_ws/install/susgrip_2f_control:/opt/ros/humble PYTHONPATH=/home/com9/uet_ws/build/susgrip_2f_gazebo/prefix_override:/usr/lib/python3/dist-packages/colcon_core/task/python/colcon_distutils_commands:/home/com9/uet_ws/install/susgrip_2f_gazebo/lib/python3.10/site-packages:/home/com9/uet_ws/install/susgrip_2f_description/lib/python3.10/site-packages:/home/com9/uet_ws/install/ur_robot_driver/local/lib/python3.10/dist-packages:/home/com9/uet_ws/install/ur_moveit_config/local/lib/python3.10/dist-packages:/home/com9/uet_ws/install/ur_dashboard_msgs/local/lib/python3.10/dist-packages:/home/com9/uet_ws/install/ur3_moveit_control/local/lib/python3.10/dist-packages:/home/com9/uet_ws/install/susgrip_2f_hardware/lib/python3.10/site-packages:/home/com9/uet_ws/install/susgrip_2f_gazebo/lib/python3.10/site-packages:/home/com9/uet_ws/install/susgrip_2f_control/lib/python3.10/site-packages:/opt/ros/humble/lib/python3.10/site-packages:/opt/ros/humble/local/lib/python3.10/dist-packages /usr/bin/python3 -W ignore:setup.py install is deprecated -W ignore:easy_install command is deprecated setup.py egg_info --egg-base ../../../build/susgrip_2f_gazebo build --build-base /home/com9/uet_ws/build/susgrip_2f_gazebo/build install --record /home/com9/uet_ws/build/susgrip_2f_gazebo/install.log --install-scripts $base/lib/susgrip_2f_gazebo --single-version-externally-managed install_data
[22.828s] Level 1:colcon.colcon_core.environment:checking '/home/com9/uet_ws/install/susgrip_2f_gazebo' for CMake module files
[22.828s] DEBUG:colcon.colcon_core.event_handler.log_command:Invoked command in '/home/com9/uet_ws/src/susgrip_2f/susgrip_2f_gazebo' returned '0': AMENT_PREFIX_PATH=/home/com9/uet_ws/install/susgrip_2f_description:/home/com9/uet_ws/install/ur_simulation_gz:/home/com9/uet_ws/install/ur:/home/com9/uet_ws/install/ur_calibration:/home/com9/uet_ws/install/ur_robot_driver:/home/com9/uet_ws/install/ur_moveit_config:/home/com9/uet_ws/install/ur_bringup:/home/com9/uet_ws/install/ur_controllers:/home/com9/uet_ws/install/ur_dashboard_msgs:/home/com9/uet_ws/install/ur3_moveit_control:/home/com9/uet_ws/install/susgrip_2f_hardware:/home/com9/uet_ws/install/susgrip_2f_gazebo:/home/com9/uet_ws/install/susgrip_2f_control:/opt/ros/humble PYTHONPATH=/home/com9/uet_ws/build/susgrip_2f_gazebo/prefix_override:/usr/lib/python3/dist-packages/colcon_core/task/python/colcon_distutils_commands:/home/com9/uet_ws/install/susgrip_2f_gazebo/lib/python3.10/site-packages:/home/com9/uet_ws/install/susgrip_2f_description/lib/python3.10/site-packages:/home/com9/uet_ws/install/ur_robot_driver/local/lib/python3.10/dist-packages:/home/com9/uet_ws/install/ur_moveit_config/local/lib/python3.10/dist-packages:/home/com9/uet_ws/install/ur_dashboard_msgs/local/lib/python3.10/dist-packages:/home/com9/uet_ws/install/ur3_moveit_control/local/lib/python3.10/dist-packages:/home/com9/uet_ws/install/susgrip_2f_hardware/lib/python3.10/site-packages:/home/com9/uet_ws/install/susgrip_2f_gazebo/lib/python3.10/site-packages:/home/com9/uet_ws/install/susgrip_2f_control/lib/python3.10/site-packages:/opt/ros/humble/lib/python3.10/site-packages:/opt/ros/humble/local/lib/python3.10/dist-packages /usr/bin/python3 -W ignore:setup.py install is deprecated -W ignore:easy_install command is deprecated setup.py egg_info --egg-base ../../../build/susgrip_2f_gazebo build --build-base /home/com9/uet_ws/build/susgrip_2f_gazebo/build install --record /home/com9/uet_ws/build/susgrip_2f_gazebo/install.log --install-scripts $base/lib/susgrip_2f_gazebo --single-version-externally-managed install_data
[22.829s] Level 1:colcon.colcon_core.environment:checking '/home/com9/uet_ws/install/susgrip_2f_gazebo' for CMake config files
[22.829s] Level 1:colcon.colcon_core.environment:checking '/home/com9/uet_ws/install/susgrip_2f_gazebo/lib'
[22.829s] Level 1:colcon.colcon_core.environment:checking '/home/com9/uet_ws/install/susgrip_2f_gazebo/bin'
[22.829s] Level 1:colcon.colcon_core.environment:checking '/home/com9/uet_ws/install/susgrip_2f_gazebo/lib/pkgconfig/susgrip_2f_gazebo.pc'
[22.829s] Level 1:colcon.colcon_core.environment:checking '/home/com9/uet_ws/install/susgrip_2f_gazebo/lib/python3.10/site-packages'
[22.829s] Level 1:colcon.colcon_core.shell:create_environment_hook('susgrip_2f_gazebo', 'pythonpath')
[22.829s] INFO:colcon.colcon_core.shell:Creating environment hook '/home/com9/uet_ws/install/susgrip_2f_gazebo/share/susgrip_2f_gazebo/hook/pythonpath.ps1'
[22.830s] INFO:colcon.colcon_core.shell:Creating environment descriptor '/home/com9/uet_ws/install/susgrip_2f_gazebo/share/susgrip_2f_gazebo/hook/pythonpath.dsv'
[22.830s] INFO:colcon.colcon_core.shell:Creating environment hook '/home/com9/uet_ws/install/susgrip_2f_gazebo/share/susgrip_2f_gazebo/hook/pythonpath.sh'
[22.830s] Level 1:colcon.colcon_core.environment:checking '/home/com9/uet_ws/install/susgrip_2f_gazebo/bin'
[22.830s] Level 1:colcon.colcon_core.environment:create_environment_scripts_only(susgrip_2f_gazebo)
[22.831s] INFO:colcon.colcon_core.shell:Creating package script '/home/com9/uet_ws/install/susgrip_2f_gazebo/share/susgrip_2f_gazebo/package.ps1'
[22.831s] INFO:colcon.colcon_core.shell:Creating package descriptor '/home/com9/uet_ws/install/susgrip_2f_gazebo/share/susgrip_2f_gazebo/package.dsv'
[22.831s] INFO:colcon.colcon_core.shell:Creating package script '/home/com9/uet_ws/install/susgrip_2f_gazebo/share/susgrip_2f_gazebo/package.sh'
[22.831s] INFO:colcon.colcon_core.shell:Creating package script '/home/com9/uet_ws/install/susgrip_2f_gazebo/share/susgrip_2f_gazebo/package.bash'
[22.831s] INFO:colcon.colcon_core.shell:Creating package script '/home/com9/uet_ws/install/susgrip_2f_gazebo/share/susgrip_2f_gazebo/package.zsh'
[22.832s] Level 1:colcon.colcon_core.environment:create_file_with_runtime_dependencies(/home/com9/uet_ws/install/susgrip_2f_gazebo/share/colcon-core/packages/susgrip_2f_gazebo)
[22.832s] DEBUG:colcon.colcon_core.executor.sequential:run_until_complete 'susgrip_2f_gazebo' finished with '0'
[22.832s] DEBUG:colcon.colcon_core.executor.sequential:run_until_complete 'ur_controllers'
[22.832s] INFO:colcon.colcon_ros.task.ament_cmake.build:Building ROS package in '/home/com9/uet_ws/src/Universal_Robots_ROS2_Driver/ur_controllers' with build type 'ament_cmake'
[22.832s] INFO:colcon.colcon_cmake.task.cmake.build:Building CMake package in '/home/com9/uet_ws/src/Universal_Robots_ROS2_Driver/ur_controllers'
[22.832s] INFO:colcon.colcon_core.shell:Skip shell extension 'powershell' for command environment: Not usable outside of PowerShell
[22.832s] DEBUG:colcon.colcon_core.shell:Skip shell extension 'dsv' for command environment
[22.839s] DEBUG:colcon.colcon_core.event_handler.log_command:Invoking command in '/home/com9/uet_ws/build/ur_controllers': CMAKE_PREFIX_PATH=/home/com9/uet_ws/install/ur_dashboard_msgs:/home/com9/uet_ws/install/ur_simulation_gz:/home/com9/uet_ws/install/ur:/home/com9/uet_ws/install/ur_calibration:/home/com9/uet_ws/install/ur_robot_driver:/home/com9/uet_ws/install/ur_moveit_config:/home/com9/uet_ws/install/ur_bringup:/home/com9/uet_ws/install/ur_controllers:/home/com9/uet_ws/install/ur3_moveit_control:/home/com9/uet_ws/install/susgrip_2f_hardware:/home/com9/uet_ws/install/susgrip_2f_gazebo:/home/com9/uet_ws/install/susgrip_2f_description:/home/com9/uet_ws/install/susgrip_2f_control:/opt/ros/humble LD_LIBRARY_PATH=/home/com9/uet_ws/install/ur_dashboard_msgs/lib:/home/com9/uet_ws/install/ur_robot_driver/lib:/home/com9/uet_ws/install/ur_controllers/lib:/home/com9/uet_ws/install/ur3_moveit_control/lib:/opt/ros/humble/opt/rviz_ogre_vendor/lib:/opt/ros/humble/lib/x86_64-linux-gnu:/opt/ros/humble/lib /usr/bin/cmake --build /home/com9/uet_ws/build/ur_controllers
[23.151s] DEBUG:colcon.colcon_core.event_handler.log_command:Invoked command in '/home/com9/uet_ws/build/ur_controllers' returned '0': CMAKE_PREFIX_PATH=/home/com9/uet_ws/install/ur_dashboard_msgs:/home/com9/uet_ws/install/ur_simulation_gz:/home/com9/uet_ws/install/ur:/home/com9/uet_ws/install/ur_calibration:/home/com9/uet_ws/install/ur_robot_driver:/home/com9/uet_ws/install/ur_moveit_config:/home/com9/uet_ws/install/ur_bringup:/home/com9/uet_ws/install/ur_controllers:/home/com9/uet_ws/install/ur3_moveit_control:/home/com9/uet_ws/install/susgrip_2f_hardware:/home/com9/uet_ws/install/susgrip_2f_gazebo:/home/com9/uet_ws/install/susgrip_2f_description:/home/com9/uet_ws/install/susgrip_2f_control:/opt/ros/humble LD_LIBRARY_PATH=/home/com9/uet_ws/install/ur_dashboard_msgs/lib:/home/com9/uet_ws/install/ur_robot_driver/lib:/home/com9/uet_ws/install/ur_controllers/lib:/home/com9/uet_ws/install/ur3_moveit_control/lib:/opt/ros/humble/opt/rviz_ogre_vendor/lib:/opt/ros/humble/lib/x86_64-linux-gnu:/opt/ros/humble/lib /usr/bin/cmake --build /home/com9/uet_ws/build/ur_controllers
[23.153s] DEBUG:colcon.colcon_core.event_handler.log_command:Invoking command in '/home/com9/uet_ws/build/ur_controllers': CMAKE_PREFIX_PATH=/home/com9/uet_ws/install/ur_dashboard_msgs:/home/com9/uet_ws/install/ur_simulation_gz:/home/com9/uet_ws/install/ur:/home/com9/uet_ws/install/ur_calibration:/home/com9/uet_ws/install/ur_robot_driver:/home/com9/uet_ws/install/ur_moveit_config:/home/com9/uet_ws/install/ur_bringup:/home/com9/uet_ws/install/ur_controllers:/home/com9/uet_ws/install/ur3_moveit_control:/home/com9/uet_ws/install/susgrip_2f_hardware:/home/com9/uet_ws/install/susgrip_2f_gazebo:/home/com9/uet_ws/install/susgrip_2f_description:/home/com9/uet_ws/install/susgrip_2f_control:/opt/ros/humble LD_LIBRARY_PATH=/home/com9/uet_ws/install/ur_dashboard_msgs/lib:/home/com9/uet_ws/install/ur_robot_driver/lib:/home/com9/uet_ws/install/ur_controllers/lib:/home/com9/uet_ws/install/ur3_moveit_control/lib:/opt/ros/humble/opt/rviz_ogre_vendor/lib:/opt/ros/humble/lib/x86_64-linux-gnu:/opt/ros/humble/lib /usr/bin/cmake --install /home/com9/uet_ws/build/ur_controllers
[23.161s] Level 1:colcon.colcon_core.environment:create_environment_scripts_only(ur_controllers)
[23.162s] Level 1:colcon.colcon_core.environment:checking '/home/com9/uet_ws/install/ur_controllers' for CMake module files
[23.162s] Level 1:colcon.colcon_core.environment:checking '/home/com9/uet_ws/install/ur_controllers' for CMake config files
[23.163s] DEBUG:colcon.colcon_core.event_handler.log_command:Invoked command in '/home/com9/uet_ws/build/ur_controllers' returned '0': CMAKE_PREFIX_PATH=/home/com9/uet_ws/install/ur_dashboard_msgs:/home/com9/uet_ws/install/ur_simulation_gz:/home/com9/uet_ws/install/ur:/home/com9/uet_ws/install/ur_calibration:/home/com9/uet_ws/install/ur_robot_driver:/home/com9/uet_ws/install/ur_moveit_config:/home/com9/uet_ws/install/ur_bringup:/home/com9/uet_ws/install/ur_controllers:/home/com9/uet_ws/install/ur3_moveit_control:/home/com9/uet_ws/install/susgrip_2f_hardware:/home/com9/uet_ws/install/susgrip_2f_gazebo:/home/com9/uet_ws/install/susgrip_2f_description:/home/com9/uet_ws/install/susgrip_2f_control:/opt/ros/humble LD_LIBRARY_PATH=/home/com9/uet_ws/install/ur_dashboard_msgs/lib:/home/com9/uet_ws/install/ur_robot_driver/lib:/home/com9/uet_ws/install/ur_controllers/lib:/home/com9/uet_ws/install/ur3_moveit_control/lib:/opt/ros/humble/opt/rviz_ogre_vendor/lib:/opt/ros/humble/lib/x86_64-linux-gnu:/opt/ros/humble/lib /usr/bin/cmake --install /home/com9/uet_ws/build/ur_controllers
[23.163s] Level 1:colcon.colcon_core.shell:create_environment_hook('ur_controllers', 'cmake_prefix_path')
[23.163s] INFO:colcon.colcon_core.shell:Creating environment hook '/home/com9/uet_ws/install/ur_controllers/share/ur_controllers/hook/cmake_prefix_path.ps1'
[23.163s] INFO:colcon.colcon_core.shell:Creating environment descriptor '/home/com9/uet_ws/install/ur_controllers/share/ur_controllers/hook/cmake_prefix_path.dsv'
[23.164s] INFO:colcon.colcon_core.shell:Creating environment hook '/home/com9/uet_ws/install/ur_controllers/share/ur_controllers/hook/cmake_prefix_path.sh'
[23.164s] Level 1:colcon.colcon_core.environment:checking '/home/com9/uet_ws/install/ur_controllers/lib'
[23.164s] Level 1:colcon.colcon_core.shell:create_environment_hook('ur_controllers', 'ld_library_path_lib')
[23.164s] INFO:colcon.colcon_core.shell:Creating environment hook '/home/com9/uet_ws/install/ur_controllers/share/ur_controllers/hook/ld_library_path_lib.ps1'
[23.164s] INFO:colcon.colcon_core.shell:Creating environment descriptor '/home/com9/uet_ws/install/ur_controllers/share/ur_controllers/hook/ld_library_path_lib.dsv'
[23.165s] INFO:colcon.colcon_core.shell:Creating environment hook '/home/com9/uet_ws/install/ur_controllers/share/ur_controllers/hook/ld_library_path_lib.sh'
[23.165s] Level 1:colcon.colcon_core.environment:checking '/home/com9/uet_ws/install/ur_controllers/bin'
[23.165s] Level 1:colcon.colcon_core.environment:checking '/home/com9/uet_ws/install/ur_controllers/lib/pkgconfig/ur_controllers.pc'
[23.165s] Level 1:colcon.colcon_core.environment:checking '/home/com9/uet_ws/install/ur_controllers/lib/python3.10/site-packages'
[23.165s] Level 1:colcon.colcon_core.environment:checking '/home/com9/uet_ws/install/ur_controllers/bin'
[23.165s] INFO:colcon.colcon_core.shell:Creating package script '/home/com9/uet_ws/install/ur_controllers/share/ur_controllers/package.ps1'
[23.166s] INFO:colcon.colcon_core.shell:Creating package descriptor '/home/com9/uet_ws/install/ur_controllers/share/ur_controllers/package.dsv'
[23.166s] INFO:colcon.colcon_core.shell:Creating package script '/home/com9/uet_ws/install/ur_controllers/share/ur_controllers/package.sh'
[23.166s] INFO:colcon.colcon_core.shell:Creating package script '/home/com9/uet_ws/install/ur_controllers/share/ur_controllers/package.bash'
[23.166s] INFO:colcon.colcon_core.shell:Creating package script '/home/com9/uet_ws/install/ur_controllers/share/ur_controllers/package.zsh'
[23.167s] Level 1:colcon.colcon_core.environment:create_file_with_runtime_dependencies(/home/com9/uet_ws/install/ur_controllers/share/colcon-core/packages/ur_controllers)
[23.167s] Level 1:colcon.colcon_core.environment:create_environment_scripts_only(ur_controllers)
[23.167s] Level 1:colcon.colcon_core.environment:checking '/home/com9/uet_ws/install/ur_controllers' for CMake module files
[23.167s] Level 1:colcon.colcon_core.environment:checking '/home/com9/uet_ws/install/ur_controllers' for CMake config files
[23.167s] Level 1:colcon.colcon_core.shell:create_environment_hook('ur_controllers', 'cmake_prefix_path')
[23.167s] INFO:colcon.colcon_core.shell:Creating environment hook '/home/com9/uet_ws/install/ur_controllers/share/ur_controllers/hook/cmake_prefix_path.ps1'
[23.168s] INFO:colcon.colcon_core.shell:Creating environment descriptor '/home/com9/uet_ws/install/ur_controllers/share/ur_controllers/hook/cmake_prefix_path.dsv'
[23.168s] INFO:colcon.colcon_core.shell:Creating environment hook '/home/com9/uet_ws/install/ur_controllers/share/ur_controllers/hook/cmake_prefix_path.sh'
[23.168s] Level 1:colcon.colcon_core.environment:checking '/home/com9/uet_ws/install/ur_controllers/lib'
[23.168s] Level 1:colcon.colcon_core.shell:create_environment_hook('ur_controllers', 'ld_library_path_lib')
[23.168s] INFO:colcon.colcon_core.shell:Creating environment hook '/home/com9/uet_ws/install/ur_controllers/share/ur_controllers/hook/ld_library_path_lib.ps1'
[23.169s] INFO:colcon.colcon_core.shell:Creating environment descriptor '/home/com9/uet_ws/install/ur_controllers/share/ur_controllers/hook/ld_library_path_lib.dsv'
[23.169s] INFO:colcon.colcon_core.shell:Creating environment hook '/home/com9/uet_ws/install/ur_controllers/share/ur_controllers/hook/ld_library_path_lib.sh'
[23.169s] Level 1:colcon.colcon_core.environment:checking '/home/com9/uet_ws/install/ur_controllers/bin'
[23.169s] Level 1:colcon.colcon_core.environment:checking '/home/com9/uet_ws/install/ur_controllers/lib/pkgconfig/ur_controllers.pc'
[23.169s] Level 1:colcon.colcon_core.environment:checking '/home/com9/uet_ws/install/ur_controllers/lib/python3.10/site-packages'
[23.169s] Level 1:colcon.colcon_core.environment:checking '/home/com9/uet_ws/install/ur_controllers/bin'
[23.169s] INFO:colcon.colcon_core.shell:Creating package script '/home/com9/uet_ws/install/ur_controllers/share/ur_controllers/package.ps1'
[23.170s] INFO:colcon.colcon_core.shell:Creating package descriptor '/home/com9/uet_ws/install/ur_controllers/share/ur_controllers/package.dsv'
[23.170s] INFO:colcon.colcon_core.shell:Creating package script '/home/com9/uet_ws/install/ur_controllers/share/ur_controllers/package.sh'
[23.170s] INFO:colcon.colcon_core.shell:Creating package script '/home/com9/uet_ws/install/ur_controllers/share/ur_controllers/package.bash'
[23.171s] INFO:colcon.colcon_core.shell:Creating package script '/home/com9/uet_ws/install/ur_controllers/share/ur_controllers/package.zsh'
[23.171s] Level 1:colcon.colcon_core.environment:create_file_with_runtime_dependencies(/home/com9/uet_ws/install/ur_controllers/share/colcon-core/packages/ur_controllers)
[23.171s] DEBUG:colcon.colcon_core.executor.sequential:run_until_complete 'ur_controllers' finished with '0'
[23.171s] DEBUG:colcon.colcon_core.executor.sequential:run_until_complete 'ur_bringup'
[23.171s] INFO:colcon.colcon_ros.task.ament_cmake.build:Building ROS package in '/home/com9/uet_ws/src/Universal_Robots_ROS2_Driver/ur_bringup' with build type 'ament_cmake'
[23.171s] INFO:colcon.colcon_cmake.task.cmake.build:Building CMake package in '/home/com9/uet_ws/src/Universal_Robots_ROS2_Driver/ur_bringup'
[23.171s] INFO:colcon.colcon_core.shell:Skip shell extension 'powershell' for command environment: Not usable outside of PowerShell
[23.171s] DEBUG:colcon.colcon_core.shell:Skip shell extension 'dsv' for command environment
[23.179s] DEBUG:colcon.colcon_core.event_handler.log_command:Invoking command in '/home/com9/uet_ws/build/ur_bringup': CMAKE_PREFIX_PATH=/home/com9/uet_ws/install/ur_controllers:/home/com9/uet_ws/install/ur_dashboard_msgs:/home/com9/uet_ws/install/ur_simulation_gz:/home/com9/uet_ws/install/ur:/home/com9/uet_ws/install/ur_calibration:/home/com9/uet_ws/install/ur_robot_driver:/home/com9/uet_ws/install/ur_moveit_config:/home/com9/uet_ws/install/ur_bringup:/home/com9/uet_ws/install/ur3_moveit_control:/home/com9/uet_ws/install/susgrip_2f_hardware:/home/com9/uet_ws/install/susgrip_2f_gazebo:/home/com9/uet_ws/install/susgrip_2f_description:/home/com9/uet_ws/install/susgrip_2f_control:/opt/ros/humble LD_LIBRARY_PATH=/home/com9/uet_ws/install/ur_controllers/lib:/home/com9/uet_ws/install/ur_dashboard_msgs/lib:/home/com9/uet_ws/install/ur_robot_driver/lib:/home/com9/uet_ws/install/ur3_moveit_control/lib:/opt/ros/humble/opt/rviz_ogre_vendor/lib:/opt/ros/humble/lib/x86_64-linux-gnu:/opt/ros/humble/lib /usr/bin/cmake --build /home/com9/uet_ws/build/ur_bringup
[23.202s] DEBUG:colcon.colcon_core.event_handler.log_command:Invoked command in '/home/com9/uet_ws/build/ur_bringup' returned '0': CMAKE_PREFIX_PATH=/home/com9/uet_ws/install/ur_controllers:/home/com9/uet_ws/install/ur_dashboard_msgs:/home/com9/uet_ws/install/ur_simulation_gz:/home/com9/uet_ws/install/ur:/home/com9/uet_ws/install/ur_calibration:/home/com9/uet_ws/install/ur_robot_driver:/home/com9/uet_ws/install/ur_moveit_config:/home/com9/uet_ws/install/ur_bringup:/home/com9/uet_ws/install/ur3_moveit_control:/home/com9/uet_ws/install/susgrip_2f_hardware:/home/com9/uet_ws/install/susgrip_2f_gazebo:/home/com9/uet_ws/install/susgrip_2f_description:/home/com9/uet_ws/install/susgrip_2f_control:/opt/ros/humble LD_LIBRARY_PATH=/home/com9/uet_ws/install/ur_controllers/lib:/home/com9/uet_ws/install/ur_dashboard_msgs/lib:/home/com9/uet_ws/install/ur_robot_driver/lib:/home/com9/uet_ws/install/ur3_moveit_control/lib:/opt/ros/humble/opt/rviz_ogre_vendor/lib:/opt/ros/humble/lib/x86_64-linux-gnu:/opt/ros/humble/lib /usr/bin/cmake --build /home/com9/uet_ws/build/ur_bringup
[23.203s] DEBUG:colcon.colcon_core.event_handler.log_command:Invoking command in '/home/com9/uet_ws/build/ur_bringup': CMAKE_PREFIX_PATH=/home/com9/uet_ws/install/ur_controllers:/home/com9/uet_ws/install/ur_dashboard_msgs:/home/com9/uet_ws/install/ur_simulation_gz:/home/com9/uet_ws/install/ur:/home/com9/uet_ws/install/ur_calibration:/home/com9/uet_ws/install/ur_robot_driver:/home/com9/uet_ws/install/ur_moveit_config:/home/com9/uet_ws/install/ur_bringup:/home/com9/uet_ws/install/ur3_moveit_control:/home/com9/uet_ws/install/susgrip_2f_hardware:/home/com9/uet_ws/install/susgrip_2f_gazebo:/home/com9/uet_ws/install/susgrip_2f_description:/home/com9/uet_ws/install/susgrip_2f_control:/opt/ros/humble LD_LIBRARY_PATH=/home/com9/uet_ws/install/ur_controllers/lib:/home/com9/uet_ws/install/ur_dashboard_msgs/lib:/home/com9/uet_ws/install/ur_robot_driver/lib:/home/com9/uet_ws/install/ur3_moveit_control/lib:/opt/ros/humble/opt/rviz_ogre_vendor/lib:/opt/ros/humble/lib/x86_64-linux-gnu:/opt/ros/humble/lib /usr/bin/cmake --install /home/com9/uet_ws/build/ur_bringup
[23.210s] Level 1:colcon.colcon_core.environment:create_environment_scripts_only(ur_bringup)
[23.210s] DEBUG:colcon.colcon_core.event_handler.log_command:Invoked command in '/home/com9/uet_ws/build/ur_bringup' returned '0': CMAKE_PREFIX_PATH=/home/com9/uet_ws/install/ur_controllers:/home/com9/uet_ws/install/ur_dashboard_msgs:/home/com9/uet_ws/install/ur_simulation_gz:/home/com9/uet_ws/install/ur:/home/com9/uet_ws/install/ur_calibration:/home/com9/uet_ws/install/ur_robot_driver:/home/com9/uet_ws/install/ur_moveit_config:/home/com9/uet_ws/install/ur_bringup:/home/com9/uet_ws/install/ur3_moveit_control:/home/com9/uet_ws/install/susgrip_2f_hardware:/home/com9/uet_ws/install/susgrip_2f_gazebo:/home/com9/uet_ws/install/susgrip_2f_description:/home/com9/uet_ws/install/susgrip_2f_control:/opt/ros/humble LD_LIBRARY_PATH=/home/com9/uet_ws/install/ur_controllers/lib:/home/com9/uet_ws/install/ur_dashboard_msgs/lib:/home/com9/uet_ws/install/ur_robot_driver/lib:/home/com9/uet_ws/install/ur3_moveit_control/lib:/opt/ros/humble/opt/rviz_ogre_vendor/lib:/opt/ros/humble/lib/x86_64-linux-gnu:/opt/ros/humble/lib /usr/bin/cmake --install /home/com9/uet_ws/build/ur_bringup
[23.210s] Level 1:colcon.colcon_core.environment:checking '/home/com9/uet_ws/install/ur_bringup' for CMake module files
[23.210s] Level 1:colcon.colcon_core.environment:checking '/home/com9/uet_ws/install/ur_bringup' for CMake config files
[23.210s] Level 1:colcon.colcon_core.shell:create_environment_hook('ur_bringup', 'cmake_prefix_path')
[23.211s] INFO:colcon.colcon_core.shell:Creating environment hook '/home/com9/uet_ws/install/ur_bringup/share/ur_bringup/hook/cmake_prefix_path.ps1'
[23.211s] INFO:colcon.colcon_core.shell:Creating environment descriptor '/home/com9/uet_ws/install/ur_bringup/share/ur_bringup/hook/cmake_prefix_path.dsv'
[23.211s] INFO:colcon.colcon_core.shell:Creating environment hook '/home/com9/uet_ws/install/ur_bringup/share/ur_bringup/hook/cmake_prefix_path.sh'
[23.211s] Level 1:colcon.colcon_core.environment:checking '/home/com9/uet_ws/install/ur_bringup/lib'
[23.211s] Level 1:colcon.colcon_core.environment:checking '/home/com9/uet_ws/install/ur_bringup/bin'
[23.211s] Level 1:colcon.colcon_core.environment:checking '/home/com9/uet_ws/install/ur_bringup/lib/pkgconfig/ur_bringup.pc'
[23.212s] Level 1:colcon.colcon_core.environment:checking '/home/com9/uet_ws/install/ur_bringup/lib/python3.10/site-packages'
[23.212s] Level 1:colcon.colcon_core.environment:checking '/home/com9/uet_ws/install/ur_bringup/bin'
[23.212s] INFO:colcon.colcon_core.shell:Creating package script '/home/com9/uet_ws/install/ur_bringup/share/ur_bringup/package.ps1'
[23.212s] INFO:colcon.colcon_core.shell:Creating package descriptor '/home/com9/uet_ws/install/ur_bringup/share/ur_bringup/package.dsv'
[23.212s] INFO:colcon.colcon_core.shell:Creating package script '/home/com9/uet_ws/install/ur_bringup/share/ur_bringup/package.sh'
[23.213s] INFO:colcon.colcon_core.shell:Creating package script '/home/com9/uet_ws/install/ur_bringup/share/ur_bringup/package.bash'
[23.213s] INFO:colcon.colcon_core.shell:Creating package script '/home/com9/uet_ws/install/ur_bringup/share/ur_bringup/package.zsh'
[23.213s] Level 1:colcon.colcon_core.environment:create_file_with_runtime_dependencies(/home/com9/uet_ws/install/ur_bringup/share/colcon-core/packages/ur_bringup)
[23.213s] Level 1:colcon.colcon_core.environment:create_environment_scripts_only(ur_bringup)
[23.213s] Level 1:colcon.colcon_core.environment:checking '/home/com9/uet_ws/install/ur_bringup' for CMake module files
[23.214s] Level 1:colcon.colcon_core.environment:checking '/home/com9/uet_ws/install/ur_bringup' for CMake config files
[23.214s] Level 1:colcon.colcon_core.shell:create_environment_hook('ur_bringup', 'cmake_prefix_path')
[23.214s] INFO:colcon.colcon_core.shell:Creating environment hook '/home/com9/uet_ws/install/ur_bringup/share/ur_bringup/hook/cmake_prefix_path.ps1'
[23.214s] INFO:colcon.colcon_core.shell:Creating environment descriptor '/home/com9/uet_ws/install/ur_bringup/share/ur_bringup/hook/cmake_prefix_path.dsv'
[23.214s] INFO:colcon.colcon_core.shell:Creating environment hook '/home/com9/uet_ws/install/ur_bringup/share/ur_bringup/hook/cmake_prefix_path.sh'
[23.214s] Level 1:colcon.colcon_core.environment:checking '/home/com9/uet_ws/install/ur_bringup/lib'
[23.215s] Level 1:colcon.colcon_core.environment:checking '/home/com9/uet_ws/install/ur_bringup/bin'
[23.215s] Level 1:colcon.colcon_core.environment:checking '/home/com9/uet_ws/install/ur_bringup/lib/pkgconfig/ur_bringup.pc'
[23.215s] Level 1:colcon.colcon_core.environment:checking '/home/com9/uet_ws/install/ur_bringup/lib/python3.10/site-packages'
[23.215s] Level 1:colcon.colcon_core.environment:checking '/home/com9/uet_ws/install/ur_bringup/bin'
[23.215s] INFO:colcon.colcon_core.shell:Creating package script '/home/com9/uet_ws/install/ur_bringup/share/ur_bringup/package.ps1'
[23.215s] INFO:colcon.colcon_core.shell:Creating package descriptor '/home/com9/uet_ws/install/ur_bringup/share/ur_bringup/package.dsv'
[23.216s] INFO:colcon.colcon_core.shell:Creating package script '/home/com9/uet_ws/install/ur_bringup/share/ur_bringup/package.sh'
[23.216s] INFO:colcon.colcon_core.shell:Creating package script '/home/com9/uet_ws/install/ur_bringup/share/ur_bringup/package.bash'
[23.216s] INFO:colcon.colcon_core.shell:Creating package script '/home/com9/uet_ws/install/ur_bringup/share/ur_bringup/package.zsh'
[23.216s] Level 1:colcon.colcon_core.environment:create_file_with_runtime_dependencies(/home/com9/uet_ws/install/ur_bringup/share/colcon-core/packages/ur_bringup)
[23.216s] DEBUG:colcon.colcon_core.executor.sequential:run_until_complete 'ur_bringup' finished with '0'
[23.216s] DEBUG:colcon.colcon_core.executor.sequential:run_until_complete 'ur_robot_driver'
[23.216s] INFO:colcon.colcon_ros.task.ament_cmake.build:Building ROS package in '/home/com9/uet_ws/src/Universal_Robots_ROS2_Driver/ur_robot_driver' with build type 'ament_cmake'
[23.216s] INFO:colcon.colcon_cmake.task.cmake.build:Building CMake package in '/home/com9/uet_ws/src/Universal_Robots_ROS2_Driver/ur_robot_driver'
[23.217s] INFO:colcon.colcon_core.shell:Skip shell extension 'powershell' for command environment: Not usable outside of PowerShell
[23.217s] DEBUG:colcon.colcon_core.shell:Skip shell extension 'dsv' for command environment
[23.224s] DEBUG:colcon.colcon_core.event_handler.log_command:Invoking command in '/home/com9/uet_ws/build/ur_robot_driver': CMAKE_PREFIX_PATH=/home/com9/uet_ws/install/ur_controllers:/home/com9/uet_ws/install/ur_dashboard_msgs:/home/com9/uet_ws/install/ur_simulation_gz:/home/com9/uet_ws/install/ur:/home/com9/uet_ws/install/ur_calibration:/home/com9/uet_ws/install/ur_robot_driver:/home/com9/uet_ws/install/ur_moveit_config:/home/com9/uet_ws/install/ur_bringup:/home/com9/uet_ws/install/ur3_moveit_control:/home/com9/uet_ws/install/susgrip_2f_hardware:/home/com9/uet_ws/install/susgrip_2f_gazebo:/home/com9/uet_ws/install/susgrip_2f_description:/home/com9/uet_ws/install/susgrip_2f_control:/opt/ros/humble LD_LIBRARY_PATH=/home/com9/uet_ws/install/ur_controllers/lib:/home/com9/uet_ws/install/ur_dashboard_msgs/lib:/home/com9/uet_ws/install/ur_robot_driver/lib:/home/com9/uet_ws/install/ur3_moveit_control/lib:/opt/ros/humble/opt/rviz_ogre_vendor/lib:/opt/ros/humble/lib/x86_64-linux-gnu:/opt/ros/humble/lib /usr/bin/cmake --build /home/com9/uet_ws/build/ur_robot_driver
[23.576s] DEBUG:colcon.colcon_core.event_handler.log_command:Invoked command in '/home/com9/uet_ws/build/ur_robot_driver' returned '0': CMAKE_PREFIX_PATH=/home/com9/uet_ws/install/ur_controllers:/home/com9/uet_ws/install/ur_dashboard_msgs:/home/com9/uet_ws/install/ur_simulation_gz:/home/com9/uet_ws/install/ur:/home/com9/uet_ws/install/ur_calibration:/home/com9/uet_ws/install/ur_robot_driver:/home/com9/uet_ws/install/ur_moveit_config:/home/com9/uet_ws/install/ur_bringup:/home/com9/uet_ws/install/ur3_moveit_control:/home/com9/uet_ws/install/susgrip_2f_hardware:/home/com9/uet_ws/install/susgrip_2f_gazebo:/home/com9/uet_ws/install/susgrip_2f_description:/home/com9/uet_ws/install/susgrip_2f_control:/opt/ros/humble LD_LIBRARY_PATH=/home/com9/uet_ws/install/ur_controllers/lib:/home/com9/uet_ws/install/ur_dashboard_msgs/lib:/home/com9/uet_ws/install/ur_robot_driver/lib:/home/com9/uet_ws/install/ur3_moveit_control/lib:/opt/ros/humble/opt/rviz_ogre_vendor/lib:/opt/ros/humble/lib/x86_64-linux-gnu:/opt/ros/humble/lib /usr/bin/cmake --build /home/com9/uet_ws/build/ur_robot_driver
[23.577s] DEBUG:colcon.colcon_core.event_handler.log_command:Invoking command in '/home/com9/uet_ws/build/ur_robot_driver': CMAKE_PREFIX_PATH=/home/com9/uet_ws/install/ur_controllers:/home/com9/uet_ws/install/ur_dashboard_msgs:/home/com9/uet_ws/install/ur_simulation_gz:/home/com9/uet_ws/install/ur:/home/com9/uet_ws/install/ur_calibration:/home/com9/uet_ws/install/ur_robot_driver:/home/com9/uet_ws/install/ur_moveit_config:/home/com9/uet_ws/install/ur_bringup:/home/com9/uet_ws/install/ur3_moveit_control:/home/com9/uet_ws/install/susgrip_2f_hardware:/home/com9/uet_ws/install/susgrip_2f_gazebo:/home/com9/uet_ws/install/susgrip_2f_description:/home/com9/uet_ws/install/susgrip_2f_control:/opt/ros/humble LD_LIBRARY_PATH=/home/com9/uet_ws/install/ur_controllers/lib:/home/com9/uet_ws/install/ur_dashboard_msgs/lib:/home/com9/uet_ws/install/ur_robot_driver/lib:/home/com9/uet_ws/install/ur3_moveit_control/lib:/opt/ros/humble/opt/rviz_ogre_vendor/lib:/opt/ros/humble/lib/x86_64-linux-gnu:/opt/ros/humble/lib /usr/bin/cmake --install /home/com9/uet_ws/build/ur_robot_driver
[23.610s] Level 1:colcon.colcon_core.environment:create_environment_scripts_only(ur_robot_driver)
[23.610s] Level 1:colcon.colcon_core.environment:checking '/home/com9/uet_ws/install/ur_robot_driver' for CMake module files
[23.610s] DEBUG:colcon.colcon_core.event_handler.log_command:Invoked command in '/home/com9/uet_ws/build/ur_robot_driver' returned '0': CMAKE_PREFIX_PATH=/home/com9/uet_ws/install/ur_controllers:/home/com9/uet_ws/install/ur_dashboard_msgs:/home/com9/uet_ws/install/ur_simulation_gz:/home/com9/uet_ws/install/ur:/home/com9/uet_ws/install/ur_calibration:/home/com9/uet_ws/install/ur_robot_driver:/home/com9/uet_ws/install/ur_moveit_config:/home/com9/uet_ws/install/ur_bringup:/home/com9/uet_ws/install/ur3_moveit_control:/home/com9/uet_ws/install/susgrip_2f_hardware:/home/com9/uet_ws/install/susgrip_2f_gazebo:/home/com9/uet_ws/install/susgrip_2f_description:/home/com9/uet_ws/install/susgrip_2f_control:/opt/ros/humble LD_LIBRARY_PATH=/home/com9/uet_ws/install/ur_controllers/lib:/home/com9/uet_ws/install/ur_dashboard_msgs/lib:/home/com9/uet_ws/install/ur_robot_driver/lib:/home/com9/uet_ws/install/ur3_moveit_control/lib:/opt/ros/humble/opt/rviz_ogre_vendor/lib:/opt/ros/humble/lib/x86_64-linux-gnu:/opt/ros/humble/lib /usr/bin/cmake --install /home/com9/uet_ws/build/ur_robot_driver
[23.610s] Level 1:colcon.colcon_core.environment:checking '/home/com9/uet_ws/install/ur_robot_driver' for CMake config files
[23.611s] Level 1:colcon.colcon_core.shell:create_environment_hook('ur_robot_driver', 'cmake_prefix_path')
[23.611s] INFO:colcon.colcon_core.shell:Creating environment hook '/home/com9/uet_ws/install/ur_robot_driver/share/ur_robot_driver/hook/cmake_prefix_path.ps1'
[23.611s] INFO:colcon.colcon_core.shell:Creating environment descriptor '/home/com9/uet_ws/install/ur_robot_driver/share/ur_robot_driver/hook/cmake_prefix_path.dsv'
[23.611s] INFO:colcon.colcon_core.shell:Creating environment hook '/home/com9/uet_ws/install/ur_robot_driver/share/ur_robot_driver/hook/cmake_prefix_path.sh'
[23.612s] Level 1:colcon.colcon_core.environment:checking '/home/com9/uet_ws/install/ur_robot_driver/lib'
[23.612s] Level 1:colcon.colcon_core.shell:create_environment_hook('ur_robot_driver', 'ld_library_path_lib')
[23.612s] INFO:colcon.colcon_core.shell:Creating environment hook '/home/com9/uet_ws/install/ur_robot_driver/share/ur_robot_driver/hook/ld_library_path_lib.ps1'
[23.612s] INFO:colcon.colcon_core.shell:Creating environment descriptor '/home/com9/uet_ws/install/ur_robot_driver/share/ur_robot_driver/hook/ld_library_path_lib.dsv'
[23.612s] INFO:colcon.colcon_core.shell:Creating environment hook '/home/com9/uet_ws/install/ur_robot_driver/share/ur_robot_driver/hook/ld_library_path_lib.sh'
[23.612s] Level 1:colcon.colcon_core.environment:checking '/home/com9/uet_ws/install/ur_robot_driver/bin'
[23.612s] Level 1:colcon.colcon_core.shell:create_environment_hook('ur_robot_driver', 'path')
[23.613s] INFO:colcon.colcon_core.shell:Creating environment hook '/home/com9/uet_ws/install/ur_robot_driver/share/ur_robot_driver/hook/path.ps1'
[23.613s] INFO:colcon.colcon_core.shell:Creating environment descriptor '/home/com9/uet_ws/install/ur_robot_driver/share/ur_robot_driver/hook/path.dsv'
[23.613s] INFO:colcon.colcon_core.shell:Creating environment hook '/home/com9/uet_ws/install/ur_robot_driver/share/ur_robot_driver/hook/path.sh'
[23.613s] Level 1:colcon.colcon_core.environment:checking '/home/com9/uet_ws/install/ur_robot_driver/lib/pkgconfig/ur_robot_driver.pc'
[23.613s] Level 1:colcon.colcon_core.environment:checking '/home/com9/uet_ws/install/ur_robot_driver/lib/python3.10/site-packages'
[23.613s] Level 1:colcon.colcon_core.environment:checking '/home/com9/uet_ws/install/ur_robot_driver/bin'
[23.613s] Level 1:colcon.colcon_core.shell:create_environment_hook('ur_robot_driver', 'pythonscriptspath')
[23.614s] INFO:colcon.colcon_core.shell:Creating environment hook '/home/com9/uet_ws/install/ur_robot_driver/share/ur_robot_driver/hook/pythonscriptspath.ps1'
[23.614s] INFO:colcon.colcon_core.shell:Creating environment descriptor '/home/com9/uet_ws/install/ur_robot_driver/share/ur_robot_driver/hook/pythonscriptspath.dsv'
[23.614s] INFO:colcon.colcon_core.shell:Creating environment hook '/home/com9/uet_ws/install/ur_robot_driver/share/ur_robot_driver/hook/pythonscriptspath.sh'
[23.614s] INFO:colcon.colcon_core.shell:Creating package script '/home/com9/uet_ws/install/ur_robot_driver/share/ur_robot_driver/package.ps1'
[23.615s] INFO:colcon.colcon_core.shell:Creating package descriptor '/home/com9/uet_ws/install/ur_robot_driver/share/ur_robot_driver/package.dsv'
[23.615s] INFO:colcon.colcon_core.shell:Creating package script '/home/com9/uet_ws/install/ur_robot_driver/share/ur_robot_driver/package.sh'
[23.615s] INFO:colcon.colcon_core.shell:Creating package script '/home/com9/uet_ws/install/ur_robot_driver/share/ur_robot_driver/package.bash'
[23.615s] INFO:colcon.colcon_core.shell:Creating package script '/home/com9/uet_ws/install/ur_robot_driver/share/ur_robot_driver/package.zsh'
[23.615s] Level 1:colcon.colcon_core.environment:create_file_with_runtime_dependencies(/home/com9/uet_ws/install/ur_robot_driver/share/colcon-core/packages/ur_robot_driver)
[23.616s] Level 1:colcon.colcon_core.environment:create_environment_scripts_only(ur_robot_driver)
[23.616s] Level 1:colcon.colcon_core.environment:checking '/home/com9/uet_ws/install/ur_robot_driver' for CMake module files
[23.616s] Level 1:colcon.colcon_core.environment:checking '/home/com9/uet_ws/install/ur_robot_driver' for CMake config files
[23.616s] Level 1:colcon.colcon_core.shell:create_environment_hook('ur_robot_driver', 'cmake_prefix_path')
[23.617s] INFO:colcon.colcon_core.shell:Creating environment hook '/home/com9/uet_ws/install/ur_robot_driver/share/ur_robot_driver/hook/cmake_prefix_path.ps1'
[23.617s] INFO:colcon.colcon_core.shell:Creating environment descriptor '/home/com9/uet_ws/install/ur_robot_driver/share/ur_robot_driver/hook/cmake_prefix_path.dsv'
[23.617s] INFO:colcon.colcon_core.shell:Creating environment hook '/home/com9/uet_ws/install/ur_robot_driver/share/ur_robot_driver/hook/cmake_prefix_path.sh'
[23.617s] Level 1:colcon.colcon_core.environment:checking '/home/com9/uet_ws/install/ur_robot_driver/lib'
[23.617s] Level 1:colcon.colcon_core.shell:create_environment_hook('ur_robot_driver', 'ld_library_path_lib')
[23.617s] INFO:colcon.colcon_core.shell:Creating environment hook '/home/com9/uet_ws/install/ur_robot_driver/share/ur_robot_driver/hook/ld_library_path_lib.ps1'
[23.618s] INFO:colcon.colcon_core.shell:Creating environment descriptor '/home/com9/uet_ws/install/ur_robot_driver/share/ur_robot_driver/hook/ld_library_path_lib.dsv'
[23.618s] INFO:colcon.colcon_core.shell:Creating environment hook '/home/com9/uet_ws/install/ur_robot_driver/share/ur_robot_driver/hook/ld_library_path_lib.sh'
[23.618s] Level 1:colcon.colcon_core.environment:checking '/home/com9/uet_ws/install/ur_robot_driver/bin'
[23.618s] Level 1:colcon.colcon_core.shell:create_environment_hook('ur_robot_driver', 'path')
[23.618s] INFO:colcon.colcon_core.shell:Creating environment hook '/home/com9/uet_ws/install/ur_robot_driver/share/ur_robot_driver/hook/path.ps1'
[23.618s] INFO:colcon.colcon_core.shell:Creating environment descriptor '/home/com9/uet_ws/install/ur_robot_driver/share/ur_robot_driver/hook/path.dsv'
[23.618s] INFO:colcon.colcon_core.shell:Creating environment hook '/home/com9/uet_ws/install/ur_robot_driver/share/ur_robot_driver/hook/path.sh'
[23.619s] Level 1:colcon.colcon_core.environment:checking '/home/com9/uet_ws/install/ur_robot_driver/lib/pkgconfig/ur_robot_driver.pc'
[23.619s] Level 1:colcon.colcon_core.environment:checking '/home/com9/uet_ws/install/ur_robot_driver/lib/python3.10/site-packages'
[23.619s] Level 1:colcon.colcon_core.environment:checking '/home/com9/uet_ws/install/ur_robot_driver/bin'
[23.619s] Level 1:colcon.colcon_core.shell:create_environment_hook('ur_robot_driver', 'pythonscriptspath')
[23.619s] INFO:colcon.colcon_core.shell:Creating environment hook '/home/com9/uet_ws/install/ur_robot_driver/share/ur_robot_driver/hook/pythonscriptspath.ps1'
[23.619s] INFO:colcon.colcon_core.shell:Creating environment descriptor '/home/com9/uet_ws/install/ur_robot_driver/share/ur_robot_driver/hook/pythonscriptspath.dsv'
[23.620s] INFO:colcon.colcon_core.shell:Creating environment hook '/home/com9/uet_ws/install/ur_robot_driver/share/ur_robot_driver/hook/pythonscriptspath.sh'
[23.620s] INFO:colcon.colcon_core.shell:Creating package script '/home/com9/uet_ws/install/ur_robot_driver/share/ur_robot_driver/package.ps1'
[23.620s] INFO:colcon.colcon_core.shell:Creating package descriptor '/home/com9/uet_ws/install/ur_robot_driver/share/ur_robot_driver/package.dsv'
[23.621s] INFO:colcon.colcon_core.shell:Creating package script '/home/com9/uet_ws/install/ur_robot_driver/share/ur_robot_driver/package.sh'
[23.621s] INFO:colcon.colcon_core.shell:Creating package script '/home/com9/uet_ws/install/ur_robot_driver/share/ur_robot_driver/package.bash'
[23.621s] INFO:colcon.colcon_core.shell:Creating package script '/home/com9/uet_ws/install/ur_robot_driver/share/ur_robot_driver/package.zsh'
[23.621s] Level 1:colcon.colcon_core.environment:create_file_with_runtime_dependencies(/home/com9/uet_ws/install/ur_robot_driver/share/colcon-core/packages/ur_robot_driver)
[23.621s] DEBUG:colcon.colcon_core.executor.sequential:run_until_complete 'ur_robot_driver' finished with '0'
[23.621s] DEBUG:colcon.colcon_core.executor.sequential:run_until_complete 'ur_simulation_gz'
[23.621s] INFO:colcon.colcon_ros.task.ament_cmake.build:Building ROS package in '/home/com9/uet_ws/src/ur_simulation_gz' with build type 'ament_cmake'
[23.621s] INFO:colcon.colcon_cmake.task.cmake.build:Building CMake package in '/home/com9/uet_ws/src/ur_simulation_gz'
[23.622s] INFO:colcon.colcon_core.shell:Skip shell extension 'powershell' for command environment: Not usable outside of PowerShell
[23.622s] DEBUG:colcon.colcon_core.shell:Skip shell extension 'dsv' for command environment
[23.630s] DEBUG:colcon.colcon_core.event_handler.log_command:Invoking command in '/home/com9/uet_ws/build/ur_simulation_gz': CMAKE_PREFIX_PATH=/home/com9/uet_ws/install/ur_controllers:/home/com9/uet_ws/install/ur_moveit_config:/home/com9/uet_ws/install/ur_dashboard_msgs:/home/com9/uet_ws/install/ur_simulation_gz:/home/com9/uet_ws/install/ur:/home/com9/uet_ws/install/ur_calibration:/home/com9/uet_ws/install/ur_robot_driver:/home/com9/uet_ws/install/ur_bringup:/home/com9/uet_ws/install/ur3_moveit_control:/home/com9/uet_ws/install/susgrip_2f_hardware:/home/com9/uet_ws/install/susgrip_2f_gazebo:/home/com9/uet_ws/install/susgrip_2f_description:/home/com9/uet_ws/install/susgrip_2f_control:/opt/ros/humble LD_LIBRARY_PATH=/home/com9/uet_ws/install/ur_controllers/lib:/home/com9/uet_ws/install/ur_dashboard_msgs/lib:/home/com9/uet_ws/install/ur_robot_driver/lib:/home/com9/uet_ws/install/ur3_moveit_control/lib:/opt/ros/humble/opt/rviz_ogre_vendor/lib:/opt/ros/humble/lib/x86_64-linux-gnu:/opt/ros/humble/lib /usr/bin/cmake --build /home/com9/uet_ws/build/ur_simulation_gz
[23.653s] DEBUG:colcon.colcon_core.event_handler.log_command:Invoked command in '/home/com9/uet_ws/build/ur_simulation_gz' returned '0': CMAKE_PREFIX_PATH=/home/com9/uet_ws/install/ur_controllers:/home/com9/uet_ws/install/ur_moveit_config:/home/com9/uet_ws/install/ur_dashboard_msgs:/home/com9/uet_ws/install/ur_simulation_gz:/home/com9/uet_ws/install/ur:/home/com9/uet_ws/install/ur_calibration:/home/com9/uet_ws/install/ur_robot_driver:/home/com9/uet_ws/install/ur_bringup:/home/com9/uet_ws/install/ur3_moveit_control:/home/com9/uet_ws/install/susgrip_2f_hardware:/home/com9/uet_ws/install/susgrip_2f_gazebo:/home/com9/uet_ws/install/susgrip_2f_description:/home/com9/uet_ws/install/susgrip_2f_control:/opt/ros/humble LD_LIBRARY_PATH=/home/com9/uet_ws/install/ur_controllers/lib:/home/com9/uet_ws/install/ur_dashboard_msgs/lib:/home/com9/uet_ws/install/ur_robot_driver/lib:/home/com9/uet_ws/install/ur3_moveit_control/lib:/opt/ros/humble/opt/rviz_ogre_vendor/lib:/opt/ros/humble/lib/x86_64-linux-gnu:/opt/ros/humble/lib /usr/bin/cmake --build /home/com9/uet_ws/build/ur_simulation_gz
[23.654s] DEBUG:colcon.colcon_core.event_handler.log_command:Invoking command in '/home/com9/uet_ws/build/ur_simulation_gz': CMAKE_PREFIX_PATH=/home/com9/uet_ws/install/ur_controllers:/home/com9/uet_ws/install/ur_moveit_config:/home/com9/uet_ws/install/ur_dashboard_msgs:/home/com9/uet_ws/install/ur_simulation_gz:/home/com9/uet_ws/install/ur:/home/com9/uet_ws/install/ur_calibration:/home/com9/uet_ws/install/ur_robot_driver:/home/com9/uet_ws/install/ur_bringup:/home/com9/uet_ws/install/ur3_moveit_control:/home/com9/uet_ws/install/susgrip_2f_hardware:/home/com9/uet_ws/install/susgrip_2f_gazebo:/home/com9/uet_ws/install/susgrip_2f_description:/home/com9/uet_ws/install/susgrip_2f_control:/opt/ros/humble LD_LIBRARY_PATH=/home/com9/uet_ws/install/ur_controllers/lib:/home/com9/uet_ws/install/ur_dashboard_msgs/lib:/home/com9/uet_ws/install/ur_robot_driver/lib:/home/com9/uet_ws/install/ur3_moveit_control/lib:/opt/ros/humble/opt/rviz_ogre_vendor/lib:/opt/ros/humble/lib/x86_64-linux-gnu:/opt/ros/humble/lib /usr/bin/cmake --install /home/com9/uet_ws/build/ur_simulation_gz
[23.662s] Level 1:colcon.colcon_core.environment:create_environment_scripts_only(ur_simulation_gz)
[23.662s] Level 1:colcon.colcon_core.environment:checking '/home/com9/uet_ws/install/ur_simulation_gz' for CMake module files
[23.662s] DEBUG:colcon.colcon_core.event_handler.log_command:Invoked command in '/home/com9/uet_ws/build/ur_simulation_gz' returned '0': CMAKE_PREFIX_PATH=/home/com9/uet_ws/install/ur_controllers:/home/com9/uet_ws/install/ur_moveit_config:/home/com9/uet_ws/install/ur_dashboard_msgs:/home/com9/uet_ws/install/ur_simulation_gz:/home/com9/uet_ws/install/ur:/home/com9/uet_ws/install/ur_calibration:/home/com9/uet_ws/install/ur_robot_driver:/home/com9/uet_ws/install/ur_bringup:/home/com9/uet_ws/install/ur3_moveit_control:/home/com9/uet_ws/install/susgrip_2f_hardware:/home/com9/uet_ws/install/susgrip_2f_gazebo:/home/com9/uet_ws/install/susgrip_2f_description:/home/com9/uet_ws/install/susgrip_2f_control:/opt/ros/humble LD_LIBRARY_PATH=/home/com9/uet_ws/install/ur_controllers/lib:/home/com9/uet_ws/install/ur_dashboard_msgs/lib:/home/com9/uet_ws/install/ur_robot_driver/lib:/home/com9/uet_ws/install/ur3_moveit_control/lib:/opt/ros/humble/opt/rviz_ogre_vendor/lib:/opt/ros/humble/lib/x86_64-linux-gnu:/opt/ros/humble/lib /usr/bin/cmake --install /home/com9/uet_ws/build/ur_simulation_gz
[23.662s] Level 1:colcon.colcon_core.environment:checking '/home/com9/uet_ws/install/ur_simulation_gz' for CMake config files
[23.663s] Level 1:colcon.colcon_core.shell:create_environment_hook('ur_simulation_gz', 'cmake_prefix_path')
[23.663s] INFO:colcon.colcon_core.shell:Creating environment hook '/home/com9/uet_ws/install/ur_simulation_gz/share/ur_simulation_gz/hook/cmake_prefix_path.ps1'
[23.663s] INFO:colcon.colcon_core.shell:Creating environment descriptor '/home/com9/uet_ws/install/ur_simulation_gz/share/ur_simulation_gz/hook/cmake_prefix_path.dsv'
[23.663s] INFO:colcon.colcon_core.shell:Creating environment hook '/home/com9/uet_ws/install/ur_simulation_gz/share/ur_simulation_gz/hook/cmake_prefix_path.sh'
[23.663s] Level 1:colcon.colcon_core.environment:checking '/home/com9/uet_ws/install/ur_simulation_gz/lib'
[23.664s] Level 1:colcon.colcon_core.environment:checking '/home/com9/uet_ws/install/ur_simulation_gz/bin'
[23.664s] Level 1:colcon.colcon_core.environment:checking '/home/com9/uet_ws/install/ur_simulation_gz/lib/pkgconfig/ur_simulation_gz.pc'
[23.664s] Level 1:colcon.colcon_core.environment:checking '/home/com9/uet_ws/install/ur_simulation_gz/lib/python3.10/site-packages'
[23.664s] Level 1:colcon.colcon_core.environment:checking '/home/com9/uet_ws/install/ur_simulation_gz/bin'
[23.664s] INFO:colcon.colcon_core.shell:Creating package script '/home/com9/uet_ws/install/ur_simulation_gz/share/ur_simulation_gz/package.ps1'
[23.664s] INFO:colcon.colcon_core.shell:Creating package descriptor '/home/com9/uet_ws/install/ur_simulation_gz/share/ur_simulation_gz/package.dsv'
[23.665s] INFO:colcon.colcon_core.shell:Creating package script '/home/com9/uet_ws/install/ur_simulation_gz/share/ur_simulation_gz/package.sh'
[23.665s] INFO:colcon.colcon_core.shell:Creating package script '/home/com9/uet_ws/install/ur_simulation_gz/share/ur_simulation_gz/package.bash'
[23.665s] INFO:colcon.colcon_core.shell:Creating package script '/home/com9/uet_ws/install/ur_simulation_gz/share/ur_simulation_gz/package.zsh'
[23.665s] Level 1:colcon.colcon_core.environment:create_file_with_runtime_dependencies(/home/com9/uet_ws/install/ur_simulation_gz/share/colcon-core/packages/ur_simulation_gz)
[23.665s] Level 1:colcon.colcon_core.environment:create_environment_scripts_only(ur_simulation_gz)
[23.666s] Level 1:colcon.colcon_core.environment:checking '/home/com9/uet_ws/install/ur_simulation_gz' for CMake module files
[23.666s] Level 1:colcon.colcon_core.environment:checking '/home/com9/uet_ws/install/ur_simulation_gz' for CMake config files
[23.666s] Level 1:colcon.colcon_core.shell:create_environment_hook('ur_simulation_gz', 'cmake_prefix_path')
[23.666s] INFO:colcon.colcon_core.shell:Creating environment hook '/home/com9/uet_ws/install/ur_simulation_gz/share/ur_simulation_gz/hook/cmake_prefix_path.ps1'
[23.666s] INFO:colcon.colcon_core.shell:Creating environment descriptor '/home/com9/uet_ws/install/ur_simulation_gz/share/ur_simulation_gz/hook/cmake_prefix_path.dsv'
[23.666s] INFO:colcon.colcon_core.shell:Creating environment hook '/home/com9/uet_ws/install/ur_simulation_gz/share/ur_simulation_gz/hook/cmake_prefix_path.sh'
[23.667s] Level 1:colcon.colcon_core.environment:checking '/home/com9/uet_ws/install/ur_simulation_gz/lib'
[23.667s] Level 1:colcon.colcon_core.environment:checking '/home/com9/uet_ws/install/ur_simulation_gz/bin'
[23.667s] Level 1:colcon.colcon_core.environment:checking '/home/com9/uet_ws/install/ur_simulation_gz/lib/pkgconfig/ur_simulation_gz.pc'
[23.667s] Level 1:colcon.colcon_core.environment:checking '/home/com9/uet_ws/install/ur_simulation_gz/lib/python3.10/site-packages'
[23.667s] Level 1:colcon.colcon_core.environment:checking '/home/com9/uet_ws/install/ur_simulation_gz/bin'
[23.667s] INFO:colcon.colcon_core.shell:Creating package script '/home/com9/uet_ws/install/ur_simulation_gz/share/ur_simulation_gz/package.ps1'
[23.668s] INFO:colcon.colcon_core.shell:Creating package descriptor '/home/com9/uet_ws/install/ur_simulation_gz/share/ur_simulation_gz/package.dsv'
[23.668s] INFO:colcon.colcon_core.shell:Creating package script '/home/com9/uet_ws/install/ur_simulation_gz/share/ur_simulation_gz/package.sh'
[23.668s] INFO:colcon.colcon_core.shell:Creating package script '/home/com9/uet_ws/install/ur_simulation_gz/share/ur_simulation_gz/package.bash'
[23.668s] INFO:colcon.colcon_core.shell:Creating package script '/home/com9/uet_ws/install/ur_simulation_gz/share/ur_simulation_gz/package.zsh'
[23.668s] Level 1:colcon.colcon_core.environment:create_file_with_runtime_dependencies(/home/com9/uet_ws/install/ur_simulation_gz/share/colcon-core/packages/ur_simulation_gz)
[23.668s] DEBUG:colcon.colcon_core.executor.sequential:run_until_complete 'ur_simulation_gz' finished with '0'
[23.668s] DEBUG:colcon.colcon_core.executor.sequential:run_until_complete 'ur_calibration'
[23.668s] INFO:colcon.colcon_ros.task.ament_cmake.build:Building ROS package in '/home/com9/uet_ws/src/Universal_Robots_ROS2_Driver/ur_calibration' with build type 'ament_cmake'
[23.669s] INFO:colcon.colcon_cmake.task.cmake.build:Building CMake package in '/home/com9/uet_ws/src/Universal_Robots_ROS2_Driver/ur_calibration'
[23.669s] INFO:colcon.colcon_core.shell:Skip shell extension 'powershell' for command environment: Not usable outside of PowerShell
[23.669s] DEBUG:colcon.colcon_core.shell:Skip shell extension 'dsv' for command environment
[23.679s] DEBUG:colcon.colcon_core.event_handler.log_command:Invoking command in '/home/com9/uet_ws/build/ur_calibration': CMAKE_PREFIX_PATH=/home/com9/uet_ws/install/ur_robot_driver:/home/com9/uet_ws/install/ur_controllers:/home/com9/uet_ws/install/ur_dashboard_msgs:/home/com9/uet_ws/install/ur_simulation_gz:/home/com9/uet_ws/install/ur:/home/com9/uet_ws/install/ur_calibration:/home/com9/uet_ws/install/ur_moveit_config:/home/com9/uet_ws/install/ur_bringup:/home/com9/uet_ws/install/ur3_moveit_control:/home/com9/uet_ws/install/susgrip_2f_hardware:/home/com9/uet_ws/install/susgrip_2f_gazebo:/home/com9/uet_ws/install/susgrip_2f_description:/home/com9/uet_ws/install/susgrip_2f_control:/opt/ros/humble /usr/bin/cmake --build /home/com9/uet_ws/build/ur_calibration
[23.801s] DEBUG:colcon.colcon_core.event_handler.log_command:Invoked command in '/home/com9/uet_ws/build/ur_calibration' returned '0': CMAKE_PREFIX_PATH=/home/com9/uet_ws/install/ur_robot_driver:/home/com9/uet_ws/install/ur_controllers:/home/com9/uet_ws/install/ur_dashboard_msgs:/home/com9/uet_ws/install/ur_simulation_gz:/home/com9/uet_ws/install/ur:/home/com9/uet_ws/install/ur_calibration:/home/com9/uet_ws/install/ur_moveit_config:/home/com9/uet_ws/install/ur_bringup:/home/com9/uet_ws/install/ur3_moveit_control:/home/com9/uet_ws/install/susgrip_2f_hardware:/home/com9/uet_ws/install/susgrip_2f_gazebo:/home/com9/uet_ws/install/susgrip_2f_description:/home/com9/uet_ws/install/susgrip_2f_control:/opt/ros/humble /usr/bin/cmake --build /home/com9/uet_ws/build/ur_calibration
[23.802s] DEBUG:colcon.colcon_core.event_handler.log_command:Invoking command in '/home/com9/uet_ws/build/ur_calibration': CMAKE_PREFIX_PATH=/home/com9/uet_ws/install/ur_robot_driver:/home/com9/uet_ws/install/ur_controllers:/home/com9/uet_ws/install/ur_dashboard_msgs:/home/com9/uet_ws/install/ur_simulation_gz:/home/com9/uet_ws/install/ur:/home/com9/uet_ws/install/ur_calibration:/home/com9/uet_ws/install/ur_moveit_config:/home/com9/uet_ws/install/ur_bringup:/home/com9/uet_ws/install/ur3_moveit_control:/home/com9/uet_ws/install/susgrip_2f_hardware:/home/com9/uet_ws/install/susgrip_2f_gazebo:/home/com9/uet_ws/install/susgrip_2f_description:/home/com9/uet_ws/install/susgrip_2f_control:/opt/ros/humble /usr/bin/cmake --install /home/com9/uet_ws/build/ur_calibration
[23.810s] Level 1:colcon.colcon_core.environment:create_environment_scripts_only(ur_calibration)
[23.811s] Level 1:colcon.colcon_core.environment:checking '/home/com9/uet_ws/install/ur_calibration' for CMake module files
[23.811s] DEBUG:colcon.colcon_core.event_handler.log_command:Invoked command in '/home/com9/uet_ws/build/ur_calibration' returned '0': CMAKE_PREFIX_PATH=/home/com9/uet_ws/install/ur_robot_driver:/home/com9/uet_ws/install/ur_controllers:/home/com9/uet_ws/install/ur_dashboard_msgs:/home/com9/uet_ws/install/ur_simulation_gz:/home/com9/uet_ws/install/ur:/home/com9/uet_ws/install/ur_calibration:/home/com9/uet_ws/install/ur_moveit_config:/home/com9/uet_ws/install/ur_bringup:/home/com9/uet_ws/install/ur3_moveit_control:/home/com9/uet_ws/install/susgrip_2f_hardware:/home/com9/uet_ws/install/susgrip_2f_gazebo:/home/com9/uet_ws/install/susgrip_2f_description:/home/com9/uet_ws/install/susgrip_2f_control:/opt/ros/humble /usr/bin/cmake --install /home/com9/uet_ws/build/ur_calibration
[23.811s] Level 1:colcon.colcon_core.environment:checking '/home/com9/uet_ws/install/ur_calibration' for CMake config files
[23.811s] Level 1:colcon.colcon_core.shell:create_environment_hook('ur_calibration', 'cmake_prefix_path')
[23.811s] INFO:colcon.colcon_core.shell:Creating environment hook '/home/com9/uet_ws/install/ur_calibration/share/ur_calibration/hook/cmake_prefix_path.ps1'
[23.812s] INFO:colcon.colcon_core.shell:Creating environment descriptor '/home/com9/uet_ws/install/ur_calibration/share/ur_calibration/hook/cmake_prefix_path.dsv'
[23.812s] INFO:colcon.colcon_core.shell:Creating environment hook '/home/com9/uet_ws/install/ur_calibration/share/ur_calibration/hook/cmake_prefix_path.sh'
[23.812s] Level 1:colcon.colcon_core.environment:checking '/home/com9/uet_ws/install/ur_calibration/lib'
[23.812s] Level 1:colcon.colcon_core.environment:checking '/home/com9/uet_ws/install/ur_calibration/bin'
[23.812s] Level 1:colcon.colcon_core.environment:checking '/home/com9/uet_ws/install/ur_calibration/lib/pkgconfig/ur_calibration.pc'
[23.812s] Level 1:colcon.colcon_core.environment:checking '/home/com9/uet_ws/install/ur_calibration/lib/python3.10/site-packages'
[23.813s] Level 1:colcon.colcon_core.environment:checking '/home/com9/uet_ws/install/ur_calibration/bin'
[23.813s] INFO:colcon.colcon_core.shell:Creating package script '/home/com9/uet_ws/install/ur_calibration/share/ur_calibration/package.ps1'
[23.813s] INFO:colcon.colcon_core.shell:Creating package descriptor '/home/com9/uet_ws/install/ur_calibration/share/ur_calibration/package.dsv'
[23.813s] INFO:colcon.colcon_core.shell:Creating package script '/home/com9/uet_ws/install/ur_calibration/share/ur_calibration/package.sh'
[23.813s] INFO:colcon.colcon_core.shell:Creating package script '/home/com9/uet_ws/install/ur_calibration/share/ur_calibration/package.bash'
[23.814s] INFO:colcon.colcon_core.shell:Creating package script '/home/com9/uet_ws/install/ur_calibration/share/ur_calibration/package.zsh'
[23.814s] Level 1:colcon.colcon_core.environment:create_file_with_runtime_dependencies(/home/com9/uet_ws/install/ur_calibration/share/colcon-core/packages/ur_calibration)
[23.814s] Level 1:colcon.colcon_core.environment:create_environment_scripts_only(ur_calibration)
[23.814s] Level 1:colcon.colcon_core.environment:checking '/home/com9/uet_ws/install/ur_calibration' for CMake module files
[23.814s] Level 1:colcon.colcon_core.environment:checking '/home/com9/uet_ws/install/ur_calibration' for CMake config files
[23.814s] Level 1:colcon.colcon_core.shell:create_environment_hook('ur_calibration', 'cmake_prefix_path')
[23.815s] INFO:colcon.colcon_core.shell:Creating environment hook '/home/com9/uet_ws/install/ur_calibration/share/ur_calibration/hook/cmake_prefix_path.ps1'
[23.815s] INFO:colcon.colcon_core.shell:Creating environment descriptor '/home/com9/uet_ws/install/ur_calibration/share/ur_calibration/hook/cmake_prefix_path.dsv'
[23.815s] INFO:colcon.colcon_core.shell:Creating environment hook '/home/com9/uet_ws/install/ur_calibration/share/ur_calibration/hook/cmake_prefix_path.sh'
[23.815s] Level 1:colcon.colcon_core.environment:checking '/home/com9/uet_ws/install/ur_calibration/lib'
[23.815s] Level 1:colcon.colcon_core.environment:checking '/home/com9/uet_ws/install/ur_calibration/bin'
[23.815s] Level 1:colcon.colcon_core.environment:checking '/home/com9/uet_ws/install/ur_calibration/lib/pkgconfig/ur_calibration.pc'
[23.816s] Level 1:colcon.colcon_core.environment:checking '/home/com9/uet_ws/install/ur_calibration/lib/python3.10/site-packages'
[23.816s] Level 1:colcon.colcon_core.environment:checking '/home/com9/uet_ws/install/ur_calibration/bin'
[23.816s] INFO:colcon.colcon_core.shell:Creating package script '/home/com9/uet_ws/install/ur_calibration/share/ur_calibration/package.ps1'
[23.816s] INFO:colcon.colcon_core.shell:Creating package descriptor '/home/com9/uet_ws/install/ur_calibration/share/ur_calibration/package.dsv'
[23.816s] INFO:colcon.colcon_core.shell:Creating package script '/home/com9/uet_ws/install/ur_calibration/share/ur_calibration/package.sh'
[23.817s] INFO:colcon.colcon_core.shell:Creating package script '/home/com9/uet_ws/install/ur_calibration/share/ur_calibration/package.bash'
[23.817s] INFO:colcon.colcon_core.shell:Creating package script '/home/com9/uet_ws/install/ur_calibration/share/ur_calibration/package.zsh'
[23.817s] Level 1:colcon.colcon_core.environment:create_file_with_runtime_dependencies(/home/com9/uet_ws/install/ur_calibration/share/colcon-core/packages/ur_calibration)
[23.817s] DEBUG:colcon.colcon_core.executor.sequential:run_until_complete 'ur_calibration' finished with '0'
[23.817s] DEBUG:colcon.colcon_core.executor.sequential:run_until_complete 'ur'
[23.817s] INFO:colcon.colcon_ros.task.ament_cmake.build:Building ROS package in '/home/com9/uet_ws/src/Universal_Robots_ROS2_Driver/ur' with build type 'ament_cmake'
[23.817s] INFO:colcon.colcon_cmake.task.cmake.build:Building CMake package in '/home/com9/uet_ws/src/Universal_Robots_ROS2_Driver/ur'
[23.817s] INFO:colcon.colcon_core.shell:Skip shell extension 'powershell' for command environment: Not usable outside of PowerShell
[23.818s] DEBUG:colcon.colcon_core.shell:Skip shell extension 'dsv' for command environment
[23.829s] DEBUG:colcon.colcon_core.event_handler.log_command:Invoking command in '/home/com9/uet_ws/build/ur': CMAKE_PREFIX_PATH=/home/com9/uet_ws/install/ur_calibration:/home/com9/uet_ws/install/ur_robot_driver:/home/com9/uet_ws/install/ur_controllers:/home/com9/uet_ws/install/ur_moveit_config:/home/com9/uet_ws/install/ur_dashboard_msgs:/home/com9/uet_ws/install/ur_simulation_gz:/home/com9/uet_ws/install/ur:/home/com9/uet_ws/install/ur_bringup:/home/com9/uet_ws/install/ur3_moveit_control:/home/com9/uet_ws/install/susgrip_2f_hardware:/home/com9/uet_ws/install/susgrip_2f_gazebo:/home/com9/uet_ws/install/susgrip_2f_description:/home/com9/uet_ws/install/susgrip_2f_control:/opt/ros/humble /usr/bin/cmake --build /home/com9/uet_ws/build/ur
[23.855s] DEBUG:colcon.colcon_core.event_handler.log_command:Invoked command in '/home/com9/uet_ws/build/ur' returned '0': CMAKE_PREFIX_PATH=/home/com9/uet_ws/install/ur_calibration:/home/com9/uet_ws/install/ur_robot_driver:/home/com9/uet_ws/install/ur_controllers:/home/com9/uet_ws/install/ur_moveit_config:/home/com9/uet_ws/install/ur_dashboard_msgs:/home/com9/uet_ws/install/ur_simulation_gz:/home/com9/uet_ws/install/ur:/home/com9/uet_ws/install/ur_bringup:/home/com9/uet_ws/install/ur3_moveit_control:/home/com9/uet_ws/install/susgrip_2f_hardware:/home/com9/uet_ws/install/susgrip_2f_gazebo:/home/com9/uet_ws/install/susgrip_2f_description:/home/com9/uet_ws/install/susgrip_2f_control:/opt/ros/humble /usr/bin/cmake --build /home/com9/uet_ws/build/ur
[23.856s] DEBUG:colcon.colcon_core.event_handler.log_command:Invoking command in '/home/com9/uet_ws/build/ur': CMAKE_PREFIX_PATH=/home/com9/uet_ws/install/ur_calibration:/home/com9/uet_ws/install/ur_robot_driver:/home/com9/uet_ws/install/ur_controllers:/home/com9/uet_ws/install/ur_moveit_config:/home/com9/uet_ws/install/ur_dashboard_msgs:/home/com9/uet_ws/install/ur_simulation_gz:/home/com9/uet_ws/install/ur:/home/com9/uet_ws/install/ur_bringup:/home/com9/uet_ws/install/ur3_moveit_control:/home/com9/uet_ws/install/susgrip_2f_hardware:/home/com9/uet_ws/install/susgrip_2f_gazebo:/home/com9/uet_ws/install/susgrip_2f_description:/home/com9/uet_ws/install/susgrip_2f_control:/opt/ros/humble /usr/bin/cmake --install /home/com9/uet_ws/build/ur
[23.863s] Level 1:colcon.colcon_core.environment:create_environment_scripts_only(ur)
[23.864s] Level 1:colcon.colcon_core.environment:checking '/home/com9/uet_ws/install/ur' for CMake module files
[23.864s] DEBUG:colcon.colcon_core.event_handler.log_command:Invoked command in '/home/com9/uet_ws/build/ur' returned '0': CMAKE_PREFIX_PATH=/home/com9/uet_ws/install/ur_calibration:/home/com9/uet_ws/install/ur_robot_driver:/home/com9/uet_ws/install/ur_controllers:/home/com9/uet_ws/install/ur_moveit_config:/home/com9/uet_ws/install/ur_dashboard_msgs:/home/com9/uet_ws/install/ur_simulation_gz:/home/com9/uet_ws/install/ur:/home/com9/uet_ws/install/ur_bringup:/home/com9/uet_ws/install/ur3_moveit_control:/home/com9/uet_ws/install/susgrip_2f_hardware:/home/com9/uet_ws/install/susgrip_2f_gazebo:/home/com9/uet_ws/install/susgrip_2f_description:/home/com9/uet_ws/install/susgrip_2f_control:/opt/ros/humble /usr/bin/cmake --install /home/com9/uet_ws/build/ur
[23.864s] Level 1:colcon.colcon_core.environment:checking '/home/com9/uet_ws/install/ur' for CMake config files
[23.864s] Level 1:colcon.colcon_core.shell:create_environment_hook('ur', 'cmake_prefix_path')
[23.864s] INFO:colcon.colcon_core.shell:Creating environment hook '/home/com9/uet_ws/install/ur/share/ur/hook/cmake_prefix_path.ps1'
[23.864s] INFO:colcon.colcon_core.shell:Creating environment descriptor '/home/com9/uet_ws/install/ur/share/ur/hook/cmake_prefix_path.dsv'
[23.865s] INFO:colcon.colcon_core.shell:Creating environment hook '/home/com9/uet_ws/install/ur/share/ur/hook/cmake_prefix_path.sh'
[23.865s] Level 1:colcon.colcon_core.environment:checking '/home/com9/uet_ws/install/ur/bin'
[23.865s] Level 1:colcon.colcon_core.environment:checking '/home/com9/uet_ws/install/ur/lib/pkgconfig/ur.pc'
[23.865s] Level 1:colcon.colcon_core.environment:checking '/home/com9/uet_ws/install/ur/lib/python3.10/site-packages'
[23.865s] Level 1:colcon.colcon_core.environment:checking '/home/com9/uet_ws/install/ur/bin'
[23.865s] INFO:colcon.colcon_core.shell:Creating package script '/home/com9/uet_ws/install/ur/share/ur/package.ps1'
[23.866s] INFO:colcon.colcon_core.shell:Creating package descriptor '/home/com9/uet_ws/install/ur/share/ur/package.dsv'
[23.866s] INFO:colcon.colcon_core.shell:Creating package script '/home/com9/uet_ws/install/ur/share/ur/package.sh'
[23.866s] INFO:colcon.colcon_core.shell:Creating package script '/home/com9/uet_ws/install/ur/share/ur/package.bash'
[23.866s] INFO:colcon.colcon_core.shell:Creating package script '/home/com9/uet_ws/install/ur/share/ur/package.zsh'
[23.866s] Level 1:colcon.colcon_core.environment:create_file_with_runtime_dependencies(/home/com9/uet_ws/install/ur/share/colcon-core/packages/ur)
[23.867s] Level 1:colcon.colcon_core.environment:create_environment_scripts_only(ur)
[23.867s] Level 1:colcon.colcon_core.environment:checking '/home/com9/uet_ws/install/ur' for CMake module files
[23.867s] Level 1:colcon.colcon_core.environment:checking '/home/com9/uet_ws/install/ur' for CMake config files
[23.867s] Level 1:colcon.colcon_core.shell:create_environment_hook('ur', 'cmake_prefix_path')
[23.867s] INFO:colcon.colcon_core.shell:Creating environment hook '/home/com9/uet_ws/install/ur/share/ur/hook/cmake_prefix_path.ps1'
[23.867s] INFO:colcon.colcon_core.shell:Creating environment descriptor '/home/com9/uet_ws/install/ur/share/ur/hook/cmake_prefix_path.dsv'
[23.868s] INFO:colcon.colcon_core.shell:Creating environment hook '/home/com9/uet_ws/install/ur/share/ur/hook/cmake_prefix_path.sh'
[23.868s] Level 1:colcon.colcon_core.environment:checking '/home/com9/uet_ws/install/ur/bin'
[23.868s] Level 1:colcon.colcon_core.environment:checking '/home/com9/uet_ws/install/ur/lib/pkgconfig/ur.pc'
[23.868s] Level 1:colcon.colcon_core.environment:checking '/home/com9/uet_ws/install/ur/lib/python3.10/site-packages'
[23.868s] Level 1:colcon.colcon_core.environment:checking '/home/com9/uet_ws/install/ur/bin'
[23.868s] INFO:colcon.colcon_core.shell:Creating package script '/home/com9/uet_ws/install/ur/share/ur/package.ps1'
[23.869s] INFO:colcon.colcon_core.shell:Creating package descriptor '/home/com9/uet_ws/install/ur/share/ur/package.dsv'
[23.869s] INFO:colcon.colcon_core.shell:Creating package script '/home/com9/uet_ws/install/ur/share/ur/package.sh'
[23.869s] INFO:colcon.colcon_core.shell:Creating package script '/home/com9/uet_ws/install/ur/share/ur/package.bash'
[23.869s] INFO:colcon.colcon_core.shell:Creating package script '/home/com9/uet_ws/install/ur/share/ur/package.zsh'
[23.869s] Level 1:colcon.colcon_core.environment:create_file_with_runtime_dependencies(/home/com9/uet_ws/install/ur/share/colcon-core/packages/ur)
[23.870s] DEBUG:colcon.colcon_core.executor.sequential:run_until_complete 'ur' finished with '0'
[23.870s] DEBUG:colcon.colcon_core.executor.sequential:closing loop
[23.870s] DEBUG:colcon.colcon_core.executor.sequential:loop closed
[23.870s] DEBUG:colcon.colcon_core.event_reactor:joining thread
[23.879s] INFO:colcon.colcon_core.plugin_system:Skipping extension 'colcon_notification.desktop_notification.terminal_notifier': Not used on non-Darwin systems
[23.880s] INFO:colcon.colcon_core.plugin_system:Skipping extension 'colcon_notification.desktop_notification.win32': Not used on non-Windows systems
[23.880s] INFO:colcon.colcon_notification.desktop_notification:Sending desktop notification using 'notify2'
[23.894s] DEBUG:colcon.colcon_core.event_reactor:joined thread
[23.895s] INFO:colcon.colcon_core.shell:Creating prefix script '/home/com9/uet_ws/install/local_setup.ps1'
[23.896s] INFO:colcon.colcon_core.shell:Creating prefix util module '/home/com9/uet_ws/install/_local_setup_util_ps1.py'
[23.896s] INFO:colcon.colcon_core.shell:Creating prefix chain script '/home/com9/uet_ws/install/setup.ps1'
[23.897s] INFO:colcon.colcon_core.shell:Creating prefix script '/home/com9/uet_ws/install/local_setup.sh'
[23.898s] INFO:colcon.colcon_core.shell:Creating prefix util module '/home/com9/uet_ws/install/_local_setup_util_sh.py'
[23.898s] INFO:colcon.colcon_core.shell:Creating prefix chain script '/home/com9/uet_ws/install/setup.sh'
[23.899s] INFO:colcon.colcon_core.shell:Creating prefix script '/home/com9/uet_ws/install/local_setup.bash'
[23.899s] INFO:colcon.colcon_core.shell:Creating prefix chain script '/home/com9/uet_ws/install/setup.bash'
[23.900s] INFO:colcon.colcon_core.shell:Creating prefix script '/home/com9/uet_ws/install/local_setup.zsh'
[23.900s] INFO:colcon.colcon_core.shell:Creating prefix chain script '/home/com9/uet_ws/install/setup.zsh'
