[0.080s] DEBUG:colcon:Command line arguments: ['/usr/bin/colcon', 'build', '--executor', 'sequential', '--event-handlers', 'console_direct+']
[0.080s] DEBUG:colcon:Parsed command line arguments: Namespace(log_base=None, log_level=None, verb_name='build', build_base='build', install_base='install', merge_install=False, symlink_install=False, test_result_base=None, continue_on_error=False, executor='sequential', parallel_workers=16, event_handlers=['console_direct+'], ignore_user_meta=False, metas=['./colcon.meta'], base_paths=['.'], packages_ignore=None, packages_ignore_regex=None, paths=None, packages_up_to=None, packages_up_to_regex=None, packages_above=None, packages_above_and_dependencies=None, packages_above_depth=None, packages_select_by_dep=None, packages_skip_by_dep=None, packages_skip_up_to=None, packages_select_build_failed=False, packages_skip_build_finished=False, packages_select_test_failures=False, packages_skip_test_passed=False, packages_select=None, packages_skip=None, packages_select_regex=None, packages_skip_regex=None, packages_start=None, packages_end=None, allow_overriding=[], cmake_args=None, cmake_target=None, cmake_target_skip_unavailable=False, cmake_clean_cache=False, cmake_clean_first=False, cmake_force_configure=False, ament_cmake_args=None, catkin_cmake_args=None, catkin_skip_building_tests=False, mixin_files=None, mixin=None, verb_parser=<colcon_mixin.mixin.mixin_argument.MixinArgumentDecorator object at 0x7269a0b677c0>, verb_extension=<colcon_core.verb.build.BuildVerb object at 0x7269a0b670a0>, main=<bound method BuildVerb.main of <colcon_core.verb.build.BuildVerb object at 0x7269a0b670a0>>, mixin_verb=('build',))
[0.227s] Level 1:colcon.colcon_core.package_discovery:discover_packages(colcon_meta) check parameters
[0.227s] Level 1:colcon.colcon_core.package_discovery:discover_packages(recursive) check parameters
[0.227s] Level 1:colcon.colcon_core.package_discovery:discover_packages(ignore) check parameters
[0.227s] Level 1:colcon.colcon_core.package_discovery:discover_packages(path) check parameters
[0.227s] Level 1:colcon.colcon_core.package_discovery:discover_packages(colcon_meta) discover
[0.227s] Level 1:colcon.colcon_core.package_discovery:discover_packages(recursive) discover
[0.227s] INFO:colcon.colcon_core.package_discovery:Crawling recursively for packages in '/home/com9/uet_ws'
[0.227s] Level 1:colcon.colcon_core.package_identification:_identify(.) by extensions ['ignore', 'ignore_ament_install']
[0.227s] Level 1:colcon.colcon_core.package_identification:_identify(.) by extension 'ignore'
[0.227s] Level 1:colcon.colcon_core.package_identification:_identify(.) by extension 'ignore_ament_install'
[0.227s] Level 1:colcon.colcon_core.package_identification:_identify(.) by extensions ['colcon_pkg']
[0.227s] Level 1:colcon.colcon_core.package_identification:_identify(.) by extension 'colcon_pkg'
[0.227s] Level 1:colcon.colcon_core.package_identification:_identify(.) by extensions ['colcon_meta']
[0.227s] Level 1:colcon.colcon_core.package_identification:_identify(.) by extension 'colcon_meta'
[0.228s] Level 1:colcon.colcon_core.package_identification:_identify(.) by extensions ['ros']
[0.228s] Level 1:colcon.colcon_core.package_identification:_identify(.) by extension 'ros'
[0.235s] Level 1:colcon.colcon_core.package_identification:_identify(.) by extensions ['cmake', 'python']
[0.235s] Level 1:colcon.colcon_core.package_identification:_identify(.) by extension 'cmake'
[0.235s] Level 1:colcon.colcon_core.package_identification:_identify(.) by extension 'python'
[0.235s] Level 1:colcon.colcon_core.package_identification:_identify(.) by extensions ['python_setup_py']
[0.235s] Level 1:colcon.colcon_core.package_identification:_identify(.) by extension 'python_setup_py'
[0.235s] Level 1:colcon.colcon_core.package_identification:_identify(build) by extensions ['ignore', 'ignore_ament_install']
[0.235s] Level 1:colcon.colcon_core.package_identification:_identify(build) by extension 'ignore'
[0.235s] Level 1:colcon.colcon_core.package_identification:_identify(build) ignored
[0.236s] Level 1:colcon.colcon_core.package_identification:_identify(install) by extensions ['ignore', 'ignore_ament_install']
[0.236s] Level 1:colcon.colcon_core.package_identification:_identify(install) by extension 'ignore'
[0.236s] Level 1:colcon.colcon_core.package_identification:_identify(install) ignored
[0.236s] Level 1:colcon.colcon_core.package_identification:_identify(log) by extensions ['ignore', 'ignore_ament_install']
[0.236s] Level 1:colcon.colcon_core.package_identification:_identify(log) by extension 'ignore'
[0.236s] Level 1:colcon.colcon_core.package_identification:_identify(log) ignored
[0.236s] Level 1:colcon.colcon_core.package_identification:_identify(src) by extensions ['ignore', 'ignore_ament_install']
[0.236s] Level 1:colcon.colcon_core.package_identification:_identify(src) by extension 'ignore'
[0.236s] Level 1:colcon.colcon_core.package_identification:_identify(src) by extension 'ignore_ament_install'
[0.236s] Level 1:colcon.colcon_core.package_identification:_identify(src) by extensions ['colcon_pkg']
[0.236s] Level 1:colcon.colcon_core.package_identification:_identify(src) by extension 'colcon_pkg'
[0.236s] Level 1:colcon.colcon_core.package_identification:_identify(src) by extensions ['colcon_meta']
[0.236s] Level 1:colcon.colcon_core.package_identification:_identify(src) by extension 'colcon_meta'
[0.236s] Level 1:colcon.colcon_core.package_identification:_identify(src) by extensions ['ros']
[0.236s] Level 1:colcon.colcon_core.package_identification:_identify(src) by extension 'ros'
[0.236s] Level 1:colcon.colcon_core.package_identification:_identify(src) by extensions ['cmake', 'python']
[0.236s] Level 1:colcon.colcon_core.package_identification:_identify(src) by extension 'cmake'
[0.236s] Level 1:colcon.colcon_core.package_identification:_identify(src) by extension 'python'
[0.236s] Level 1:colcon.colcon_core.package_identification:_identify(src) by extensions ['python_setup_py']
[0.236s] Level 1:colcon.colcon_core.package_identification:_identify(src) by extension 'python_setup_py'
[0.236s] Level 1:colcon.colcon_core.package_identification:_identify(src/Universal_Robots_ROS2_Driver) by extensions ['ignore', 'ignore_ament_install']
[0.236s] Level 1:colcon.colcon_core.package_identification:_identify(src/Universal_Robots_ROS2_Driver) by extension 'ignore'
[0.236s] Level 1:colcon.colcon_core.package_identification:_identify(src/Universal_Robots_ROS2_Driver) by extension 'ignore_ament_install'
[0.236s] Level 1:colcon.colcon_core.package_identification:_identify(src/Universal_Robots_ROS2_Driver) by extensions ['colcon_pkg']
[0.236s] Level 1:colcon.colcon_core.package_identification:_identify(src/Universal_Robots_ROS2_Driver) by extension 'colcon_pkg'
[0.236s] Level 1:colcon.colcon_core.package_identification:_identify(src/Universal_Robots_ROS2_Driver) by extensions ['colcon_meta']
[0.236s] Level 1:colcon.colcon_core.package_identification:_identify(src/Universal_Robots_ROS2_Driver) by extension 'colcon_meta'
[0.236s] Level 1:colcon.colcon_core.package_identification:_identify(src/Universal_Robots_ROS2_Driver) by extensions ['ros']
[0.236s] Level 1:colcon.colcon_core.package_identification:_identify(src/Universal_Robots_ROS2_Driver) by extension 'ros'
[0.236s] Level 1:colcon.colcon_core.package_identification:_identify(src/Universal_Robots_ROS2_Driver) by extensions ['cmake', 'python']
[0.236s] Level 1:colcon.colcon_core.package_identification:_identify(src/Universal_Robots_ROS2_Driver) by extension 'cmake'
[0.236s] Level 1:colcon.colcon_core.package_identification:_identify(src/Universal_Robots_ROS2_Driver) by extension 'python'
[0.236s] Level 1:colcon.colcon_core.package_identification:_identify(src/Universal_Robots_ROS2_Driver) by extensions ['python_setup_py']
[0.236s] Level 1:colcon.colcon_core.package_identification:_identify(src/Universal_Robots_ROS2_Driver) by extension 'python_setup_py'
[0.236s] Level 1:colcon.colcon_core.package_identification:_identify(src/Universal_Robots_ROS2_Driver/ur) by extensions ['ignore', 'ignore_ament_install']
[0.236s] Level 1:colcon.colcon_core.package_identification:_identify(src/Universal_Robots_ROS2_Driver/ur) by extension 'ignore'
[0.236s] Level 1:colcon.colcon_core.package_identification:_identify(src/Universal_Robots_ROS2_Driver/ur) by extension 'ignore_ament_install'
[0.236s] Level 1:colcon.colcon_core.package_identification:_identify(src/Universal_Robots_ROS2_Driver/ur) by extensions ['colcon_pkg']
[0.236s] Level 1:colcon.colcon_core.package_identification:_identify(src/Universal_Robots_ROS2_Driver/ur) by extension 'colcon_pkg'
[0.236s] Level 1:colcon.colcon_core.package_identification:_identify(src/Universal_Robots_ROS2_Driver/ur) by extensions ['colcon_meta']
[0.236s] Level 1:colcon.colcon_core.package_identification:_identify(src/Universal_Robots_ROS2_Driver/ur) by extension 'colcon_meta'
[0.236s] Level 1:colcon.colcon_core.package_identification:_identify(src/Universal_Robots_ROS2_Driver/ur) by extensions ['ros']
[0.236s] Level 1:colcon.colcon_core.package_identification:_identify(src/Universal_Robots_ROS2_Driver/ur) by extension 'ros'
[0.238s] DEBUG:colcon.colcon_core.package_identification:Package 'src/Universal_Robots_ROS2_Driver/ur' with type 'ros.ament_cmake' and name 'ur'
[0.238s] Level 1:colcon.colcon_core.package_identification:_identify(src/Universal_Robots_ROS2_Driver/ur_bringup) by extensions ['ignore', 'ignore_ament_install']
[0.238s] Level 1:colcon.colcon_core.package_identification:_identify(src/Universal_Robots_ROS2_Driver/ur_bringup) by extension 'ignore'
[0.238s] Level 1:colcon.colcon_core.package_identification:_identify(src/Universal_Robots_ROS2_Driver/ur_bringup) by extension 'ignore_ament_install'
[0.238s] Level 1:colcon.colcon_core.package_identification:_identify(src/Universal_Robots_ROS2_Driver/ur_bringup) by extensions ['colcon_pkg']
[0.238s] Level 1:colcon.colcon_core.package_identification:_identify(src/Universal_Robots_ROS2_Driver/ur_bringup) by extension 'colcon_pkg'
[0.238s] Level 1:colcon.colcon_core.package_identification:_identify(src/Universal_Robots_ROS2_Driver/ur_bringup) by extensions ['colcon_meta']
[0.238s] Level 1:colcon.colcon_core.package_identification:_identify(src/Universal_Robots_ROS2_Driver/ur_bringup) by extension 'colcon_meta'
[0.239s] Level 1:colcon.colcon_core.package_identification:_identify(src/Universal_Robots_ROS2_Driver/ur_bringup) by extensions ['ros']
[0.239s] Level 1:colcon.colcon_core.package_identification:_identify(src/Universal_Robots_ROS2_Driver/ur_bringup) by extension 'ros'
[0.239s] DEBUG:colcon.colcon_core.package_identification:Package 'src/Universal_Robots_ROS2_Driver/ur_bringup' with type 'ros.ament_cmake' and name 'ur_bringup'
[0.239s] Level 1:colcon.colcon_core.package_identification:_identify(src/Universal_Robots_ROS2_Driver/ur_calibration) by extensions ['ignore', 'ignore_ament_install']
[0.239s] Level 1:colcon.colcon_core.package_identification:_identify(src/Universal_Robots_ROS2_Driver/ur_calibration) by extension 'ignore'
[0.239s] Level 1:colcon.colcon_core.package_identification:_identify(src/Universal_Robots_ROS2_Driver/ur_calibration) by extension 'ignore_ament_install'
[0.239s] Level 1:colcon.colcon_core.package_identification:_identify(src/Universal_Robots_ROS2_Driver/ur_calibration) by extensions ['colcon_pkg']
[0.239s] Level 1:colcon.colcon_core.package_identification:_identify(src/Universal_Robots_ROS2_Driver/ur_calibration) by extension 'colcon_pkg'
[0.239s] Level 1:colcon.colcon_core.package_identification:_identify(src/Universal_Robots_ROS2_Driver/ur_calibration) by extensions ['colcon_meta']
[0.239s] Level 1:colcon.colcon_core.package_identification:_identify(src/Universal_Robots_ROS2_Driver/ur_calibration) by extension 'colcon_meta'
[0.239s] Level 1:colcon.colcon_core.package_identification:_identify(src/Universal_Robots_ROS2_Driver/ur_calibration) by extensions ['ros']
[0.239s] Level 1:colcon.colcon_core.package_identification:_identify(src/Universal_Robots_ROS2_Driver/ur_calibration) by extension 'ros'
[0.240s] DEBUG:colcon.colcon_core.package_identification:Package 'src/Universal_Robots_ROS2_Driver/ur_calibration' with type 'ros.ament_cmake' and name 'ur_calibration'
[0.240s] Level 1:colcon.colcon_core.package_identification:_identify(src/Universal_Robots_ROS2_Driver/ur_controllers) by extensions ['ignore', 'ignore_ament_install']
[0.240s] Level 1:colcon.colcon_core.package_identification:_identify(src/Universal_Robots_ROS2_Driver/ur_controllers) by extension 'ignore'
[0.240s] Level 1:colcon.colcon_core.package_identification:_identify(src/Universal_Robots_ROS2_Driver/ur_controllers) by extension 'ignore_ament_install'
[0.240s] Level 1:colcon.colcon_core.package_identification:_identify(src/Universal_Robots_ROS2_Driver/ur_controllers) by extensions ['colcon_pkg']
[0.240s] Level 1:colcon.colcon_core.package_identification:_identify(src/Universal_Robots_ROS2_Driver/ur_controllers) by extension 'colcon_pkg'
[0.240s] Level 1:colcon.colcon_core.package_identification:_identify(src/Universal_Robots_ROS2_Driver/ur_controllers) by extensions ['colcon_meta']
[0.240s] Level 1:colcon.colcon_core.package_identification:_identify(src/Universal_Robots_ROS2_Driver/ur_controllers) by extension 'colcon_meta'
[0.240s] Level 1:colcon.colcon_core.package_identification:_identify(src/Universal_Robots_ROS2_Driver/ur_controllers) by extensions ['ros']
[0.240s] Level 1:colcon.colcon_core.package_identification:_identify(src/Universal_Robots_ROS2_Driver/ur_controllers) by extension 'ros'
[0.242s] DEBUG:colcon.colcon_core.package_identification:Package 'src/Universal_Robots_ROS2_Driver/ur_controllers' with type 'ros.ament_cmake' and name 'ur_controllers'
[0.242s] Level 1:colcon.colcon_core.package_identification:_identify(src/Universal_Robots_ROS2_Driver/ur_dashboard_msgs) by extensions ['ignore', 'ignore_ament_install']
[0.242s] Level 1:colcon.colcon_core.package_identification:_identify(src/Universal_Robots_ROS2_Driver/ur_dashboard_msgs) by extension 'ignore'
[0.242s] Level 1:colcon.colcon_core.package_identification:_identify(src/Universal_Robots_ROS2_Driver/ur_dashboard_msgs) by extension 'ignore_ament_install'
[0.242s] Level 1:colcon.colcon_core.package_identification:_identify(src/Universal_Robots_ROS2_Driver/ur_dashboard_msgs) by extensions ['colcon_pkg']
[0.242s] Level 1:colcon.colcon_core.package_identification:_identify(src/Universal_Robots_ROS2_Driver/ur_dashboard_msgs) by extension 'colcon_pkg'
[0.242s] Level 1:colcon.colcon_core.package_identification:_identify(src/Universal_Robots_ROS2_Driver/ur_dashboard_msgs) by extensions ['colcon_meta']
[0.242s] Level 1:colcon.colcon_core.package_identification:_identify(src/Universal_Robots_ROS2_Driver/ur_dashboard_msgs) by extension 'colcon_meta'
[0.242s] Level 1:colcon.colcon_core.package_identification:_identify(src/Universal_Robots_ROS2_Driver/ur_dashboard_msgs) by extensions ['ros']
[0.242s] Level 1:colcon.colcon_core.package_identification:_identify(src/Universal_Robots_ROS2_Driver/ur_dashboard_msgs) by extension 'ros'
[0.243s] DEBUG:colcon.colcon_core.package_identification:Package 'src/Universal_Robots_ROS2_Driver/ur_dashboard_msgs' with type 'ros.ament_cmake' and name 'ur_dashboard_msgs'
[0.243s] Level 1:colcon.colcon_core.package_identification:_identify(src/Universal_Robots_ROS2_Driver/ur_moveit_config) by extensions ['ignore', 'ignore_ament_install']
[0.243s] Level 1:colcon.colcon_core.package_identification:_identify(src/Universal_Robots_ROS2_Driver/ur_moveit_config) by extension 'ignore'
[0.243s] Level 1:colcon.colcon_core.package_identification:_identify(src/Universal_Robots_ROS2_Driver/ur_moveit_config) by extension 'ignore_ament_install'
[0.243s] Level 1:colcon.colcon_core.package_identification:_identify(src/Universal_Robots_ROS2_Driver/ur_moveit_config) by extensions ['colcon_pkg']
[0.243s] Level 1:colcon.colcon_core.package_identification:_identify(src/Universal_Robots_ROS2_Driver/ur_moveit_config) by extension 'colcon_pkg'
[0.243s] Level 1:colcon.colcon_core.package_identification:_identify(src/Universal_Robots_ROS2_Driver/ur_moveit_config) by extensions ['colcon_meta']
[0.243s] Level 1:colcon.colcon_core.package_identification:_identify(src/Universal_Robots_ROS2_Driver/ur_moveit_config) by extension 'colcon_meta'
[0.243s] Level 1:colcon.colcon_core.package_identification:_identify(src/Universal_Robots_ROS2_Driver/ur_moveit_config) by extensions ['ros']
[0.243s] Level 1:colcon.colcon_core.package_identification:_identify(src/Universal_Robots_ROS2_Driver/ur_moveit_config) by extension 'ros'
[0.244s] DEBUG:colcon.colcon_core.package_identification:Package 'src/Universal_Robots_ROS2_Driver/ur_moveit_config' with type 'ros.ament_cmake' and name 'ur_moveit_config'
[0.244s] Level 1:colcon.colcon_core.package_identification:_identify(src/Universal_Robots_ROS2_Driver/ur_robot_driver) by extensions ['ignore', 'ignore_ament_install']
[0.244s] Level 1:colcon.colcon_core.package_identification:_identify(src/Universal_Robots_ROS2_Driver/ur_robot_driver) by extension 'ignore'
[0.244s] Level 1:colcon.colcon_core.package_identification:_identify(src/Universal_Robots_ROS2_Driver/ur_robot_driver) by extension 'ignore_ament_install'
[0.244s] Level 1:colcon.colcon_core.package_identification:_identify(src/Universal_Robots_ROS2_Driver/ur_robot_driver) by extensions ['colcon_pkg']
[0.244s] Level 1:colcon.colcon_core.package_identification:_identify(src/Universal_Robots_ROS2_Driver/ur_robot_driver) by extension 'colcon_pkg'
[0.244s] Level 1:colcon.colcon_core.package_identification:_identify(src/Universal_Robots_ROS2_Driver/ur_robot_driver) by extensions ['colcon_meta']
[0.244s] Level 1:colcon.colcon_core.package_identification:_identify(src/Universal_Robots_ROS2_Driver/ur_robot_driver) by extension 'colcon_meta'
[0.244s] Level 1:colcon.colcon_core.package_identification:_identify(src/Universal_Robots_ROS2_Driver/ur_robot_driver) by extensions ['ros']
[0.244s] Level 1:colcon.colcon_core.package_identification:_identify(src/Universal_Robots_ROS2_Driver/ur_robot_driver) by extension 'ros'
[0.250s] DEBUG:colcon.colcon_core.package_identification:Package 'src/Universal_Robots_ROS2_Driver/ur_robot_driver' with type 'ros.ament_cmake' and name 'ur_robot_driver'
[0.250s] Level 1:colcon.colcon_core.package_identification:_identify(src/susgrip_2f) by extensions ['ignore', 'ignore_ament_install']
[0.250s] Level 1:colcon.colcon_core.package_identification:_identify(src/susgrip_2f) by extension 'ignore'
[0.250s] Level 1:colcon.colcon_core.package_identification:_identify(src/susgrip_2f) by extension 'ignore_ament_install'
[0.250s] Level 1:colcon.colcon_core.package_identification:_identify(src/susgrip_2f) by extensions ['colcon_pkg']
[0.250s] Level 1:colcon.colcon_core.package_identification:_identify(src/susgrip_2f) by extension 'colcon_pkg'
[0.250s] Level 1:colcon.colcon_core.package_identification:_identify(src/susgrip_2f) by extensions ['colcon_meta']
[0.250s] Level 1:colcon.colcon_core.package_identification:_identify(src/susgrip_2f) by extension 'colcon_meta'
[0.250s] Level 1:colcon.colcon_core.package_identification:_identify(src/susgrip_2f) by extensions ['ros']
[0.250s] Level 1:colcon.colcon_core.package_identification:_identify(src/susgrip_2f) by extension 'ros'
[0.250s] Level 1:colcon.colcon_core.package_identification:_identify(src/susgrip_2f) by extensions ['cmake', 'python']
[0.250s] Level 1:colcon.colcon_core.package_identification:_identify(src/susgrip_2f) by extension 'cmake'
[0.250s] Level 1:colcon.colcon_core.package_identification:_identify(src/susgrip_2f) by extension 'python'
[0.250s] Level 1:colcon.colcon_core.package_identification:_identify(src/susgrip_2f) by extensions ['python_setup_py']
[0.250s] Level 1:colcon.colcon_core.package_identification:_identify(src/susgrip_2f) by extension 'python_setup_py'
[0.250s] Level 1:colcon.colcon_core.package_identification:_identify(src/susgrip_2f/susgrip_2f_control) by extensions ['ignore', 'ignore_ament_install']
[0.250s] Level 1:colcon.colcon_core.package_identification:_identify(src/susgrip_2f/susgrip_2f_control) by extension 'ignore'
[0.250s] Level 1:colcon.colcon_core.package_identification:_identify(src/susgrip_2f/susgrip_2f_control) by extension 'ignore_ament_install'
[0.250s] Level 1:colcon.colcon_core.package_identification:_identify(src/susgrip_2f/susgrip_2f_control) by extensions ['colcon_pkg']
[0.250s] Level 1:colcon.colcon_core.package_identification:_identify(src/susgrip_2f/susgrip_2f_control) by extension 'colcon_pkg'
[0.250s] Level 1:colcon.colcon_core.package_identification:_identify(src/susgrip_2f/susgrip_2f_control) by extensions ['colcon_meta']
[0.250s] Level 1:colcon.colcon_core.package_identification:_identify(src/susgrip_2f/susgrip_2f_control) by extension 'colcon_meta'
[0.250s] Level 1:colcon.colcon_core.package_identification:_identify(src/susgrip_2f/susgrip_2f_control) by extensions ['ros']
[0.250s] Level 1:colcon.colcon_core.package_identification:_identify(src/susgrip_2f/susgrip_2f_control) by extension 'ros'
[0.251s] DEBUG:colcon.colcon_core.package_identification:Package 'src/susgrip_2f/susgrip_2f_control' with type 'ros.ament_python' and name 'susgrip_2f_control'
[0.251s] Level 1:colcon.colcon_core.package_identification:_identify(src/susgrip_2f/susgrip_2f_description) by extensions ['ignore', 'ignore_ament_install']
[0.251s] Level 1:colcon.colcon_core.package_identification:_identify(src/susgrip_2f/susgrip_2f_description) by extension 'ignore'
[0.251s] Level 1:colcon.colcon_core.package_identification:_identify(src/susgrip_2f/susgrip_2f_description) by extension 'ignore_ament_install'
[0.251s] Level 1:colcon.colcon_core.package_identification:_identify(src/susgrip_2f/susgrip_2f_description) by extensions ['colcon_pkg']
[0.251s] Level 1:colcon.colcon_core.package_identification:_identify(src/susgrip_2f/susgrip_2f_description) by extension 'colcon_pkg'
[0.251s] Level 1:colcon.colcon_core.package_identification:_identify(src/susgrip_2f/susgrip_2f_description) by extensions ['colcon_meta']
[0.251s] Level 1:colcon.colcon_core.package_identification:_identify(src/susgrip_2f/susgrip_2f_description) by extension 'colcon_meta'
[0.251s] Level 1:colcon.colcon_core.package_identification:_identify(src/susgrip_2f/susgrip_2f_description) by extensions ['ros']
[0.251s] Level 1:colcon.colcon_core.package_identification:_identify(src/susgrip_2f/susgrip_2f_description) by extension 'ros'
[0.252s] DEBUG:colcon.colcon_core.package_identification:Package 'src/susgrip_2f/susgrip_2f_description' with type 'ros.ament_python' and name 'susgrip_2f_description'
[0.252s] Level 1:colcon.colcon_core.package_identification:_identify(src/susgrip_2f/susgrip_2f_gazebo) by extensions ['ignore', 'ignore_ament_install']
[0.252s] Level 1:colcon.colcon_core.package_identification:_identify(src/susgrip_2f/susgrip_2f_gazebo) by extension 'ignore'
[0.252s] Level 1:colcon.colcon_core.package_identification:_identify(src/susgrip_2f/susgrip_2f_gazebo) by extension 'ignore_ament_install'
[0.252s] Level 1:colcon.colcon_core.package_identification:_identify(src/susgrip_2f/susgrip_2f_gazebo) by extensions ['colcon_pkg']
[0.252s] Level 1:colcon.colcon_core.package_identification:_identify(src/susgrip_2f/susgrip_2f_gazebo) by extension 'colcon_pkg'
[0.252s] Level 1:colcon.colcon_core.package_identification:_identify(src/susgrip_2f/susgrip_2f_gazebo) by extensions ['colcon_meta']
[0.252s] Level 1:colcon.colcon_core.package_identification:_identify(src/susgrip_2f/susgrip_2f_gazebo) by extension 'colcon_meta'
[0.252s] Level 1:colcon.colcon_core.package_identification:_identify(src/susgrip_2f/susgrip_2f_gazebo) by extensions ['ros']
[0.252s] Level 1:colcon.colcon_core.package_identification:_identify(src/susgrip_2f/susgrip_2f_gazebo) by extension 'ros'
[0.253s] DEBUG:colcon.colcon_core.package_identification:Package 'src/susgrip_2f/susgrip_2f_gazebo' with type 'ros.ament_python' and name 'susgrip_2f_gazebo'
[0.253s] Level 1:colcon.colcon_core.package_identification:_identify(src/susgrip_2f/susgrip_2f_hardware) by extensions ['ignore', 'ignore_ament_install']
[0.253s] Level 1:colcon.colcon_core.package_identification:_identify(src/susgrip_2f/susgrip_2f_hardware) by extension 'ignore'
[0.253s] Level 1:colcon.colcon_core.package_identification:_identify(src/susgrip_2f/susgrip_2f_hardware) by extension 'ignore_ament_install'
[0.253s] Level 1:colcon.colcon_core.package_identification:_identify(src/susgrip_2f/susgrip_2f_hardware) by extensions ['colcon_pkg']
[0.253s] Level 1:colcon.colcon_core.package_identification:_identify(src/susgrip_2f/susgrip_2f_hardware) by extension 'colcon_pkg'
[0.253s] Level 1:colcon.colcon_core.package_identification:_identify(src/susgrip_2f/susgrip_2f_hardware) by extensions ['colcon_meta']
[0.253s] Level 1:colcon.colcon_core.package_identification:_identify(src/susgrip_2f/susgrip_2f_hardware) by extension 'colcon_meta'
[0.253s] Level 1:colcon.colcon_core.package_identification:_identify(src/susgrip_2f/susgrip_2f_hardware) by extensions ['ros']
[0.253s] Level 1:colcon.colcon_core.package_identification:_identify(src/susgrip_2f/susgrip_2f_hardware) by extension 'ros'
[0.254s] DEBUG:colcon.colcon_core.package_identification:Package 'src/susgrip_2f/susgrip_2f_hardware' with type 'ros.ament_python' and name 'susgrip_2f_hardware'
[0.254s] Level 1:colcon.colcon_core.package_identification:_identify(src/ur3_moveit_control) by extensions ['ignore', 'ignore_ament_install']
[0.254s] Level 1:colcon.colcon_core.package_identification:_identify(src/ur3_moveit_control) by extension 'ignore'
[0.254s] Level 1:colcon.colcon_core.package_identification:_identify(src/ur3_moveit_control) by extension 'ignore_ament_install'
[0.254s] Level 1:colcon.colcon_core.package_identification:_identify(src/ur3_moveit_control) by extensions ['colcon_pkg']
[0.254s] Level 1:colcon.colcon_core.package_identification:_identify(src/ur3_moveit_control) by extension 'colcon_pkg'
[0.254s] Level 1:colcon.colcon_core.package_identification:_identify(src/ur3_moveit_control) by extensions ['colcon_meta']
[0.254s] Level 1:colcon.colcon_core.package_identification:_identify(src/ur3_moveit_control) by extension 'colcon_meta'
[0.254s] Level 1:colcon.colcon_core.package_identification:_identify(src/ur3_moveit_control) by extensions ['ros']
[0.254s] Level 1:colcon.colcon_core.package_identification:_identify(src/ur3_moveit_control) by extension 'ros'
[0.255s] DEBUG:colcon.colcon_core.package_identification:Package 'src/ur3_moveit_control' with type 'ros.ament_cmake' and name 'ur3_moveit_control'
[0.255s] Level 1:colcon.colcon_core.package_identification:_identify(src/ur_simulation_gz) by extensions ['ignore', 'ignore_ament_install']
[0.255s] Level 1:colcon.colcon_core.package_identification:_identify(src/ur_simulation_gz) by extension 'ignore'
[0.255s] Level 1:colcon.colcon_core.package_identification:_identify(src/ur_simulation_gz) by extension 'ignore_ament_install'
[0.255s] Level 1:colcon.colcon_core.package_identification:_identify(src/ur_simulation_gz) by extensions ['colcon_pkg']
[0.255s] Level 1:colcon.colcon_core.package_identification:_identify(src/ur_simulation_gz) by extension 'colcon_pkg'
[0.255s] Level 1:colcon.colcon_core.package_identification:_identify(src/ur_simulation_gz) by extensions ['colcon_meta']
[0.255s] Level 1:colcon.colcon_core.package_identification:_identify(src/ur_simulation_gz) by extension 'colcon_meta'
[0.255s] Level 1:colcon.colcon_core.package_identification:_identify(src/ur_simulation_gz) by extensions ['ros']
[0.255s] Level 1:colcon.colcon_core.package_identification:_identify(src/ur_simulation_gz) by extension 'ros'
[0.256s] DEBUG:colcon.colcon_core.package_identification:Package 'src/ur_simulation_gz' with type 'ros.ament_cmake' and name 'ur_simulation_gz'
[0.256s] Level 1:colcon.colcon_core.package_identification:_identify(susgrip_2f) by extensions ['ignore', 'ignore_ament_install']
[0.256s] Level 1:colcon.colcon_core.package_identification:_identify(susgrip_2f) by extension 'ignore'
[0.256s] Level 1:colcon.colcon_core.package_identification:_identify(susgrip_2f) by extension 'ignore_ament_install'
[0.256s] Level 1:colcon.colcon_core.package_identification:_identify(susgrip_2f) by extensions ['colcon_pkg']
[0.256s] Level 1:colcon.colcon_core.package_identification:_identify(susgrip_2f) by extension 'colcon_pkg'
[0.256s] Level 1:colcon.colcon_core.package_identification:_identify(susgrip_2f) by extensions ['colcon_meta']
[0.256s] Level 1:colcon.colcon_core.package_identification:_identify(susgrip_2f) by extension 'colcon_meta'
[0.256s] Level 1:colcon.colcon_core.package_identification:_identify(susgrip_2f) by extensions ['ros']
[0.256s] Level 1:colcon.colcon_core.package_identification:_identify(susgrip_2f) by extension 'ros'
[0.256s] Level 1:colcon.colcon_core.package_identification:_identify(susgrip_2f) by extensions ['cmake', 'python']
[0.256s] Level 1:colcon.colcon_core.package_identification:_identify(susgrip_2f) by extension 'cmake'
[0.256s] Level 1:colcon.colcon_core.package_identification:_identify(susgrip_2f) by extension 'python'
[0.256s] Level 1:colcon.colcon_core.package_identification:_identify(susgrip_2f) by extensions ['python_setup_py']
[0.256s] Level 1:colcon.colcon_core.package_identification:_identify(susgrip_2f) by extension 'python_setup_py'
[0.256s] Level 1:colcon.colcon_core.package_identification:_identify(susgrip_2f/susgrip_2f_hardware) by extensions ['ignore', 'ignore_ament_install']
[0.256s] Level 1:colcon.colcon_core.package_identification:_identify(susgrip_2f/susgrip_2f_hardware) by extension 'ignore'
[0.256s] Level 1:colcon.colcon_core.package_identification:_identify(susgrip_2f/susgrip_2f_hardware) by extension 'ignore_ament_install'
[0.256s] Level 1:colcon.colcon_core.package_identification:_identify(susgrip_2f/susgrip_2f_hardware) by extensions ['colcon_pkg']
[0.256s] Level 1:colcon.colcon_core.package_identification:_identify(susgrip_2f/susgrip_2f_hardware) by extension 'colcon_pkg'
[0.256s] Level 1:colcon.colcon_core.package_identification:_identify(susgrip_2f/susgrip_2f_hardware) by extensions ['colcon_meta']
[0.256s] Level 1:colcon.colcon_core.package_identification:_identify(susgrip_2f/susgrip_2f_hardware) by extension 'colcon_meta'
[0.256s] Level 1:colcon.colcon_core.package_identification:_identify(susgrip_2f/susgrip_2f_hardware) by extensions ['ros']
[0.256s] Level 1:colcon.colcon_core.package_identification:_identify(susgrip_2f/susgrip_2f_hardware) by extension 'ros'
[0.256s] Level 1:colcon.colcon_core.package_identification:_identify(susgrip_2f/susgrip_2f_hardware) by extensions ['cmake', 'python']
[0.256s] Level 1:colcon.colcon_core.package_identification:_identify(susgrip_2f/susgrip_2f_hardware) by extension 'cmake'
[0.256s] Level 1:colcon.colcon_core.package_identification:_identify(susgrip_2f/susgrip_2f_hardware) by extension 'python'
[0.256s] Level 1:colcon.colcon_core.package_identification:_identify(susgrip_2f/susgrip_2f_hardware) by extensions ['python_setup_py']
[0.256s] Level 1:colcon.colcon_core.package_identification:_identify(susgrip_2f/susgrip_2f_hardware) by extension 'python_setup_py'
[0.256s] Level 1:colcon.colcon_core.package_identification:_identify(susgrip_2f/susgrip_2f_hardware/susgrip_2f_hardware) by extensions ['ignore', 'ignore_ament_install']
[0.256s] Level 1:colcon.colcon_core.package_identification:_identify(susgrip_2f/susgrip_2f_hardware/susgrip_2f_hardware) by extension 'ignore'
[0.256s] Level 1:colcon.colcon_core.package_identification:_identify(susgrip_2f/susgrip_2f_hardware/susgrip_2f_hardware) by extension 'ignore_ament_install'
[0.256s] Level 1:colcon.colcon_core.package_identification:_identify(susgrip_2f/susgrip_2f_hardware/susgrip_2f_hardware) by extensions ['colcon_pkg']
[0.256s] Level 1:colcon.colcon_core.package_identification:_identify(susgrip_2f/susgrip_2f_hardware/susgrip_2f_hardware) by extension 'colcon_pkg'
[0.256s] Level 1:colcon.colcon_core.package_identification:_identify(susgrip_2f/susgrip_2f_hardware/susgrip_2f_hardware) by extensions ['colcon_meta']
[0.256s] Level 1:colcon.colcon_core.package_identification:_identify(susgrip_2f/susgrip_2f_hardware/susgrip_2f_hardware) by extension 'colcon_meta'
[0.256s] Level 1:colcon.colcon_core.package_identification:_identify(susgrip_2f/susgrip_2f_hardware/susgrip_2f_hardware) by extensions ['ros']
[0.256s] Level 1:colcon.colcon_core.package_identification:_identify(susgrip_2f/susgrip_2f_hardware/susgrip_2f_hardware) by extension 'ros'
[0.256s] Level 1:colcon.colcon_core.package_identification:_identify(susgrip_2f/susgrip_2f_hardware/susgrip_2f_hardware) by extensions ['cmake', 'python']
[0.256s] Level 1:colcon.colcon_core.package_identification:_identify(susgrip_2f/susgrip_2f_hardware/susgrip_2f_hardware) by extension 'cmake'
[0.256s] Level 1:colcon.colcon_core.package_identification:_identify(susgrip_2f/susgrip_2f_hardware/susgrip_2f_hardware) by extension 'python'
[0.256s] Level 1:colcon.colcon_core.package_identification:_identify(susgrip_2f/susgrip_2f_hardware/susgrip_2f_hardware) by extensions ['python_setup_py']
[0.256s] Level 1:colcon.colcon_core.package_identification:_identify(susgrip_2f/susgrip_2f_hardware/susgrip_2f_hardware) by extension 'python_setup_py'
[0.256s] Level 1:colcon.colcon_core.package_discovery:discover_packages(recursive) using defaults
[0.257s] Level 1:colcon.colcon_core.package_discovery:discover_packages(ignore) discover
[0.257s] Level 1:colcon.colcon_core.package_discovery:discover_packages(ignore) using defaults
[0.257s] Level 1:colcon.colcon_core.package_discovery:discover_packages(path) discover
[0.257s] Level 1:colcon.colcon_core.package_discovery:discover_packages(path) using defaults
[0.273s] Level 1:colcon.colcon_core.package_discovery:discover_packages(prefix_path) check parameters
[0.273s] Level 1:colcon.colcon_core.package_discovery:discover_packages(prefix_path) discover
[0.275s] DEBUG:colcon.colcon_installed_package_information.package_discovery:Found 13 installed packages in /home/com9/uet_ws/install
[0.276s] DEBUG:colcon.colcon_installed_package_information.package_discovery:Found 383 installed packages in /opt/ros/humble
[0.277s] Level 1:colcon.colcon_core.package_discovery:discover_packages(prefix_path) using defaults
[0.302s] Level 5:colcon.colcon_core.verb:set package 'susgrip_2f_control' build argument 'cmake_args' from command line to 'None'
[0.302s] Level 5:colcon.colcon_core.verb:set package 'susgrip_2f_control' build argument 'cmake_target' from command line to 'None'
[0.302s] Level 5:colcon.colcon_core.verb:set package 'susgrip_2f_control' build argument 'cmake_target_skip_unavailable' from command line to 'False'
[0.302s] Level 5:colcon.colcon_core.verb:set package 'susgrip_2f_control' build argument 'cmake_clean_cache' from command line to 'False'
[0.302s] Level 5:colcon.colcon_core.verb:set package 'susgrip_2f_control' build argument 'cmake_clean_first' from command line to 'False'
[0.302s] Level 5:colcon.colcon_core.verb:set package 'susgrip_2f_control' build argument 'cmake_force_configure' from command line to 'False'
[0.302s] Level 5:colcon.colcon_core.verb:set package 'susgrip_2f_control' build argument 'ament_cmake_args' from command line to 'None'
[0.302s] Level 5:colcon.colcon_core.verb:set package 'susgrip_2f_control' build argument 'catkin_cmake_args' from command line to 'None'
[0.302s] Level 5:colcon.colcon_core.verb:set package 'susgrip_2f_control' build argument 'catkin_skip_building_tests' from command line to 'False'
[0.302s] DEBUG:colcon.colcon_core.verb:Building package 'susgrip_2f_control' with the following arguments: {'ament_cmake_args': None, 'build_base': '/home/com9/uet_ws/build/susgrip_2f_control', 'catkin_cmake_args': None, 'catkin_skip_building_tests': False, 'cmake_args': None, 'cmake_clean_cache': False, 'cmake_clean_first': False, 'cmake_force_configure': False, 'cmake_target': None, 'cmake_target_skip_unavailable': False, 'install_base': '/home/com9/uet_ws/install/susgrip_2f_control', 'merge_install': False, 'path': '/home/com9/uet_ws/src/susgrip_2f/susgrip_2f_control', 'symlink_install': False, 'test_result_base': None}
[0.302s] Level 5:colcon.colcon_core.verb:set package 'susgrip_2f_description' build argument 'cmake_args' from command line to 'None'
[0.302s] Level 5:colcon.colcon_core.verb:set package 'susgrip_2f_description' build argument 'cmake_target' from command line to 'None'
[0.302s] Level 5:colcon.colcon_core.verb:set package 'susgrip_2f_description' build argument 'cmake_target_skip_unavailable' from command line to 'False'
[0.302s] Level 5:colcon.colcon_core.verb:set package 'susgrip_2f_description' build argument 'cmake_clean_cache' from command line to 'False'
[0.302s] Level 5:colcon.colcon_core.verb:set package 'susgrip_2f_description' build argument 'cmake_clean_first' from command line to 'False'
[0.302s] Level 5:colcon.colcon_core.verb:set package 'susgrip_2f_description' build argument 'cmake_force_configure' from command line to 'False'
[0.302s] Level 5:colcon.colcon_core.verb:set package 'susgrip_2f_description' build argument 'ament_cmake_args' from command line to 'None'
[0.302s] Level 5:colcon.colcon_core.verb:set package 'susgrip_2f_description' build argument 'catkin_cmake_args' from command line to 'None'
[0.302s] Level 5:colcon.colcon_core.verb:set package 'susgrip_2f_description' build argument 'catkin_skip_building_tests' from command line to 'False'
[0.302s] DEBUG:colcon.colcon_core.verb:Building package 'susgrip_2f_description' with the following arguments: {'ament_cmake_args': None, 'build_base': '/home/com9/uet_ws/build/susgrip_2f_description', 'catkin_cmake_args': None, 'catkin_skip_building_tests': False, 'cmake_args': None, 'cmake_clean_cache': False, 'cmake_clean_first': False, 'cmake_force_configure': False, 'cmake_target': None, 'cmake_target_skip_unavailable': False, 'install_base': '/home/com9/uet_ws/install/susgrip_2f_description', 'merge_install': False, 'path': '/home/com9/uet_ws/src/susgrip_2f/susgrip_2f_description', 'symlink_install': False, 'test_result_base': None}
[0.302s] Level 5:colcon.colcon_core.verb:set package 'susgrip_2f_hardware' build argument 'cmake_args' from command line to 'None'
[0.302s] Level 5:colcon.colcon_core.verb:set package 'susgrip_2f_hardware' build argument 'cmake_target' from command line to 'None'
[0.302s] Level 5:colcon.colcon_core.verb:set package 'susgrip_2f_hardware' build argument 'cmake_target_skip_unavailable' from command line to 'False'
[0.302s] Level 5:colcon.colcon_core.verb:set package 'susgrip_2f_hardware' build argument 'cmake_clean_cache' from command line to 'False'
[0.302s] Level 5:colcon.colcon_core.verb:set package 'susgrip_2f_hardware' build argument 'cmake_clean_first' from command line to 'False'
[0.302s] Level 5:colcon.colcon_core.verb:set package 'susgrip_2f_hardware' build argument 'cmake_force_configure' from command line to 'False'
[0.302s] Level 5:colcon.colcon_core.verb:set package 'susgrip_2f_hardware' build argument 'ament_cmake_args' from command line to 'None'
[0.302s] Level 5:colcon.colcon_core.verb:set package 'susgrip_2f_hardware' build argument 'catkin_cmake_args' from command line to 'None'
[0.302s] Level 5:colcon.colcon_core.verb:set package 'susgrip_2f_hardware' build argument 'catkin_skip_building_tests' from command line to 'False'
[0.302s] DEBUG:colcon.colcon_core.verb:Building package 'susgrip_2f_hardware' with the following arguments: {'ament_cmake_args': None, 'build_base': '/home/com9/uet_ws/build/susgrip_2f_hardware', 'catkin_cmake_args': None, 'catkin_skip_building_tests': False, 'cmake_args': None, 'cmake_clean_cache': False, 'cmake_clean_first': False, 'cmake_force_configure': False, 'cmake_target': None, 'cmake_target_skip_unavailable': False, 'install_base': '/home/com9/uet_ws/install/susgrip_2f_hardware', 'merge_install': False, 'path': '/home/com9/uet_ws/src/susgrip_2f/susgrip_2f_hardware', 'symlink_install': False, 'test_result_base': None}
[0.303s] Level 5:colcon.colcon_core.verb:set package 'ur3_moveit_control' build argument 'cmake_args' from command line to 'None'
[0.303s] Level 5:colcon.colcon_core.verb:set package 'ur3_moveit_control' build argument 'cmake_target' from command line to 'None'
[0.303s] Level 5:colcon.colcon_core.verb:set package 'ur3_moveit_control' build argument 'cmake_target_skip_unavailable' from command line to 'False'
[0.303s] Level 5:colcon.colcon_core.verb:set package 'ur3_moveit_control' build argument 'cmake_clean_cache' from command line to 'False'
[0.303s] Level 5:colcon.colcon_core.verb:set package 'ur3_moveit_control' build argument 'cmake_clean_first' from command line to 'False'
[0.303s] Level 5:colcon.colcon_core.verb:set package 'ur3_moveit_control' build argument 'cmake_force_configure' from command line to 'False'
[0.303s] Level 5:colcon.colcon_core.verb:set package 'ur3_moveit_control' build argument 'ament_cmake_args' from command line to 'None'
[0.303s] Level 5:colcon.colcon_core.verb:set package 'ur3_moveit_control' build argument 'catkin_cmake_args' from command line to 'None'
[0.303s] Level 5:colcon.colcon_core.verb:set package 'ur3_moveit_control' build argument 'catkin_skip_building_tests' from command line to 'False'
[0.303s] DEBUG:colcon.colcon_core.verb:Building package 'ur3_moveit_control' with the following arguments: {'ament_cmake_args': None, 'build_base': '/home/com9/uet_ws/build/ur3_moveit_control', 'catkin_cmake_args': None, 'catkin_skip_building_tests': False, 'cmake_args': None, 'cmake_clean_cache': False, 'cmake_clean_first': False, 'cmake_force_configure': False, 'cmake_target': None, 'cmake_target_skip_unavailable': False, 'install_base': '/home/com9/uet_ws/install/ur3_moveit_control', 'merge_install': False, 'path': '/home/com9/uet_ws/src/ur3_moveit_control', 'symlink_install': False, 'test_result_base': None}
[0.303s] Level 5:colcon.colcon_core.verb:set package 'ur_dashboard_msgs' build argument 'cmake_args' from command line to 'None'
[0.303s] Level 5:colcon.colcon_core.verb:set package 'ur_dashboard_msgs' build argument 'cmake_target' from command line to 'None'
[0.303s] Level 5:colcon.colcon_core.verb:set package 'ur_dashboard_msgs' build argument 'cmake_target_skip_unavailable' from command line to 'False'
[0.303s] Level 5:colcon.colcon_core.verb:set package 'ur_dashboard_msgs' build argument 'cmake_clean_cache' from command line to 'False'
[0.303s] Level 5:colcon.colcon_core.verb:set package 'ur_dashboard_msgs' build argument 'cmake_clean_first' from command line to 'False'
[0.303s] Level 5:colcon.colcon_core.verb:set package 'ur_dashboard_msgs' build argument 'cmake_force_configure' from command line to 'False'
[0.303s] Level 5:colcon.colcon_core.verb:set package 'ur_dashboard_msgs' build argument 'ament_cmake_args' from command line to 'None'
[0.303s] Level 5:colcon.colcon_core.verb:set package 'ur_dashboard_msgs' build argument 'catkin_cmake_args' from command line to 'None'
[0.303s] Level 5:colcon.colcon_core.verb:set package 'ur_dashboard_msgs' build argument 'catkin_skip_building_tests' from command line to 'False'
[0.303s] DEBUG:colcon.colcon_core.verb:Building package 'ur_dashboard_msgs' with the following arguments: {'ament_cmake_args': None, 'build_base': '/home/com9/uet_ws/build/ur_dashboard_msgs', 'catkin_cmake_args': None, 'catkin_skip_building_tests': False, 'cmake_args': None, 'cmake_clean_cache': False, 'cmake_clean_first': False, 'cmake_force_configure': False, 'cmake_target': None, 'cmake_target_skip_unavailable': False, 'install_base': '/home/com9/uet_ws/install/ur_dashboard_msgs', 'merge_install': False, 'path': '/home/com9/uet_ws/src/Universal_Robots_ROS2_Driver/ur_dashboard_msgs', 'symlink_install': False, 'test_result_base': None}
[0.303s] Level 5:colcon.colcon_core.verb:set package 'ur_moveit_config' build argument 'cmake_args' from command line to 'None'
[0.303s] Level 5:colcon.colcon_core.verb:set package 'ur_moveit_config' build argument 'cmake_target' from command line to 'None'
[0.303s] Level 5:colcon.colcon_core.verb:set package 'ur_moveit_config' build argument 'cmake_target_skip_unavailable' from command line to 'False'
[0.303s] Level 5:colcon.colcon_core.verb:set package 'ur_moveit_config' build argument 'cmake_clean_cache' from command line to 'False'
[0.303s] Level 5:colcon.colcon_core.verb:set package 'ur_moveit_config' build argument 'cmake_clean_first' from command line to 'False'
[0.303s] Level 5:colcon.colcon_core.verb:set package 'ur_moveit_config' build argument 'cmake_force_configure' from command line to 'False'
[0.303s] Level 5:colcon.colcon_core.verb:set package 'ur_moveit_config' build argument 'ament_cmake_args' from command line to 'None'
[0.303s] Level 5:colcon.colcon_core.verb:set package 'ur_moveit_config' build argument 'catkin_cmake_args' from command line to 'None'
[0.303s] Level 5:colcon.colcon_core.verb:set package 'ur_moveit_config' build argument 'catkin_skip_building_tests' from command line to 'False'
[0.303s] DEBUG:colcon.colcon_core.verb:Building package 'ur_moveit_config' with the following arguments: {'ament_cmake_args': None, 'build_base': '/home/com9/uet_ws/build/ur_moveit_config', 'catkin_cmake_args': None, 'catkin_skip_building_tests': False, 'cmake_args': None, 'cmake_clean_cache': False, 'cmake_clean_first': False, 'cmake_force_configure': False, 'cmake_target': None, 'cmake_target_skip_unavailable': False, 'install_base': '/home/com9/uet_ws/install/ur_moveit_config', 'merge_install': False, 'path': '/home/com9/uet_ws/src/Universal_Robots_ROS2_Driver/ur_moveit_config', 'symlink_install': False, 'test_result_base': None}
[0.303s] Level 5:colcon.colcon_core.verb:set package 'susgrip_2f_gazebo' build argument 'cmake_args' from command line to 'None'
[0.303s] Level 5:colcon.colcon_core.verb:set package 'susgrip_2f_gazebo' build argument 'cmake_target' from command line to 'None'
[0.303s] Level 5:colcon.colcon_core.verb:set package 'susgrip_2f_gazebo' build argument 'cmake_target_skip_unavailable' from command line to 'False'
[0.303s] Level 5:colcon.colcon_core.verb:set package 'susgrip_2f_gazebo' build argument 'cmake_clean_cache' from command line to 'False'
[0.303s] Level 5:colcon.colcon_core.verb:set package 'susgrip_2f_gazebo' build argument 'cmake_clean_first' from command line to 'False'
[0.303s] Level 5:colcon.colcon_core.verb:set package 'susgrip_2f_gazebo' build argument 'cmake_force_configure' from command line to 'False'
[0.303s] Level 5:colcon.colcon_core.verb:set package 'susgrip_2f_gazebo' build argument 'ament_cmake_args' from command line to 'None'
[0.303s] Level 5:colcon.colcon_core.verb:set package 'susgrip_2f_gazebo' build argument 'catkin_cmake_args' from command line to 'None'
[0.303s] Level 5:colcon.colcon_core.verb:set package 'susgrip_2f_gazebo' build argument 'catkin_skip_building_tests' from command line to 'False'
[0.303s] DEBUG:colcon.colcon_core.verb:Building package 'susgrip_2f_gazebo' with the following arguments: {'ament_cmake_args': None, 'build_base': '/home/com9/uet_ws/build/susgrip_2f_gazebo', 'catkin_cmake_args': None, 'catkin_skip_building_tests': False, 'cmake_args': None, 'cmake_clean_cache': False, 'cmake_clean_first': False, 'cmake_force_configure': False, 'cmake_target': None, 'cmake_target_skip_unavailable': False, 'install_base': '/home/com9/uet_ws/install/susgrip_2f_gazebo', 'merge_install': False, 'path': '/home/com9/uet_ws/src/susgrip_2f/susgrip_2f_gazebo', 'symlink_install': False, 'test_result_base': None}
[0.303s] Level 5:colcon.colcon_core.verb:set package 'ur_controllers' build argument 'cmake_args' from command line to 'None'
[0.303s] Level 5:colcon.colcon_core.verb:set package 'ur_controllers' build argument 'cmake_target' from command line to 'None'
[0.304s] Level 5:colcon.colcon_core.verb:set package 'ur_controllers' build argument 'cmake_target_skip_unavailable' from command line to 'False'
[0.304s] Level 5:colcon.colcon_core.verb:set package 'ur_controllers' build argument 'cmake_clean_cache' from command line to 'False'
[0.304s] Level 5:colcon.colcon_core.verb:set package 'ur_controllers' build argument 'cmake_clean_first' from command line to 'False'
[0.304s] Level 5:colcon.colcon_core.verb:set package 'ur_controllers' build argument 'cmake_force_configure' from command line to 'False'
[0.304s] Level 5:colcon.colcon_core.verb:set package 'ur_controllers' build argument 'ament_cmake_args' from command line to 'None'
[0.304s] Level 5:colcon.colcon_core.verb:set package 'ur_controllers' build argument 'catkin_cmake_args' from command line to 'None'
[0.304s] Level 5:colcon.colcon_core.verb:set package 'ur_controllers' build argument 'catkin_skip_building_tests' from command line to 'False'
[0.304s] DEBUG:colcon.colcon_core.verb:Building package 'ur_controllers' with the following arguments: {'ament_cmake_args': None, 'build_base': '/home/com9/uet_ws/build/ur_controllers', 'catkin_cmake_args': None, 'catkin_skip_building_tests': False, 'cmake_args': None, 'cmake_clean_cache': False, 'cmake_clean_first': False, 'cmake_force_configure': False, 'cmake_target': None, 'cmake_target_skip_unavailable': False, 'install_base': '/home/com9/uet_ws/install/ur_controllers', 'merge_install': False, 'path': '/home/com9/uet_ws/src/Universal_Robots_ROS2_Driver/ur_controllers', 'symlink_install': False, 'test_result_base': None}
[0.304s] Level 5:colcon.colcon_core.verb:set package 'ur_bringup' build argument 'cmake_args' from command line to 'None'
[0.304s] Level 5:colcon.colcon_core.verb:set package 'ur_bringup' build argument 'cmake_target' from command line to 'None'
[0.304s] Level 5:colcon.colcon_core.verb:set package 'ur_bringup' build argument 'cmake_target_skip_unavailable' from command line to 'False'
[0.304s] Level 5:colcon.colcon_core.verb:set package 'ur_bringup' build argument 'cmake_clean_cache' from command line to 'False'
[0.304s] Level 5:colcon.colcon_core.verb:set package 'ur_bringup' build argument 'cmake_clean_first' from command line to 'False'
[0.304s] Level 5:colcon.colcon_core.verb:set package 'ur_bringup' build argument 'cmake_force_configure' from command line to 'False'
[0.304s] Level 5:colcon.colcon_core.verb:set package 'ur_bringup' build argument 'ament_cmake_args' from command line to 'None'
[0.304s] Level 5:colcon.colcon_core.verb:set package 'ur_bringup' build argument 'catkin_cmake_args' from command line to 'None'
[0.304s] Level 5:colcon.colcon_core.verb:set package 'ur_bringup' build argument 'catkin_skip_building_tests' from command line to 'False'
[0.304s] DEBUG:colcon.colcon_core.verb:Building package 'ur_bringup' with the following arguments: {'ament_cmake_args': None, 'build_base': '/home/com9/uet_ws/build/ur_bringup', 'catkin_cmake_args': None, 'catkin_skip_building_tests': False, 'cmake_args': None, 'cmake_clean_cache': False, 'cmake_clean_first': False, 'cmake_force_configure': False, 'cmake_target': None, 'cmake_target_skip_unavailable': False, 'install_base': '/home/com9/uet_ws/install/ur_bringup', 'merge_install': False, 'path': '/home/com9/uet_ws/src/Universal_Robots_ROS2_Driver/ur_bringup', 'symlink_install': False, 'test_result_base': None}
[0.304s] Level 5:colcon.colcon_core.verb:set package 'ur_robot_driver' build argument 'cmake_args' from command line to 'None'
[0.304s] Level 5:colcon.colcon_core.verb:set package 'ur_robot_driver' build argument 'cmake_target' from command line to 'None'
[0.304s] Level 5:colcon.colcon_core.verb:set package 'ur_robot_driver' build argument 'cmake_target_skip_unavailable' from command line to 'False'
[0.304s] Level 5:colcon.colcon_core.verb:set package 'ur_robot_driver' build argument 'cmake_clean_cache' from command line to 'False'
[0.304s] Level 5:colcon.colcon_core.verb:set package 'ur_robot_driver' build argument 'cmake_clean_first' from command line to 'False'
[0.304s] Level 5:colcon.colcon_core.verb:set package 'ur_robot_driver' build argument 'cmake_force_configure' from command line to 'False'
[0.304s] Level 5:colcon.colcon_core.verb:set package 'ur_robot_driver' build argument 'ament_cmake_args' from command line to 'None'
[0.304s] Level 5:colcon.colcon_core.verb:set package 'ur_robot_driver' build argument 'catkin_cmake_args' from command line to 'None'
[0.304s] Level 5:colcon.colcon_core.verb:set package 'ur_robot_driver' build argument 'catkin_skip_building_tests' from command line to 'False'
[0.304s] DEBUG:colcon.colcon_core.verb:Building package 'ur_robot_driver' with the following arguments: {'ament_cmake_args': None, 'build_base': '/home/com9/uet_ws/build/ur_robot_driver', 'catkin_cmake_args': None, 'catkin_skip_building_tests': False, 'cmake_args': None, 'cmake_clean_cache': False, 'cmake_clean_first': False, 'cmake_force_configure': False, 'cmake_target': None, 'cmake_target_skip_unavailable': False, 'install_base': '/home/com9/uet_ws/install/ur_robot_driver', 'merge_install': False, 'path': '/home/com9/uet_ws/src/Universal_Robots_ROS2_Driver/ur_robot_driver', 'symlink_install': False, 'test_result_base': None}
[0.304s] Level 5:colcon.colcon_core.verb:set package 'ur_simulation_gz' build argument 'cmake_args' from command line to 'None'
[0.304s] Level 5:colcon.colcon_core.verb:set package 'ur_simulation_gz' build argument 'cmake_target' from command line to 'None'
[0.304s] Level 5:colcon.colcon_core.verb:set package 'ur_simulation_gz' build argument 'cmake_target_skip_unavailable' from command line to 'False'
[0.304s] Level 5:colcon.colcon_core.verb:set package 'ur_simulation_gz' build argument 'cmake_clean_cache' from command line to 'False'
[0.304s] Level 5:colcon.colcon_core.verb:set package 'ur_simulation_gz' build argument 'cmake_clean_first' from command line to 'False'
[0.304s] Level 5:colcon.colcon_core.verb:set package 'ur_simulation_gz' build argument 'cmake_force_configure' from command line to 'False'
[0.304s] Level 5:colcon.colcon_core.verb:set package 'ur_simulation_gz' build argument 'ament_cmake_args' from command line to 'None'
[0.304s] Level 5:colcon.colcon_core.verb:set package 'ur_simulation_gz' build argument 'catkin_cmake_args' from command line to 'None'
[0.304s] Level 5:colcon.colcon_core.verb:set package 'ur_simulation_gz' build argument 'catkin_skip_building_tests' from command line to 'False'
[0.304s] DEBUG:colcon.colcon_core.verb:Building package 'ur_simulation_gz' with the following arguments: {'ament_cmake_args': None, 'build_base': '/home/com9/uet_ws/build/ur_simulation_gz', 'catkin_cmake_args': None, 'catkin_skip_building_tests': False, 'cmake_args': None, 'cmake_clean_cache': False, 'cmake_clean_first': False, 'cmake_force_configure': False, 'cmake_target': None, 'cmake_target_skip_unavailable': False, 'install_base': '/home/com9/uet_ws/install/ur_simulation_gz', 'merge_install': False, 'path': '/home/com9/uet_ws/src/ur_simulation_gz', 'symlink_install': False, 'test_result_base': None}
[0.304s] Level 5:colcon.colcon_core.verb:set package 'ur_calibration' build argument 'cmake_args' from command line to 'None'
[0.304s] Level 5:colcon.colcon_core.verb:set package 'ur_calibration' build argument 'cmake_target' from command line to 'None'
[0.304s] Level 5:colcon.colcon_core.verb:set package 'ur_calibration' build argument 'cmake_target_skip_unavailable' from command line to 'False'
[0.305s] Level 5:colcon.colcon_core.verb:set package 'ur_calibration' build argument 'cmake_clean_cache' from command line to 'False'
[0.305s] Level 5:colcon.colcon_core.verb:set package 'ur_calibration' build argument 'cmake_clean_first' from command line to 'False'
[0.305s] Level 5:colcon.colcon_core.verb:set package 'ur_calibration' build argument 'cmake_force_configure' from command line to 'False'
[0.305s] Level 5:colcon.colcon_core.verb:set package 'ur_calibration' build argument 'ament_cmake_args' from command line to 'None'
[0.305s] Level 5:colcon.colcon_core.verb:set package 'ur_calibration' build argument 'catkin_cmake_args' from command line to 'None'
[0.305s] Level 5:colcon.colcon_core.verb:set package 'ur_calibration' build argument 'catkin_skip_building_tests' from command line to 'False'
[0.305s] DEBUG:colcon.colcon_core.verb:Building package 'ur_calibration' with the following arguments: {'ament_cmake_args': None, 'build_base': '/home/com9/uet_ws/build/ur_calibration', 'catkin_cmake_args': None, 'catkin_skip_building_tests': False, 'cmake_args': None, 'cmake_clean_cache': False, 'cmake_clean_first': False, 'cmake_force_configure': False, 'cmake_target': None, 'cmake_target_skip_unavailable': False, 'install_base': '/home/com9/uet_ws/install/ur_calibration', 'merge_install': False, 'path': '/home/com9/uet_ws/src/Universal_Robots_ROS2_Driver/ur_calibration', 'symlink_install': False, 'test_result_base': None}
[0.305s] Level 5:colcon.colcon_core.verb:set package 'ur' build argument 'cmake_args' from command line to 'None'
[0.305s] Level 5:colcon.colcon_core.verb:set package 'ur' build argument 'cmake_target' from command line to 'None'
[0.305s] Level 5:colcon.colcon_core.verb:set package 'ur' build argument 'cmake_target_skip_unavailable' from command line to 'False'
[0.305s] Level 5:colcon.colcon_core.verb:set package 'ur' build argument 'cmake_clean_cache' from command line to 'False'
[0.305s] Level 5:colcon.colcon_core.verb:set package 'ur' build argument 'cmake_clean_first' from command line to 'False'
[0.305s] Level 5:colcon.colcon_core.verb:set package 'ur' build argument 'cmake_force_configure' from command line to 'False'
[0.305s] Level 5:colcon.colcon_core.verb:set package 'ur' build argument 'ament_cmake_args' from command line to 'None'
[0.305s] Level 5:colcon.colcon_core.verb:set package 'ur' build argument 'catkin_cmake_args' from command line to 'None'
[0.305s] Level 5:colcon.colcon_core.verb:set package 'ur' build argument 'catkin_skip_building_tests' from command line to 'False'
[0.305s] DEBUG:colcon.colcon_core.verb:Building package 'ur' with the following arguments: {'ament_cmake_args': None, 'build_base': '/home/com9/uet_ws/build/ur', 'catkin_cmake_args': None, 'catkin_skip_building_tests': False, 'cmake_args': None, 'cmake_clean_cache': False, 'cmake_clean_first': False, 'cmake_force_configure': False, 'cmake_target': None, 'cmake_target_skip_unavailable': False, 'install_base': '/home/com9/uet_ws/install/ur', 'merge_install': False, 'path': '/home/com9/uet_ws/src/Universal_Robots_ROS2_Driver/ur', 'symlink_install': False, 'test_result_base': None}
[0.305s] INFO:colcon.colcon_core.executor:Executing jobs using 'sequential' executor
[0.305s] DEBUG:colcon.colcon_core.executor.sequential:run_until_complete 'susgrip_2f_control'
[0.306s] INFO:colcon.colcon_ros.task.ament_python.build:Building ROS package in '/home/com9/uet_ws/src/susgrip_2f/susgrip_2f_control' with build type 'ament_python'
[0.306s] Level 1:colcon.colcon_core.shell:create_environment_hook('susgrip_2f_control', 'ament_prefix_path')
[0.308s] INFO:colcon.colcon_core.plugin_system:Skipping extension 'colcon_core.shell.bat': Not used on non-Windows systems
[0.308s] INFO:colcon.colcon_core.shell:Creating environment hook '/home/com9/uet_ws/install/susgrip_2f_control/share/susgrip_2f_control/hook/ament_prefix_path.ps1'
[0.309s] INFO:colcon.colcon_core.shell:Creating environment descriptor '/home/com9/uet_ws/install/susgrip_2f_control/share/susgrip_2f_control/hook/ament_prefix_path.dsv'
[0.309s] INFO:colcon.colcon_core.shell:Creating environment hook '/home/com9/uet_ws/install/susgrip_2f_control/share/susgrip_2f_control/hook/ament_prefix_path.sh'
[0.309s] INFO:colcon.colcon_core.shell:Skip shell extension 'powershell' for command environment: Not usable outside of PowerShell
[0.309s] DEBUG:colcon.colcon_core.shell:Skip shell extension 'dsv' for command environment
[0.443s] INFO:colcon.colcon_core.task.python.build:Building Python package in '/home/com9/uet_ws/src/susgrip_2f/susgrip_2f_control'
[0.443s] INFO:colcon.colcon_core.shell:Skip shell extension 'powershell' for command environment: Not usable outside of PowerShell
[0.443s] DEBUG:colcon.colcon_core.shell:Skip shell extension 'dsv' for command environment
[0.676s] DEBUG:colcon.colcon_core.task.python.build:Available setuptools commands: alias, register, install_data, easy_install, build_py, build_ext, saveopts, clean, install_lib, build_clib, build_scripts, egg_info, install_scripts, develop, bdist_rpm, build, symlink_data, compile_catalog, install, bdist, update_catalog, bdist_egg, setopt, rotate, extract_messages, upload_docs, upload, install_egg_info, test, check, bdist_dumb, install_headers, dist_info, init_catalog, sdist
[0.677s] DEBUG:colcon.colcon_core.event_handler.log_command:Invoking command in '/home/com9/uet_ws/src/susgrip_2f/susgrip_2f_control': PYTHONPATH=/home/com9/uet_ws/build/susgrip_2f_control/prefix_override:/usr/lib/python3/dist-packages/colcon_core/task/python/colcon_distutils_commands:/home/com9/uet_ws/install/susgrip_2f_control/lib/python3.10/site-packages:${PYTHONPATH} /usr/bin/python3 -W ignore:setup.py install is deprecated -W ignore:easy_install command is deprecated setup.py egg_info --egg-base ../../../build/susgrip_2f_control build --build-base /home/com9/uet_ws/build/susgrip_2f_control/build install --record /home/com9/uet_ws/build/susgrip_2f_control/install.log --install-scripts $base/lib/susgrip_2f_control --single-version-externally-managed install_data
[0.828s] DEBUG:colcon.colcon_core.event_handler.log_command:Invoked command in '/home/com9/uet_ws/src/susgrip_2f/susgrip_2f_control' returned '0': PYTHONPATH=/home/com9/uet_ws/build/susgrip_2f_control/prefix_override:/usr/lib/python3/dist-packages/colcon_core/task/python/colcon_distutils_commands:/home/com9/uet_ws/install/susgrip_2f_control/lib/python3.10/site-packages:${PYTHONPATH} /usr/bin/python3 -W ignore:setup.py install is deprecated -W ignore:easy_install command is deprecated setup.py egg_info --egg-base ../../../build/susgrip_2f_control build --build-base /home/com9/uet_ws/build/susgrip_2f_control/build install --record /home/com9/uet_ws/build/susgrip_2f_control/install.log --install-scripts $base/lib/susgrip_2f_control --single-version-externally-managed install_data
[0.830s] Level 1:colcon.colcon_core.environment:checking '/home/com9/uet_ws/install/susgrip_2f_control' for CMake module files
[0.831s] Level 1:colcon.colcon_core.environment:checking '/home/com9/uet_ws/install/susgrip_2f_control' for CMake config files
[0.831s] Level 1:colcon.colcon_core.environment:checking '/home/com9/uet_ws/install/susgrip_2f_control/lib'
[0.831s] Level 1:colcon.colcon_core.environment:checking '/home/com9/uet_ws/install/susgrip_2f_control/bin'
[0.831s] Level 1:colcon.colcon_core.environment:checking '/home/com9/uet_ws/install/susgrip_2f_control/lib/pkgconfig/susgrip_2f_control.pc'
[0.831s] Level 1:colcon.colcon_core.environment:checking '/home/com9/uet_ws/install/susgrip_2f_control/lib/python3.10/site-packages'
[0.831s] Level 1:colcon.colcon_core.shell:create_environment_hook('susgrip_2f_control', 'pythonpath')
[0.831s] INFO:colcon.colcon_core.shell:Creating environment hook '/home/com9/uet_ws/install/susgrip_2f_control/share/susgrip_2f_control/hook/pythonpath.ps1'
[0.832s] INFO:colcon.colcon_core.shell:Creating environment descriptor '/home/com9/uet_ws/install/susgrip_2f_control/share/susgrip_2f_control/hook/pythonpath.dsv'
[0.832s] INFO:colcon.colcon_core.shell:Creating environment hook '/home/com9/uet_ws/install/susgrip_2f_control/share/susgrip_2f_control/hook/pythonpath.sh'
[0.832s] Level 1:colcon.colcon_core.environment:checking '/home/com9/uet_ws/install/susgrip_2f_control/bin'
[0.832s] Level 1:colcon.colcon_core.environment:create_environment_scripts_only(susgrip_2f_control)
[0.833s] INFO:colcon.colcon_core.shell:Creating package script '/home/com9/uet_ws/install/susgrip_2f_control/share/susgrip_2f_control/package.ps1'
[0.833s] INFO:colcon.colcon_core.shell:Creating package descriptor '/home/com9/uet_ws/install/susgrip_2f_control/share/susgrip_2f_control/package.dsv'
[0.834s] INFO:colcon.colcon_core.shell:Creating package script '/home/com9/uet_ws/install/susgrip_2f_control/share/susgrip_2f_control/package.sh'
[0.834s] INFO:colcon.colcon_core.shell:Creating package script '/home/com9/uet_ws/install/susgrip_2f_control/share/susgrip_2f_control/package.bash'
[0.835s] INFO:colcon.colcon_core.shell:Creating package script '/home/com9/uet_ws/install/susgrip_2f_control/share/susgrip_2f_control/package.zsh'
[0.835s] Level 1:colcon.colcon_core.environment:create_file_with_runtime_dependencies(/home/com9/uet_ws/install/susgrip_2f_control/share/colcon-core/packages/susgrip_2f_control)
[0.835s] DEBUG:colcon.colcon_core.executor.sequential:run_until_complete 'susgrip_2f_control' finished with '0'
[0.836s] DEBUG:colcon.colcon_core.executor.sequential:run_until_complete 'susgrip_2f_description'
[0.836s] INFO:colcon.colcon_ros.task.ament_python.build:Building ROS package in '/home/com9/uet_ws/src/susgrip_2f/susgrip_2f_description' with build type 'ament_python'
[0.836s] Level 1:colcon.colcon_core.shell:create_environment_hook('susgrip_2f_description', 'ament_prefix_path')
[0.836s] INFO:colcon.colcon_core.shell:Creating environment hook '/home/com9/uet_ws/install/susgrip_2f_description/share/susgrip_2f_description/hook/ament_prefix_path.ps1'
[0.836s] INFO:colcon.colcon_core.shell:Creating environment descriptor '/home/com9/uet_ws/install/susgrip_2f_description/share/susgrip_2f_description/hook/ament_prefix_path.dsv'
[0.836s] INFO:colcon.colcon_core.shell:Creating environment hook '/home/com9/uet_ws/install/susgrip_2f_description/share/susgrip_2f_description/hook/ament_prefix_path.sh'
[0.837s] INFO:colcon.colcon_core.shell:Skip shell extension 'powershell' for command environment: Not usable outside of PowerShell
[0.837s] DEBUG:colcon.colcon_core.shell:Skip shell extension 'dsv' for command environment
[0.971s] INFO:colcon.colcon_core.task.python.build:Building Python package in '/home/com9/uet_ws/src/susgrip_2f/susgrip_2f_description'
[0.972s] INFO:colcon.colcon_core.shell:Skip shell extension 'powershell' for command environment: Not usable outside of PowerShell
[0.972s] DEBUG:colcon.colcon_core.shell:Skip shell extension 'dsv' for command environment
[1.153s] DEBUG:colcon.colcon_core.task.python.build:Available setuptools commands: alias, register, install_data, easy_install, build_py, build_ext, saveopts, clean, install_lib, build_clib, build_scripts, egg_info, install_scripts, develop, bdist_rpm, build, symlink_data, compile_catalog, install, bdist, update_catalog, bdist_egg, setopt, rotate, extract_messages, upload_docs, upload, install_egg_info, test, check, bdist_dumb, install_headers, dist_info, init_catalog, sdist
[1.155s] DEBUG:colcon.colcon_core.event_handler.log_command:Invoking command in '/home/com9/uet_ws/src/susgrip_2f/susgrip_2f_description': PYTHONPATH=/home/com9/uet_ws/build/susgrip_2f_description/prefix_override:/usr/lib/python3/dist-packages/colcon_core/task/python/colcon_distutils_commands:/home/com9/uet_ws/install/susgrip_2f_description/lib/python3.10/site-packages:${PYTHONPATH} /usr/bin/python3 -W ignore:setup.py install is deprecated -W ignore:easy_install command is deprecated setup.py egg_info --egg-base ../../../build/susgrip_2f_description build --build-base /home/com9/uet_ws/build/susgrip_2f_description/build install --record /home/com9/uet_ws/build/susgrip_2f_description/install.log --install-scripts $base/lib/susgrip_2f_description --single-version-externally-managed install_data
[1.308s] Level 1:colcon.colcon_core.environment:checking '/home/com9/uet_ws/install/susgrip_2f_description' for CMake module files
[1.308s] DEBUG:colcon.colcon_core.event_handler.log_command:Invoked command in '/home/com9/uet_ws/src/susgrip_2f/susgrip_2f_description' returned '0': PYTHONPATH=/home/com9/uet_ws/build/susgrip_2f_description/prefix_override:/usr/lib/python3/dist-packages/colcon_core/task/python/colcon_distutils_commands:/home/com9/uet_ws/install/susgrip_2f_description/lib/python3.10/site-packages:${PYTHONPATH} /usr/bin/python3 -W ignore:setup.py install is deprecated -W ignore:easy_install command is deprecated setup.py egg_info --egg-base ../../../build/susgrip_2f_description build --build-base /home/com9/uet_ws/build/susgrip_2f_description/build install --record /home/com9/uet_ws/build/susgrip_2f_description/install.log --install-scripts $base/lib/susgrip_2f_description --single-version-externally-managed install_data
[1.308s] Level 1:colcon.colcon_core.environment:checking '/home/com9/uet_ws/install/susgrip_2f_description' for CMake config files
[1.309s] Level 1:colcon.colcon_core.environment:checking '/home/com9/uet_ws/install/susgrip_2f_description/lib'
[1.309s] Level 1:colcon.colcon_core.environment:checking '/home/com9/uet_ws/install/susgrip_2f_description/bin'
[1.309s] Level 1:colcon.colcon_core.environment:checking '/home/com9/uet_ws/install/susgrip_2f_description/lib/pkgconfig/susgrip_2f_description.pc'
[1.309s] Level 1:colcon.colcon_core.environment:checking '/home/com9/uet_ws/install/susgrip_2f_description/lib/python3.10/site-packages'
[1.309s] Level 1:colcon.colcon_core.shell:create_environment_hook('susgrip_2f_description', 'pythonpath')
[1.309s] INFO:colcon.colcon_core.shell:Creating environment hook '/home/com9/uet_ws/install/susgrip_2f_description/share/susgrip_2f_description/hook/pythonpath.ps1'
[1.309s] INFO:colcon.colcon_core.shell:Creating environment descriptor '/home/com9/uet_ws/install/susgrip_2f_description/share/susgrip_2f_description/hook/pythonpath.dsv'
[1.309s] INFO:colcon.colcon_core.shell:Creating environment hook '/home/com9/uet_ws/install/susgrip_2f_description/share/susgrip_2f_description/hook/pythonpath.sh'
[1.310s] Level 1:colcon.colcon_core.environment:checking '/home/com9/uet_ws/install/susgrip_2f_description/bin'
[1.310s] Level 1:colcon.colcon_core.environment:create_environment_scripts_only(susgrip_2f_description)
[1.310s] INFO:colcon.colcon_core.shell:Creating package script '/home/com9/uet_ws/install/susgrip_2f_description/share/susgrip_2f_description/package.ps1'
[1.310s] INFO:colcon.colcon_core.shell:Creating package descriptor '/home/com9/uet_ws/install/susgrip_2f_description/share/susgrip_2f_description/package.dsv'
[1.311s] INFO:colcon.colcon_core.shell:Creating package script '/home/com9/uet_ws/install/susgrip_2f_description/share/susgrip_2f_description/package.sh'
[1.311s] INFO:colcon.colcon_core.shell:Creating package script '/home/com9/uet_ws/install/susgrip_2f_description/share/susgrip_2f_description/package.bash'
[1.311s] INFO:colcon.colcon_core.shell:Creating package script '/home/com9/uet_ws/install/susgrip_2f_description/share/susgrip_2f_description/package.zsh'
[1.311s] Level 1:colcon.colcon_core.environment:create_file_with_runtime_dependencies(/home/com9/uet_ws/install/susgrip_2f_description/share/colcon-core/packages/susgrip_2f_description)
[1.311s] DEBUG:colcon.colcon_core.executor.sequential:run_until_complete 'susgrip_2f_description' finished with '0'
[1.311s] DEBUG:colcon.colcon_core.executor.sequential:run_until_complete 'susgrip_2f_hardware'
[1.311s] INFO:colcon.colcon_ros.task.ament_python.build:Building ROS package in '/home/com9/uet_ws/src/susgrip_2f/susgrip_2f_hardware' with build type 'ament_python'
[1.311s] Level 1:colcon.colcon_core.shell:create_environment_hook('susgrip_2f_hardware', 'ament_prefix_path')
[1.311s] INFO:colcon.colcon_core.shell:Creating environment hook '/home/com9/uet_ws/install/susgrip_2f_hardware/share/susgrip_2f_hardware/hook/ament_prefix_path.ps1'
[1.312s] INFO:colcon.colcon_core.shell:Creating environment descriptor '/home/com9/uet_ws/install/susgrip_2f_hardware/share/susgrip_2f_hardware/hook/ament_prefix_path.dsv'
[1.312s] INFO:colcon.colcon_core.shell:Creating environment hook '/home/com9/uet_ws/install/susgrip_2f_hardware/share/susgrip_2f_hardware/hook/ament_prefix_path.sh'
[1.312s] INFO:colcon.colcon_core.shell:Skip shell extension 'powershell' for command environment: Not usable outside of PowerShell
[1.312s] DEBUG:colcon.colcon_core.shell:Skip shell extension 'dsv' for command environment
[1.446s] INFO:colcon.colcon_core.task.python.build:Building Python package in '/home/com9/uet_ws/src/susgrip_2f/susgrip_2f_hardware'
[1.446s] INFO:colcon.colcon_core.shell:Skip shell extension 'powershell' for command environment: Not usable outside of PowerShell
[1.446s] DEBUG:colcon.colcon_core.shell:Skip shell extension 'dsv' for command environment
[1.625s] DEBUG:colcon.colcon_core.task.python.build:Available setuptools commands: alias, register, install_data, easy_install, build_py, build_ext, saveopts, clean, install_lib, build_clib, build_scripts, egg_info, install_scripts, develop, bdist_rpm, build, symlink_data, compile_catalog, install, bdist, update_catalog, bdist_egg, setopt, rotate, extract_messages, upload_docs, upload, install_egg_info, test, check, bdist_dumb, install_headers, dist_info, init_catalog, sdist
[1.627s] DEBUG:colcon.colcon_core.event_handler.log_command:Invoking command in '/home/com9/uet_ws/src/susgrip_2f/susgrip_2f_hardware': PYTHONPATH=/home/com9/uet_ws/build/susgrip_2f_hardware/prefix_override:/usr/lib/python3/dist-packages/colcon_core/task/python/colcon_distutils_commands:/home/com9/uet_ws/install/susgrip_2f_hardware/lib/python3.10/site-packages:${PYTHONPATH} /usr/bin/python3 -W ignore:setup.py install is deprecated -W ignore:easy_install command is deprecated setup.py egg_info --egg-base ../../../build/susgrip_2f_hardware build --build-base /home/com9/uet_ws/build/susgrip_2f_hardware/build install --record /home/com9/uet_ws/build/susgrip_2f_hardware/install.log --install-scripts $base/lib/susgrip_2f_hardware --single-version-externally-managed install_data
[1.779s] Level 1:colcon.colcon_core.environment:checking '/home/com9/uet_ws/install/susgrip_2f_hardware' for CMake module files
[1.780s] DEBUG:colcon.colcon_core.event_handler.log_command:Invoked command in '/home/com9/uet_ws/src/susgrip_2f/susgrip_2f_hardware' returned '0': PYTHONPATH=/home/com9/uet_ws/build/susgrip_2f_hardware/prefix_override:/usr/lib/python3/dist-packages/colcon_core/task/python/colcon_distutils_commands:/home/com9/uet_ws/install/susgrip_2f_hardware/lib/python3.10/site-packages:${PYTHONPATH} /usr/bin/python3 -W ignore:setup.py install is deprecated -W ignore:easy_install command is deprecated setup.py egg_info --egg-base ../../../build/susgrip_2f_hardware build --build-base /home/com9/uet_ws/build/susgrip_2f_hardware/build install --record /home/com9/uet_ws/build/susgrip_2f_hardware/install.log --install-scripts $base/lib/susgrip_2f_hardware --single-version-externally-managed install_data
[1.780s] Level 1:colcon.colcon_core.environment:checking '/home/com9/uet_ws/install/susgrip_2f_hardware' for CMake config files
[1.780s] Level 1:colcon.colcon_core.environment:checking '/home/com9/uet_ws/install/susgrip_2f_hardware/lib'
[1.780s] Level 1:colcon.colcon_core.environment:checking '/home/com9/uet_ws/install/susgrip_2f_hardware/bin'
[1.780s] Level 1:colcon.colcon_core.environment:checking '/home/com9/uet_ws/install/susgrip_2f_hardware/lib/pkgconfig/susgrip_2f_hardware.pc'
[1.780s] Level 1:colcon.colcon_core.environment:checking '/home/com9/uet_ws/install/susgrip_2f_hardware/lib/python3.10/site-packages'
[1.780s] Level 1:colcon.colcon_core.shell:create_environment_hook('susgrip_2f_hardware', 'pythonpath')
[1.781s] INFO:colcon.colcon_core.shell:Creating environment hook '/home/com9/uet_ws/install/susgrip_2f_hardware/share/susgrip_2f_hardware/hook/pythonpath.ps1'
[1.781s] INFO:colcon.colcon_core.shell:Creating environment descriptor '/home/com9/uet_ws/install/susgrip_2f_hardware/share/susgrip_2f_hardware/hook/pythonpath.dsv'
[1.781s] INFO:colcon.colcon_core.shell:Creating environment hook '/home/com9/uet_ws/install/susgrip_2f_hardware/share/susgrip_2f_hardware/hook/pythonpath.sh'
[1.781s] Level 1:colcon.colcon_core.environment:checking '/home/com9/uet_ws/install/susgrip_2f_hardware/bin'
[1.781s] Level 1:colcon.colcon_core.environment:create_environment_scripts_only(susgrip_2f_hardware)
[1.782s] INFO:colcon.colcon_core.shell:Creating package script '/home/com9/uet_ws/install/susgrip_2f_hardware/share/susgrip_2f_hardware/package.ps1'
[1.782s] INFO:colcon.colcon_core.shell:Creating package descriptor '/home/com9/uet_ws/install/susgrip_2f_hardware/share/susgrip_2f_hardware/package.dsv'
[1.782s] INFO:colcon.colcon_core.shell:Creating package script '/home/com9/uet_ws/install/susgrip_2f_hardware/share/susgrip_2f_hardware/package.sh'
[1.782s] INFO:colcon.colcon_core.shell:Creating package script '/home/com9/uet_ws/install/susgrip_2f_hardware/share/susgrip_2f_hardware/package.bash'
[1.783s] INFO:colcon.colcon_core.shell:Creating package script '/home/com9/uet_ws/install/susgrip_2f_hardware/share/susgrip_2f_hardware/package.zsh'
[1.783s] Level 1:colcon.colcon_core.environment:create_file_with_runtime_dependencies(/home/com9/uet_ws/install/susgrip_2f_hardware/share/colcon-core/packages/susgrip_2f_hardware)
[1.783s] DEBUG:colcon.colcon_core.executor.sequential:run_until_complete 'susgrip_2f_hardware' finished with '0'
[1.783s] DEBUG:colcon.colcon_core.executor.sequential:run_until_complete 'ur3_moveit_control'
[1.783s] INFO:colcon.colcon_ros.task.ament_cmake.build:Building ROS package in '/home/com9/uet_ws/src/ur3_moveit_control' with build type 'ament_cmake'
[1.783s] INFO:colcon.colcon_cmake.task.cmake.build:Building CMake package in '/home/com9/uet_ws/src/ur3_moveit_control'
[1.783s] INFO:colcon.colcon_core.shell:Skip shell extension 'powershell' for command environment: Not usable outside of PowerShell
[1.783s] DEBUG:colcon.colcon_core.shell:Skip shell extension 'dsv' for command environment
[1.789s] DEBUG:colcon.colcon_core.event_handler.log_command:Invoking command in '/home/com9/uet_ws/build/ur3_moveit_control': CMAKE_PREFIX_PATH=${CMAKE_PREFIX_PATH}:/home/com9/uet_ws/install/susgrip_2f_hardware:/home/com9/uet_ws/install/susgrip_2f_gazebo:/home/com9/uet_ws/install/susgrip_2f_description:/home/com9/uet_ws/install/susgrip_2f_control:/opt/ros/humble /usr/bin/cmake --build /home/com9/uet_ws/build/ur3_moveit_control
[2.301s] DEBUG:colcon.colcon_core.event_handler.log_command:Invoked command in '/home/com9/uet_ws/build/ur3_moveit_control' returned '0': CMAKE_PREFIX_PATH=${CMAKE_PREFIX_PATH}:/home/com9/uet_ws/install/susgrip_2f_hardware:/home/com9/uet_ws/install/susgrip_2f_gazebo:/home/com9/uet_ws/install/susgrip_2f_description:/home/com9/uet_ws/install/susgrip_2f_control:/opt/ros/humble /usr/bin/cmake --build /home/com9/uet_ws/build/ur3_moveit_control
[2.308s] DEBUG:colcon.colcon_core.event_handler.log_command:Invoking command in '/home/com9/uet_ws/build/ur3_moveit_control': CMAKE_PREFIX_PATH=${CMAKE_PREFIX_PATH}:/home/com9/uet_ws/install/susgrip_2f_hardware:/home/com9/uet_ws/install/susgrip_2f_gazebo:/home/com9/uet_ws/install/susgrip_2f_description:/home/com9/uet_ws/install/susgrip_2f_control:/opt/ros/humble /usr/bin/cmake --install /home/com9/uet_ws/build/ur3_moveit_control
[2.349s] Level 1:colcon.colcon_core.environment:create_environment_scripts_only(ur3_moveit_control)
[2.350s] Level 1:colcon.colcon_core.environment:checking '/home/com9/uet_ws/install/ur3_moveit_control' for CMake module files
[2.350s] DEBUG:colcon.colcon_core.event_handler.log_command:Invoked command in '/home/com9/uet_ws/build/ur3_moveit_control' returned '0': CMAKE_PREFIX_PATH=${CMAKE_PREFIX_PATH}:/home/com9/uet_ws/install/susgrip_2f_hardware:/home/com9/uet_ws/install/susgrip_2f_gazebo:/home/com9/uet_ws/install/susgrip_2f_description:/home/com9/uet_ws/install/susgrip_2f_control:/opt/ros/humble /usr/bin/cmake --install /home/com9/uet_ws/build/ur3_moveit_control
[2.350s] Level 1:colcon.colcon_core.environment:checking '/home/com9/uet_ws/install/ur3_moveit_control' for CMake config files
[2.351s] Level 1:colcon.colcon_core.shell:create_environment_hook('ur3_moveit_control', 'cmake_prefix_path')
[2.351s] INFO:colcon.colcon_core.shell:Creating environment hook '/home/com9/uet_ws/install/ur3_moveit_control/share/ur3_moveit_control/hook/cmake_prefix_path.ps1'
[2.351s] INFO:colcon.colcon_core.shell:Creating environment descriptor '/home/com9/uet_ws/install/ur3_moveit_control/share/ur3_moveit_control/hook/cmake_prefix_path.dsv'
[2.351s] INFO:colcon.colcon_core.shell:Creating environment hook '/home/com9/uet_ws/install/ur3_moveit_control/share/ur3_moveit_control/hook/cmake_prefix_path.sh'
[2.352s] Level 1:colcon.colcon_core.environment:checking '/home/com9/uet_ws/install/ur3_moveit_control/lib'
[2.352s] Level 1:colcon.colcon_core.shell:create_environment_hook('ur3_moveit_control', 'ld_library_path_lib')
[2.352s] INFO:colcon.colcon_core.shell:Creating environment hook '/home/com9/uet_ws/install/ur3_moveit_control/share/ur3_moveit_control/hook/ld_library_path_lib.ps1'
[2.352s] INFO:colcon.colcon_core.shell:Creating environment descriptor '/home/com9/uet_ws/install/ur3_moveit_control/share/ur3_moveit_control/hook/ld_library_path_lib.dsv'
[2.352s] INFO:colcon.colcon_core.shell:Creating environment hook '/home/com9/uet_ws/install/ur3_moveit_control/share/ur3_moveit_control/hook/ld_library_path_lib.sh'
[2.352s] Level 1:colcon.colcon_core.environment:checking '/home/com9/uet_ws/install/ur3_moveit_control/bin'
[2.352s] Level 1:colcon.colcon_core.environment:checking '/home/com9/uet_ws/install/ur3_moveit_control/lib/pkgconfig/ur3_moveit_control.pc'
[2.353s] Level 1:colcon.colcon_core.environment:checking '/home/com9/uet_ws/install/ur3_moveit_control/lib/python3.10/site-packages'
[2.353s] Level 1:colcon.colcon_core.environment:checking '/home/com9/uet_ws/install/ur3_moveit_control/bin'
[2.353s] INFO:colcon.colcon_core.shell:Creating package script '/home/com9/uet_ws/install/ur3_moveit_control/share/ur3_moveit_control/package.ps1'
[2.353s] INFO:colcon.colcon_core.shell:Creating package descriptor '/home/com9/uet_ws/install/ur3_moveit_control/share/ur3_moveit_control/package.dsv'
[2.354s] INFO:colcon.colcon_core.shell:Creating package script '/home/com9/uet_ws/install/ur3_moveit_control/share/ur3_moveit_control/package.sh'
[2.354s] INFO:colcon.colcon_core.shell:Creating package script '/home/com9/uet_ws/install/ur3_moveit_control/share/ur3_moveit_control/package.bash'
[2.354s] INFO:colcon.colcon_core.shell:Creating package script '/home/com9/uet_ws/install/ur3_moveit_control/share/ur3_moveit_control/package.zsh'
[2.354s] Level 1:colcon.colcon_core.environment:create_file_with_runtime_dependencies(/home/com9/uet_ws/install/ur3_moveit_control/share/colcon-core/packages/ur3_moveit_control)
[2.354s] Level 1:colcon.colcon_core.environment:create_environment_scripts_only(ur3_moveit_control)
[2.355s] Level 1:colcon.colcon_core.environment:checking '/home/com9/uet_ws/install/ur3_moveit_control' for CMake module files
[2.355s] Level 1:colcon.colcon_core.environment:checking '/home/com9/uet_ws/install/ur3_moveit_control' for CMake config files
[2.355s] Level 1:colcon.colcon_core.shell:create_environment_hook('ur3_moveit_control', 'cmake_prefix_path')
[2.355s] INFO:colcon.colcon_core.shell:Creating environment hook '/home/com9/uet_ws/install/ur3_moveit_control/share/ur3_moveit_control/hook/cmake_prefix_path.ps1'
[2.355s] INFO:colcon.colcon_core.shell:Creating environment descriptor '/home/com9/uet_ws/install/ur3_moveit_control/share/ur3_moveit_control/hook/cmake_prefix_path.dsv'
[2.356s] INFO:colcon.colcon_core.shell:Creating environment hook '/home/com9/uet_ws/install/ur3_moveit_control/share/ur3_moveit_control/hook/cmake_prefix_path.sh'
[2.356s] Level 1:colcon.colcon_core.environment:checking '/home/com9/uet_ws/install/ur3_moveit_control/lib'
[2.356s] Level 1:colcon.colcon_core.shell:create_environment_hook('ur3_moveit_control', 'ld_library_path_lib')
[2.356s] INFO:colcon.colcon_core.shell:Creating environment hook '/home/com9/uet_ws/install/ur3_moveit_control/share/ur3_moveit_control/hook/ld_library_path_lib.ps1'
[2.356s] INFO:colcon.colcon_core.shell:Creating environment descriptor '/home/com9/uet_ws/install/ur3_moveit_control/share/ur3_moveit_control/hook/ld_library_path_lib.dsv'
[2.356s] INFO:colcon.colcon_core.shell:Creating environment hook '/home/com9/uet_ws/install/ur3_moveit_control/share/ur3_moveit_control/hook/ld_library_path_lib.sh'
[2.357s] Level 1:colcon.colcon_core.environment:checking '/home/com9/uet_ws/install/ur3_moveit_control/bin'
[2.357s] Level 1:colcon.colcon_core.environment:checking '/home/com9/uet_ws/install/ur3_moveit_control/lib/pkgconfig/ur3_moveit_control.pc'
[2.357s] Level 1:colcon.colcon_core.environment:checking '/home/com9/uet_ws/install/ur3_moveit_control/lib/python3.10/site-packages'
[2.357s] Level 1:colcon.colcon_core.environment:checking '/home/com9/uet_ws/install/ur3_moveit_control/bin'
[2.357s] INFO:colcon.colcon_core.shell:Creating package script '/home/com9/uet_ws/install/ur3_moveit_control/share/ur3_moveit_control/package.ps1'
[2.357s] INFO:colcon.colcon_core.shell:Creating package descriptor '/home/com9/uet_ws/install/ur3_moveit_control/share/ur3_moveit_control/package.dsv'
[2.358s] INFO:colcon.colcon_core.shell:Creating package script '/home/com9/uet_ws/install/ur3_moveit_control/share/ur3_moveit_control/package.sh'
[2.358s] INFO:colcon.colcon_core.shell:Creating package script '/home/com9/uet_ws/install/ur3_moveit_control/share/ur3_moveit_control/package.bash'
[2.358s] INFO:colcon.colcon_core.shell:Creating package script '/home/com9/uet_ws/install/ur3_moveit_control/share/ur3_moveit_control/package.zsh'
[2.358s] Level 1:colcon.colcon_core.environment:create_file_with_runtime_dependencies(/home/com9/uet_ws/install/ur3_moveit_control/share/colcon-core/packages/ur3_moveit_control)
[2.358s] DEBUG:colcon.colcon_core.executor.sequential:run_until_complete 'ur3_moveit_control' finished with '0'
[2.358s] DEBUG:colcon.colcon_core.executor.sequential:run_until_complete 'ur_dashboard_msgs'
[2.358s] INFO:colcon.colcon_ros.task.ament_cmake.build:Building ROS package in '/home/com9/uet_ws/src/Universal_Robots_ROS2_Driver/ur_dashboard_msgs' with build type 'ament_cmake'
[2.358s] INFO:colcon.colcon_cmake.task.cmake.build:Building CMake package in '/home/com9/uet_ws/src/Universal_Robots_ROS2_Driver/ur_dashboard_msgs'
[2.359s] INFO:colcon.colcon_core.shell:Skip shell extension 'powershell' for command environment: Not usable outside of PowerShell
[2.359s] DEBUG:colcon.colcon_core.shell:Skip shell extension 'dsv' for command environment
[2.364s] DEBUG:colcon.colcon_core.event_handler.log_command:Invoking command in '/home/com9/uet_ws/build/ur_dashboard_msgs': CMAKE_PREFIX_PATH=${CMAKE_PREFIX_PATH}:/home/com9/uet_ws/install/susgrip_2f_hardware:/home/com9/uet_ws/install/susgrip_2f_gazebo:/home/com9/uet_ws/install/susgrip_2f_description:/home/com9/uet_ws/install/susgrip_2f_control:/opt/ros/humble /usr/bin/cmake --build /home/com9/uet_ws/build/ur_dashboard_msgs
[2.882s] DEBUG:colcon.colcon_core.event_handler.log_command:Invoked command in '/home/com9/uet_ws/build/ur_dashboard_msgs' returned '0': CMAKE_PREFIX_PATH=${CMAKE_PREFIX_PATH}:/home/com9/uet_ws/install/susgrip_2f_hardware:/home/com9/uet_ws/install/susgrip_2f_gazebo:/home/com9/uet_ws/install/susgrip_2f_description:/home/com9/uet_ws/install/susgrip_2f_control:/opt/ros/humble /usr/bin/cmake --build /home/com9/uet_ws/build/ur_dashboard_msgs
[2.883s] DEBUG:colcon.colcon_core.event_handler.log_command:Invoking command in '/home/com9/uet_ws/build/ur_dashboard_msgs': CMAKE_PREFIX_PATH=${CMAKE_PREFIX_PATH}:/home/com9/uet_ws/install/susgrip_2f_hardware:/home/com9/uet_ws/install/susgrip_2f_gazebo:/home/com9/uet_ws/install/susgrip_2f_description:/home/com9/uet_ws/install/susgrip_2f_control:/opt/ros/humble /usr/bin/cmake --install /home/com9/uet_ws/build/ur_dashboard_msgs
[2.940s] Level 1:colcon.colcon_core.environment:create_environment_scripts_only(ur_dashboard_msgs)
[2.940s] DEBUG:colcon.colcon_core.event_handler.log_command:Invoked command in '/home/com9/uet_ws/build/ur_dashboard_msgs' returned '0': CMAKE_PREFIX_PATH=${CMAKE_PREFIX_PATH}:/home/com9/uet_ws/install/susgrip_2f_hardware:/home/com9/uet_ws/install/susgrip_2f_gazebo:/home/com9/uet_ws/install/susgrip_2f_description:/home/com9/uet_ws/install/susgrip_2f_control:/opt/ros/humble /usr/bin/cmake --install /home/com9/uet_ws/build/ur_dashboard_msgs
[2.940s] Level 1:colcon.colcon_core.environment:checking '/home/com9/uet_ws/install/ur_dashboard_msgs' for CMake module files
[2.941s] Level 1:colcon.colcon_core.environment:checking '/home/com9/uet_ws/install/ur_dashboard_msgs' for CMake config files
[2.942s] Level 1:colcon.colcon_core.shell:create_environment_hook('ur_dashboard_msgs', 'cmake_prefix_path')
[2.942s] INFO:colcon.colcon_core.shell:Creating environment hook '/home/com9/uet_ws/install/ur_dashboard_msgs/share/ur_dashboard_msgs/hook/cmake_prefix_path.ps1'
[2.942s] INFO:colcon.colcon_core.shell:Creating environment descriptor '/home/com9/uet_ws/install/ur_dashboard_msgs/share/ur_dashboard_msgs/hook/cmake_prefix_path.dsv'
[2.942s] INFO:colcon.colcon_core.shell:Creating environment hook '/home/com9/uet_ws/install/ur_dashboard_msgs/share/ur_dashboard_msgs/hook/cmake_prefix_path.sh'
[2.942s] Level 1:colcon.colcon_core.environment:checking '/home/com9/uet_ws/install/ur_dashboard_msgs/lib'
[2.943s] Level 1:colcon.colcon_core.shell:create_environment_hook('ur_dashboard_msgs', 'ld_library_path_lib')
[2.943s] INFO:colcon.colcon_core.shell:Creating environment hook '/home/com9/uet_ws/install/ur_dashboard_msgs/share/ur_dashboard_msgs/hook/ld_library_path_lib.ps1'
[2.943s] INFO:colcon.colcon_core.shell:Creating environment descriptor '/home/com9/uet_ws/install/ur_dashboard_msgs/share/ur_dashboard_msgs/hook/ld_library_path_lib.dsv'
[2.943s] INFO:colcon.colcon_core.shell:Creating environment hook '/home/com9/uet_ws/install/ur_dashboard_msgs/share/ur_dashboard_msgs/hook/ld_library_path_lib.sh'
[2.943s] Level 1:colcon.colcon_core.environment:checking '/home/com9/uet_ws/install/ur_dashboard_msgs/bin'
[2.943s] Level 1:colcon.colcon_core.environment:checking '/home/com9/uet_ws/install/ur_dashboard_msgs/lib/pkgconfig/ur_dashboard_msgs.pc'
[2.943s] Level 1:colcon.colcon_core.environment:checking '/home/com9/uet_ws/install/ur_dashboard_msgs/lib/python3.10/site-packages'
[2.944s] Level 1:colcon.colcon_core.environment:checking '/home/com9/uet_ws/install/ur_dashboard_msgs/bin'
[2.944s] INFO:colcon.colcon_core.shell:Creating package script '/home/com9/uet_ws/install/ur_dashboard_msgs/share/ur_dashboard_msgs/package.ps1'
[2.944s] INFO:colcon.colcon_core.shell:Creating package descriptor '/home/com9/uet_ws/install/ur_dashboard_msgs/share/ur_dashboard_msgs/package.dsv'
[2.944s] INFO:colcon.colcon_core.shell:Creating package script '/home/com9/uet_ws/install/ur_dashboard_msgs/share/ur_dashboard_msgs/package.sh'
[2.944s] INFO:colcon.colcon_core.shell:Creating package script '/home/com9/uet_ws/install/ur_dashboard_msgs/share/ur_dashboard_msgs/package.bash'
[2.945s] INFO:colcon.colcon_core.shell:Creating package script '/home/com9/uet_ws/install/ur_dashboard_msgs/share/ur_dashboard_msgs/package.zsh'
[2.945s] Level 1:colcon.colcon_core.environment:create_file_with_runtime_dependencies(/home/com9/uet_ws/install/ur_dashboard_msgs/share/colcon-core/packages/ur_dashboard_msgs)
[2.945s] Level 1:colcon.colcon_core.environment:create_environment_scripts_only(ur_dashboard_msgs)
[2.945s] Level 1:colcon.colcon_core.environment:checking '/home/com9/uet_ws/install/ur_dashboard_msgs' for CMake module files
[2.945s] Level 1:colcon.colcon_core.environment:checking '/home/com9/uet_ws/install/ur_dashboard_msgs' for CMake config files
[2.946s] Level 1:colcon.colcon_core.shell:create_environment_hook('ur_dashboard_msgs', 'cmake_prefix_path')
[2.946s] INFO:colcon.colcon_core.shell:Creating environment hook '/home/com9/uet_ws/install/ur_dashboard_msgs/share/ur_dashboard_msgs/hook/cmake_prefix_path.ps1'
[2.946s] INFO:colcon.colcon_core.shell:Creating environment descriptor '/home/com9/uet_ws/install/ur_dashboard_msgs/share/ur_dashboard_msgs/hook/cmake_prefix_path.dsv'
[2.947s] INFO:colcon.colcon_core.shell:Creating environment hook '/home/com9/uet_ws/install/ur_dashboard_msgs/share/ur_dashboard_msgs/hook/cmake_prefix_path.sh'
[2.947s] Level 1:colcon.colcon_core.environment:checking '/home/com9/uet_ws/install/ur_dashboard_msgs/lib'
[2.947s] Level 1:colcon.colcon_core.shell:create_environment_hook('ur_dashboard_msgs', 'ld_library_path_lib')
[2.947s] INFO:colcon.colcon_core.shell:Creating environment hook '/home/com9/uet_ws/install/ur_dashboard_msgs/share/ur_dashboard_msgs/hook/ld_library_path_lib.ps1'
[2.947s] INFO:colcon.colcon_core.shell:Creating environment descriptor '/home/com9/uet_ws/install/ur_dashboard_msgs/share/ur_dashboard_msgs/hook/ld_library_path_lib.dsv'
[2.947s] INFO:colcon.colcon_core.shell:Creating environment hook '/home/com9/uet_ws/install/ur_dashboard_msgs/share/ur_dashboard_msgs/hook/ld_library_path_lib.sh'
[2.948s] Level 1:colcon.colcon_core.environment:checking '/home/com9/uet_ws/install/ur_dashboard_msgs/bin'
[2.948s] Level 1:colcon.colcon_core.environment:checking '/home/com9/uet_ws/install/ur_dashboard_msgs/lib/pkgconfig/ur_dashboard_msgs.pc'
[2.948s] Level 1:colcon.colcon_core.environment:checking '/home/com9/uet_ws/install/ur_dashboard_msgs/lib/python3.10/site-packages'
[2.948s] Level 1:colcon.colcon_core.environment:checking '/home/com9/uet_ws/install/ur_dashboard_msgs/bin'
[2.948s] INFO:colcon.colcon_core.shell:Creating package script '/home/com9/uet_ws/install/ur_dashboard_msgs/share/ur_dashboard_msgs/package.ps1'
[2.948s] INFO:colcon.colcon_core.shell:Creating package descriptor '/home/com9/uet_ws/install/ur_dashboard_msgs/share/ur_dashboard_msgs/package.dsv'
[2.949s] INFO:colcon.colcon_core.shell:Creating package script '/home/com9/uet_ws/install/ur_dashboard_msgs/share/ur_dashboard_msgs/package.sh'
[2.949s] INFO:colcon.colcon_core.shell:Creating package script '/home/com9/uet_ws/install/ur_dashboard_msgs/share/ur_dashboard_msgs/package.bash'
[2.949s] INFO:colcon.colcon_core.shell:Creating package script '/home/com9/uet_ws/install/ur_dashboard_msgs/share/ur_dashboard_msgs/package.zsh'
[2.949s] Level 1:colcon.colcon_core.environment:create_file_with_runtime_dependencies(/home/com9/uet_ws/install/ur_dashboard_msgs/share/colcon-core/packages/ur_dashboard_msgs)
[2.949s] DEBUG:colcon.colcon_core.executor.sequential:run_until_complete 'ur_dashboard_msgs' finished with '0'
[2.950s] DEBUG:colcon.colcon_core.executor.sequential:run_until_complete 'ur_moveit_config'
[2.950s] INFO:colcon.colcon_ros.task.ament_cmake.build:Building ROS package in '/home/com9/uet_ws/src/Universal_Robots_ROS2_Driver/ur_moveit_config' with build type 'ament_cmake'
[2.950s] INFO:colcon.colcon_cmake.task.cmake.build:Building CMake package in '/home/com9/uet_ws/src/Universal_Robots_ROS2_Driver/ur_moveit_config'
[2.950s] INFO:colcon.colcon_core.shell:Skip shell extension 'powershell' for command environment: Not usable outside of PowerShell
[2.950s] DEBUG:colcon.colcon_core.shell:Skip shell extension 'dsv' for command environment
[2.955s] DEBUG:colcon.colcon_core.event_handler.log_command:Invoking command in '/home/com9/uet_ws/build/ur_moveit_config': CMAKE_PREFIX_PATH=${CMAKE_PREFIX_PATH}:/home/com9/uet_ws/install/susgrip_2f_hardware:/home/com9/uet_ws/install/susgrip_2f_gazebo:/home/com9/uet_ws/install/susgrip_2f_description:/home/com9/uet_ws/install/susgrip_2f_control:/opt/ros/humble /usr/bin/cmake --build /home/com9/uet_ws/build/ur_moveit_config
[3.148s] DEBUG:colcon.colcon_core.event_handler.log_command:Invoked command in '/home/com9/uet_ws/build/ur_moveit_config' returned '0': CMAKE_PREFIX_PATH=${CMAKE_PREFIX_PATH}:/home/com9/uet_ws/install/susgrip_2f_hardware:/home/com9/uet_ws/install/susgrip_2f_gazebo:/home/com9/uet_ws/install/susgrip_2f_description:/home/com9/uet_ws/install/susgrip_2f_control:/opt/ros/humble /usr/bin/cmake --build /home/com9/uet_ws/build/ur_moveit_config
[3.149s] DEBUG:colcon.colcon_core.event_handler.log_command:Invoking command in '/home/com9/uet_ws/build/ur_moveit_config': CMAKE_PREFIX_PATH=${CMAKE_PREFIX_PATH}:/home/com9/uet_ws/install/susgrip_2f_hardware:/home/com9/uet_ws/install/susgrip_2f_gazebo:/home/com9/uet_ws/install/susgrip_2f_description:/home/com9/uet_ws/install/susgrip_2f_control:/opt/ros/humble /usr/bin/cmake --install /home/com9/uet_ws/build/ur_moveit_config
[3.202s] Level 1:colcon.colcon_core.environment:create_environment_scripts_only(ur_moveit_config)
[3.203s] Level 1:colcon.colcon_core.environment:checking '/home/com9/uet_ws/install/ur_moveit_config' for CMake module files
[3.203s] DEBUG:colcon.colcon_core.event_handler.log_command:Invoked command in '/home/com9/uet_ws/build/ur_moveit_config' returned '0': CMAKE_PREFIX_PATH=${CMAKE_PREFIX_PATH}:/home/com9/uet_ws/install/susgrip_2f_hardware:/home/com9/uet_ws/install/susgrip_2f_gazebo:/home/com9/uet_ws/install/susgrip_2f_description:/home/com9/uet_ws/install/susgrip_2f_control:/opt/ros/humble /usr/bin/cmake --install /home/com9/uet_ws/build/ur_moveit_config
[3.203s] Level 1:colcon.colcon_core.environment:checking '/home/com9/uet_ws/install/ur_moveit_config' for CMake config files
[3.203s] Level 1:colcon.colcon_core.shell:create_environment_hook('ur_moveit_config', 'cmake_prefix_path')
[3.204s] INFO:colcon.colcon_core.shell:Creating environment hook '/home/com9/uet_ws/install/ur_moveit_config/share/ur_moveit_config/hook/cmake_prefix_path.ps1'
[3.204s] INFO:colcon.colcon_core.shell:Creating environment descriptor '/home/com9/uet_ws/install/ur_moveit_config/share/ur_moveit_config/hook/cmake_prefix_path.dsv'
[3.204s] INFO:colcon.colcon_core.shell:Creating environment hook '/home/com9/uet_ws/install/ur_moveit_config/share/ur_moveit_config/hook/cmake_prefix_path.sh'
[3.204s] Level 1:colcon.colcon_core.environment:checking '/home/com9/uet_ws/install/ur_moveit_config/bin'
[3.204s] Level 1:colcon.colcon_core.environment:checking '/home/com9/uet_ws/install/ur_moveit_config/lib/pkgconfig/ur_moveit_config.pc'
[3.204s] Level 1:colcon.colcon_core.environment:checking '/home/com9/uet_ws/install/ur_moveit_config/lib/python3.10/site-packages'
[3.205s] Level 1:colcon.colcon_core.environment:checking '/home/com9/uet_ws/install/ur_moveit_config/bin'
[3.205s] INFO:colcon.colcon_core.shell:Creating package script '/home/com9/uet_ws/install/ur_moveit_config/share/ur_moveit_config/package.ps1'
[3.205s] INFO:colcon.colcon_core.shell:Creating package descriptor '/home/com9/uet_ws/install/ur_moveit_config/share/ur_moveit_config/package.dsv'
[3.205s] INFO:colcon.colcon_core.shell:Creating package script '/home/com9/uet_ws/install/ur_moveit_config/share/ur_moveit_config/package.sh'
[3.205s] INFO:colcon.colcon_core.shell:Creating package script '/home/com9/uet_ws/install/ur_moveit_config/share/ur_moveit_config/package.bash'
[3.206s] INFO:colcon.colcon_core.shell:Creating package script '/home/com9/uet_ws/install/ur_moveit_config/share/ur_moveit_config/package.zsh'
[3.206s] Level 1:colcon.colcon_core.environment:create_file_with_runtime_dependencies(/home/com9/uet_ws/install/ur_moveit_config/share/colcon-core/packages/ur_moveit_config)
[3.206s] Level 1:colcon.colcon_core.environment:create_environment_scripts_only(ur_moveit_config)
[3.206s] Level 1:colcon.colcon_core.environment:checking '/home/com9/uet_ws/install/ur_moveit_config' for CMake module files
[3.206s] Level 1:colcon.colcon_core.environment:checking '/home/com9/uet_ws/install/ur_moveit_config' for CMake config files
[3.206s] Level 1:colcon.colcon_core.shell:create_environment_hook('ur_moveit_config', 'cmake_prefix_path')
[3.206s] INFO:colcon.colcon_core.shell:Creating environment hook '/home/com9/uet_ws/install/ur_moveit_config/share/ur_moveit_config/hook/cmake_prefix_path.ps1'
[3.207s] INFO:colcon.colcon_core.shell:Creating environment descriptor '/home/com9/uet_ws/install/ur_moveit_config/share/ur_moveit_config/hook/cmake_prefix_path.dsv'
[3.207s] INFO:colcon.colcon_core.shell:Creating environment hook '/home/com9/uet_ws/install/ur_moveit_config/share/ur_moveit_config/hook/cmake_prefix_path.sh'
[3.207s] Level 1:colcon.colcon_core.environment:checking '/home/com9/uet_ws/install/ur_moveit_config/bin'
[3.207s] Level 1:colcon.colcon_core.environment:checking '/home/com9/uet_ws/install/ur_moveit_config/lib/pkgconfig/ur_moveit_config.pc'
[3.207s] Level 1:colcon.colcon_core.environment:checking '/home/com9/uet_ws/install/ur_moveit_config/lib/python3.10/site-packages'
[3.207s] Level 1:colcon.colcon_core.environment:checking '/home/com9/uet_ws/install/ur_moveit_config/bin'
[3.208s] INFO:colcon.colcon_core.shell:Creating package script '/home/com9/uet_ws/install/ur_moveit_config/share/ur_moveit_config/package.ps1'
[3.208s] INFO:colcon.colcon_core.shell:Creating package descriptor '/home/com9/uet_ws/install/ur_moveit_config/share/ur_moveit_config/package.dsv'
[3.208s] INFO:colcon.colcon_core.shell:Creating package script '/home/com9/uet_ws/install/ur_moveit_config/share/ur_moveit_config/package.sh'
[3.208s] INFO:colcon.colcon_core.shell:Creating package script '/home/com9/uet_ws/install/ur_moveit_config/share/ur_moveit_config/package.bash'
[3.208s] INFO:colcon.colcon_core.shell:Creating package script '/home/com9/uet_ws/install/ur_moveit_config/share/ur_moveit_config/package.zsh'
[3.209s] Level 1:colcon.colcon_core.environment:create_file_with_runtime_dependencies(/home/com9/uet_ws/install/ur_moveit_config/share/colcon-core/packages/ur_moveit_config)
[3.209s] DEBUG:colcon.colcon_core.executor.sequential:run_until_complete 'ur_moveit_config' finished with '0'
[3.209s] DEBUG:colcon.colcon_core.executor.sequential:run_until_complete 'susgrip_2f_gazebo'
[3.209s] INFO:colcon.colcon_ros.task.ament_python.build:Building ROS package in '/home/com9/uet_ws/src/susgrip_2f/susgrip_2f_gazebo' with build type 'ament_python'
[3.209s] Level 1:colcon.colcon_core.shell:create_environment_hook('susgrip_2f_gazebo', 'ament_prefix_path')
[3.209s] INFO:colcon.colcon_core.shell:Creating environment hook '/home/com9/uet_ws/install/susgrip_2f_gazebo/share/susgrip_2f_gazebo/hook/ament_prefix_path.ps1'
[3.209s] INFO:colcon.colcon_core.shell:Creating environment descriptor '/home/com9/uet_ws/install/susgrip_2f_gazebo/share/susgrip_2f_gazebo/hook/ament_prefix_path.dsv'
[3.210s] INFO:colcon.colcon_core.shell:Creating environment hook '/home/com9/uet_ws/install/susgrip_2f_gazebo/share/susgrip_2f_gazebo/hook/ament_prefix_path.sh'
[3.210s] INFO:colcon.colcon_core.shell:Skip shell extension 'powershell' for command environment: Not usable outside of PowerShell
[3.210s] DEBUG:colcon.colcon_core.shell:Skip shell extension 'dsv' for command environment
[3.342s] INFO:colcon.colcon_core.task.python.build:Building Python package in '/home/com9/uet_ws/src/susgrip_2f/susgrip_2f_gazebo'
[3.342s] INFO:colcon.colcon_core.shell:Skip shell extension 'powershell' for command environment: Not usable outside of PowerShell
[3.342s] DEBUG:colcon.colcon_core.shell:Skip shell extension 'dsv' for command environment
[3.524s] DEBUG:colcon.colcon_core.task.python.build:Available setuptools commands: alias, register, install_data, easy_install, build_py, build_ext, saveopts, clean, install_lib, build_clib, build_scripts, egg_info, install_scripts, develop, bdist_rpm, build, symlink_data, compile_catalog, install, bdist, update_catalog, bdist_egg, setopt, rotate, extract_messages, upload_docs, upload, install_egg_info, test, check, bdist_dumb, install_headers, dist_info, init_catalog, sdist
[3.526s] DEBUG:colcon.colcon_core.event_handler.log_command:Invoking command in '/home/com9/uet_ws/src/susgrip_2f/susgrip_2f_gazebo': AMENT_PREFIX_PATH=/home/com9/uet_ws/install/susgrip_2f_description:/home/com9/uet_ws/install/ur_simulation_gz:/home/com9/uet_ws/install/ur:/home/com9/uet_ws/install/ur_calibration:/home/com9/uet_ws/install/ur_robot_driver:/home/com9/uet_ws/install/ur_moveit_config:/home/com9/uet_ws/install/ur_bringup:/home/com9/uet_ws/install/ur_controllers:/home/com9/uet_ws/install/ur_dashboard_msgs:/home/com9/uet_ws/install/ur3_moveit_control:/home/com9/uet_ws/install/susgrip_2f_hardware:/home/com9/uet_ws/install/susgrip_2f_gazebo:/home/com9/uet_ws/install/susgrip_2f_control:/opt/ros/humble PYTHONPATH=/home/com9/uet_ws/build/susgrip_2f_gazebo/prefix_override:/usr/lib/python3/dist-packages/colcon_core/task/python/colcon_distutils_commands:/home/com9/uet_ws/install/susgrip_2f_gazebo/lib/python3.10/site-packages:/home/com9/uet_ws/install/susgrip_2f_description/lib/python3.10/site-packages:/home/com9/uet_ws/install/ur_robot_driver/local/lib/python3.10/dist-packages:/home/com9/uet_ws/install/ur_moveit_config/local/lib/python3.10/dist-packages:/home/com9/uet_ws/install/ur_dashboard_msgs/local/lib/python3.10/dist-packages:/home/com9/uet_ws/install/ur3_moveit_control/local/lib/python3.10/dist-packages:/home/com9/uet_ws/install/susgrip_2f_hardware/lib/python3.10/site-packages:/home/com9/uet_ws/install/susgrip_2f_gazebo/lib/python3.10/site-packages:/home/com9/uet_ws/install/susgrip_2f_control/lib/python3.10/site-packages:/opt/ros/humble/lib/python3.10/site-packages:/opt/ros/humble/local/lib/python3.10/dist-packages /usr/bin/python3 -W ignore:setup.py install is deprecated -W ignore:easy_install command is deprecated setup.py egg_info --egg-base ../../../build/susgrip_2f_gazebo build --build-base /home/com9/uet_ws/build/susgrip_2f_gazebo/build install --record /home/com9/uet_ws/build/susgrip_2f_gazebo/install.log --install-scripts $base/lib/susgrip_2f_gazebo --single-version-externally-managed install_data
[3.674s] Level 1:colcon.colcon_core.environment:checking '/home/com9/uet_ws/install/susgrip_2f_gazebo' for CMake module files
[3.674s] DEBUG:colcon.colcon_core.event_handler.log_command:Invoked command in '/home/com9/uet_ws/src/susgrip_2f/susgrip_2f_gazebo' returned '0': AMENT_PREFIX_PATH=/home/com9/uet_ws/install/susgrip_2f_description:/home/com9/uet_ws/install/ur_simulation_gz:/home/com9/uet_ws/install/ur:/home/com9/uet_ws/install/ur_calibration:/home/com9/uet_ws/install/ur_robot_driver:/home/com9/uet_ws/install/ur_moveit_config:/home/com9/uet_ws/install/ur_bringup:/home/com9/uet_ws/install/ur_controllers:/home/com9/uet_ws/install/ur_dashboard_msgs:/home/com9/uet_ws/install/ur3_moveit_control:/home/com9/uet_ws/install/susgrip_2f_hardware:/home/com9/uet_ws/install/susgrip_2f_gazebo:/home/com9/uet_ws/install/susgrip_2f_control:/opt/ros/humble PYTHONPATH=/home/com9/uet_ws/build/susgrip_2f_gazebo/prefix_override:/usr/lib/python3/dist-packages/colcon_core/task/python/colcon_distutils_commands:/home/com9/uet_ws/install/susgrip_2f_gazebo/lib/python3.10/site-packages:/home/com9/uet_ws/install/susgrip_2f_description/lib/python3.10/site-packages:/home/com9/uet_ws/install/ur_robot_driver/local/lib/python3.10/dist-packages:/home/com9/uet_ws/install/ur_moveit_config/local/lib/python3.10/dist-packages:/home/com9/uet_ws/install/ur_dashboard_msgs/local/lib/python3.10/dist-packages:/home/com9/uet_ws/install/ur3_moveit_control/local/lib/python3.10/dist-packages:/home/com9/uet_ws/install/susgrip_2f_hardware/lib/python3.10/site-packages:/home/com9/uet_ws/install/susgrip_2f_gazebo/lib/python3.10/site-packages:/home/com9/uet_ws/install/susgrip_2f_control/lib/python3.10/site-packages:/opt/ros/humble/lib/python3.10/site-packages:/opt/ros/humble/local/lib/python3.10/dist-packages /usr/bin/python3 -W ignore:setup.py install is deprecated -W ignore:easy_install command is deprecated setup.py egg_info --egg-base ../../../build/susgrip_2f_gazebo build --build-base /home/com9/uet_ws/build/susgrip_2f_gazebo/build install --record /home/com9/uet_ws/build/susgrip_2f_gazebo/install.log --install-scripts $base/lib/susgrip_2f_gazebo --single-version-externally-managed install_data
[3.674s] Level 1:colcon.colcon_core.environment:checking '/home/com9/uet_ws/install/susgrip_2f_gazebo' for CMake config files
[3.675s] Level 1:colcon.colcon_core.environment:checking '/home/com9/uet_ws/install/susgrip_2f_gazebo/lib'
[3.675s] Level 1:colcon.colcon_core.environment:checking '/home/com9/uet_ws/install/susgrip_2f_gazebo/bin'
[3.675s] Level 1:colcon.colcon_core.environment:checking '/home/com9/uet_ws/install/susgrip_2f_gazebo/lib/pkgconfig/susgrip_2f_gazebo.pc'
[3.675s] Level 1:colcon.colcon_core.environment:checking '/home/com9/uet_ws/install/susgrip_2f_gazebo/lib/python3.10/site-packages'
[3.675s] Level 1:colcon.colcon_core.shell:create_environment_hook('susgrip_2f_gazebo', 'pythonpath')
[3.675s] INFO:colcon.colcon_core.shell:Creating environment hook '/home/com9/uet_ws/install/susgrip_2f_gazebo/share/susgrip_2f_gazebo/hook/pythonpath.ps1'
[3.675s] INFO:colcon.colcon_core.shell:Creating environment descriptor '/home/com9/uet_ws/install/susgrip_2f_gazebo/share/susgrip_2f_gazebo/hook/pythonpath.dsv'
[3.676s] INFO:colcon.colcon_core.shell:Creating environment hook '/home/com9/uet_ws/install/susgrip_2f_gazebo/share/susgrip_2f_gazebo/hook/pythonpath.sh'
[3.676s] Level 1:colcon.colcon_core.environment:checking '/home/com9/uet_ws/install/susgrip_2f_gazebo/bin'
[3.676s] Level 1:colcon.colcon_core.environment:create_environment_scripts_only(susgrip_2f_gazebo)
[3.676s] INFO:colcon.colcon_core.shell:Creating package script '/home/com9/uet_ws/install/susgrip_2f_gazebo/share/susgrip_2f_gazebo/package.ps1'
[3.677s] INFO:colcon.colcon_core.shell:Creating package descriptor '/home/com9/uet_ws/install/susgrip_2f_gazebo/share/susgrip_2f_gazebo/package.dsv'
[3.677s] INFO:colcon.colcon_core.shell:Creating package script '/home/com9/uet_ws/install/susgrip_2f_gazebo/share/susgrip_2f_gazebo/package.sh'
[3.677s] INFO:colcon.colcon_core.shell:Creating package script '/home/com9/uet_ws/install/susgrip_2f_gazebo/share/susgrip_2f_gazebo/package.bash'
[3.677s] INFO:colcon.colcon_core.shell:Creating package script '/home/com9/uet_ws/install/susgrip_2f_gazebo/share/susgrip_2f_gazebo/package.zsh'
[3.677s] Level 1:colcon.colcon_core.environment:create_file_with_runtime_dependencies(/home/com9/uet_ws/install/susgrip_2f_gazebo/share/colcon-core/packages/susgrip_2f_gazebo)
[3.677s] DEBUG:colcon.colcon_core.executor.sequential:run_until_complete 'susgrip_2f_gazebo' finished with '0'
[3.677s] DEBUG:colcon.colcon_core.executor.sequential:run_until_complete 'ur_controllers'
[3.677s] INFO:colcon.colcon_ros.task.ament_cmake.build:Building ROS package in '/home/com9/uet_ws/src/Universal_Robots_ROS2_Driver/ur_controllers' with build type 'ament_cmake'
[3.677s] INFO:colcon.colcon_cmake.task.cmake.build:Building CMake package in '/home/com9/uet_ws/src/Universal_Robots_ROS2_Driver/ur_controllers'
[3.678s] INFO:colcon.colcon_core.shell:Skip shell extension 'powershell' for command environment: Not usable outside of PowerShell
[3.678s] DEBUG:colcon.colcon_core.shell:Skip shell extension 'dsv' for command environment
[3.686s] DEBUG:colcon.colcon_core.event_handler.log_command:Invoking command in '/home/com9/uet_ws/build/ur_controllers': CMAKE_PREFIX_PATH=/home/com9/uet_ws/install/ur_dashboard_msgs:/home/com9/uet_ws/install/ur_simulation_gz:/home/com9/uet_ws/install/ur:/home/com9/uet_ws/install/ur_calibration:/home/com9/uet_ws/install/ur_robot_driver:/home/com9/uet_ws/install/ur_moveit_config:/home/com9/uet_ws/install/ur_bringup:/home/com9/uet_ws/install/ur_controllers:/home/com9/uet_ws/install/ur3_moveit_control:/home/com9/uet_ws/install/susgrip_2f_hardware:/home/com9/uet_ws/install/susgrip_2f_gazebo:/home/com9/uet_ws/install/susgrip_2f_description:/home/com9/uet_ws/install/susgrip_2f_control:/opt/ros/humble LD_LIBRARY_PATH=/home/com9/uet_ws/install/ur_dashboard_msgs/lib:/home/com9/uet_ws/install/ur_robot_driver/lib:/home/com9/uet_ws/install/ur_controllers/lib:/home/com9/uet_ws/install/ur3_moveit_control/lib:/opt/ros/humble/opt/rviz_ogre_vendor/lib:/opt/ros/humble/lib/x86_64-linux-gnu:/opt/ros/humble/lib /usr/bin/cmake --build /home/com9/uet_ws/build/ur_controllers
[3.998s] DEBUG:colcon.colcon_core.event_handler.log_command:Invoked command in '/home/com9/uet_ws/build/ur_controllers' returned '0': CMAKE_PREFIX_PATH=/home/com9/uet_ws/install/ur_dashboard_msgs:/home/com9/uet_ws/install/ur_simulation_gz:/home/com9/uet_ws/install/ur:/home/com9/uet_ws/install/ur_calibration:/home/com9/uet_ws/install/ur_robot_driver:/home/com9/uet_ws/install/ur_moveit_config:/home/com9/uet_ws/install/ur_bringup:/home/com9/uet_ws/install/ur_controllers:/home/com9/uet_ws/install/ur3_moveit_control:/home/com9/uet_ws/install/susgrip_2f_hardware:/home/com9/uet_ws/install/susgrip_2f_gazebo:/home/com9/uet_ws/install/susgrip_2f_description:/home/com9/uet_ws/install/susgrip_2f_control:/opt/ros/humble LD_LIBRARY_PATH=/home/com9/uet_ws/install/ur_dashboard_msgs/lib:/home/com9/uet_ws/install/ur_robot_driver/lib:/home/com9/uet_ws/install/ur_controllers/lib:/home/com9/uet_ws/install/ur3_moveit_control/lib:/opt/ros/humble/opt/rviz_ogre_vendor/lib:/opt/ros/humble/lib/x86_64-linux-gnu:/opt/ros/humble/lib /usr/bin/cmake --build /home/com9/uet_ws/build/ur_controllers
[4.000s] DEBUG:colcon.colcon_core.event_handler.log_command:Invoking command in '/home/com9/uet_ws/build/ur_controllers': CMAKE_PREFIX_PATH=/home/com9/uet_ws/install/ur_dashboard_msgs:/home/com9/uet_ws/install/ur_simulation_gz:/home/com9/uet_ws/install/ur:/home/com9/uet_ws/install/ur_calibration:/home/com9/uet_ws/install/ur_robot_driver:/home/com9/uet_ws/install/ur_moveit_config:/home/com9/uet_ws/install/ur_bringup:/home/com9/uet_ws/install/ur_controllers:/home/com9/uet_ws/install/ur3_moveit_control:/home/com9/uet_ws/install/susgrip_2f_hardware:/home/com9/uet_ws/install/susgrip_2f_gazebo:/home/com9/uet_ws/install/susgrip_2f_description:/home/com9/uet_ws/install/susgrip_2f_control:/opt/ros/humble LD_LIBRARY_PATH=/home/com9/uet_ws/install/ur_dashboard_msgs/lib:/home/com9/uet_ws/install/ur_robot_driver/lib:/home/com9/uet_ws/install/ur_controllers/lib:/home/com9/uet_ws/install/ur3_moveit_control/lib:/opt/ros/humble/opt/rviz_ogre_vendor/lib:/opt/ros/humble/lib/x86_64-linux-gnu:/opt/ros/humble/lib /usr/bin/cmake --install /home/com9/uet_ws/build/ur_controllers
[4.009s] Level 1:colcon.colcon_core.environment:create_environment_scripts_only(ur_controllers)
[4.010s] Level 1:colcon.colcon_core.environment:checking '/home/com9/uet_ws/install/ur_controllers' for CMake module files
[4.010s] DEBUG:colcon.colcon_core.event_handler.log_command:Invoked command in '/home/com9/uet_ws/build/ur_controllers' returned '0': CMAKE_PREFIX_PATH=/home/com9/uet_ws/install/ur_dashboard_msgs:/home/com9/uet_ws/install/ur_simulation_gz:/home/com9/uet_ws/install/ur:/home/com9/uet_ws/install/ur_calibration:/home/com9/uet_ws/install/ur_robot_driver:/home/com9/uet_ws/install/ur_moveit_config:/home/com9/uet_ws/install/ur_bringup:/home/com9/uet_ws/install/ur_controllers:/home/com9/uet_ws/install/ur3_moveit_control:/home/com9/uet_ws/install/susgrip_2f_hardware:/home/com9/uet_ws/install/susgrip_2f_gazebo:/home/com9/uet_ws/install/susgrip_2f_description:/home/com9/uet_ws/install/susgrip_2f_control:/opt/ros/humble LD_LIBRARY_PATH=/home/com9/uet_ws/install/ur_dashboard_msgs/lib:/home/com9/uet_ws/install/ur_robot_driver/lib:/home/com9/uet_ws/install/ur_controllers/lib:/home/com9/uet_ws/install/ur3_moveit_control/lib:/opt/ros/humble/opt/rviz_ogre_vendor/lib:/opt/ros/humble/lib/x86_64-linux-gnu:/opt/ros/humble/lib /usr/bin/cmake --install /home/com9/uet_ws/build/ur_controllers
[4.010s] Level 1:colcon.colcon_core.environment:checking '/home/com9/uet_ws/install/ur_controllers' for CMake config files
[4.010s] Level 1:colcon.colcon_core.shell:create_environment_hook('ur_controllers', 'cmake_prefix_path')
[4.010s] INFO:colcon.colcon_core.shell:Creating environment hook '/home/com9/uet_ws/install/ur_controllers/share/ur_controllers/hook/cmake_prefix_path.ps1'
[4.011s] INFO:colcon.colcon_core.shell:Creating environment descriptor '/home/com9/uet_ws/install/ur_controllers/share/ur_controllers/hook/cmake_prefix_path.dsv'
[4.011s] INFO:colcon.colcon_core.shell:Creating environment hook '/home/com9/uet_ws/install/ur_controllers/share/ur_controllers/hook/cmake_prefix_path.sh'
[4.011s] Level 1:colcon.colcon_core.environment:checking '/home/com9/uet_ws/install/ur_controllers/lib'
[4.011s] Level 1:colcon.colcon_core.shell:create_environment_hook('ur_controllers', 'ld_library_path_lib')
[4.011s] INFO:colcon.colcon_core.shell:Creating environment hook '/home/com9/uet_ws/install/ur_controllers/share/ur_controllers/hook/ld_library_path_lib.ps1'
[4.011s] INFO:colcon.colcon_core.shell:Creating environment descriptor '/home/com9/uet_ws/install/ur_controllers/share/ur_controllers/hook/ld_library_path_lib.dsv'
[4.012s] INFO:colcon.colcon_core.shell:Creating environment hook '/home/com9/uet_ws/install/ur_controllers/share/ur_controllers/hook/ld_library_path_lib.sh'
[4.012s] Level 1:colcon.colcon_core.environment:checking '/home/com9/uet_ws/install/ur_controllers/bin'
[4.012s] Level 1:colcon.colcon_core.environment:checking '/home/com9/uet_ws/install/ur_controllers/lib/pkgconfig/ur_controllers.pc'
[4.012s] Level 1:colcon.colcon_core.environment:checking '/home/com9/uet_ws/install/ur_controllers/lib/python3.10/site-packages'
[4.012s] Level 1:colcon.colcon_core.environment:checking '/home/com9/uet_ws/install/ur_controllers/bin'
[4.012s] INFO:colcon.colcon_core.shell:Creating package script '/home/com9/uet_ws/install/ur_controllers/share/ur_controllers/package.ps1'
[4.013s] INFO:colcon.colcon_core.shell:Creating package descriptor '/home/com9/uet_ws/install/ur_controllers/share/ur_controllers/package.dsv'
[4.013s] INFO:colcon.colcon_core.shell:Creating package script '/home/com9/uet_ws/install/ur_controllers/share/ur_controllers/package.sh'
[4.013s] INFO:colcon.colcon_core.shell:Creating package script '/home/com9/uet_ws/install/ur_controllers/share/ur_controllers/package.bash'
[4.013s] INFO:colcon.colcon_core.shell:Creating package script '/home/com9/uet_ws/install/ur_controllers/share/ur_controllers/package.zsh'
[4.013s] Level 1:colcon.colcon_core.environment:create_file_with_runtime_dependencies(/home/com9/uet_ws/install/ur_controllers/share/colcon-core/packages/ur_controllers)
[4.014s] Level 1:colcon.colcon_core.environment:create_environment_scripts_only(ur_controllers)
[4.014s] Level 1:colcon.colcon_core.environment:checking '/home/com9/uet_ws/install/ur_controllers' for CMake module files
[4.014s] Level 1:colcon.colcon_core.environment:checking '/home/com9/uet_ws/install/ur_controllers' for CMake config files
[4.014s] Level 1:colcon.colcon_core.shell:create_environment_hook('ur_controllers', 'cmake_prefix_path')
[4.014s] INFO:colcon.colcon_core.shell:Creating environment hook '/home/com9/uet_ws/install/ur_controllers/share/ur_controllers/hook/cmake_prefix_path.ps1'
[4.014s] INFO:colcon.colcon_core.shell:Creating environment descriptor '/home/com9/uet_ws/install/ur_controllers/share/ur_controllers/hook/cmake_prefix_path.dsv'
[4.015s] INFO:colcon.colcon_core.shell:Creating environment hook '/home/com9/uet_ws/install/ur_controllers/share/ur_controllers/hook/cmake_prefix_path.sh'
[4.015s] Level 1:colcon.colcon_core.environment:checking '/home/com9/uet_ws/install/ur_controllers/lib'
[4.015s] Level 1:colcon.colcon_core.shell:create_environment_hook('ur_controllers', 'ld_library_path_lib')
[4.015s] INFO:colcon.colcon_core.shell:Creating environment hook '/home/com9/uet_ws/install/ur_controllers/share/ur_controllers/hook/ld_library_path_lib.ps1'
[4.015s] INFO:colcon.colcon_core.shell:Creating environment descriptor '/home/com9/uet_ws/install/ur_controllers/share/ur_controllers/hook/ld_library_path_lib.dsv'
[4.015s] INFO:colcon.colcon_core.shell:Creating environment hook '/home/com9/uet_ws/install/ur_controllers/share/ur_controllers/hook/ld_library_path_lib.sh'
[4.016s] Level 1:colcon.colcon_core.environment:checking '/home/com9/uet_ws/install/ur_controllers/bin'
[4.016s] Level 1:colcon.colcon_core.environment:checking '/home/com9/uet_ws/install/ur_controllers/lib/pkgconfig/ur_controllers.pc'
[4.016s] Level 1:colcon.colcon_core.environment:checking '/home/com9/uet_ws/install/ur_controllers/lib/python3.10/site-packages'
[4.016s] Level 1:colcon.colcon_core.environment:checking '/home/com9/uet_ws/install/ur_controllers/bin'
[4.016s] INFO:colcon.colcon_core.shell:Creating package script '/home/com9/uet_ws/install/ur_controllers/share/ur_controllers/package.ps1'
[4.017s] INFO:colcon.colcon_core.shell:Creating package descriptor '/home/com9/uet_ws/install/ur_controllers/share/ur_controllers/package.dsv'
[4.017s] INFO:colcon.colcon_core.shell:Creating package script '/home/com9/uet_ws/install/ur_controllers/share/ur_controllers/package.sh'
[4.017s] INFO:colcon.colcon_core.shell:Creating package script '/home/com9/uet_ws/install/ur_controllers/share/ur_controllers/package.bash'
[4.017s] INFO:colcon.colcon_core.shell:Creating package script '/home/com9/uet_ws/install/ur_controllers/share/ur_controllers/package.zsh'
[4.017s] Level 1:colcon.colcon_core.environment:create_file_with_runtime_dependencies(/home/com9/uet_ws/install/ur_controllers/share/colcon-core/packages/ur_controllers)
[4.018s] DEBUG:colcon.colcon_core.executor.sequential:run_until_complete 'ur_controllers' finished with '0'
[4.018s] DEBUG:colcon.colcon_core.executor.sequential:run_until_complete 'ur_bringup'
[4.018s] INFO:colcon.colcon_ros.task.ament_cmake.build:Building ROS package in '/home/com9/uet_ws/src/Universal_Robots_ROS2_Driver/ur_bringup' with build type 'ament_cmake'
[4.018s] INFO:colcon.colcon_cmake.task.cmake.build:Building CMake package in '/home/com9/uet_ws/src/Universal_Robots_ROS2_Driver/ur_bringup'
[4.018s] INFO:colcon.colcon_core.shell:Skip shell extension 'powershell' for command environment: Not usable outside of PowerShell
[4.018s] DEBUG:colcon.colcon_core.shell:Skip shell extension 'dsv' for command environment
[4.026s] DEBUG:colcon.colcon_core.event_handler.log_command:Invoking command in '/home/com9/uet_ws/build/ur_bringup': CMAKE_PREFIX_PATH=/home/com9/uet_ws/install/ur_controllers:/home/com9/uet_ws/install/ur_dashboard_msgs:/home/com9/uet_ws/install/ur_simulation_gz:/home/com9/uet_ws/install/ur:/home/com9/uet_ws/install/ur_calibration:/home/com9/uet_ws/install/ur_robot_driver:/home/com9/uet_ws/install/ur_moveit_config:/home/com9/uet_ws/install/ur_bringup:/home/com9/uet_ws/install/ur3_moveit_control:/home/com9/uet_ws/install/susgrip_2f_hardware:/home/com9/uet_ws/install/susgrip_2f_gazebo:/home/com9/uet_ws/install/susgrip_2f_description:/home/com9/uet_ws/install/susgrip_2f_control:/opt/ros/humble LD_LIBRARY_PATH=/home/com9/uet_ws/install/ur_controllers/lib:/home/com9/uet_ws/install/ur_dashboard_msgs/lib:/home/com9/uet_ws/install/ur_robot_driver/lib:/home/com9/uet_ws/install/ur3_moveit_control/lib:/opt/ros/humble/opt/rviz_ogre_vendor/lib:/opt/ros/humble/lib/x86_64-linux-gnu:/opt/ros/humble/lib /usr/bin/cmake --build /home/com9/uet_ws/build/ur_bringup
[4.051s] DEBUG:colcon.colcon_core.event_handler.log_command:Invoked command in '/home/com9/uet_ws/build/ur_bringup' returned '0': CMAKE_PREFIX_PATH=/home/com9/uet_ws/install/ur_controllers:/home/com9/uet_ws/install/ur_dashboard_msgs:/home/com9/uet_ws/install/ur_simulation_gz:/home/com9/uet_ws/install/ur:/home/com9/uet_ws/install/ur_calibration:/home/com9/uet_ws/install/ur_robot_driver:/home/com9/uet_ws/install/ur_moveit_config:/home/com9/uet_ws/install/ur_bringup:/home/com9/uet_ws/install/ur3_moveit_control:/home/com9/uet_ws/install/susgrip_2f_hardware:/home/com9/uet_ws/install/susgrip_2f_gazebo:/home/com9/uet_ws/install/susgrip_2f_description:/home/com9/uet_ws/install/susgrip_2f_control:/opt/ros/humble LD_LIBRARY_PATH=/home/com9/uet_ws/install/ur_controllers/lib:/home/com9/uet_ws/install/ur_dashboard_msgs/lib:/home/com9/uet_ws/install/ur_robot_driver/lib:/home/com9/uet_ws/install/ur3_moveit_control/lib:/opt/ros/humble/opt/rviz_ogre_vendor/lib:/opt/ros/humble/lib/x86_64-linux-gnu:/opt/ros/humble/lib /usr/bin/cmake --build /home/com9/uet_ws/build/ur_bringup
[4.052s] DEBUG:colcon.colcon_core.event_handler.log_command:Invoking command in '/home/com9/uet_ws/build/ur_bringup': CMAKE_PREFIX_PATH=/home/com9/uet_ws/install/ur_controllers:/home/com9/uet_ws/install/ur_dashboard_msgs:/home/com9/uet_ws/install/ur_simulation_gz:/home/com9/uet_ws/install/ur:/home/com9/uet_ws/install/ur_calibration:/home/com9/uet_ws/install/ur_robot_driver:/home/com9/uet_ws/install/ur_moveit_config:/home/com9/uet_ws/install/ur_bringup:/home/com9/uet_ws/install/ur3_moveit_control:/home/com9/uet_ws/install/susgrip_2f_hardware:/home/com9/uet_ws/install/susgrip_2f_gazebo:/home/com9/uet_ws/install/susgrip_2f_description:/home/com9/uet_ws/install/susgrip_2f_control:/opt/ros/humble LD_LIBRARY_PATH=/home/com9/uet_ws/install/ur_controllers/lib:/home/com9/uet_ws/install/ur_dashboard_msgs/lib:/home/com9/uet_ws/install/ur_robot_driver/lib:/home/com9/uet_ws/install/ur3_moveit_control/lib:/opt/ros/humble/opt/rviz_ogre_vendor/lib:/opt/ros/humble/lib/x86_64-linux-gnu:/opt/ros/humble/lib /usr/bin/cmake --install /home/com9/uet_ws/build/ur_bringup
[4.058s] Level 1:colcon.colcon_core.environment:create_environment_scripts_only(ur_bringup)
[4.058s] DEBUG:colcon.colcon_core.event_handler.log_command:Invoked command in '/home/com9/uet_ws/build/ur_bringup' returned '0': CMAKE_PREFIX_PATH=/home/com9/uet_ws/install/ur_controllers:/home/com9/uet_ws/install/ur_dashboard_msgs:/home/com9/uet_ws/install/ur_simulation_gz:/home/com9/uet_ws/install/ur:/home/com9/uet_ws/install/ur_calibration:/home/com9/uet_ws/install/ur_robot_driver:/home/com9/uet_ws/install/ur_moveit_config:/home/com9/uet_ws/install/ur_bringup:/home/com9/uet_ws/install/ur3_moveit_control:/home/com9/uet_ws/install/susgrip_2f_hardware:/home/com9/uet_ws/install/susgrip_2f_gazebo:/home/com9/uet_ws/install/susgrip_2f_description:/home/com9/uet_ws/install/susgrip_2f_control:/opt/ros/humble LD_LIBRARY_PATH=/home/com9/uet_ws/install/ur_controllers/lib:/home/com9/uet_ws/install/ur_dashboard_msgs/lib:/home/com9/uet_ws/install/ur_robot_driver/lib:/home/com9/uet_ws/install/ur3_moveit_control/lib:/opt/ros/humble/opt/rviz_ogre_vendor/lib:/opt/ros/humble/lib/x86_64-linux-gnu:/opt/ros/humble/lib /usr/bin/cmake --install /home/com9/uet_ws/build/ur_bringup
[4.058s] Level 1:colcon.colcon_core.environment:checking '/home/com9/uet_ws/install/ur_bringup' for CMake module files
[4.059s] Level 1:colcon.colcon_core.environment:checking '/home/com9/uet_ws/install/ur_bringup' for CMake config files
[4.059s] Level 1:colcon.colcon_core.shell:create_environment_hook('ur_bringup', 'cmake_prefix_path')
[4.059s] INFO:colcon.colcon_core.shell:Creating environment hook '/home/com9/uet_ws/install/ur_bringup/share/ur_bringup/hook/cmake_prefix_path.ps1'
[4.059s] INFO:colcon.colcon_core.shell:Creating environment descriptor '/home/com9/uet_ws/install/ur_bringup/share/ur_bringup/hook/cmake_prefix_path.dsv'
[4.059s] INFO:colcon.colcon_core.shell:Creating environment hook '/home/com9/uet_ws/install/ur_bringup/share/ur_bringup/hook/cmake_prefix_path.sh'
[4.060s] Level 1:colcon.colcon_core.environment:checking '/home/com9/uet_ws/install/ur_bringup/lib'
[4.060s] Level 1:colcon.colcon_core.environment:checking '/home/com9/uet_ws/install/ur_bringup/bin'
[4.060s] Level 1:colcon.colcon_core.environment:checking '/home/com9/uet_ws/install/ur_bringup/lib/pkgconfig/ur_bringup.pc'
[4.060s] Level 1:colcon.colcon_core.environment:checking '/home/com9/uet_ws/install/ur_bringup/lib/python3.10/site-packages'
[4.060s] Level 1:colcon.colcon_core.environment:checking '/home/com9/uet_ws/install/ur_bringup/bin'
[4.060s] INFO:colcon.colcon_core.shell:Creating package script '/home/com9/uet_ws/install/ur_bringup/share/ur_bringup/package.ps1'
[4.061s] INFO:colcon.colcon_core.shell:Creating package descriptor '/home/com9/uet_ws/install/ur_bringup/share/ur_bringup/package.dsv'
[4.061s] INFO:colcon.colcon_core.shell:Creating package script '/home/com9/uet_ws/install/ur_bringup/share/ur_bringup/package.sh'
[4.061s] INFO:colcon.colcon_core.shell:Creating package script '/home/com9/uet_ws/install/ur_bringup/share/ur_bringup/package.bash'
[4.061s] INFO:colcon.colcon_core.shell:Creating package script '/home/com9/uet_ws/install/ur_bringup/share/ur_bringup/package.zsh'
[4.061s] Level 1:colcon.colcon_core.environment:create_file_with_runtime_dependencies(/home/com9/uet_ws/install/ur_bringup/share/colcon-core/packages/ur_bringup)
[4.062s] Level 1:colcon.colcon_core.environment:create_environment_scripts_only(ur_bringup)
[4.062s] Level 1:colcon.colcon_core.environment:checking '/home/com9/uet_ws/install/ur_bringup' for CMake module files
[4.062s] Level 1:colcon.colcon_core.environment:checking '/home/com9/uet_ws/install/ur_bringup' for CMake config files
[4.062s] Level 1:colcon.colcon_core.shell:create_environment_hook('ur_bringup', 'cmake_prefix_path')
[4.062s] INFO:colcon.colcon_core.shell:Creating environment hook '/home/com9/uet_ws/install/ur_bringup/share/ur_bringup/hook/cmake_prefix_path.ps1'
[4.062s] INFO:colcon.colcon_core.shell:Creating environment descriptor '/home/com9/uet_ws/install/ur_bringup/share/ur_bringup/hook/cmake_prefix_path.dsv'
[4.063s] INFO:colcon.colcon_core.shell:Creating environment hook '/home/com9/uet_ws/install/ur_bringup/share/ur_bringup/hook/cmake_prefix_path.sh'
[4.063s] Level 1:colcon.colcon_core.environment:checking '/home/com9/uet_ws/install/ur_bringup/lib'
[4.063s] Level 1:colcon.colcon_core.environment:checking '/home/com9/uet_ws/install/ur_bringup/bin'
[4.063s] Level 1:colcon.colcon_core.environment:checking '/home/com9/uet_ws/install/ur_bringup/lib/pkgconfig/ur_bringup.pc'
[4.063s] Level 1:colcon.colcon_core.environment:checking '/home/com9/uet_ws/install/ur_bringup/lib/python3.10/site-packages'
[4.063s] Level 1:colcon.colcon_core.environment:checking '/home/com9/uet_ws/install/ur_bringup/bin'
[4.063s] INFO:colcon.colcon_core.shell:Creating package script '/home/com9/uet_ws/install/ur_bringup/share/ur_bringup/package.ps1'
[4.064s] INFO:colcon.colcon_core.shell:Creating package descriptor '/home/com9/uet_ws/install/ur_bringup/share/ur_bringup/package.dsv'
[4.064s] INFO:colcon.colcon_core.shell:Creating package script '/home/com9/uet_ws/install/ur_bringup/share/ur_bringup/package.sh'
[4.064s] INFO:colcon.colcon_core.shell:Creating package script '/home/com9/uet_ws/install/ur_bringup/share/ur_bringup/package.bash'
[4.064s] INFO:colcon.colcon_core.shell:Creating package script '/home/com9/uet_ws/install/ur_bringup/share/ur_bringup/package.zsh'
[4.064s] Level 1:colcon.colcon_core.environment:create_file_with_runtime_dependencies(/home/com9/uet_ws/install/ur_bringup/share/colcon-core/packages/ur_bringup)
[4.065s] DEBUG:colcon.colcon_core.executor.sequential:run_until_complete 'ur_bringup' finished with '0'
[4.065s] DEBUG:colcon.colcon_core.executor.sequential:run_until_complete 'ur_robot_driver'
[4.065s] INFO:colcon.colcon_ros.task.ament_cmake.build:Building ROS package in '/home/com9/uet_ws/src/Universal_Robots_ROS2_Driver/ur_robot_driver' with build type 'ament_cmake'
[4.065s] INFO:colcon.colcon_cmake.task.cmake.build:Building CMake package in '/home/com9/uet_ws/src/Universal_Robots_ROS2_Driver/ur_robot_driver'
[4.065s] INFO:colcon.colcon_core.shell:Skip shell extension 'powershell' for command environment: Not usable outside of PowerShell
[4.065s] DEBUG:colcon.colcon_core.shell:Skip shell extension 'dsv' for command environment
[4.073s] DEBUG:colcon.colcon_core.event_handler.log_command:Invoking command in '/home/com9/uet_ws/build/ur_robot_driver': CMAKE_PREFIX_PATH=/home/com9/uet_ws/install/ur_controllers:/home/com9/uet_ws/install/ur_dashboard_msgs:/home/com9/uet_ws/install/ur_simulation_gz:/home/com9/uet_ws/install/ur:/home/com9/uet_ws/install/ur_calibration:/home/com9/uet_ws/install/ur_robot_driver:/home/com9/uet_ws/install/ur_moveit_config:/home/com9/uet_ws/install/ur_bringup:/home/com9/uet_ws/install/ur3_moveit_control:/home/com9/uet_ws/install/susgrip_2f_hardware:/home/com9/uet_ws/install/susgrip_2f_gazebo:/home/com9/uet_ws/install/susgrip_2f_description:/home/com9/uet_ws/install/susgrip_2f_control:/opt/ros/humble LD_LIBRARY_PATH=/home/com9/uet_ws/install/ur_controllers/lib:/home/com9/uet_ws/install/ur_dashboard_msgs/lib:/home/com9/uet_ws/install/ur_robot_driver/lib:/home/com9/uet_ws/install/ur3_moveit_control/lib:/opt/ros/humble/opt/rviz_ogre_vendor/lib:/opt/ros/humble/lib/x86_64-linux-gnu:/opt/ros/humble/lib /usr/bin/cmake --build /home/com9/uet_ws/build/ur_robot_driver
[4.413s] DEBUG:colcon.colcon_core.event_handler.log_command:Invoked command in '/home/com9/uet_ws/build/ur_robot_driver' returned '0': CMAKE_PREFIX_PATH=/home/com9/uet_ws/install/ur_controllers:/home/com9/uet_ws/install/ur_dashboard_msgs:/home/com9/uet_ws/install/ur_simulation_gz:/home/com9/uet_ws/install/ur:/home/com9/uet_ws/install/ur_calibration:/home/com9/uet_ws/install/ur_robot_driver:/home/com9/uet_ws/install/ur_moveit_config:/home/com9/uet_ws/install/ur_bringup:/home/com9/uet_ws/install/ur3_moveit_control:/home/com9/uet_ws/install/susgrip_2f_hardware:/home/com9/uet_ws/install/susgrip_2f_gazebo:/home/com9/uet_ws/install/susgrip_2f_description:/home/com9/uet_ws/install/susgrip_2f_control:/opt/ros/humble LD_LIBRARY_PATH=/home/com9/uet_ws/install/ur_controllers/lib:/home/com9/uet_ws/install/ur_dashboard_msgs/lib:/home/com9/uet_ws/install/ur_robot_driver/lib:/home/com9/uet_ws/install/ur3_moveit_control/lib:/opt/ros/humble/opt/rviz_ogre_vendor/lib:/opt/ros/humble/lib/x86_64-linux-gnu:/opt/ros/humble/lib /usr/bin/cmake --build /home/com9/uet_ws/build/ur_robot_driver
[4.414s] DEBUG:colcon.colcon_core.event_handler.log_command:Invoking command in '/home/com9/uet_ws/build/ur_robot_driver': CMAKE_PREFIX_PATH=/home/com9/uet_ws/install/ur_controllers:/home/com9/uet_ws/install/ur_dashboard_msgs:/home/com9/uet_ws/install/ur_simulation_gz:/home/com9/uet_ws/install/ur:/home/com9/uet_ws/install/ur_calibration:/home/com9/uet_ws/install/ur_robot_driver:/home/com9/uet_ws/install/ur_moveit_config:/home/com9/uet_ws/install/ur_bringup:/home/com9/uet_ws/install/ur3_moveit_control:/home/com9/uet_ws/install/susgrip_2f_hardware:/home/com9/uet_ws/install/susgrip_2f_gazebo:/home/com9/uet_ws/install/susgrip_2f_description:/home/com9/uet_ws/install/susgrip_2f_control:/opt/ros/humble LD_LIBRARY_PATH=/home/com9/uet_ws/install/ur_controllers/lib:/home/com9/uet_ws/install/ur_dashboard_msgs/lib:/home/com9/uet_ws/install/ur_robot_driver/lib:/home/com9/uet_ws/install/ur3_moveit_control/lib:/opt/ros/humble/opt/rviz_ogre_vendor/lib:/opt/ros/humble/lib/x86_64-linux-gnu:/opt/ros/humble/lib /usr/bin/cmake --install /home/com9/uet_ws/build/ur_robot_driver
[4.450s] Level 1:colcon.colcon_core.environment:create_environment_scripts_only(ur_robot_driver)
[4.450s] Level 1:colcon.colcon_core.environment:checking '/home/com9/uet_ws/install/ur_robot_driver' for CMake module files
[4.450s] DEBUG:colcon.colcon_core.event_handler.log_command:Invoked command in '/home/com9/uet_ws/build/ur_robot_driver' returned '0': CMAKE_PREFIX_PATH=/home/com9/uet_ws/install/ur_controllers:/home/com9/uet_ws/install/ur_dashboard_msgs:/home/com9/uet_ws/install/ur_simulation_gz:/home/com9/uet_ws/install/ur:/home/com9/uet_ws/install/ur_calibration:/home/com9/uet_ws/install/ur_robot_driver:/home/com9/uet_ws/install/ur_moveit_config:/home/com9/uet_ws/install/ur_bringup:/home/com9/uet_ws/install/ur3_moveit_control:/home/com9/uet_ws/install/susgrip_2f_hardware:/home/com9/uet_ws/install/susgrip_2f_gazebo:/home/com9/uet_ws/install/susgrip_2f_description:/home/com9/uet_ws/install/susgrip_2f_control:/opt/ros/humble LD_LIBRARY_PATH=/home/com9/uet_ws/install/ur_controllers/lib:/home/com9/uet_ws/install/ur_dashboard_msgs/lib:/home/com9/uet_ws/install/ur_robot_driver/lib:/home/com9/uet_ws/install/ur3_moveit_control/lib:/opt/ros/humble/opt/rviz_ogre_vendor/lib:/opt/ros/humble/lib/x86_64-linux-gnu:/opt/ros/humble/lib /usr/bin/cmake --install /home/com9/uet_ws/build/ur_robot_driver
[4.451s] Level 1:colcon.colcon_core.environment:checking '/home/com9/uet_ws/install/ur_robot_driver' for CMake config files
[4.451s] Level 1:colcon.colcon_core.shell:create_environment_hook('ur_robot_driver', 'cmake_prefix_path')
[4.451s] INFO:colcon.colcon_core.shell:Creating environment hook '/home/com9/uet_ws/install/ur_robot_driver/share/ur_robot_driver/hook/cmake_prefix_path.ps1'
[4.451s] INFO:colcon.colcon_core.shell:Creating environment descriptor '/home/com9/uet_ws/install/ur_robot_driver/share/ur_robot_driver/hook/cmake_prefix_path.dsv'
[4.452s] INFO:colcon.colcon_core.shell:Creating environment hook '/home/com9/uet_ws/install/ur_robot_driver/share/ur_robot_driver/hook/cmake_prefix_path.sh'
[4.452s] Level 1:colcon.colcon_core.environment:checking '/home/com9/uet_ws/install/ur_robot_driver/lib'
[4.452s] Level 1:colcon.colcon_core.shell:create_environment_hook('ur_robot_driver', 'ld_library_path_lib')
[4.452s] INFO:colcon.colcon_core.shell:Creating environment hook '/home/com9/uet_ws/install/ur_robot_driver/share/ur_robot_driver/hook/ld_library_path_lib.ps1'
[4.452s] INFO:colcon.colcon_core.shell:Creating environment descriptor '/home/com9/uet_ws/install/ur_robot_driver/share/ur_robot_driver/hook/ld_library_path_lib.dsv'
[4.452s] INFO:colcon.colcon_core.shell:Creating environment hook '/home/com9/uet_ws/install/ur_robot_driver/share/ur_robot_driver/hook/ld_library_path_lib.sh'
[4.453s] Level 1:colcon.colcon_core.environment:checking '/home/com9/uet_ws/install/ur_robot_driver/bin'
[4.453s] Level 1:colcon.colcon_core.shell:create_environment_hook('ur_robot_driver', 'path')
[4.453s] INFO:colcon.colcon_core.shell:Creating environment hook '/home/com9/uet_ws/install/ur_robot_driver/share/ur_robot_driver/hook/path.ps1'
[4.453s] INFO:colcon.colcon_core.shell:Creating environment descriptor '/home/com9/uet_ws/install/ur_robot_driver/share/ur_robot_driver/hook/path.dsv'
[4.453s] INFO:colcon.colcon_core.shell:Creating environment hook '/home/com9/uet_ws/install/ur_robot_driver/share/ur_robot_driver/hook/path.sh'
[4.453s] Level 1:colcon.colcon_core.environment:checking '/home/com9/uet_ws/install/ur_robot_driver/lib/pkgconfig/ur_robot_driver.pc'
[4.453s] Level 1:colcon.colcon_core.environment:checking '/home/com9/uet_ws/install/ur_robot_driver/lib/python3.10/site-packages'
[4.454s] Level 1:colcon.colcon_core.environment:checking '/home/com9/uet_ws/install/ur_robot_driver/bin'
[4.454s] Level 1:colcon.colcon_core.shell:create_environment_hook('ur_robot_driver', 'pythonscriptspath')
[4.454s] INFO:colcon.colcon_core.shell:Creating environment hook '/home/com9/uet_ws/install/ur_robot_driver/share/ur_robot_driver/hook/pythonscriptspath.ps1'
[4.454s] INFO:colcon.colcon_core.shell:Creating environment descriptor '/home/com9/uet_ws/install/ur_robot_driver/share/ur_robot_driver/hook/pythonscriptspath.dsv'
[4.454s] INFO:colcon.colcon_core.shell:Creating environment hook '/home/com9/uet_ws/install/ur_robot_driver/share/ur_robot_driver/hook/pythonscriptspath.sh'
[4.454s] INFO:colcon.colcon_core.shell:Creating package script '/home/com9/uet_ws/install/ur_robot_driver/share/ur_robot_driver/package.ps1'
[4.455s] INFO:colcon.colcon_core.shell:Creating package descriptor '/home/com9/uet_ws/install/ur_robot_driver/share/ur_robot_driver/package.dsv'
[4.455s] INFO:colcon.colcon_core.shell:Creating package script '/home/com9/uet_ws/install/ur_robot_driver/share/ur_robot_driver/package.sh'
[4.455s] INFO:colcon.colcon_core.shell:Creating package script '/home/com9/uet_ws/install/ur_robot_driver/share/ur_robot_driver/package.bash'
[4.455s] INFO:colcon.colcon_core.shell:Creating package script '/home/com9/uet_ws/install/ur_robot_driver/share/ur_robot_driver/package.zsh'
[4.455s] Level 1:colcon.colcon_core.environment:create_file_with_runtime_dependencies(/home/com9/uet_ws/install/ur_robot_driver/share/colcon-core/packages/ur_robot_driver)
[4.456s] Level 1:colcon.colcon_core.environment:create_environment_scripts_only(ur_robot_driver)
[4.456s] Level 1:colcon.colcon_core.environment:checking '/home/com9/uet_ws/install/ur_robot_driver' for CMake module files
[4.456s] Level 1:colcon.colcon_core.environment:checking '/home/com9/uet_ws/install/ur_robot_driver' for CMake config files
[4.456s] Level 1:colcon.colcon_core.shell:create_environment_hook('ur_robot_driver', 'cmake_prefix_path')
[4.457s] INFO:colcon.colcon_core.shell:Creating environment hook '/home/com9/uet_ws/install/ur_robot_driver/share/ur_robot_driver/hook/cmake_prefix_path.ps1'
[4.457s] INFO:colcon.colcon_core.shell:Creating environment descriptor '/home/com9/uet_ws/install/ur_robot_driver/share/ur_robot_driver/hook/cmake_prefix_path.dsv'
[4.457s] INFO:colcon.colcon_core.shell:Creating environment hook '/home/com9/uet_ws/install/ur_robot_driver/share/ur_robot_driver/hook/cmake_prefix_path.sh'
[4.457s] Level 1:colcon.colcon_core.environment:checking '/home/com9/uet_ws/install/ur_robot_driver/lib'
[4.457s] Level 1:colcon.colcon_core.shell:create_environment_hook('ur_robot_driver', 'ld_library_path_lib')
[4.457s] INFO:colcon.colcon_core.shell:Creating environment hook '/home/com9/uet_ws/install/ur_robot_driver/share/ur_robot_driver/hook/ld_library_path_lib.ps1'
[4.458s] INFO:colcon.colcon_core.shell:Creating environment descriptor '/home/com9/uet_ws/install/ur_robot_driver/share/ur_robot_driver/hook/ld_library_path_lib.dsv'
[4.458s] INFO:colcon.colcon_core.shell:Creating environment hook '/home/com9/uet_ws/install/ur_robot_driver/share/ur_robot_driver/hook/ld_library_path_lib.sh'
[4.458s] Level 1:colcon.colcon_core.environment:checking '/home/com9/uet_ws/install/ur_robot_driver/bin'
[4.458s] Level 1:colcon.colcon_core.shell:create_environment_hook('ur_robot_driver', 'path')
[4.458s] INFO:colcon.colcon_core.shell:Creating environment hook '/home/com9/uet_ws/install/ur_robot_driver/share/ur_robot_driver/hook/path.ps1'
[4.458s] INFO:colcon.colcon_core.shell:Creating environment descriptor '/home/com9/uet_ws/install/ur_robot_driver/share/ur_robot_driver/hook/path.dsv'
[4.458s] INFO:colcon.colcon_core.shell:Creating environment hook '/home/com9/uet_ws/install/ur_robot_driver/share/ur_robot_driver/hook/path.sh'
[4.459s] Level 1:colcon.colcon_core.environment:checking '/home/com9/uet_ws/install/ur_robot_driver/lib/pkgconfig/ur_robot_driver.pc'
[4.459s] Level 1:colcon.colcon_core.environment:checking '/home/com9/uet_ws/install/ur_robot_driver/lib/python3.10/site-packages'
[4.459s] Level 1:colcon.colcon_core.environment:checking '/home/com9/uet_ws/install/ur_robot_driver/bin'
[4.459s] Level 1:colcon.colcon_core.shell:create_environment_hook('ur_robot_driver', 'pythonscriptspath')
[4.459s] INFO:colcon.colcon_core.shell:Creating environment hook '/home/com9/uet_ws/install/ur_robot_driver/share/ur_robot_driver/hook/pythonscriptspath.ps1'
[4.459s] INFO:colcon.colcon_core.shell:Creating environment descriptor '/home/com9/uet_ws/install/ur_robot_driver/share/ur_robot_driver/hook/pythonscriptspath.dsv'
[4.459s] INFO:colcon.colcon_core.shell:Creating environment hook '/home/com9/uet_ws/install/ur_robot_driver/share/ur_robot_driver/hook/pythonscriptspath.sh'
[4.460s] INFO:colcon.colcon_core.shell:Creating package script '/home/com9/uet_ws/install/ur_robot_driver/share/ur_robot_driver/package.ps1'
[4.460s] INFO:colcon.colcon_core.shell:Creating package descriptor '/home/com9/uet_ws/install/ur_robot_driver/share/ur_robot_driver/package.dsv'
[4.460s] INFO:colcon.colcon_core.shell:Creating package script '/home/com9/uet_ws/install/ur_robot_driver/share/ur_robot_driver/package.sh'
[4.461s] INFO:colcon.colcon_core.shell:Creating package script '/home/com9/uet_ws/install/ur_robot_driver/share/ur_robot_driver/package.bash'
[4.461s] INFO:colcon.colcon_core.shell:Creating package script '/home/com9/uet_ws/install/ur_robot_driver/share/ur_robot_driver/package.zsh'
[4.461s] Level 1:colcon.colcon_core.environment:create_file_with_runtime_dependencies(/home/com9/uet_ws/install/ur_robot_driver/share/colcon-core/packages/ur_robot_driver)
[4.461s] DEBUG:colcon.colcon_core.executor.sequential:run_until_complete 'ur_robot_driver' finished with '0'
[4.461s] DEBUG:colcon.colcon_core.executor.sequential:run_until_complete 'ur_simulation_gz'
[4.461s] INFO:colcon.colcon_ros.task.ament_cmake.build:Building ROS package in '/home/com9/uet_ws/src/ur_simulation_gz' with build type 'ament_cmake'
[4.461s] INFO:colcon.colcon_cmake.task.cmake.build:Building CMake package in '/home/com9/uet_ws/src/ur_simulation_gz'
[4.461s] INFO:colcon.colcon_core.shell:Skip shell extension 'powershell' for command environment: Not usable outside of PowerShell
[4.461s] DEBUG:colcon.colcon_core.shell:Skip shell extension 'dsv' for command environment
[4.471s] DEBUG:colcon.colcon_core.event_handler.log_command:Invoking command in '/home/com9/uet_ws/build/ur_simulation_gz': CMAKE_PREFIX_PATH=/home/com9/uet_ws/install/ur_controllers:/home/com9/uet_ws/install/ur_moveit_config:/home/com9/uet_ws/install/ur_dashboard_msgs:/home/com9/uet_ws/install/ur_simulation_gz:/home/com9/uet_ws/install/ur:/home/com9/uet_ws/install/ur_calibration:/home/com9/uet_ws/install/ur_robot_driver:/home/com9/uet_ws/install/ur_bringup:/home/com9/uet_ws/install/ur3_moveit_control:/home/com9/uet_ws/install/susgrip_2f_hardware:/home/com9/uet_ws/install/susgrip_2f_gazebo:/home/com9/uet_ws/install/susgrip_2f_description:/home/com9/uet_ws/install/susgrip_2f_control:/opt/ros/humble LD_LIBRARY_PATH=/home/com9/uet_ws/install/ur_controllers/lib:/home/com9/uet_ws/install/ur_dashboard_msgs/lib:/home/com9/uet_ws/install/ur_robot_driver/lib:/home/com9/uet_ws/install/ur3_moveit_control/lib:/opt/ros/humble/opt/rviz_ogre_vendor/lib:/opt/ros/humble/lib/x86_64-linux-gnu:/opt/ros/humble/lib /usr/bin/cmake --build /home/com9/uet_ws/build/ur_simulation_gz
[4.497s] DEBUG:colcon.colcon_core.event_handler.log_command:Invoked command in '/home/com9/uet_ws/build/ur_simulation_gz' returned '0': CMAKE_PREFIX_PATH=/home/com9/uet_ws/install/ur_controllers:/home/com9/uet_ws/install/ur_moveit_config:/home/com9/uet_ws/install/ur_dashboard_msgs:/home/com9/uet_ws/install/ur_simulation_gz:/home/com9/uet_ws/install/ur:/home/com9/uet_ws/install/ur_calibration:/home/com9/uet_ws/install/ur_robot_driver:/home/com9/uet_ws/install/ur_bringup:/home/com9/uet_ws/install/ur3_moveit_control:/home/com9/uet_ws/install/susgrip_2f_hardware:/home/com9/uet_ws/install/susgrip_2f_gazebo:/home/com9/uet_ws/install/susgrip_2f_description:/home/com9/uet_ws/install/susgrip_2f_control:/opt/ros/humble LD_LIBRARY_PATH=/home/com9/uet_ws/install/ur_controllers/lib:/home/com9/uet_ws/install/ur_dashboard_msgs/lib:/home/com9/uet_ws/install/ur_robot_driver/lib:/home/com9/uet_ws/install/ur3_moveit_control/lib:/opt/ros/humble/opt/rviz_ogre_vendor/lib:/opt/ros/humble/lib/x86_64-linux-gnu:/opt/ros/humble/lib /usr/bin/cmake --build /home/com9/uet_ws/build/ur_simulation_gz
[4.498s] DEBUG:colcon.colcon_core.event_handler.log_command:Invoking command in '/home/com9/uet_ws/build/ur_simulation_gz': CMAKE_PREFIX_PATH=/home/com9/uet_ws/install/ur_controllers:/home/com9/uet_ws/install/ur_moveit_config:/home/com9/uet_ws/install/ur_dashboard_msgs:/home/com9/uet_ws/install/ur_simulation_gz:/home/com9/uet_ws/install/ur:/home/com9/uet_ws/install/ur_calibration:/home/com9/uet_ws/install/ur_robot_driver:/home/com9/uet_ws/install/ur_bringup:/home/com9/uet_ws/install/ur3_moveit_control:/home/com9/uet_ws/install/susgrip_2f_hardware:/home/com9/uet_ws/install/susgrip_2f_gazebo:/home/com9/uet_ws/install/susgrip_2f_description:/home/com9/uet_ws/install/susgrip_2f_control:/opt/ros/humble LD_LIBRARY_PATH=/home/com9/uet_ws/install/ur_controllers/lib:/home/com9/uet_ws/install/ur_dashboard_msgs/lib:/home/com9/uet_ws/install/ur_robot_driver/lib:/home/com9/uet_ws/install/ur3_moveit_control/lib:/opt/ros/humble/opt/rviz_ogre_vendor/lib:/opt/ros/humble/lib/x86_64-linux-gnu:/opt/ros/humble/lib /usr/bin/cmake --install /home/com9/uet_ws/build/ur_simulation_gz
[4.503s] Level 1:colcon.colcon_core.environment:create_environment_scripts_only(ur_simulation_gz)
[4.503s] DEBUG:colcon.colcon_core.event_handler.log_command:Invoked command in '/home/com9/uet_ws/build/ur_simulation_gz' returned '0': CMAKE_PREFIX_PATH=/home/com9/uet_ws/install/ur_controllers:/home/com9/uet_ws/install/ur_moveit_config:/home/com9/uet_ws/install/ur_dashboard_msgs:/home/com9/uet_ws/install/ur_simulation_gz:/home/com9/uet_ws/install/ur:/home/com9/uet_ws/install/ur_calibration:/home/com9/uet_ws/install/ur_robot_driver:/home/com9/uet_ws/install/ur_bringup:/home/com9/uet_ws/install/ur3_moveit_control:/home/com9/uet_ws/install/susgrip_2f_hardware:/home/com9/uet_ws/install/susgrip_2f_gazebo:/home/com9/uet_ws/install/susgrip_2f_description:/home/com9/uet_ws/install/susgrip_2f_control:/opt/ros/humble LD_LIBRARY_PATH=/home/com9/uet_ws/install/ur_controllers/lib:/home/com9/uet_ws/install/ur_dashboard_msgs/lib:/home/com9/uet_ws/install/ur_robot_driver/lib:/home/com9/uet_ws/install/ur3_moveit_control/lib:/opt/ros/humble/opt/rviz_ogre_vendor/lib:/opt/ros/humble/lib/x86_64-linux-gnu:/opt/ros/humble/lib /usr/bin/cmake --install /home/com9/uet_ws/build/ur_simulation_gz
[4.503s] Level 1:colcon.colcon_core.environment:checking '/home/com9/uet_ws/install/ur_simulation_gz' for CMake module files
[4.503s] Level 1:colcon.colcon_core.environment:checking '/home/com9/uet_ws/install/ur_simulation_gz' for CMake config files
[4.504s] Level 1:colcon.colcon_core.shell:create_environment_hook('ur_simulation_gz', 'cmake_prefix_path')
[4.504s] INFO:colcon.colcon_core.shell:Creating environment hook '/home/com9/uet_ws/install/ur_simulation_gz/share/ur_simulation_gz/hook/cmake_prefix_path.ps1'
[4.504s] INFO:colcon.colcon_core.shell:Creating environment descriptor '/home/com9/uet_ws/install/ur_simulation_gz/share/ur_simulation_gz/hook/cmake_prefix_path.dsv'
[4.504s] INFO:colcon.colcon_core.shell:Creating environment hook '/home/com9/uet_ws/install/ur_simulation_gz/share/ur_simulation_gz/hook/cmake_prefix_path.sh'
[4.505s] Level 1:colcon.colcon_core.environment:checking '/home/com9/uet_ws/install/ur_simulation_gz/lib'
[4.505s] Level 1:colcon.colcon_core.environment:checking '/home/com9/uet_ws/install/ur_simulation_gz/bin'
[4.505s] Level 1:colcon.colcon_core.environment:checking '/home/com9/uet_ws/install/ur_simulation_gz/lib/pkgconfig/ur_simulation_gz.pc'
[4.505s] Level 1:colcon.colcon_core.environment:checking '/home/com9/uet_ws/install/ur_simulation_gz/lib/python3.10/site-packages'
[4.505s] Level 1:colcon.colcon_core.environment:checking '/home/com9/uet_ws/install/ur_simulation_gz/bin'
[4.505s] INFO:colcon.colcon_core.shell:Creating package script '/home/com9/uet_ws/install/ur_simulation_gz/share/ur_simulation_gz/package.ps1'
[4.506s] INFO:colcon.colcon_core.shell:Creating package descriptor '/home/com9/uet_ws/install/ur_simulation_gz/share/ur_simulation_gz/package.dsv'
[4.506s] INFO:colcon.colcon_core.shell:Creating package script '/home/com9/uet_ws/install/ur_simulation_gz/share/ur_simulation_gz/package.sh'
[4.506s] INFO:colcon.colcon_core.shell:Creating package script '/home/com9/uet_ws/install/ur_simulation_gz/share/ur_simulation_gz/package.bash'
[4.506s] INFO:colcon.colcon_core.shell:Creating package script '/home/com9/uet_ws/install/ur_simulation_gz/share/ur_simulation_gz/package.zsh'
[4.506s] Level 1:colcon.colcon_core.environment:create_file_with_runtime_dependencies(/home/com9/uet_ws/install/ur_simulation_gz/share/colcon-core/packages/ur_simulation_gz)
[4.506s] Level 1:colcon.colcon_core.environment:create_environment_scripts_only(ur_simulation_gz)
[4.507s] Level 1:colcon.colcon_core.environment:checking '/home/com9/uet_ws/install/ur_simulation_gz' for CMake module files
[4.507s] Level 1:colcon.colcon_core.environment:checking '/home/com9/uet_ws/install/ur_simulation_gz' for CMake config files
[4.507s] Level 1:colcon.colcon_core.shell:create_environment_hook('ur_simulation_gz', 'cmake_prefix_path')
[4.507s] INFO:colcon.colcon_core.shell:Creating environment hook '/home/com9/uet_ws/install/ur_simulation_gz/share/ur_simulation_gz/hook/cmake_prefix_path.ps1'
[4.507s] INFO:colcon.colcon_core.shell:Creating environment descriptor '/home/com9/uet_ws/install/ur_simulation_gz/share/ur_simulation_gz/hook/cmake_prefix_path.dsv'
[4.507s] INFO:colcon.colcon_core.shell:Creating environment hook '/home/com9/uet_ws/install/ur_simulation_gz/share/ur_simulation_gz/hook/cmake_prefix_path.sh'
[4.508s] Level 1:colcon.colcon_core.environment:checking '/home/com9/uet_ws/install/ur_simulation_gz/lib'
[4.508s] Level 1:colcon.colcon_core.environment:checking '/home/com9/uet_ws/install/ur_simulation_gz/bin'
[4.508s] Level 1:colcon.colcon_core.environment:checking '/home/com9/uet_ws/install/ur_simulation_gz/lib/pkgconfig/ur_simulation_gz.pc'
[4.508s] Level 1:colcon.colcon_core.environment:checking '/home/com9/uet_ws/install/ur_simulation_gz/lib/python3.10/site-packages'
[4.508s] Level 1:colcon.colcon_core.environment:checking '/home/com9/uet_ws/install/ur_simulation_gz/bin'
[4.508s] INFO:colcon.colcon_core.shell:Creating package script '/home/com9/uet_ws/install/ur_simulation_gz/share/ur_simulation_gz/package.ps1'
[4.508s] INFO:colcon.colcon_core.shell:Creating package descriptor '/home/com9/uet_ws/install/ur_simulation_gz/share/ur_simulation_gz/package.dsv'
[4.509s] INFO:colcon.colcon_core.shell:Creating package script '/home/com9/uet_ws/install/ur_simulation_gz/share/ur_simulation_gz/package.sh'
[4.509s] INFO:colcon.colcon_core.shell:Creating package script '/home/com9/uet_ws/install/ur_simulation_gz/share/ur_simulation_gz/package.bash'
[4.509s] INFO:colcon.colcon_core.shell:Creating package script '/home/com9/uet_ws/install/ur_simulation_gz/share/ur_simulation_gz/package.zsh'
[4.509s] Level 1:colcon.colcon_core.environment:create_file_with_runtime_dependencies(/home/com9/uet_ws/install/ur_simulation_gz/share/colcon-core/packages/ur_simulation_gz)
[4.509s] DEBUG:colcon.colcon_core.executor.sequential:run_until_complete 'ur_simulation_gz' finished with '0'
[4.509s] DEBUG:colcon.colcon_core.executor.sequential:run_until_complete 'ur_calibration'
[4.509s] INFO:colcon.colcon_ros.task.ament_cmake.build:Building ROS package in '/home/com9/uet_ws/src/Universal_Robots_ROS2_Driver/ur_calibration' with build type 'ament_cmake'
[4.509s] INFO:colcon.colcon_cmake.task.cmake.build:Building CMake package in '/home/com9/uet_ws/src/Universal_Robots_ROS2_Driver/ur_calibration'
[4.510s] INFO:colcon.colcon_core.shell:Skip shell extension 'powershell' for command environment: Not usable outside of PowerShell
[4.510s] DEBUG:colcon.colcon_core.shell:Skip shell extension 'dsv' for command environment
[4.521s] DEBUG:colcon.colcon_core.event_handler.log_command:Invoking command in '/home/com9/uet_ws/build/ur_calibration': CMAKE_PREFIX_PATH=/home/com9/uet_ws/install/ur_robot_driver:/home/com9/uet_ws/install/ur_controllers:/home/com9/uet_ws/install/ur_dashboard_msgs:/home/com9/uet_ws/install/ur_simulation_gz:/home/com9/uet_ws/install/ur:/home/com9/uet_ws/install/ur_calibration:/home/com9/uet_ws/install/ur_moveit_config:/home/com9/uet_ws/install/ur_bringup:/home/com9/uet_ws/install/ur3_moveit_control:/home/com9/uet_ws/install/susgrip_2f_hardware:/home/com9/uet_ws/install/susgrip_2f_gazebo:/home/com9/uet_ws/install/susgrip_2f_description:/home/com9/uet_ws/install/susgrip_2f_control:/opt/ros/humble /usr/bin/cmake --build /home/com9/uet_ws/build/ur_calibration
[4.645s] DEBUG:colcon.colcon_core.event_handler.log_command:Invoked command in '/home/com9/uet_ws/build/ur_calibration' returned '0': CMAKE_PREFIX_PATH=/home/com9/uet_ws/install/ur_robot_driver:/home/com9/uet_ws/install/ur_controllers:/home/com9/uet_ws/install/ur_dashboard_msgs:/home/com9/uet_ws/install/ur_simulation_gz:/home/com9/uet_ws/install/ur:/home/com9/uet_ws/install/ur_calibration:/home/com9/uet_ws/install/ur_moveit_config:/home/com9/uet_ws/install/ur_bringup:/home/com9/uet_ws/install/ur3_moveit_control:/home/com9/uet_ws/install/susgrip_2f_hardware:/home/com9/uet_ws/install/susgrip_2f_gazebo:/home/com9/uet_ws/install/susgrip_2f_description:/home/com9/uet_ws/install/susgrip_2f_control:/opt/ros/humble /usr/bin/cmake --build /home/com9/uet_ws/build/ur_calibration
[4.646s] DEBUG:colcon.colcon_core.event_handler.log_command:Invoking command in '/home/com9/uet_ws/build/ur_calibration': CMAKE_PREFIX_PATH=/home/com9/uet_ws/install/ur_robot_driver:/home/com9/uet_ws/install/ur_controllers:/home/com9/uet_ws/install/ur_dashboard_msgs:/home/com9/uet_ws/install/ur_simulation_gz:/home/com9/uet_ws/install/ur:/home/com9/uet_ws/install/ur_calibration:/home/com9/uet_ws/install/ur_moveit_config:/home/com9/uet_ws/install/ur_bringup:/home/com9/uet_ws/install/ur3_moveit_control:/home/com9/uet_ws/install/susgrip_2f_hardware:/home/com9/uet_ws/install/susgrip_2f_gazebo:/home/com9/uet_ws/install/susgrip_2f_description:/home/com9/uet_ws/install/susgrip_2f_control:/opt/ros/humble /usr/bin/cmake --install /home/com9/uet_ws/build/ur_calibration
[4.653s] Level 1:colcon.colcon_core.environment:create_environment_scripts_only(ur_calibration)
[4.653s] Level 1:colcon.colcon_core.environment:checking '/home/com9/uet_ws/install/ur_calibration' for CMake module files
[4.654s] DEBUG:colcon.colcon_core.event_handler.log_command:Invoked command in '/home/com9/uet_ws/build/ur_calibration' returned '0': CMAKE_PREFIX_PATH=/home/com9/uet_ws/install/ur_robot_driver:/home/com9/uet_ws/install/ur_controllers:/home/com9/uet_ws/install/ur_dashboard_msgs:/home/com9/uet_ws/install/ur_simulation_gz:/home/com9/uet_ws/install/ur:/home/com9/uet_ws/install/ur_calibration:/home/com9/uet_ws/install/ur_moveit_config:/home/com9/uet_ws/install/ur_bringup:/home/com9/uet_ws/install/ur3_moveit_control:/home/com9/uet_ws/install/susgrip_2f_hardware:/home/com9/uet_ws/install/susgrip_2f_gazebo:/home/com9/uet_ws/install/susgrip_2f_description:/home/com9/uet_ws/install/susgrip_2f_control:/opt/ros/humble /usr/bin/cmake --install /home/com9/uet_ws/build/ur_calibration
[4.654s] Level 1:colcon.colcon_core.environment:checking '/home/com9/uet_ws/install/ur_calibration' for CMake config files
[4.654s] Level 1:colcon.colcon_core.shell:create_environment_hook('ur_calibration', 'cmake_prefix_path')
[4.654s] INFO:colcon.colcon_core.shell:Creating environment hook '/home/com9/uet_ws/install/ur_calibration/share/ur_calibration/hook/cmake_prefix_path.ps1'
[4.654s] INFO:colcon.colcon_core.shell:Creating environment descriptor '/home/com9/uet_ws/install/ur_calibration/share/ur_calibration/hook/cmake_prefix_path.dsv'
[4.654s] INFO:colcon.colcon_core.shell:Creating environment hook '/home/com9/uet_ws/install/ur_calibration/share/ur_calibration/hook/cmake_prefix_path.sh'
[4.655s] Level 1:colcon.colcon_core.environment:checking '/home/com9/uet_ws/install/ur_calibration/lib'
[4.655s] Level 1:colcon.colcon_core.environment:checking '/home/com9/uet_ws/install/ur_calibration/bin'
[4.655s] Level 1:colcon.colcon_core.environment:checking '/home/com9/uet_ws/install/ur_calibration/lib/pkgconfig/ur_calibration.pc'
[4.655s] Level 1:colcon.colcon_core.environment:checking '/home/com9/uet_ws/install/ur_calibration/lib/python3.10/site-packages'
[4.655s] Level 1:colcon.colcon_core.environment:checking '/home/com9/uet_ws/install/ur_calibration/bin'
[4.655s] INFO:colcon.colcon_core.shell:Creating package script '/home/com9/uet_ws/install/ur_calibration/share/ur_calibration/package.ps1'
[4.656s] INFO:colcon.colcon_core.shell:Creating package descriptor '/home/com9/uet_ws/install/ur_calibration/share/ur_calibration/package.dsv'
[4.656s] INFO:colcon.colcon_core.shell:Creating package script '/home/com9/uet_ws/install/ur_calibration/share/ur_calibration/package.sh'
[4.656s] INFO:colcon.colcon_core.shell:Creating package script '/home/com9/uet_ws/install/ur_calibration/share/ur_calibration/package.bash'
[4.656s] INFO:colcon.colcon_core.shell:Creating package script '/home/com9/uet_ws/install/ur_calibration/share/ur_calibration/package.zsh'
[4.656s] Level 1:colcon.colcon_core.environment:create_file_with_runtime_dependencies(/home/com9/uet_ws/install/ur_calibration/share/colcon-core/packages/ur_calibration)
[4.657s] Level 1:colcon.colcon_core.environment:create_environment_scripts_only(ur_calibration)
[4.657s] Level 1:colcon.colcon_core.environment:checking '/home/com9/uet_ws/install/ur_calibration' for CMake module files
[4.657s] Level 1:colcon.colcon_core.environment:checking '/home/com9/uet_ws/install/ur_calibration' for CMake config files
[4.657s] Level 1:colcon.colcon_core.shell:create_environment_hook('ur_calibration', 'cmake_prefix_path')
[4.657s] INFO:colcon.colcon_core.shell:Creating environment hook '/home/com9/uet_ws/install/ur_calibration/share/ur_calibration/hook/cmake_prefix_path.ps1'
[4.657s] INFO:colcon.colcon_core.shell:Creating environment descriptor '/home/com9/uet_ws/install/ur_calibration/share/ur_calibration/hook/cmake_prefix_path.dsv'
[4.658s] INFO:colcon.colcon_core.shell:Creating environment hook '/home/com9/uet_ws/install/ur_calibration/share/ur_calibration/hook/cmake_prefix_path.sh'
[4.658s] Level 1:colcon.colcon_core.environment:checking '/home/com9/uet_ws/install/ur_calibration/lib'
[4.658s] Level 1:colcon.colcon_core.environment:checking '/home/com9/uet_ws/install/ur_calibration/bin'
[4.658s] Level 1:colcon.colcon_core.environment:checking '/home/com9/uet_ws/install/ur_calibration/lib/pkgconfig/ur_calibration.pc'
[4.658s] Level 1:colcon.colcon_core.environment:checking '/home/com9/uet_ws/install/ur_calibration/lib/python3.10/site-packages'
[4.658s] Level 1:colcon.colcon_core.environment:checking '/home/com9/uet_ws/install/ur_calibration/bin'
[4.658s] INFO:colcon.colcon_core.shell:Creating package script '/home/com9/uet_ws/install/ur_calibration/share/ur_calibration/package.ps1'
[4.659s] INFO:colcon.colcon_core.shell:Creating package descriptor '/home/com9/uet_ws/install/ur_calibration/share/ur_calibration/package.dsv'
[4.659s] INFO:colcon.colcon_core.shell:Creating package script '/home/com9/uet_ws/install/ur_calibration/share/ur_calibration/package.sh'
[4.659s] INFO:colcon.colcon_core.shell:Creating package script '/home/com9/uet_ws/install/ur_calibration/share/ur_calibration/package.bash'
[4.659s] INFO:colcon.colcon_core.shell:Creating package script '/home/com9/uet_ws/install/ur_calibration/share/ur_calibration/package.zsh'
[4.659s] Level 1:colcon.colcon_core.environment:create_file_with_runtime_dependencies(/home/com9/uet_ws/install/ur_calibration/share/colcon-core/packages/ur_calibration)
[4.660s] DEBUG:colcon.colcon_core.executor.sequential:run_until_complete 'ur_calibration' finished with '0'
[4.660s] DEBUG:colcon.colcon_core.executor.sequential:run_until_complete 'ur'
[4.660s] INFO:colcon.colcon_ros.task.ament_cmake.build:Building ROS package in '/home/com9/uet_ws/src/Universal_Robots_ROS2_Driver/ur' with build type 'ament_cmake'
[4.660s] INFO:colcon.colcon_cmake.task.cmake.build:Building CMake package in '/home/com9/uet_ws/src/Universal_Robots_ROS2_Driver/ur'
[4.660s] INFO:colcon.colcon_core.shell:Skip shell extension 'powershell' for command environment: Not usable outside of PowerShell
[4.660s] DEBUG:colcon.colcon_core.shell:Skip shell extension 'dsv' for command environment
[4.671s] DEBUG:colcon.colcon_core.event_handler.log_command:Invoking command in '/home/com9/uet_ws/build/ur': CMAKE_PREFIX_PATH=/home/com9/uet_ws/install/ur_calibration:/home/com9/uet_ws/install/ur_robot_driver:/home/com9/uet_ws/install/ur_controllers:/home/com9/uet_ws/install/ur_moveit_config:/home/com9/uet_ws/install/ur_dashboard_msgs:/home/com9/uet_ws/install/ur_simulation_gz:/home/com9/uet_ws/install/ur:/home/com9/uet_ws/install/ur_bringup:/home/com9/uet_ws/install/ur3_moveit_control:/home/com9/uet_ws/install/susgrip_2f_hardware:/home/com9/uet_ws/install/susgrip_2f_gazebo:/home/com9/uet_ws/install/susgrip_2f_description:/home/com9/uet_ws/install/susgrip_2f_control:/opt/ros/humble /usr/bin/cmake --build /home/com9/uet_ws/build/ur
[4.695s] DEBUG:colcon.colcon_core.event_handler.log_command:Invoked command in '/home/com9/uet_ws/build/ur' returned '0': CMAKE_PREFIX_PATH=/home/com9/uet_ws/install/ur_calibration:/home/com9/uet_ws/install/ur_robot_driver:/home/com9/uet_ws/install/ur_controllers:/home/com9/uet_ws/install/ur_moveit_config:/home/com9/uet_ws/install/ur_dashboard_msgs:/home/com9/uet_ws/install/ur_simulation_gz:/home/com9/uet_ws/install/ur:/home/com9/uet_ws/install/ur_bringup:/home/com9/uet_ws/install/ur3_moveit_control:/home/com9/uet_ws/install/susgrip_2f_hardware:/home/com9/uet_ws/install/susgrip_2f_gazebo:/home/com9/uet_ws/install/susgrip_2f_description:/home/com9/uet_ws/install/susgrip_2f_control:/opt/ros/humble /usr/bin/cmake --build /home/com9/uet_ws/build/ur
[4.696s] DEBUG:colcon.colcon_core.event_handler.log_command:Invoking command in '/home/com9/uet_ws/build/ur': CMAKE_PREFIX_PATH=/home/com9/uet_ws/install/ur_calibration:/home/com9/uet_ws/install/ur_robot_driver:/home/com9/uet_ws/install/ur_controllers:/home/com9/uet_ws/install/ur_moveit_config:/home/com9/uet_ws/install/ur_dashboard_msgs:/home/com9/uet_ws/install/ur_simulation_gz:/home/com9/uet_ws/install/ur:/home/com9/uet_ws/install/ur_bringup:/home/com9/uet_ws/install/ur3_moveit_control:/home/com9/uet_ws/install/susgrip_2f_hardware:/home/com9/uet_ws/install/susgrip_2f_gazebo:/home/com9/uet_ws/install/susgrip_2f_description:/home/com9/uet_ws/install/susgrip_2f_control:/opt/ros/humble /usr/bin/cmake --install /home/com9/uet_ws/build/ur
[4.704s] Level 1:colcon.colcon_core.environment:create_environment_scripts_only(ur)
[4.704s] Level 1:colcon.colcon_core.environment:checking '/home/com9/uet_ws/install/ur' for CMake module files
[4.704s] DEBUG:colcon.colcon_core.event_handler.log_command:Invoked command in '/home/com9/uet_ws/build/ur' returned '0': CMAKE_PREFIX_PATH=/home/com9/uet_ws/install/ur_calibration:/home/com9/uet_ws/install/ur_robot_driver:/home/com9/uet_ws/install/ur_controllers:/home/com9/uet_ws/install/ur_moveit_config:/home/com9/uet_ws/install/ur_dashboard_msgs:/home/com9/uet_ws/install/ur_simulation_gz:/home/com9/uet_ws/install/ur:/home/com9/uet_ws/install/ur_bringup:/home/com9/uet_ws/install/ur3_moveit_control:/home/com9/uet_ws/install/susgrip_2f_hardware:/home/com9/uet_ws/install/susgrip_2f_gazebo:/home/com9/uet_ws/install/susgrip_2f_description:/home/com9/uet_ws/install/susgrip_2f_control:/opt/ros/humble /usr/bin/cmake --install /home/com9/uet_ws/build/ur
[4.704s] Level 1:colcon.colcon_core.environment:checking '/home/com9/uet_ws/install/ur' for CMake config files
[4.704s] Level 1:colcon.colcon_core.shell:create_environment_hook('ur', 'cmake_prefix_path')
[4.704s] INFO:colcon.colcon_core.shell:Creating environment hook '/home/com9/uet_ws/install/ur/share/ur/hook/cmake_prefix_path.ps1'
[4.705s] INFO:colcon.colcon_core.shell:Creating environment descriptor '/home/com9/uet_ws/install/ur/share/ur/hook/cmake_prefix_path.dsv'
[4.705s] INFO:colcon.colcon_core.shell:Creating environment hook '/home/com9/uet_ws/install/ur/share/ur/hook/cmake_prefix_path.sh'
[4.705s] Level 1:colcon.colcon_core.environment:checking '/home/com9/uet_ws/install/ur/bin'
[4.705s] Level 1:colcon.colcon_core.environment:checking '/home/com9/uet_ws/install/ur/lib/pkgconfig/ur.pc'
[4.705s] Level 1:colcon.colcon_core.environment:checking '/home/com9/uet_ws/install/ur/lib/python3.10/site-packages'
[4.706s] Level 1:colcon.colcon_core.environment:checking '/home/com9/uet_ws/install/ur/bin'
[4.706s] INFO:colcon.colcon_core.shell:Creating package script '/home/com9/uet_ws/install/ur/share/ur/package.ps1'
[4.706s] INFO:colcon.colcon_core.shell:Creating package descriptor '/home/com9/uet_ws/install/ur/share/ur/package.dsv'
[4.706s] INFO:colcon.colcon_core.shell:Creating package script '/home/com9/uet_ws/install/ur/share/ur/package.sh'
[4.706s] INFO:colcon.colcon_core.shell:Creating package script '/home/com9/uet_ws/install/ur/share/ur/package.bash'
[4.707s] INFO:colcon.colcon_core.shell:Creating package script '/home/com9/uet_ws/install/ur/share/ur/package.zsh'
[4.707s] Level 1:colcon.colcon_core.environment:create_file_with_runtime_dependencies(/home/com9/uet_ws/install/ur/share/colcon-core/packages/ur)
[4.707s] Level 1:colcon.colcon_core.environment:create_environment_scripts_only(ur)
[4.707s] Level 1:colcon.colcon_core.environment:checking '/home/com9/uet_ws/install/ur' for CMake module files
[4.707s] Level 1:colcon.colcon_core.environment:checking '/home/com9/uet_ws/install/ur' for CMake config files
[4.707s] Level 1:colcon.colcon_core.shell:create_environment_hook('ur', 'cmake_prefix_path')
[4.708s] INFO:colcon.colcon_core.shell:Creating environment hook '/home/com9/uet_ws/install/ur/share/ur/hook/cmake_prefix_path.ps1'
[4.708s] INFO:colcon.colcon_core.shell:Creating environment descriptor '/home/com9/uet_ws/install/ur/share/ur/hook/cmake_prefix_path.dsv'
[4.708s] INFO:colcon.colcon_core.shell:Creating environment hook '/home/com9/uet_ws/install/ur/share/ur/hook/cmake_prefix_path.sh'
[4.708s] Level 1:colcon.colcon_core.environment:checking '/home/com9/uet_ws/install/ur/bin'
[4.708s] Level 1:colcon.colcon_core.environment:checking '/home/com9/uet_ws/install/ur/lib/pkgconfig/ur.pc'
[4.708s] Level 1:colcon.colcon_core.environment:checking '/home/com9/uet_ws/install/ur/lib/python3.10/site-packages'
[4.708s] Level 1:colcon.colcon_core.environment:checking '/home/com9/uet_ws/install/ur/bin'
[4.709s] INFO:colcon.colcon_core.shell:Creating package script '/home/com9/uet_ws/install/ur/share/ur/package.ps1'
[4.709s] INFO:colcon.colcon_core.shell:Creating package descriptor '/home/com9/uet_ws/install/ur/share/ur/package.dsv'
[4.709s] INFO:colcon.colcon_core.shell:Creating package script '/home/com9/uet_ws/install/ur/share/ur/package.sh'
[4.709s] INFO:colcon.colcon_core.shell:Creating package script '/home/com9/uet_ws/install/ur/share/ur/package.bash'
[4.709s] INFO:colcon.colcon_core.shell:Creating package script '/home/com9/uet_ws/install/ur/share/ur/package.zsh'
[4.710s] Level 1:colcon.colcon_core.environment:create_file_with_runtime_dependencies(/home/com9/uet_ws/install/ur/share/colcon-core/packages/ur)
[4.710s] DEBUG:colcon.colcon_core.executor.sequential:run_until_complete 'ur' finished with '0'
[4.710s] DEBUG:colcon.colcon_core.executor.sequential:closing loop
[4.710s] DEBUG:colcon.colcon_core.executor.sequential:loop closed
[4.710s] DEBUG:colcon.colcon_core.event_reactor:joining thread
[4.716s] INFO:colcon.colcon_core.plugin_system:Skipping extension 'colcon_notification.desktop_notification.terminal_notifier': Not used on non-Darwin systems
[4.716s] INFO:colcon.colcon_core.plugin_system:Skipping extension 'colcon_notification.desktop_notification.win32': Not used on non-Windows systems
[4.716s] INFO:colcon.colcon_notification.desktop_notification:Sending desktop notification using 'notify2'
[4.728s] DEBUG:colcon.colcon_core.event_reactor:joined thread
[4.728s] INFO:colcon.colcon_core.shell:Creating prefix script '/home/com9/uet_ws/install/local_setup.ps1'
[4.730s] INFO:colcon.colcon_core.shell:Creating prefix util module '/home/com9/uet_ws/install/_local_setup_util_ps1.py'
[4.731s] INFO:colcon.colcon_core.shell:Creating prefix chain script '/home/com9/uet_ws/install/setup.ps1'
[4.732s] INFO:colcon.colcon_core.shell:Creating prefix script '/home/com9/uet_ws/install/local_setup.sh'
[4.733s] INFO:colcon.colcon_core.shell:Creating prefix util module '/home/com9/uet_ws/install/_local_setup_util_sh.py'
[4.734s] INFO:colcon.colcon_core.shell:Creating prefix chain script '/home/com9/uet_ws/install/setup.sh'
[4.735s] INFO:colcon.colcon_core.shell:Creating prefix script '/home/com9/uet_ws/install/local_setup.bash'
[4.735s] INFO:colcon.colcon_core.shell:Creating prefix chain script '/home/com9/uet_ws/install/setup.bash'
[4.736s] INFO:colcon.colcon_core.shell:Creating prefix script '/home/com9/uet_ws/install/local_setup.zsh'
[4.736s] INFO:colcon.colcon_core.shell:Creating prefix chain script '/home/com9/uet_ws/install/setup.zsh'
